癤풱ET NAMES utf8mb4;
SET FOREIGN_KEY_CHECKS=0;
DELETE FROM tbl_vn_ward;
DELETE FROM tbl_vn_district;
DELETE FROM tbl_vn_province;
INSERT INTO tbl_vn_province (province_id, province_name) VALUES (1, 'Th횄혻nh ph찼쨩혩 H횄혻 N찼쨩혲i');
INSERT INTO tbl_vn_district (district_id, province_id, district_name) VALUES (1, 1, 'Qu찼쨘짯n Ba 횆혨횄짭nh');
INSERT INTO tbl_vn_ward (ward_id, district_id, ward_name) VALUES (1, 1, 'Ph횈째찼쨩혶ng Ph횄쨘c X횄징');
INSERT INTO tbl_vn_ward (ward_id, district_id, ward_name) VALUES (4, 1, 'Ph횈째찼쨩혶ng Tr횄쨘c B찼쨘징ch');
INSERT INTO tbl_vn_ward (ward_id, district_id, ward_name) VALUES (6, 1, 'Ph횈째찼쨩혶ng V횆짤nh Ph횄쨘c');
INSERT INTO tbl_vn_ward (ward_id, district_id, ward_name) VALUES (7, 1, 'Ph횈째찼쨩혶ng C찼쨩혩ng V찼쨩혢');
INSERT INTO tbl_vn_ward (ward_id, district_id, ward_name) VALUES (8, 1, 'Ph횈째찼쨩혶ng Li찼쨩혚u Giai');
INSERT INTO tbl_vn_ward (ward_id, district_id, ward_name) VALUES (13, 1, 'Ph횈째찼쨩혶ng Qu횄징n Th횄징nh');
INSERT INTO tbl_vn_ward (ward_id, district_id, ward_name) VALUES (16, 1, 'Ph횈째찼쨩혶ng Ng찼쨩혥c H횄혻');
INSERT INTO tbl_vn_ward (ward_id, district_id, ward_name) VALUES (19, 1, 'Ph횈째찼쨩혶ng 횆혨i찼쨩혝n Bi횄짧n');
INSERT INTO tbl_vn_ward (ward_id, district_id, ward_name) VALUES (22, 1, 'Ph횈째찼쨩혶ng 횆혨찼쨩혲i C찼쨘짜n');
INSERT INTO tbl_vn_ward (ward_id, district_id, ward_name) VALUES (25, 1, 'Ph횈째찼쨩혶ng Ng찼쨩혥c Kh횄징nh');
INSERT INTO tbl_vn_ward (ward_id, district_id, ward_name) VALUES (28, 1, 'Ph횈째찼쨩혶ng Kim M횄짙');
INSERT INTO tbl_vn_ward (ward_id, district_id, ward_name) VALUES (31, 1, 'Ph횈째찼쨩혶ng Gi찼쨘짙ng V횄쨉');
INSERT INTO tbl_vn_ward (ward_id, district_id, ward_name) VALUES (34, 1, 'Ph횈째찼쨩혶ng Th횄혻nh C횄쨈ng');
INSERT INTO tbl_vn_district (district_id, province_id, district_name) VALUES (2, 1, 'Qu찼쨘짯n Ho횄혻n Ki찼쨘쩔m');
INSERT INTO tbl_vn_ward (ward_id, district_id, ward_name) VALUES (37, 2, 'Ph횈째찼쨩혶ng Ph횄쨘c T횄짖n');
INSERT INTO tbl_vn_ward (ward_id, district_id, ward_name) VALUES (40, 2, 'Ph횈째찼쨩혶ng 횆혨찼쨩혫ng Xu횄짖n');
INSERT INTO tbl_vn_ward (ward_id, district_id, ward_name) VALUES (43, 2, 'Ph횈째찼쨩혶ng H횄혻ng M횄짙');
INSERT INTO tbl_vn_ward (ward_id, district_id, ward_name) VALUES (46, 2, 'Ph횈째찼쨩혶ng H횄혻ng Bu찼쨩혫m');
INSERT INTO tbl_vn_ward (ward_id, district_id, ward_name) VALUES (49, 2, 'Ph횈째찼쨩혶ng H횄혻ng 횆혨횄혻o');
INSERT INTO tbl_vn_ward (ward_id, district_id, ward_name) VALUES (52, 2, 'Ph횈째찼쨩혶ng H횄혻ng B찼쨩혫');
INSERT INTO tbl_vn_ward (ward_id, district_id, ward_name) VALUES (55, 2, 'Ph횈째찼쨩혶ng C찼쨩짯a 횆혨횄쨈ng');
INSERT INTO tbl_vn_ward (ward_id, district_id, ward_name) VALUES (58, 2, 'Ph횈째찼쨩혶ng L횄쩍 Th횄징i T찼쨩혮');
INSERT INTO tbl_vn_ward (ward_id, district_id, ward_name) VALUES (61, 2, 'Ph횈째찼쨩혶ng H횄혻ng B찼쨘징c');
INSERT INTO tbl_vn_ward (ward_id, district_id, ward_name) VALUES (64, 2, 'Ph횈째찼쨩혶ng H횄혻ng Gai');
INSERT INTO tbl_vn_ward (ward_id, district_id, ward_name) VALUES (67, 2, 'Ph횈째찼쨩혶ng Ch횈째횈징ng D횈째횈징ng');
INSERT INTO tbl_vn_ward (ward_id, district_id, ward_name) VALUES (70, 2, 'Ph횈째찼쨩혶ng H횄혻ng Tr찼쨩혩ng');
INSERT INTO tbl_vn_ward (ward_id, district_id, ward_name) VALUES (73, 2, 'Ph횈째찼쨩혶ng C찼쨩짯a Nam');
INSERT INTO tbl_vn_ward (ward_id, district_id, ward_name) VALUES (76, 2, 'Ph횈째찼쨩혶ng H횄혻ng B횄쨈ng');
INSERT INTO tbl_vn_ward (ward_id, district_id, ward_name) VALUES (79, 2, 'Ph횈째찼쨩혶ng Tr횄혻ng Ti찼쨩혖n');
INSERT INTO tbl_vn_ward (ward_id, district_id, ward_name) VALUES (82, 2, 'Ph횈째찼쨩혶ng Tr찼쨘짠n H횈째ng 횆혨찼쨘징o');
INSERT INTO tbl_vn_ward (ward_id, district_id, ward_name) VALUES (85, 2, 'Ph횈째찼쨩혶ng Phan Chu Trinh');
INSERT INTO tbl_vn_ward (ward_id, district_id, ward_name) VALUES (88, 2, 'Ph횈째찼쨩혶ng H횄혻ng B횄혻i');
INSERT INTO tbl_vn_district (district_id, province_id, district_name) VALUES (3, 1, 'Qu찼쨘짯n T횄짖y H찼쨩혫');
INSERT INTO tbl_vn_ward (ward_id, district_id, ward_name) VALUES (91, 3, 'Ph횈째찼쨩혶ng Ph횄쨘 Th횈째찼쨩짙ng');
INSERT INTO tbl_vn_ward (ward_id, district_id, ward_name) VALUES (94, 3, 'Ph횈째찼쨩혶ng Nh찼쨘짯t T횄짖n');
INSERT INTO tbl_vn_ward (ward_id, district_id, ward_name) VALUES (97, 3, 'Ph횈째찼쨩혶ng T찼쨩짤 Li횄짧n');
INSERT INTO tbl_vn_ward (ward_id, district_id, ward_name) VALUES (100, 3, 'Ph횈째찼쨩혶ng Qu찼쨘짙ng An');
INSERT INTO tbl_vn_ward (ward_id, district_id, ward_name) VALUES (103, 3, 'Ph횈째찼쨩혶ng Xu횄짖n La');
INSERT INTO tbl_vn_ward (ward_id, district_id, ward_name) VALUES (106, 3, 'Ph횈째찼쨩혶ng Y횄짧n Ph찼쨩짜');
INSERT INTO tbl_vn_ward (ward_id, district_id, ward_name) VALUES (109, 3, 'Ph횈째찼쨩혶ng B횈째찼쨩혺i');
INSERT INTO tbl_vn_ward (ward_id, district_id, ward_name) VALUES (112, 3, 'Ph횈째찼쨩혶ng Th찼쨩짜y Khu횄짧');
INSERT INTO tbl_vn_district (district_id, province_id, district_name) VALUES (4, 1, 'Qu찼쨘짯n Long Bi횄짧n');
INSERT INTO tbl_vn_ward (ward_id, district_id, ward_name) VALUES (115, 4, 'Ph횈째찼쨩혶ng Th횈째찼쨩짙ng Thanh');
INSERT INTO tbl_vn_ward (ward_id, district_id, ward_name) VALUES (118, 4, 'Ph횈째찼쨩혶ng Ng찼쨩혥c Th찼쨩짜y');
INSERT INTO tbl_vn_ward (ward_id, district_id, ward_name) VALUES (121, 4, 'Ph횈째찼쨩혶ng Giang Bi횄짧n');
INSERT INTO tbl_vn_ward (ward_id, district_id, ward_name) VALUES (124, 4, 'Ph횈째찼쨩혶ng 횆혨찼쨩짤c Giang');
INSERT INTO tbl_vn_ward (ward_id, district_id, ward_name) VALUES (127, 4, 'Ph횈째찼쨩혶ng Vi찼쨩혝t H횈째ng');
INSERT INTO tbl_vn_ward (ward_id, district_id, ward_name) VALUES (130, 4, 'Ph횈째찼쨩혶ng Gia Th찼쨩짜y');
INSERT INTO tbl_vn_ward (ward_id, district_id, ward_name) VALUES (133, 4, 'Ph횈째찼쨩혶ng Ng찼쨩혥c L횄짖m');
INSERT INTO tbl_vn_ward (ward_id, district_id, ward_name) VALUES (136, 4, 'Ph횈째찼쨩혶ng Ph횄쨘c L찼쨩짙i');
INSERT INTO tbl_vn_ward (ward_id, district_id, ward_name) VALUES (139, 4, 'Ph횈째찼쨩혶ng B찼쨩혫 횆혨찼쨩혖');
INSERT INTO tbl_vn_ward (ward_id, district_id, ward_name) VALUES (145, 4, 'Ph횈째찼쨩혶ng Long Bi횄짧n');
INSERT INTO tbl_vn_ward (ward_id, district_id, ward_name) VALUES (148, 4, 'Ph횈째찼쨩혶ng Th찼쨘징ch B횄혻n');
INSERT INTO tbl_vn_ward (ward_id, district_id, ward_name) VALUES (151, 4, 'Ph횈째찼쨩혶ng Ph횄쨘c 횆혨찼쨩혫ng');
INSERT INTO tbl_vn_ward (ward_id, district_id, ward_name) VALUES (154, 4, 'Ph횈째찼쨩혶ng C찼쨩짹 Kh찼쨩혩i');
INSERT INTO tbl_vn_district (district_id, province_id, district_name) VALUES (5, 1, 'Qu찼쨘짯n C찼쨘짠u Gi찼쨘짜y');
INSERT INTO tbl_vn_ward (ward_id, district_id, ward_name) VALUES (157, 5, 'Ph횈째찼쨩혶ng Ngh횆짤a 횆혨횄쨈');
INSERT INTO tbl_vn_ward (ward_id, district_id, ward_name) VALUES (160, 5, 'Ph횈째찼쨩혶ng Ngh횆짤a T횄짖n');
INSERT INTO tbl_vn_ward (ward_id, district_id, ward_name) VALUES (163, 5, 'Ph횈째찼쨩혶ng Mai D찼쨩혢ch');
INSERT INTO tbl_vn_ward (ward_id, district_id, ward_name) VALUES (166, 5, 'Ph횈째찼쨩혶ng D찼쨩혢ch V찼쨩혥ng');
INSERT INTO tbl_vn_ward (ward_id, district_id, ward_name) VALUES (167, 5, 'Ph횈째찼쨩혶ng D찼쨩혢ch V찼쨩혥ng H찼쨘짯u');
INSERT INTO tbl_vn_ward (ward_id, district_id, ward_name) VALUES (169, 5, 'Ph횈째찼쨩혶ng Quan Hoa');
INSERT INTO tbl_vn_ward (ward_id, district_id, ward_name) VALUES (172, 5, 'Ph횈째찼쨩혶ng Y횄짧n Ho횄혻');
INSERT INTO tbl_vn_ward (ward_id, district_id, ward_name) VALUES (175, 5, 'Ph횈째찼쨩혶ng Trung Ho횄혻');
INSERT INTO tbl_vn_district (district_id, province_id, district_name) VALUES (6, 1, 'Qu찼쨘짯n 횆혨찼쨩혩ng 횆혨a');
INSERT INTO tbl_vn_ward (ward_id, district_id, ward_name) VALUES (178, 6, 'Ph횈째찼쨩혶ng C횄징t Linh');
INSERT INTO tbl_vn_ward (ward_id, district_id, ward_name) VALUES (181, 6, 'Ph횈째찼쨩혶ng V횆혘n Mi찼쨘쩔u - Qu찼쨩혩c T찼쨩짯 Gi횄징m');
INSERT INTO tbl_vn_ward (ward_id, district_id, ward_name) VALUES (187, 6, 'Ph횈째찼쨩혶ng L횄징ng Th횈째찼쨩짙ng');
INSERT INTO tbl_vn_ward (ward_id, district_id, ward_name) VALUES (190, 6, 'Ph횈째찼쨩혶ng 횄혬 Ch찼쨩짙 D찼쨩짬a');
INSERT INTO tbl_vn_ward (ward_id, district_id, ward_name) VALUES (193, 6, 'Ph횈째찼쨩혶ng V횆혘n Ch횈째횈징ng');
INSERT INTO tbl_vn_ward (ward_id, district_id, ward_name) VALUES (196, 6, 'Ph횈째찼쨩혶ng H횄혻ng B찼쨩혲t');
INSERT INTO tbl_vn_ward (ward_id, district_id, ward_name) VALUES (199, 6, 'Ph횈째찼쨩혶ng L횄징ng H찼쨘징');
INSERT INTO tbl_vn_ward (ward_id, district_id, ward_name) VALUES (202, 6, 'Ph횈째찼쨩혶ng Kh횄짖m Thi횄짧n');
INSERT INTO tbl_vn_ward (ward_id, district_id, ward_name) VALUES (205, 6, 'Ph횈째찼쨩혶ng Th찼쨩혮 Quan');
INSERT INTO tbl_vn_ward (ward_id, district_id, ward_name) VALUES (208, 6, 'Ph횈째찼쨩혶ng Nam 횆혨찼쨩혫ng');
INSERT INTO tbl_vn_ward (ward_id, district_id, ward_name) VALUES (214, 6, 'Ph횈째찼쨩혶ng Quang Trung');
INSERT INTO tbl_vn_ward (ward_id, district_id, ward_name) VALUES (217, 6, 'Ph횈째찼쨩혶ng Trung Li찼쨩혝t');
INSERT INTO tbl_vn_ward (ward_id, district_id, ward_name) VALUES (226, 6, 'Ph횈째찼쨩혶ng Ph횈째횈징ng Li횄짧n - Trung T찼쨩짹');
INSERT INTO tbl_vn_ward (ward_id, district_id, ward_name) VALUES (229, 6, 'Ph횈째찼쨩혶ng Kim Li횄짧n');
INSERT INTO tbl_vn_ward (ward_id, district_id, ward_name) VALUES (232, 6, 'Ph횈째찼쨩혶ng Ph횈째횈징ng Mai');
INSERT INTO tbl_vn_ward (ward_id, district_id, ward_name) VALUES (235, 6, 'Ph횈째찼쨩혶ng Th찼쨩혢nh Quang');
INSERT INTO tbl_vn_ward (ward_id, district_id, ward_name) VALUES (238, 6, 'Ph횈째찼쨩혶ng Kh횈째횈징ng Th횈째찼쨩짙ng');
INSERT INTO tbl_vn_district (district_id, province_id, district_name) VALUES (7, 1, 'Qu찼쨘짯n Hai B횄혻 Tr횈째ng');
INSERT INTO tbl_vn_ward (ward_id, district_id, ward_name) VALUES (241, 7, 'Ph횈째찼쨩혶ng Nguy찼쨩혚n Du');
INSERT INTO tbl_vn_ward (ward_id, district_id, ward_name) VALUES (244, 7, 'Ph횈째찼쨩혶ng B찼쨘징ch 횆혨찼쨘짹ng');
INSERT INTO tbl_vn_ward (ward_id, district_id, ward_name) VALUES (247, 7, 'Ph횈째찼쨩혶ng Ph찼쨘징m 횆혨횄짭nh H찼쨩혮');
INSERT INTO tbl_vn_ward (ward_id, district_id, ward_name) VALUES (256, 7, 'Ph횈째찼쨩혶ng L횄짧 횆혨찼쨘징i H횄혻nh');
INSERT INTO tbl_vn_ward (ward_id, district_id, ward_name) VALUES (259, 7, 'Ph횈째찼쨩혶ng 횆혨찼쨩혫ng Nh횄짖n');
INSERT INTO tbl_vn_ward (ward_id, district_id, ward_name) VALUES (262, 7, 'Ph횈째찼쨩혶ng Ph찼쨩혩 Hu찼쨘쩔');
INSERT INTO tbl_vn_ward (ward_id, district_id, ward_name) VALUES (268, 7, 'Ph횈째찼쨩혶ng Thanh L횈째횈징ng');
INSERT INTO tbl_vn_ward (ward_id, district_id, ward_name) VALUES (271, 7, 'Ph횈째찼쨩혶ng Thanh Nh횄혻n');
INSERT INTO tbl_vn_ward (ward_id, district_id, ward_name) VALUES (277, 7, 'Ph횈째찼쨩혶ng B횄징ch Khoa');
INSERT INTO tbl_vn_ward (ward_id, district_id, ward_name) VALUES (280, 7, 'Ph횈째찼쨩혶ng 횆혨찼쨩혫ng T횄짖m');
INSERT INTO tbl_vn_ward (ward_id, district_id, ward_name) VALUES (283, 7, 'Ph횈째찼쨩혶ng V횆짤nh Tuy');
INSERT INTO tbl_vn_ward (ward_id, district_id, ward_name) VALUES (289, 7, 'Ph횈째찼쨩혶ng Qu찼쨩쨀nh Mai');
INSERT INTO tbl_vn_ward (ward_id, district_id, ward_name) VALUES (292, 7, 'Ph횈째찼쨩혶ng B찼쨘징ch Mai');
INSERT INTO tbl_vn_ward (ward_id, district_id, ward_name) VALUES (295, 7, 'Ph횈째찼쨩혶ng Minh Khai');
INSERT INTO tbl_vn_ward (ward_id, district_id, ward_name) VALUES (298, 7, 'Ph횈째찼쨩혶ng Tr횈째횈징ng 횆혨찼쨩혢nh');
INSERT INTO tbl_vn_district (district_id, province_id, district_name) VALUES (8, 1, 'Qu찼쨘짯n Ho횄혻ng Mai');
INSERT INTO tbl_vn_ward (ward_id, district_id, ward_name) VALUES (301, 8, 'Ph횈째찼쨩혶ng Thanh Tr횄짭');
INSERT INTO tbl_vn_ward (ward_id, district_id, ward_name) VALUES (304, 8, 'Ph횈째찼쨩혶ng V횆짤nh H횈째ng');
INSERT INTO tbl_vn_ward (ward_id, district_id, ward_name) VALUES (307, 8, 'Ph횈째찼쨩혶ng 횆혨찼쨩혢nh C횄쨈ng');
INSERT INTO tbl_vn_ward (ward_id, district_id, ward_name) VALUES (310, 8, 'Ph횈째찼쨩혶ng Mai 횆혨찼쨩혲ng');
INSERT INTO tbl_vn_ward (ward_id, district_id, ward_name) VALUES (313, 8, 'Ph횈째찼쨩혶ng T횈째횈징ng Mai');
INSERT INTO tbl_vn_ward (ward_id, district_id, ward_name) VALUES (316, 8, 'Ph횈째찼쨩혶ng 횆혨찼쨘징i Kim');
INSERT INTO tbl_vn_ward (ward_id, district_id, ward_name) VALUES (319, 8, 'Ph횈째찼쨩혶ng T횄짖n Mai');
INSERT INTO tbl_vn_ward (ward_id, district_id, ward_name) VALUES (322, 8, 'Ph횈째찼쨩혶ng Ho횄혻ng V횆혘n Th찼쨩짜');
INSERT INTO tbl_vn_ward (ward_id, district_id, ward_name) VALUES (325, 8, 'Ph횈째찼쨩혶ng Gi횄징p B횄징t');
INSERT INTO tbl_vn_ward (ward_id, district_id, ward_name) VALUES (328, 8, 'Ph횈째찼쨩혶ng L횆짤nh Nam');
INSERT INTO tbl_vn_ward (ward_id, district_id, ward_name) VALUES (331, 8, 'Ph횈째찼쨩혶ng Th찼쨩혢nh Li찼쨩혝t');
INSERT INTO tbl_vn_ward (ward_id, district_id, ward_name) VALUES (334, 8, 'Ph횈째찼쨩혶ng Tr찼쨘짠n Ph횄쨘');
INSERT INTO tbl_vn_ward (ward_id, district_id, ward_name) VALUES (337, 8, 'Ph횈째찼쨩혶ng Ho횄혻ng Li찼쨩혝t');
INSERT INTO tbl_vn_ward (ward_id, district_id, ward_name) VALUES (340, 8, 'Ph횈째찼쨩혶ng Y횄짧n S찼쨩혺');
INSERT INTO tbl_vn_district (district_id, province_id, district_name) VALUES (9, 1, 'Qu찼쨘짯n Thanh Xu횄짖n');
INSERT INTO tbl_vn_ward (ward_id, district_id, ward_name) VALUES (343, 9, 'Ph횈째찼쨩혶ng Nh횄짖n Ch횄짯nh');
INSERT INTO tbl_vn_ward (ward_id, district_id, ward_name) VALUES (346, 9, 'Ph횈째찼쨩혶ng Th횈째찼쨩짙ng 횆혨횄짭nh');
INSERT INTO tbl_vn_ward (ward_id, district_id, ward_name) VALUES (349, 9, 'Ph횈째찼쨩혶ng Kh횈째횈징ng Trung');
INSERT INTO tbl_vn_ward (ward_id, district_id, ward_name) VALUES (352, 9, 'Ph횈째찼쨩혶ng Kh횈째횈징ng Mai');
INSERT INTO tbl_vn_ward (ward_id, district_id, ward_name) VALUES (355, 9, 'Ph횈째찼쨩혶ng Thanh Xu횄짖n Trung');
INSERT INTO tbl_vn_ward (ward_id, district_id, ward_name) VALUES (358, 9, 'Ph횈째찼쨩혶ng Ph횈째횈징ng Li찼쨩혝t');
INSERT INTO tbl_vn_ward (ward_id, district_id, ward_name) VALUES (364, 9, 'Ph횈째찼쨩혶ng Kh횈째횈징ng 횆혨횄짭nh');
INSERT INTO tbl_vn_ward (ward_id, district_id, ward_name) VALUES (367, 9, 'Ph횈째찼쨩혶ng Thanh Xu횄짖n B찼쨘짱c');
INSERT INTO tbl_vn_ward (ward_id, district_id, ward_name) VALUES (373, 9, 'Ph횈째찼쨩혶ng H찼쨘징 횆혨횄짭nh');
INSERT INTO tbl_vn_district (district_id, province_id, district_name) VALUES (16, 1, 'Huy찼쨩혝n S횄쨀c S횈징n');
INSERT INTO tbl_vn_ward (ward_id, district_id, ward_name) VALUES (376, 16, 'Th찼쨩혢 tr찼쨘짜n S횄쨀c S횈징n');
INSERT INTO tbl_vn_ward (ward_id, district_id, ward_name) VALUES (379, 16, 'X횄짙 B찼쨘짱c S횈징n');
INSERT INTO tbl_vn_ward (ward_id, district_id, ward_name) VALUES (382, 16, 'X횄짙 Minh Tr횄짯');
INSERT INTO tbl_vn_ward (ward_id, district_id, ward_name) VALUES (385, 16, 'X횄짙 H찼쨩혫ng K찼쨩쨀');
INSERT INTO tbl_vn_ward (ward_id, district_id, ward_name) VALUES (388, 16, 'X횄짙 Nam S횈징n');
INSERT INTO tbl_vn_ward (ward_id, district_id, ward_name) VALUES (391, 16, 'X횄짙 Trung Gi횄짙');
INSERT INTO tbl_vn_ward (ward_id, district_id, ward_name) VALUES (394, 16, 'X횄짙 T횄짖n H횈째ng');
INSERT INTO tbl_vn_ward (ward_id, district_id, ward_name) VALUES (397, 16, 'X횄짙 Minh Ph횄쨘');
INSERT INTO tbl_vn_ward (ward_id, district_id, ward_name) VALUES (400, 16, 'X횄짙 Ph횄쨔 Linh');
INSERT INTO tbl_vn_ward (ward_id, district_id, ward_name) VALUES (403, 16, 'X횄짙 B찼쨘짱c Ph횄쨘');
INSERT INTO tbl_vn_ward (ward_id, district_id, ward_name) VALUES (406, 16, 'X횄짙 T횄짖n Minh');
INSERT INTO tbl_vn_ward (ward_id, district_id, ward_name) VALUES (409, 16, 'X횄짙 Quang Ti찼쨘쩔n');
INSERT INTO tbl_vn_ward (ward_id, district_id, ward_name) VALUES (412, 16, 'X횄짙 Hi찼쨩혖n Ninh');
INSERT INTO tbl_vn_ward (ward_id, district_id, ward_name) VALUES (415, 16, 'X횄짙 T횄짖n D횄짖n');
INSERT INTO tbl_vn_ward (ward_id, district_id, ward_name) VALUES (418, 16, 'X횄짙 Ti횄짧n D횈째찼쨩짙c');
INSERT INTO tbl_vn_ward (ward_id, district_id, ward_name) VALUES (421, 16, 'X횄짙 Vi찼쨩혝t Long');
INSERT INTO tbl_vn_ward (ward_id, district_id, ward_name) VALUES (424, 16, 'X횄짙 Xu횄짖n Giang');
INSERT INTO tbl_vn_ward (ward_id, district_id, ward_name) VALUES (427, 16, 'X횄짙 Mai 횆혨횄짭nh');
INSERT INTO tbl_vn_ward (ward_id, district_id, ward_name) VALUES (430, 16, 'X횄짙 횆혨찼쨩짤c Ho횄혻');
INSERT INTO tbl_vn_ward (ward_id, district_id, ward_name) VALUES (433, 16, 'X횄짙 Thanh Xu횄짖n');
INSERT INTO tbl_vn_ward (ward_id, district_id, ward_name) VALUES (436, 16, 'X횄짙 횆혨횄쨈ng Xu횄짖n');
INSERT INTO tbl_vn_ward (ward_id, district_id, ward_name) VALUES (439, 16, 'X횄짙 Kim L횇짤');
INSERT INTO tbl_vn_ward (ward_id, district_id, ward_name) VALUES (442, 16, 'X횄짙 Ph횄쨘 C횈째찼쨩혶ng');
INSERT INTO tbl_vn_ward (ward_id, district_id, ward_name) VALUES (445, 16, 'X횄짙 Ph횄쨘 Minh');
INSERT INTO tbl_vn_ward (ward_id, district_id, ward_name) VALUES (448, 16, 'X횄짙 Ph횄쨔 L찼쨩혰');
INSERT INTO tbl_vn_ward (ward_id, district_id, ward_name) VALUES (451, 16, 'X횄짙 Xu횄짖n Thu');
INSERT INTO tbl_vn_district (district_id, province_id, district_name) VALUES (17, 1, 'Huy찼쨩혝n 횆혨횄쨈ng Anh');
INSERT INTO tbl_vn_ward (ward_id, district_id, ward_name) VALUES (454, 17, 'Th찼쨩혢 tr찼쨘짜n 횆혨횄쨈ng Anh');
INSERT INTO tbl_vn_ward (ward_id, district_id, ward_name) VALUES (457, 17, 'X횄짙 Xu횄짖n N찼쨩혲n');
INSERT INTO tbl_vn_ward (ward_id, district_id, ward_name) VALUES (460, 17, 'X횄짙 Thu찼쨩쨉 L횄짖m');
INSERT INTO tbl_vn_ward (ward_id, district_id, ward_name) VALUES (463, 17, 'X횄짙 B찼쨘짱c H찼쨩혫ng');
INSERT INTO tbl_vn_ward (ward_id, district_id, ward_name) VALUES (466, 17, 'X횄짙 Nguy횄짧n Kh횄짧');
INSERT INTO tbl_vn_ward (ward_id, district_id, ward_name) VALUES (469, 17, 'X횄짙 Nam H찼쨩혫ng');
INSERT INTO tbl_vn_ward (ward_id, district_id, ward_name) VALUES (472, 17, 'X횄짙 Ti횄짧n D횈째횈징ng');
INSERT INTO tbl_vn_ward (ward_id, district_id, ward_name) VALUES (475, 17, 'X횄짙 V횄짖n H횄혻');
INSERT INTO tbl_vn_ward (ward_id, district_id, ward_name) VALUES (478, 17, 'X횄짙 Uy N찼쨩혰');
INSERT INTO tbl_vn_ward (ward_id, district_id, ward_name) VALUES (481, 17, 'X횄짙 V횄짖n N찼쨩혲i');
INSERT INTO tbl_vn_ward (ward_id, district_id, ward_name) VALUES (484, 17, 'X횄짙 Li횄짧n H횄혻');
INSERT INTO tbl_vn_ward (ward_id, district_id, ward_name) VALUES (487, 17, 'X횄짙 Vi찼쨩혝t H횄쨔ng');
INSERT INTO tbl_vn_ward (ward_id, district_id, ward_name) VALUES (490, 17, 'X횄짙 Kim N찼쨩혰');
INSERT INTO tbl_vn_ward (ward_id, district_id, ward_name) VALUES (493, 17, 'X횄짙 Kim Chung');
INSERT INTO tbl_vn_ward (ward_id, district_id, ward_name) VALUES (496, 17, 'X횄짙 D찼쨩짜c T횄쨘');
INSERT INTO tbl_vn_ward (ward_id, district_id, ward_name) VALUES (499, 17, 'X횄짙 횆혨찼쨘징i M찼쨘징ch');
INSERT INTO tbl_vn_ward (ward_id, district_id, ward_name) VALUES (502, 17, 'X횄짙 V횆짤nh Ng찼쨩혥c');
INSERT INTO tbl_vn_ward (ward_id, district_id, ward_name) VALUES (505, 17, 'X횄짙 C찼쨩혮 Loa');
INSERT INTO tbl_vn_ward (ward_id, district_id, ward_name) VALUES (508, 17, 'X횄짙 H찼쨘짙i B찼쨩혩i');
INSERT INTO tbl_vn_ward (ward_id, district_id, ward_name) VALUES (511, 17, 'X횄짙 Xu횄짖n Canh');
INSERT INTO tbl_vn_ward (ward_id, district_id, ward_name) VALUES (514, 17, 'X횄짙 V횄쨉ng La');
INSERT INTO tbl_vn_ward (ward_id, district_id, ward_name) VALUES (517, 17, 'X횄짙 T횄혻m X횄징');
INSERT INTO tbl_vn_ward (ward_id, district_id, ward_name) VALUES (520, 17, 'X횄짙 Mai L횄짖m');
INSERT INTO tbl_vn_ward (ward_id, district_id, ward_name) VALUES (523, 17, 'X횄짙 횆혨횄쨈ng H찼쨩혲i');
INSERT INTO tbl_vn_district (district_id, province_id, district_name) VALUES (18, 1, 'Huy찼쨩혝n Gia L횄짖m');
INSERT INTO tbl_vn_ward (ward_id, district_id, ward_name) VALUES (526, 18, 'Th찼쨩혢 tr찼쨘짜n Y횄짧n Vi횄짧n');
INSERT INTO tbl_vn_ward (ward_id, district_id, ward_name) VALUES (529, 18, 'X횄짙 Y횄짧n Th횈째찼쨩혶ng');
INSERT INTO tbl_vn_ward (ward_id, district_id, ward_name) VALUES (532, 18, 'X횄짙 Y횄짧n Vi횄짧n');
INSERT INTO tbl_vn_ward (ward_id, district_id, ward_name) VALUES (535, 18, 'X횄짙 Ninh Hi찼쨩혝p');
INSERT INTO tbl_vn_ward (ward_id, district_id, ward_name) VALUES (541, 18, 'X횄짙 Thi횄짧n 횆혨찼쨩짤c');
INSERT INTO tbl_vn_ward (ward_id, district_id, ward_name) VALUES (544, 18, 'X횄짙 Ph횄쨔 횆혨찼쨩혮ng');
INSERT INTO tbl_vn_ward (ward_id, district_id, ward_name) VALUES (550, 18, 'X횄짙 L찼쨩혝 Chi');
INSERT INTO tbl_vn_ward (ward_id, district_id, ward_name) VALUES (553, 18, 'X횄짙 C찼쨩혮 Bi');
INSERT INTO tbl_vn_ward (ward_id, district_id, ward_name) VALUES (556, 18, 'X횄짙 횆혨찼쨘쨌ng X횄징');
INSERT INTO tbl_vn_ward (ward_id, district_id, ward_name) VALUES (562, 18, 'X횄짙 Ph횄쨘 S횈징n');
INSERT INTO tbl_vn_ward (ward_id, district_id, ward_name) VALUES (565, 18, 'Th찼쨩혢 tr찼쨘짜n Tr횄짖u Qu찼쨩쨀');
INSERT INTO tbl_vn_ward (ward_id, district_id, ward_name) VALUES (568, 18, 'X횄짙 D횈째횈징ng Quang');
INSERT INTO tbl_vn_ward (ward_id, district_id, ward_name) VALUES (571, 18, 'X횄짙 D횈째횈징ng X횄징');
INSERT INTO tbl_vn_ward (ward_id, district_id, ward_name) VALUES (577, 18, 'X횄짙 횆혨a T찼쨩혩n');
INSERT INTO tbl_vn_ward (ward_id, district_id, ward_name) VALUES (580, 18, 'X횄짙 Ki횄짧u K찼쨩쨉');
INSERT INTO tbl_vn_ward (ward_id, district_id, ward_name) VALUES (583, 18, 'X횄짙 B횄징t Tr횄혻ng');
INSERT INTO tbl_vn_ward (ward_id, district_id, ward_name) VALUES (589, 18, 'X횄짙 Kim 횆혨찼쨩짤c');
INSERT INTO tbl_vn_district (district_id, province_id, district_name) VALUES (19, 1, 'Qu찼쨘짯n Nam T찼쨩짬 Li횄짧m');
INSERT INTO tbl_vn_ward (ward_id, district_id, ward_name) VALUES (592, 19, 'Ph횈째찼쨩혶ng C찼쨘짠u Di찼쨩혚n');
INSERT INTO tbl_vn_ward (ward_id, district_id, ward_name) VALUES (622, 19, 'Ph횈째찼쨩혶ng Xu횄짖n Ph횈째횈징ng');
INSERT INTO tbl_vn_ward (ward_id, district_id, ward_name) VALUES (623, 19, 'Ph횈째찼쨩혶ng Ph횈째횈징ng Canh');
INSERT INTO tbl_vn_ward (ward_id, district_id, ward_name) VALUES (625, 19, 'Ph횈째찼쨩혶ng M찼쨩쨔 횆혨횄짭nh 1');
INSERT INTO tbl_vn_ward (ward_id, district_id, ward_name) VALUES (626, 19, 'Ph횈째찼쨩혶ng M찼쨩쨔 횆혨횄짭nh 2');
INSERT INTO tbl_vn_ward (ward_id, district_id, ward_name) VALUES (628, 19, 'Ph횈째찼쨩혶ng T횄짖y M찼쨩혰');
INSERT INTO tbl_vn_ward (ward_id, district_id, ward_name) VALUES (631, 19, 'Ph횈째찼쨩혶ng M찼쨩혚 Tr횄짭');
INSERT INTO tbl_vn_ward (ward_id, district_id, ward_name) VALUES (632, 19, 'Ph횈째찼쨩혶ng Ph횄쨘 횆혨횄쨈');
INSERT INTO tbl_vn_ward (ward_id, district_id, ward_name) VALUES (634, 19, 'Ph횈째찼쨩혶ng 횆혨찼쨘징i M찼쨩혰');
INSERT INTO tbl_vn_ward (ward_id, district_id, ward_name) VALUES (637, 19, 'Ph횈째찼쨩혶ng Trung V횆혘n');
INSERT INTO tbl_vn_district (district_id, province_id, district_name) VALUES (20, 1, 'Huy찼쨩혝n Thanh Tr횄짭');
INSERT INTO tbl_vn_ward (ward_id, district_id, ward_name) VALUES (640, 20, 'Th찼쨩혢 tr찼쨘짜n V횆혘n 횆혨i찼쨩혘n');
INSERT INTO tbl_vn_ward (ward_id, district_id, ward_name) VALUES (643, 20, 'X횄짙 T횄짖n Tri찼쨩혖u');
INSERT INTO tbl_vn_ward (ward_id, district_id, ward_name) VALUES (646, 20, 'X횄짙 Thanh Li찼쨩혝t');
INSERT INTO tbl_vn_ward (ward_id, district_id, ward_name) VALUES (649, 20, 'X횄짙 T찼쨘짙 Thanh Oai');
INSERT INTO tbl_vn_ward (ward_id, district_id, ward_name) VALUES (652, 20, 'X횄짙 H찼쨩짱u Ho횄혻');
INSERT INTO tbl_vn_ward (ward_id, district_id, ward_name) VALUES (655, 20, 'X횄짙 Tam Hi찼쨩혝p');
INSERT INTO tbl_vn_ward (ward_id, district_id, ward_name) VALUES (658, 20, 'X횄짙 T찼쨩짤 Hi찼쨩혝p');
INSERT INTO tbl_vn_ward (ward_id, district_id, ward_name) VALUES (661, 20, 'X횄짙 Y횄짧n M찼쨩쨔');
INSERT INTO tbl_vn_ward (ward_id, district_id, ward_name) VALUES (664, 20, 'X횄짙 V횆짤nh Qu찼쨩쨀nh');
INSERT INTO tbl_vn_ward (ward_id, district_id, ward_name) VALUES (667, 20, 'X횄짙 Ng횇짤 Hi찼쨩혝p');
INSERT INTO tbl_vn_ward (ward_id, district_id, ward_name) VALUES (670, 20, 'X횄짙 Duy횄짧n H횄혻');
INSERT INTO tbl_vn_ward (ward_id, district_id, ward_name) VALUES (673, 20, 'X횄짙 Ng찼쨩혥c H찼쨩혫i');
INSERT INTO tbl_vn_ward (ward_id, district_id, ward_name) VALUES (676, 20, 'X횄짙 V찼쨘징n Ph횄쨘c');
INSERT INTO tbl_vn_ward (ward_id, district_id, ward_name) VALUES (679, 20, 'X횄짙 횆혨찼쨘징i 횄징ng');
INSERT INTO tbl_vn_ward (ward_id, district_id, ward_name) VALUES (682, 20, 'X횄짙 Li횄짧n Ninh');
INSERT INTO tbl_vn_ward (ward_id, district_id, ward_name) VALUES (685, 20, 'X횄짙 횆혨횄쨈ng M찼쨩쨔');
INSERT INTO tbl_vn_district (district_id, province_id, district_name) VALUES (21, 1, 'Qu찼쨘짯n B찼쨘짱c T찼쨩짬 Li횄짧m');
INSERT INTO tbl_vn_ward (ward_id, district_id, ward_name) VALUES (595, 21, 'Ph횈째찼쨩혶ng Th횈째찼쨩짙ng C횄징t');
INSERT INTO tbl_vn_ward (ward_id, district_id, ward_name) VALUES (598, 21, 'Ph횈째찼쨩혶ng Li횄짧n M찼쨘징c');
INSERT INTO tbl_vn_ward (ward_id, district_id, ward_name) VALUES (601, 21, 'Ph횈째찼쨩혶ng 횆혨횄쨈ng Ng찼쨘징c');
INSERT INTO tbl_vn_ward (ward_id, district_id, ward_name) VALUES (602, 21, 'Ph횈째찼쨩혶ng 횆혨찼쨩짤c Th찼쨘짱ng');
INSERT INTO tbl_vn_ward (ward_id, district_id, ward_name) VALUES (604, 21, 'Ph횈째찼쨩혶ng Th찼쨩짜y Ph횈째횈징ng');
INSERT INTO tbl_vn_ward (ward_id, district_id, ward_name) VALUES (607, 21, 'Ph횈째찼쨩혶ng T횄짖y T찼쨩짹u');
INSERT INTO tbl_vn_ward (ward_id, district_id, ward_name) VALUES (610, 21, 'Ph횈째찼쨩혶ng Xu횄짖n 횆혨찼쨩혟nh');
INSERT INTO tbl_vn_ward (ward_id, district_id, ward_name) VALUES (611, 21, 'Ph횈째찼쨩혶ng Xu횄짖n T찼쨘짙o');
INSERT INTO tbl_vn_ward (ward_id, district_id, ward_name) VALUES (613, 21, 'Ph횈째찼쨩혶ng Minh Khai');
INSERT INTO tbl_vn_ward (ward_id, district_id, ward_name) VALUES (616, 21, 'Ph횈째찼쨩혶ng C찼쨩혮 Nhu찼쨘쩔 1');
INSERT INTO tbl_vn_ward (ward_id, district_id, ward_name) VALUES (617, 21, 'Ph횈째찼쨩혶ng C찼쨩혮 Nhu찼쨘쩔 2');
INSERT INTO tbl_vn_ward (ward_id, district_id, ward_name) VALUES (619, 21, 'Ph횈째찼쨩혶ng Ph횄쨘 Di찼쨩혚n');
INSERT INTO tbl_vn_ward (ward_id, district_id, ward_name) VALUES (620, 21, 'Ph횈째찼쨩혶ng Ph횄쨘c Di찼쨩혚n');
INSERT INTO tbl_vn_district (district_id, province_id, district_name) VALUES (250, 1, 'Huy찼쨩혝n M횄짧 Linh');
INSERT INTO tbl_vn_ward (ward_id, district_id, ward_name) VALUES (8973, 250, 'Th찼쨩혢 tr찼쨘짜n Chi 횆혨횄쨈ng');
INSERT INTO tbl_vn_ward (ward_id, district_id, ward_name) VALUES (8974, 250, 'X횄짙 횆혨찼쨘징i Th찼쨩혢nh');
INSERT INTO tbl_vn_ward (ward_id, district_id, ward_name) VALUES (8977, 250, 'X횄짙 Kim Hoa');
INSERT INTO tbl_vn_ward (ward_id, district_id, ward_name) VALUES (8980, 250, 'X횄짙 Th찼쨘징ch 횆혨횄혻');
INSERT INTO tbl_vn_ward (ward_id, district_id, ward_name) VALUES (8983, 250, 'X횄짙 Ti찼쨘쩔n Th찼쨘짱ng');
INSERT INTO tbl_vn_ward (ward_id, district_id, ward_name) VALUES (8986, 250, 'X횄짙 T찼쨩짹 L찼쨘짯p');
INSERT INTO tbl_vn_ward (ward_id, district_id, ward_name) VALUES (8989, 250, 'Th찼쨩혢 tr찼쨘짜n Quang Minh');
INSERT INTO tbl_vn_ward (ward_id, district_id, ward_name) VALUES (8992, 250, 'X횄짙 Thanh L횄짖m');
INSERT INTO tbl_vn_ward (ward_id, district_id, ward_name) VALUES (8995, 250, 'X횄짙 Tam 횆혨찼쨩혫ng');
INSERT INTO tbl_vn_ward (ward_id, district_id, ward_name) VALUES (8998, 250, 'X횄짙 Li횄짧n M찼쨘징c');
INSERT INTO tbl_vn_ward (ward_id, district_id, ward_name) VALUES (9004, 250, 'X횄짙 Chu Phan');
INSERT INTO tbl_vn_ward (ward_id, district_id, ward_name) VALUES (9007, 250, 'X횄짙 Ti찼쨘쩔n Th찼쨩혢nh');
INSERT INTO tbl_vn_ward (ward_id, district_id, ward_name) VALUES (9010, 250, 'X횄짙 M횄짧 Linh');
INSERT INTO tbl_vn_ward (ward_id, district_id, ward_name) VALUES (9013, 250, 'X횄짙 V횆혘n Kh횄짧');
INSERT INTO tbl_vn_ward (ward_id, district_id, ward_name) VALUES (9016, 250, 'X횄짙 Ho횄혻ng Kim');
INSERT INTO tbl_vn_ward (ward_id, district_id, ward_name) VALUES (9019, 250, 'X횄짙 Ti찼쨩혖n Phong');
INSERT INTO tbl_vn_ward (ward_id, district_id, ward_name) VALUES (9022, 250, 'X횄짙 Tr횄징ng Vi찼쨩혝t');
INSERT INTO tbl_vn_district (district_id, province_id, district_name) VALUES (268, 1, 'Qu찼쨘짯n H횄혻 횆혨횄쨈ng');
INSERT INTO tbl_vn_ward (ward_id, district_id, ward_name) VALUES (9538, 268, 'Ph횈째찼쨩혶ng Quang Trung');
INSERT INTO tbl_vn_ward (ward_id, district_id, ward_name) VALUES (9541, 268, 'Ph횈째찼쨩혶ng M찼쨩혲 Lao');
INSERT INTO tbl_vn_ward (ward_id, district_id, ward_name) VALUES (9542, 268, 'Ph횈째찼쨩혶ng V횆혘n Qu횄징n');
INSERT INTO tbl_vn_ward (ward_id, district_id, ward_name) VALUES (9544, 268, 'Ph횈째찼쨩혶ng V찼쨘징n Ph횄쨘c');
INSERT INTO tbl_vn_ward (ward_id, district_id, ward_name) VALUES (9551, 268, 'Ph횈째찼쨩혶ng La Kh횄짧');
INSERT INTO tbl_vn_ward (ward_id, district_id, ward_name) VALUES (9552, 268, 'Ph횈째찼쨩혶ng Ph횄쨘 La');
INSERT INTO tbl_vn_ward (ward_id, district_id, ward_name) VALUES (9553, 268, 'Ph횈째찼쨩혶ng Ph횄쨘c La');
INSERT INTO tbl_vn_ward (ward_id, district_id, ward_name) VALUES (9556, 268, 'Ph횈째찼쨩혶ng H횄혻 C찼쨘짠u');
INSERT INTO tbl_vn_ward (ward_id, district_id, ward_name) VALUES (9562, 268, 'Ph횈째찼쨩혶ng Y횄짧n Ngh횆짤a');
INSERT INTO tbl_vn_ward (ward_id, district_id, ward_name) VALUES (9565, 268, 'Ph횈째찼쨩혶ng Ki찼쨘쩔n H횈째ng');
INSERT INTO tbl_vn_ward (ward_id, district_id, ward_name) VALUES (9568, 268, 'Ph횈째찼쨩혶ng Ph횄쨘 L횄짙m');
INSERT INTO tbl_vn_ward (ward_id, district_id, ward_name) VALUES (9571, 268, 'Ph횈째찼쨩혶ng Ph횄쨘 L횈째횈징ng');
INSERT INTO tbl_vn_ward (ward_id, district_id, ward_name) VALUES (9886, 268, 'Ph횈째찼쨩혶ng D횈째횈징ng N찼쨩혲i');
INSERT INTO tbl_vn_ward (ward_id, district_id, ward_name) VALUES (10117, 268, 'Ph횈째찼쨩혶ng 횆혨찼쨩혫ng Mai');
INSERT INTO tbl_vn_ward (ward_id, district_id, ward_name) VALUES (10123, 268, 'Ph횈째찼쨩혶ng Bi횄짧n Giang');
INSERT INTO tbl_vn_district (district_id, province_id, district_name) VALUES (269, 1, 'Th찼쨩혢 x횄짙 S횈징n T횄짖y');
INSERT INTO tbl_vn_ward (ward_id, district_id, ward_name) VALUES (9574, 269, 'Ph횈째찼쨩혶ng Ng횄쨈 Quy찼쨩혖n');
INSERT INTO tbl_vn_ward (ward_id, district_id, ward_name) VALUES (9577, 269, 'Ph횈째찼쨩혶ng Ph횄쨘 Th찼쨩혢nh');
INSERT INTO tbl_vn_ward (ward_id, district_id, ward_name) VALUES (9586, 269, 'Ph횈째찼쨩혶ng S횈징n L찼쨩혲c');
INSERT INTO tbl_vn_ward (ward_id, district_id, ward_name) VALUES (9589, 269, 'Ph횈째찼쨩혶ng Xu횄짖n Khanh');
INSERT INTO tbl_vn_ward (ward_id, district_id, ward_name) VALUES (9592, 269, 'X횄짙 횆혨횈째찼쨩혶ng L횄짖m');
INSERT INTO tbl_vn_ward (ward_id, district_id, ward_name) VALUES (9595, 269, 'Ph횈째찼쨩혶ng Vi횄짧n S횈징n');
INSERT INTO tbl_vn_ward (ward_id, district_id, ward_name) VALUES (9598, 269, 'X횄짙 Xu횄짖n S횈징n');
INSERT INTO tbl_vn_ward (ward_id, district_id, ward_name) VALUES (9601, 269, 'Ph횈째찼쨩혶ng Trung H횈째ng');
INSERT INTO tbl_vn_ward (ward_id, district_id, ward_name) VALUES (9604, 269, 'X횄짙 Thanh M찼쨩쨔');
INSERT INTO tbl_vn_ward (ward_id, district_id, ward_name) VALUES (9607, 269, 'Ph횈째찼쨩혶ng Trung S횈징n Tr찼쨘짠m');
INSERT INTO tbl_vn_ward (ward_id, district_id, ward_name) VALUES (9610, 269, 'X횄짙 Kim S횈징n');
INSERT INTO tbl_vn_ward (ward_id, district_id, ward_name) VALUES (9613, 269, 'X횄짙 S횈징n 횆혨횄쨈ng');
INSERT INTO tbl_vn_ward (ward_id, district_id, ward_name) VALUES (9616, 269, 'X횄짙 C찼쨩혮 횆혨횄쨈ng');
INSERT INTO tbl_vn_district (district_id, province_id, district_name) VALUES (271, 1, 'Huy찼쨩혝n Ba V횄짭');
INSERT INTO tbl_vn_ward (ward_id, district_id, ward_name) VALUES (9619, 271, 'Th찼쨩혢 tr찼쨘짜n T횄짖y 횆혨찼쨘짹ng');
INSERT INTO tbl_vn_ward (ward_id, district_id, ward_name) VALUES (9625, 271, 'X횄짙 Ph횄쨘 C횈째찼쨩혶ng');
INSERT INTO tbl_vn_ward (ward_id, district_id, ward_name) VALUES (9628, 271, 'X횄짙 C찼쨩혮 횆혨횄쨈');
INSERT INTO tbl_vn_ward (ward_id, district_id, ward_name) VALUES (9634, 271, 'X횄짙 V찼쨘징n Th찼쨘짱ng');
INSERT INTO tbl_vn_ward (ward_id, district_id, ward_name) VALUES (9640, 271, 'X횄짙 Phong V횄짖n');
INSERT INTO tbl_vn_ward (ward_id, district_id, ward_name) VALUES (9643, 271, 'X횄짙 Ph횄쨘 횆혨횄쨈ng');
INSERT INTO tbl_vn_ward (ward_id, district_id, ward_name) VALUES (9646, 271, 'X횄짙 Ph횄쨘 H찼쨩혫ng');
INSERT INTO tbl_vn_ward (ward_id, district_id, ward_name) VALUES (9649, 271, 'X횄짙 Ph횄쨘 Ch횄짖u');
INSERT INTO tbl_vn_ward (ward_id, district_id, ward_name) VALUES (9652, 271, 'X횄짙 Th횄징i H횄짼a');
INSERT INTO tbl_vn_ward (ward_id, district_id, ward_name) VALUES (9655, 271, 'X횄짙 횆혨찼쨩혫ng Th횄징i');
INSERT INTO tbl_vn_ward (ward_id, district_id, ward_name) VALUES (9658, 271, 'X횄짙 Ph횄쨘 S횈징n');
INSERT INTO tbl_vn_ward (ward_id, district_id, ward_name) VALUES (9661, 271, 'X횄짙 Minh Ch횄짖u');
INSERT INTO tbl_vn_ward (ward_id, district_id, ward_name) VALUES (9664, 271, 'X횄짙 V찼쨘짯t L찼쨘징i');
INSERT INTO tbl_vn_ward (ward_id, district_id, ward_name) VALUES (9667, 271, 'X횄짙 Chu Minh');
INSERT INTO tbl_vn_ward (ward_id, district_id, ward_name) VALUES (9670, 271, 'X횄짙 T횄짼ng B찼쨘징t');
INSERT INTO tbl_vn_ward (ward_id, district_id, ward_name) VALUES (9673, 271, 'X횄짙 C찼쨘짤m L횆짤nh');
INSERT INTO tbl_vn_ward (ward_id, district_id, ward_name) VALUES (9676, 271, 'X횄짙 S횈징n 횆혨횄혻');
INSERT INTO tbl_vn_ward (ward_id, district_id, ward_name) VALUES (9679, 271, 'X횄짙 횆혨횄쨈ng Quang');
INSERT INTO tbl_vn_ward (ward_id, district_id, ward_name) VALUES (9682, 271, 'X횄짙 Ti횄짧n Phong');
INSERT INTO tbl_vn_ward (ward_id, district_id, ward_name) VALUES (9685, 271, 'X횄짙 Th찼쨩짜y An');
INSERT INTO tbl_vn_ward (ward_id, district_id, ward_name) VALUES (9688, 271, 'X횄짙 Cam Th횈째찼쨩짙ng');
INSERT INTO tbl_vn_ward (ward_id, district_id, ward_name) VALUES (9691, 271, 'X횄짙 Thu찼쨘짠n M찼쨩쨔');
INSERT INTO tbl_vn_ward (ward_id, district_id, ward_name) VALUES (9694, 271, 'X횄짙 T찼쨘짙n L횆짤nh');
INSERT INTO tbl_vn_ward (ward_id, district_id, ward_name) VALUES (9697, 271, 'X횄짙 Ba Tr찼쨘징i');
INSERT INTO tbl_vn_ward (ward_id, district_id, ward_name) VALUES (9700, 271, 'X횄짙 Minh Quang');
INSERT INTO tbl_vn_ward (ward_id, district_id, ward_name) VALUES (9703, 271, 'X횄짙 Ba V횄짭');
INSERT INTO tbl_vn_ward (ward_id, district_id, ward_name) VALUES (9706, 271, 'X횄짙 V횄짖n H횄짼a');
INSERT INTO tbl_vn_ward (ward_id, district_id, ward_name) VALUES (9709, 271, 'X횄짙 Y횄짧n B횄혻i');
INSERT INTO tbl_vn_ward (ward_id, district_id, ward_name) VALUES (9712, 271, 'X횄짙 Kh횄징nh Th횈째찼쨩짙ng');
INSERT INTO tbl_vn_district (district_id, province_id, district_name) VALUES (272, 1, 'Huy찼쨩혝n Ph횄쨘c Th찼쨩혥');
INSERT INTO tbl_vn_ward (ward_id, district_id, ward_name) VALUES (9715, 272, 'Th찼쨩혢 tr찼쨘짜n Ph횄쨘c Th찼쨩혥');
INSERT INTO tbl_vn_ward (ward_id, district_id, ward_name) VALUES (9721, 272, 'X횄짙 V횄짖n Ph횄쨘c');
INSERT INTO tbl_vn_ward (ward_id, district_id, ward_name) VALUES (9724, 272, 'X횄짙 Nam H횄혻');
INSERT INTO tbl_vn_ward (ward_id, district_id, ward_name) VALUES (9727, 272, 'X횄짙 Xu횄짖n 횆혨횄짭nh');
INSERT INTO tbl_vn_ward (ward_id, district_id, ward_name) VALUES (9733, 272, 'X횄짙 Sen Ph횈째횈징ng');
INSERT INTO tbl_vn_ward (ward_id, district_id, ward_name) VALUES (9739, 272, 'X횄짙 V횄쨉ng Xuy횄짧n');
INSERT INTO tbl_vn_ward (ward_id, district_id, ward_name) VALUES (9742, 272, 'X횄짙 T횄짯ch L찼쨩혲c');
INSERT INTO tbl_vn_ward (ward_id, district_id, ward_name) VALUES (9745, 272, 'X횄짙 Long Th횈째찼쨩짙ng');
INSERT INTO tbl_vn_ward (ward_id, district_id, ward_name) VALUES (9751, 272, 'X횄짙 H횄징t M횄쨈n');
INSERT INTO tbl_vn_ward (ward_id, district_id, ward_name) VALUES (9757, 272, 'X횄짙 Thanh 횆혨a');
INSERT INTO tbl_vn_ward (ward_id, district_id, ward_name) VALUES (9760, 272, 'X횄짙 Tr찼쨘징ch M찼쨩쨔 L찼쨩혲c');
INSERT INTO tbl_vn_ward (ward_id, district_id, ward_name) VALUES (9763, 272, 'X횄짙 Ph횄쨘c H횄짼a');
INSERT INTO tbl_vn_ward (ward_id, district_id, ward_name) VALUES (9766, 272, 'X횄짙 Ng찼쨩혥c T찼쨘짙o');
INSERT INTO tbl_vn_ward (ward_id, district_id, ward_name) VALUES (9769, 272, 'X횄짙 Ph찼쨩짜ng Th횈째찼쨩짙ng');
INSERT INTO tbl_vn_ward (ward_id, district_id, ward_name) VALUES (9772, 272, 'X횄짙 Tam Thu찼쨘짜n');
INSERT INTO tbl_vn_ward (ward_id, district_id, ward_name) VALUES (9775, 272, 'X횄짙 Tam Hi찼쨩혝p');
INSERT INTO tbl_vn_ward (ward_id, district_id, ward_name) VALUES (9778, 272, 'X횄짙 Hi찼쨩혝p Thu찼쨘짯n');
INSERT INTO tbl_vn_ward (ward_id, district_id, ward_name) VALUES (9781, 272, 'X횄짙 Li횄짧n Hi찼쨩혝p');
INSERT INTO tbl_vn_district (district_id, province_id, district_name) VALUES (273, 1, 'Huy찼쨩혝n 횆혨an Ph횈째찼쨩짙ng');
INSERT INTO tbl_vn_ward (ward_id, district_id, ward_name) VALUES (9784, 273, 'Th찼쨩혢 tr찼쨘짜n Ph횄쨔ng');
INSERT INTO tbl_vn_ward (ward_id, district_id, ward_name) VALUES (9787, 273, 'X횄짙 Trung Ch횄짖u');
INSERT INTO tbl_vn_ward (ward_id, district_id, ward_name) VALUES (9790, 273, 'X횄짙 Th찼쨩혥 An');
INSERT INTO tbl_vn_ward (ward_id, district_id, ward_name) VALUES (9793, 273, 'X횄짙 Th찼쨩혥 Xu횄짖n');
INSERT INTO tbl_vn_ward (ward_id, district_id, ward_name) VALUES (9796, 273, 'X횄짙 H찼쨩혫ng H횄혻');
INSERT INTO tbl_vn_ward (ward_id, district_id, ward_name) VALUES (9799, 273, 'X횄짙 Li횄짧n H찼쨩혫ng');
INSERT INTO tbl_vn_ward (ward_id, district_id, ward_name) VALUES (9802, 273, 'X횄짙 Li횄짧n H횄혻');
INSERT INTO tbl_vn_ward (ward_id, district_id, ward_name) VALUES (9805, 273, 'X횄짙 H찼쨘징 M찼쨩혰');
INSERT INTO tbl_vn_ward (ward_id, district_id, ward_name) VALUES (9808, 273, 'X횄짙 Li횄짧n Trung');
INSERT INTO tbl_vn_ward (ward_id, district_id, ward_name) VALUES (9811, 273, 'X횄짙 Ph횈째횈징ng 횆혨횄짭nh');
INSERT INTO tbl_vn_ward (ward_id, district_id, ward_name) VALUES (9814, 273, 'X횄짙 Th횈째찼쨩짙ng M찼쨩혰');
INSERT INTO tbl_vn_ward (ward_id, district_id, ward_name) VALUES (9817, 273, 'X횄짙 T횄짖n H찼쨩혲i');
INSERT INTO tbl_vn_ward (ward_id, district_id, ward_name) VALUES (9820, 273, 'X횄짙 T횄짖n L찼쨘짯p');
INSERT INTO tbl_vn_ward (ward_id, district_id, ward_name) VALUES (9823, 273, 'X횄짙 횆혨an Ph횈째찼쨩짙ng');
INSERT INTO tbl_vn_ward (ward_id, district_id, ward_name) VALUES (9826, 273, 'X횄짙 횆혨찼쨩혫ng Th횄징p');
INSERT INTO tbl_vn_ward (ward_id, district_id, ward_name) VALUES (9829, 273, 'X횄짙 Song Ph횈째찼쨩짙ng');
INSERT INTO tbl_vn_district (district_id, province_id, district_name) VALUES (274, 1, 'Huy찼쨩혝n Ho횄혻i 횆혨찼쨩짤c');
INSERT INTO tbl_vn_ward (ward_id, district_id, ward_name) VALUES (9832, 274, 'Th찼쨩혢 tr찼쨘짜n Tr찼쨘징m Tr횄쨈i');
INSERT INTO tbl_vn_ward (ward_id, district_id, ward_name) VALUES (9835, 274, 'X횄짙 횆혨찼쨩짤c Th횈째찼쨩짙ng');
INSERT INTO tbl_vn_ward (ward_id, district_id, ward_name) VALUES (9838, 274, 'X횄짙 Minh Khai');
INSERT INTO tbl_vn_ward (ward_id, district_id, ward_name) VALUES (9841, 274, 'X횄짙 D횈째횈징ng Li찼쨩혚u');
INSERT INTO tbl_vn_ward (ward_id, district_id, ward_name) VALUES (9844, 274, 'X횄짙 Di Tr찼쨘징ch');
INSERT INTO tbl_vn_ward (ward_id, district_id, ward_name) VALUES (9847, 274, 'X횄짙 횆혨찼쨩짤c Giang');
INSERT INTO tbl_vn_ward (ward_id, district_id, ward_name) VALUES (9850, 274, 'X횄짙 C횄징t Qu찼쨘쩔');
INSERT INTO tbl_vn_ward (ward_id, district_id, ward_name) VALUES (9853, 274, 'X횄짙 Kim Chung');
INSERT INTO tbl_vn_ward (ward_id, district_id, ward_name) VALUES (9856, 274, 'X횄짙 Y횄짧n S찼쨩혺');
INSERT INTO tbl_vn_ward (ward_id, district_id, ward_name) VALUES (9859, 274, 'X횄짙 S횈징n 횆혨찼쨩혫ng');
INSERT INTO tbl_vn_ward (ward_id, district_id, ward_name) VALUES (9862, 274, 'X횄짙 V횄짖n Canh');
INSERT INTO tbl_vn_ward (ward_id, district_id, ward_name) VALUES (9865, 274, 'X횄짙 횆혨찼쨘짱c S찼쨩혺');
INSERT INTO tbl_vn_ward (ward_id, district_id, ward_name) VALUES (9868, 274, 'X횄짙 L찼쨘징i Y횄짧n');
INSERT INTO tbl_vn_ward (ward_id, district_id, ward_name) VALUES (9871, 274, 'X횄짙 Ti찼쨩혖n Y횄짧n');
INSERT INTO tbl_vn_ward (ward_id, district_id, ward_name) VALUES (9874, 274, 'X횄짙 Song Ph횈째횈징ng');
INSERT INTO tbl_vn_ward (ward_id, district_id, ward_name) VALUES (9877, 274, 'X횄짙 An Kh횄징nh');
INSERT INTO tbl_vn_ward (ward_id, district_id, ward_name) VALUES (9880, 274, 'X횄짙 An Th횈째찼쨩짙ng');
INSERT INTO tbl_vn_ward (ward_id, district_id, ward_name) VALUES (9883, 274, 'X횄짙 V횄짖n C횄쨈n');
INSERT INTO tbl_vn_ward (ward_id, district_id, ward_name) VALUES (9889, 274, 'X횄짙 La Ph횄쨔');
INSERT INTO tbl_vn_ward (ward_id, district_id, ward_name) VALUES (9892, 274, 'X횄짙 횆혨횄쨈ng La');
INSERT INTO tbl_vn_district (district_id, province_id, district_name) VALUES (275, 1, 'Huy찼쨩혝n Qu찼쨩혩c Oai');
INSERT INTO tbl_vn_ward (ward_id, district_id, ward_name) VALUES (4939, 275, 'X횄짙 횆혨횄쨈ng Xu횄짖n');
INSERT INTO tbl_vn_ward (ward_id, district_id, ward_name) VALUES (9895, 275, 'Th찼쨩혢 tr찼쨘짜n Qu찼쨩혩c Oai');
INSERT INTO tbl_vn_ward (ward_id, district_id, ward_name) VALUES (9898, 275, 'X횄짙 S횄혻i S횈징n');
INSERT INTO tbl_vn_ward (ward_id, district_id, ward_name) VALUES (9904, 275, 'X횄짙 Ph횈째찼쨩짙ng S횈징n');
INSERT INTO tbl_vn_ward (ward_id, district_id, ward_name) VALUES (9907, 275, 'X횄짙 Ng찼쨩혥c Li찼쨩혝p');
INSERT INTO tbl_vn_ward (ward_id, district_id, ward_name) VALUES (9910, 275, 'X횄짙 Ng찼쨩혥c M찼쨩쨔');
INSERT INTO tbl_vn_ward (ward_id, district_id, ward_name) VALUES (9916, 275, 'X횄짙 Th찼쨘징ch Th횄징n');
INSERT INTO tbl_vn_ward (ward_id, district_id, ward_name) VALUES (9919, 275, 'X횄짙 횆혨찼쨩혫ng Quang');
INSERT INTO tbl_vn_ward (ward_id, district_id, ward_name) VALUES (9922, 275, 'X횄짙 Ph횄쨘 C횄징t');
INSERT INTO tbl_vn_ward (ward_id, district_id, ward_name) VALUES (9925, 275, 'X횄짙 Tuy찼쨘쩔t Ngh횆짤a');
INSERT INTO tbl_vn_ward (ward_id, district_id, ward_name) VALUES (9928, 275, 'X횄짙 Li찼쨩혝p Ngh횆짤a');
INSERT INTO tbl_vn_ward (ward_id, district_id, ward_name) VALUES (9931, 275, 'X횄짙 C찼쨩혲ng H횄짼a');
INSERT INTO tbl_vn_ward (ward_id, district_id, ward_name) VALUES (9934, 275, 'X횄짙 H횈째ng 횆혨찼쨘징o');
INSERT INTO tbl_vn_ward (ward_id, district_id, ward_name) VALUES (9940, 275, 'X횄짙 Ph횄쨘 M횄짙n');
INSERT INTO tbl_vn_ward (ward_id, district_id, ward_name) VALUES (9943, 275, 'X횄짙 C찼쨘짜n H찼쨩짱u');
INSERT INTO tbl_vn_ward (ward_id, district_id, ward_name) VALUES (9949, 275, 'X횄짙 H횄짼a Th찼쨘징ch');
INSERT INTO tbl_vn_ward (ward_id, district_id, ward_name) VALUES (9952, 275, 'X횄짙 횆혨횄쨈ng Y횄짧n');
INSERT INTO tbl_vn_district (district_id, province_id, district_name) VALUES (276, 1, 'Huy찼쨩혝n Th찼쨘징ch Th찼쨘짜t');
INSERT INTO tbl_vn_ward (ward_id, district_id, ward_name) VALUES (4927, 276, 'X횄짙 Y횄짧n Trung');
INSERT INTO tbl_vn_ward (ward_id, district_id, ward_name) VALUES (4930, 276, 'X횄짙 Y횄짧n B횄짭nh');
INSERT INTO tbl_vn_ward (ward_id, district_id, ward_name) VALUES (4936, 276, 'X횄짙 Ti찼쨘쩔n Xu횄짖n');
INSERT INTO tbl_vn_ward (ward_id, district_id, ward_name) VALUES (9955, 276, 'Th찼쨩혢 tr찼쨘짜n Li횄짧n Quan');
INSERT INTO tbl_vn_ward (ward_id, district_id, ward_name) VALUES (9958, 276, 'X횄짙 횆혨찼쨘징i 횆혨찼쨩혫ng');
INSERT INTO tbl_vn_ward (ward_id, district_id, ward_name) VALUES (9961, 276, 'X횄짙 C찼쨘짤m Y횄짧n');
INSERT INTO tbl_vn_ward (ward_id, district_id, ward_name) VALUES (9964, 276, 'X횄짙 L찼쨘징i Th횈째찼쨩짙ng');
INSERT INTO tbl_vn_ward (ward_id, district_id, ward_name) VALUES (9967, 276, 'X횄짙 Ph횄쨘 Kim');
INSERT INTO tbl_vn_ward (ward_id, district_id, ward_name) VALUES (9970, 276, 'X횄짙 H횈째횈징ng Ng찼쨘짙i');
INSERT INTO tbl_vn_ward (ward_id, district_id, ward_name) VALUES (9973, 276, 'X횄짙 Lam S횈징n');
INSERT INTO tbl_vn_ward (ward_id, district_id, ward_name) VALUES (9976, 276, 'X횄짙 Kim Quan');
INSERT INTO tbl_vn_ward (ward_id, district_id, ward_name) VALUES (9982, 276, 'X횄짙 B횄짭nh Y횄짧n');
INSERT INTO tbl_vn_ward (ward_id, district_id, ward_name) VALUES (9988, 276, 'X횄짙 Th찼쨘징ch Ho횄혻');
INSERT INTO tbl_vn_ward (ward_id, district_id, ward_name) VALUES (9991, 276, 'X횄짙 C찼쨘짠n Ki찼쨩혝m');
INSERT INTO tbl_vn_ward (ward_id, district_id, ward_name) VALUES (9997, 276, 'X횄짙 Ph횄쨔ng X횄징');
INSERT INTO tbl_vn_ward (ward_id, district_id, ward_name) VALUES (10000, 276, 'X횄짙 T횄짖n X횄짙');
INSERT INTO tbl_vn_ward (ward_id, district_id, ward_name) VALUES (10003, 276, 'X횄짙 Th찼쨘징ch X횄징');
INSERT INTO tbl_vn_ward (ward_id, district_id, ward_name) VALUES (10006, 276, 'X횄짙 Quang Trung');
INSERT INTO tbl_vn_ward (ward_id, district_id, ward_name) VALUES (10009, 276, 'X횄짙 H찼쨘징 B찼쨘짹ng');
INSERT INTO tbl_vn_ward (ward_id, district_id, ward_name) VALUES (10012, 276, 'X횄짙 횆혨찼쨩혫ng Tr횄쨘c');
INSERT INTO tbl_vn_district (district_id, province_id, district_name) VALUES (277, 1, 'Huy찼쨩혝n Ch횈째횈징ng M찼쨩쨔');
INSERT INTO tbl_vn_ward (ward_id, district_id, ward_name) VALUES (10015, 277, 'Th찼쨩혢 tr찼쨘짜n Ch횄쨘c S횈징n');
INSERT INTO tbl_vn_ward (ward_id, district_id, ward_name) VALUES (10018, 277, 'Th찼쨩혢 tr찼쨘짜n Xu횄짖n Mai');
INSERT INTO tbl_vn_ward (ward_id, district_id, ward_name) VALUES (10021, 277, 'X횄짙 Ph찼쨩짜ng Ch횄짖u');
INSERT INTO tbl_vn_ward (ward_id, district_id, ward_name) VALUES (10024, 277, 'X횄짙 Ti횄짧n Ph횈째횈징ng');
INSERT INTO tbl_vn_ward (ward_id, district_id, ward_name) VALUES (10027, 277, 'X횄짙 횆혨횄쨈ng S횈징n');
INSERT INTO tbl_vn_ward (ward_id, district_id, ward_name) VALUES (10030, 277, 'X횄짙 횆혨횄쨈ng Ph횈째횈징ng Y횄짧n');
INSERT INTO tbl_vn_ward (ward_id, district_id, ward_name) VALUES (10033, 277, 'X횄짙 Ph횄쨘 Ngh횆짤a');
INSERT INTO tbl_vn_ward (ward_id, district_id, ward_name) VALUES (10039, 277, 'X횄짙 Tr횈째찼쨩혶ng Y횄짧n');
INSERT INTO tbl_vn_ward (ward_id, district_id, ward_name) VALUES (10042, 277, 'X횄짙 Ng찼쨩혥c H횄짼a');
INSERT INTO tbl_vn_ward (ward_id, district_id, ward_name) VALUES (10045, 277, 'X횄짙 Th찼쨩짠y Xu횄짖n Ti횄짧n');
INSERT INTO tbl_vn_ward (ward_id, district_id, ward_name) VALUES (10048, 277, 'X횄짙 Thanh B횄짭nh');
INSERT INTO tbl_vn_ward (ward_id, district_id, ward_name) VALUES (10051, 277, 'X횄짙 Trung H횄짼a');
INSERT INTO tbl_vn_ward (ward_id, district_id, ward_name) VALUES (10054, 277, 'X횄짙 횆혨찼쨘징i Y횄짧n');
INSERT INTO tbl_vn_ward (ward_id, district_id, ward_name) VALUES (10057, 277, 'X횄짙 Th찼쨩짜y H횈째횈징ng');
INSERT INTO tbl_vn_ward (ward_id, district_id, ward_name) VALUES (10060, 277, 'X횄짙 T찼쨩혩t 횆혨찼쨩혲ng');
INSERT INTO tbl_vn_ward (ward_id, district_id, ward_name) VALUES (10063, 277, 'X횄짙 Lam 횆혨i찼쨩혖n');
INSERT INTO tbl_vn_ward (ward_id, district_id, ward_name) VALUES (10066, 277, 'X횄짙 T횄짖n Ti찼쨘쩔n');
INSERT INTO tbl_vn_ward (ward_id, district_id, ward_name) VALUES (10069, 277, 'X횄짙 Nam Ph횈째횈징ng Ti찼쨘쩔n');
INSERT INTO tbl_vn_ward (ward_id, district_id, ward_name) VALUES (10072, 277, 'X횄짙 H찼쨩짙p 횆혨찼쨩혫ng');
INSERT INTO tbl_vn_ward (ward_id, district_id, ward_name) VALUES (10075, 277, 'X횄짙 Ho횄혻ng V횆혘n Th찼쨩짜');
INSERT INTO tbl_vn_ward (ward_id, district_id, ward_name) VALUES (10078, 277, 'X횄짙 Ho횄혻ng Di찼쨩혝u');
INSERT INTO tbl_vn_ward (ward_id, district_id, ward_name) VALUES (10081, 277, 'X횄짙 H찼쨩짱u V횆혘n');
INSERT INTO tbl_vn_ward (ward_id, district_id, ward_name) VALUES (10084, 277, 'X횄짙 Qu찼쨘짙ng B찼쨩혢');
INSERT INTO tbl_vn_ward (ward_id, district_id, ward_name) VALUES (10087, 277, 'X횄짙 M찼쨩쨔 L횈째횈징ng');
INSERT INTO tbl_vn_ward (ward_id, district_id, ward_name) VALUES (10090, 277, 'X횄짙 Th횈째찼쨩짙ng V찼쨩짹c');
INSERT INTO tbl_vn_ward (ward_id, district_id, ward_name) VALUES (10096, 277, 'X횄짙 H찼쨩혫ng Ph횄쨘');
INSERT INTO tbl_vn_ward (ward_id, district_id, ward_name) VALUES (10099, 277, 'X횄짙 Tr찼쨘짠n Ph횄쨘');
INSERT INTO tbl_vn_ward (ward_id, district_id, ward_name) VALUES (10102, 277, 'X횄짙 V횆혘n V횄쨉');
INSERT INTO tbl_vn_ward (ward_id, district_id, ward_name) VALUES (10105, 277, 'X횄짙 횆혨찼쨩혫ng L찼쨘징c');
INSERT INTO tbl_vn_ward (ward_id, district_id, ward_name) VALUES (10108, 277, 'X횄짙 H횄짼a Ph횄쨘');
INSERT INTO tbl_vn_district (district_id, province_id, district_name) VALUES (278, 1, 'Huy찼쨩혝n Thanh Oai');
INSERT INTO tbl_vn_ward (ward_id, district_id, ward_name) VALUES (10114, 278, 'Th찼쨩혢 tr찼쨘짜n Kim B횄혻i');
INSERT INTO tbl_vn_ward (ward_id, district_id, ward_name) VALUES (10120, 278, 'X횄짙 C찼쨩짹 Kh횄짧');
INSERT INTO tbl_vn_ward (ward_id, district_id, ward_name) VALUES (10126, 278, 'X횄짙 B횄짯ch H횄짼a');
INSERT INTO tbl_vn_ward (ward_id, district_id, ward_name) VALUES (10129, 278, 'X횄짙 M찼쨩쨔 H횈째ng');
INSERT INTO tbl_vn_ward (ward_id, district_id, ward_name) VALUES (10132, 278, 'X횄짙 Cao Vi횄짧n');
INSERT INTO tbl_vn_ward (ward_id, district_id, ward_name) VALUES (10135, 278, 'X횄짙 B횄짭nh Minh');
INSERT INTO tbl_vn_ward (ward_id, district_id, ward_name) VALUES (10138, 278, 'X횄짙 Tam H횈째ng');
INSERT INTO tbl_vn_ward (ward_id, district_id, ward_name) VALUES (10141, 278, 'X횄짙 Thanh Cao');
INSERT INTO tbl_vn_ward (ward_id, district_id, ward_name) VALUES (10144, 278, 'X횄짙 Thanh Th횄쨔y');
INSERT INTO tbl_vn_ward (ward_id, district_id, ward_name) VALUES (10147, 278, 'X횄짙 Thanh Mai');
INSERT INTO tbl_vn_ward (ward_id, district_id, ward_name) VALUES (10150, 278, 'X횄짙 Thanh V횆혘n');
INSERT INTO tbl_vn_ward (ward_id, district_id, ward_name) VALUES (10153, 278, 'X횄짙 횆혨찼쨩혰 횆혨찼쨩혲ng');
INSERT INTO tbl_vn_ward (ward_id, district_id, ward_name) VALUES (10156, 278, 'X횄짙 Kim An');
INSERT INTO tbl_vn_ward (ward_id, district_id, ward_name) VALUES (10159, 278, 'X횄짙 Kim Th횈째');
INSERT INTO tbl_vn_ward (ward_id, district_id, ward_name) VALUES (10162, 278, 'X횄짙 Ph횈째횈징ng Trung');
INSERT INTO tbl_vn_ward (ward_id, district_id, ward_name) VALUES (10165, 278, 'X횄짙 T횄짖n 횈짱찼쨩혴c');
INSERT INTO tbl_vn_ward (ward_id, district_id, ward_name) VALUES (10168, 278, 'X횄짙 D횄짖n H횄짼a');
INSERT INTO tbl_vn_ward (ward_id, district_id, ward_name) VALUES (10171, 278, 'X횄짙 Li횄짧n Ch횄짖u');
INSERT INTO tbl_vn_ward (ward_id, district_id, ward_name) VALUES (10174, 278, 'X횄짙 Cao Xu횄짖n D횈째횈징ng');
INSERT INTO tbl_vn_ward (ward_id, district_id, ward_name) VALUES (10180, 278, 'X횄짙 H찼쨩혫ng D횈째횈징ng');
INSERT INTO tbl_vn_district (district_id, province_id, district_name) VALUES (279, 1, 'Huy찼쨩혝n Th횈째찼쨩혶ng T횄짯n');
INSERT INTO tbl_vn_ward (ward_id, district_id, ward_name) VALUES (10183, 279, 'Th찼쨩혢 tr찼쨘짜n Th횈째찼쨩혶ng T횄짯n');
INSERT INTO tbl_vn_ward (ward_id, district_id, ward_name) VALUES (10186, 279, 'X횄짙 Ninh S찼쨩혺');
INSERT INTO tbl_vn_ward (ward_id, district_id, ward_name) VALUES (10189, 279, 'X횄짙 Nh찼쨩혢 Kh횄짧');
INSERT INTO tbl_vn_ward (ward_id, district_id, ward_name) VALUES (10192, 279, 'X횄짙 Duy횄짧n Th횄징i');
INSERT INTO tbl_vn_ward (ward_id, district_id, ward_name) VALUES (10195, 279, 'X횄짙 Kh횄징nh H횄혻');
INSERT INTO tbl_vn_ward (ward_id, district_id, ward_name) VALUES (10198, 279, 'X횄짙 H횄짼a B횄짭nh');
INSERT INTO tbl_vn_ward (ward_id, district_id, ward_name) VALUES (10201, 279, 'X횄짙 V횆혘n B횄짭nh');
INSERT INTO tbl_vn_ward (ward_id, district_id, ward_name) VALUES (10204, 279, 'X횄짙 Hi찼쨩혖n Giang');
INSERT INTO tbl_vn_ward (ward_id, district_id, ward_name) VALUES (10207, 279, 'X횄짙 H찼쨩혫ng V횄짖n');
INSERT INTO tbl_vn_ward (ward_id, district_id, ward_name) VALUES (10210, 279, 'X횄짙 V횄짖n T찼쨘짙o');
INSERT INTO tbl_vn_ward (ward_id, district_id, ward_name) VALUES (10213, 279, 'X횄짙 Li횄짧n Ph횈째횈징ng');
INSERT INTO tbl_vn_ward (ward_id, district_id, ward_name) VALUES (10216, 279, 'X횄짙 V횆혘n Ph횄쨘');
INSERT INTO tbl_vn_ward (ward_id, district_id, ward_name) VALUES (10219, 279, 'X횄짙 T찼쨩짹 Nhi횄짧n');
INSERT INTO tbl_vn_ward (ward_id, district_id, ward_name) VALUES (10222, 279, 'X횄짙 Ti찼쨩혖n Phong');
INSERT INTO tbl_vn_ward (ward_id, district_id, ward_name) VALUES (10225, 279, 'X횄짙 H횄혻 H찼쨩혫i');
INSERT INTO tbl_vn_ward (ward_id, district_id, ward_name) VALUES (10231, 279, 'X횄짙 Nguy찼쨩혚n Tr횄짙i');
INSERT INTO tbl_vn_ward (ward_id, district_id, ward_name) VALUES (10234, 279, 'X횄짙 Qu찼쨘짜t 횆혨찼쨩혲ng');
INSERT INTO tbl_vn_ward (ward_id, district_id, ward_name) VALUES (10237, 279, 'X횄짙 Ch횈째횈징ng D횈째횈징ng');
INSERT INTO tbl_vn_ward (ward_id, district_id, ward_name) VALUES (10240, 279, 'X횄짙 T횄짖n Minh');
INSERT INTO tbl_vn_ward (ward_id, district_id, ward_name) VALUES (10243, 279, 'X횄짙 L횄짧 L찼쨩짙i');
INSERT INTO tbl_vn_ward (ward_id, district_id, ward_name) VALUES (10246, 279, 'X횄짙 Th찼쨘짱ng L찼쨩짙i');
INSERT INTO tbl_vn_ward (ward_id, district_id, ward_name) VALUES (10249, 279, 'X횄짙 D횇짤ng Ti찼쨘쩔n');
INSERT INTO tbl_vn_ward (ward_id, district_id, ward_name) VALUES (10255, 279, 'X횄짙 Nghi횄짧m Xuy횄짧n');
INSERT INTO tbl_vn_ward (ward_id, district_id, ward_name) VALUES (10258, 279, 'X횄짙 T횄쨈 Hi찼쨩혝u');
INSERT INTO tbl_vn_ward (ward_id, district_id, ward_name) VALUES (10261, 279, 'X횄짙 V횆혘n T찼쨩짹');
INSERT INTO tbl_vn_ward (ward_id, district_id, ward_name) VALUES (10264, 279, 'X횄짙 V찼쨘징n Nh찼쨘짜t');
INSERT INTO tbl_vn_ward (ward_id, district_id, ward_name) VALUES (10267, 279, 'X횄짙 Minh C횈째찼쨩혶ng');
INSERT INTO tbl_vn_district (district_id, province_id, district_name) VALUES (280, 1, 'Huy찼쨩혝n Ph횄쨘 Xuy횄짧n');
INSERT INTO tbl_vn_ward (ward_id, district_id, ward_name) VALUES (10270, 280, 'Th찼쨩혢 tr찼쨘짜n Ph횄쨘 Minh');
INSERT INTO tbl_vn_ward (ward_id, district_id, ward_name) VALUES (10273, 280, 'Th찼쨩혢 tr찼쨘짜n Ph횄쨘 Xuy횄짧n');
INSERT INTO tbl_vn_ward (ward_id, district_id, ward_name) VALUES (10276, 280, 'X횄짙 H찼쨩혫ng Minh');
INSERT INTO tbl_vn_ward (ward_id, district_id, ward_name) VALUES (10279, 280, 'X횄짙 Ph횈째찼쨩짙ng D찼쨩짹c');
INSERT INTO tbl_vn_ward (ward_id, district_id, ward_name) VALUES (10282, 280, 'X횄짙 Nam Ti찼쨘쩔n');
INSERT INTO tbl_vn_ward (ward_id, district_id, ward_name) VALUES (10291, 280, 'X횄짙 V횆혘n Ho횄혻ng');
INSERT INTO tbl_vn_ward (ward_id, district_id, ward_name) VALUES (10294, 280, 'X횄짙 Ph횄쨘 T횄쨘c');
INSERT INTO tbl_vn_ward (ward_id, district_id, ward_name) VALUES (10300, 280, 'X횄짙 H찼쨩혫ng Th횄징i');
INSERT INTO tbl_vn_ward (ward_id, district_id, ward_name) VALUES (10303, 280, 'X횄짙 Ho횄혻ng Long');
INSERT INTO tbl_vn_ward (ward_id, district_id, ward_name) VALUES (10312, 280, 'X횄짙 Nam Phong');
INSERT INTO tbl_vn_ward (ward_id, district_id, ward_name) VALUES (10315, 280, 'X횄짙 T횄짖n D횄짖n');
INSERT INTO tbl_vn_ward (ward_id, district_id, ward_name) VALUES (10318, 280, 'X횄짙 Quang H횄혻');
INSERT INTO tbl_vn_ward (ward_id, district_id, ward_name) VALUES (10321, 280, 'X횄짙 Chuy횄짧n M찼쨩쨔');
INSERT INTO tbl_vn_ward (ward_id, district_id, ward_name) VALUES (10324, 280, 'X횄짙 Khai Th횄징i');
INSERT INTO tbl_vn_ward (ward_id, district_id, ward_name) VALUES (10327, 280, 'X횄짙 Ph횄쨘c Ti찼쨘쩔n');
INSERT INTO tbl_vn_ward (ward_id, district_id, ward_name) VALUES (10330, 280, 'X횄짙 V횄짖n T찼쨩짬');
INSERT INTO tbl_vn_ward (ward_id, district_id, ward_name) VALUES (10333, 280, 'X횄짙 Tri Th찼쨩짠y');
INSERT INTO tbl_vn_ward (ward_id, district_id, ward_name) VALUES (10336, 280, 'X횄짙 횆혨찼쨘징i Xuy횄짧n');
INSERT INTO tbl_vn_ward (ward_id, district_id, ward_name) VALUES (10339, 280, 'X횄짙 Ph횄쨘 Y횄짧n');
INSERT INTO tbl_vn_ward (ward_id, district_id, ward_name) VALUES (10342, 280, 'X횄짙 B찼쨘징ch H찼쨘징');
INSERT INTO tbl_vn_ward (ward_id, district_id, ward_name) VALUES (10345, 280, 'X횄짙 Quang L횄짙ng');
INSERT INTO tbl_vn_ward (ward_id, district_id, ward_name) VALUES (10348, 280, 'X횄짙 Ch횄짖u Can');
INSERT INTO tbl_vn_ward (ward_id, district_id, ward_name) VALUES (10351, 280, 'X횄짙 Minh T횄짖n');
INSERT INTO tbl_vn_district (district_id, province_id, district_name) VALUES (281, 1, 'Huy찼쨩혝n 찼쨩짢ng H횄짼a');
INSERT INTO tbl_vn_ward (ward_id, district_id, ward_name) VALUES (10354, 281, 'Th찼쨩혢 tr찼쨘짜n V횄짖n 횆혨횄짭nh');
INSERT INTO tbl_vn_ward (ward_id, district_id, ward_name) VALUES (10363, 281, 'X횄짙 Hoa Vi횄짧n');
INSERT INTO tbl_vn_ward (ward_id, district_id, ward_name) VALUES (10366, 281, 'X횄짙 Qu찼쨘짙ng Ph횄쨘 C찼쨘짠u');
INSERT INTO tbl_vn_ward (ward_id, district_id, ward_name) VALUES (10369, 281, 'X횄짙 Tr횈째찼쨩혶ng Th찼쨩혢nh');
INSERT INTO tbl_vn_ward (ward_id, district_id, ward_name) VALUES (10375, 281, 'X횄짙 Li횄짧n B찼쨘징t');
INSERT INTO tbl_vn_ward (ward_id, district_id, ward_name) VALUES (10378, 281, 'X횄짙 Cao S횈징n Ti찼쨘쩔n');
INSERT INTO tbl_vn_ward (ward_id, district_id, ward_name) VALUES (10384, 281, 'X횄짙 Ph횈째횈징ng T횄쨘');
INSERT INTO tbl_vn_ward (ward_id, district_id, ward_name) VALUES (10387, 281, 'X횄짙 Trung T횄쨘');
INSERT INTO tbl_vn_ward (ward_id, district_id, ward_name) VALUES (10390, 281, 'X횄짙 횆혨찼쨩혫ng T횄짖n');
INSERT INTO tbl_vn_ward (ward_id, district_id, ward_name) VALUES (10393, 281, 'X횄짙 T찼쨘짙o D횈째횈징ng V횆혘n');
INSERT INTO tbl_vn_ward (ward_id, district_id, ward_name) VALUES (10396, 281, 'X횄짙 Th횄징i H횄짼a');
INSERT INTO tbl_vn_ward (ward_id, district_id, ward_name) VALUES (10399, 281, 'X횄짙 Minh 횆혨찼쨩짤c');
INSERT INTO tbl_vn_ward (ward_id, district_id, ward_name) VALUES (10402, 281, 'X횄짙 Tr찼쨘짠m L찼쨩혲ng');
INSERT INTO tbl_vn_ward (ward_id, district_id, ward_name) VALUES (10411, 281, 'X횄짙 Kim 횆혨횈째찼쨩혶ng');
INSERT INTO tbl_vn_ward (ward_id, district_id, ward_name) VALUES (10417, 281, 'X횄짙 H횄짼a Ph횄쨘');
INSERT INTO tbl_vn_ward (ward_id, district_id, ward_name) VALUES (10423, 281, 'X횄짙 횆혨찼쨘징i H횄쨔ng');
INSERT INTO tbl_vn_ward (ward_id, district_id, ward_name) VALUES (10426, 281, 'X횄짙 횆혨횄쨈ng L찼쨩혰');
INSERT INTO tbl_vn_ward (ward_id, district_id, ward_name) VALUES (10429, 281, 'X횄짙 Ph횄쨔 L횈째u');
INSERT INTO tbl_vn_ward (ward_id, district_id, ward_name) VALUES (10432, 281, 'X횄짙 횆혨찼쨘징i C횈째찼쨩혶ng');
INSERT INTO tbl_vn_ward (ward_id, district_id, ward_name) VALUES (10435, 281, 'X횄짙 B횄짭nh L횈째u Quang');
INSERT INTO tbl_vn_district (district_id, province_id, district_name) VALUES (282, 1, 'Huy찼쨩혝n M찼쨩쨔 횆혨찼쨩짤c');
INSERT INTO tbl_vn_ward (ward_id, district_id, ward_name) VALUES (10441, 282, 'Th찼쨩혢 tr찼쨘짜n 횆혨찼쨘징i Ngh횆짤a');
INSERT INTO tbl_vn_ward (ward_id, district_id, ward_name) VALUES (10444, 282, 'X횄짙 횆혨찼쨩혫ng T횄짖m');
INSERT INTO tbl_vn_ward (ward_id, district_id, ward_name) VALUES (10447, 282, 'X횄짙 Th횈째찼쨩짙ng L횄짖m');
INSERT INTO tbl_vn_ward (ward_id, district_id, ward_name) VALUES (10450, 282, 'X횄짙 Tuy Lai');
INSERT INTO tbl_vn_ward (ward_id, district_id, ward_name) VALUES (10453, 282, 'X횄짙 Ph횄쨘c L횄짖m');
INSERT INTO tbl_vn_ward (ward_id, district_id, ward_name) VALUES (10459, 282, 'X횄짙 M찼쨩쨔 Xuy횄짧n');
INSERT INTO tbl_vn_ward (ward_id, district_id, ward_name) VALUES (10462, 282, 'X횄짙 An M찼쨩쨔');
INSERT INTO tbl_vn_ward (ward_id, district_id, ward_name) VALUES (10465, 282, 'X횄짙 H찼쨩혫ng S횈징n');
INSERT INTO tbl_vn_ward (ward_id, district_id, ward_name) VALUES (10468, 282, 'X횄짙 L횄짧 Thanh');
INSERT INTO tbl_vn_ward (ward_id, district_id, ward_name) VALUES (10471, 282, 'X횄짙 Xuy X횄징');
INSERT INTO tbl_vn_ward (ward_id, district_id, ward_name) VALUES (10474, 282, 'X횄짙 Ph횄쨔ng X횄징');
INSERT INTO tbl_vn_ward (ward_id, district_id, ward_name) VALUES (10477, 282, 'X횄짙 Ph횄쨔 L횈째u T찼쨘쩔');
INSERT INTO tbl_vn_ward (ward_id, district_id, ward_name) VALUES (10480, 282, 'X횄짙 횆혨찼쨘징i H횈째ng');
INSERT INTO tbl_vn_ward (ward_id, district_id, ward_name) VALUES (10483, 282, 'X횄짙 V찼쨘징n T횄짯n');
INSERT INTO tbl_vn_ward (ward_id, district_id, ward_name) VALUES (10489, 282, 'X횄짙 H횈째횈징ng S횈징n');
INSERT INTO tbl_vn_ward (ward_id, district_id, ward_name) VALUES (10492, 282, 'X횄짙 H횄쨔ng Ti찼쨘쩔n');
INSERT INTO tbl_vn_ward (ward_id, district_id, ward_name) VALUES (10495, 282, 'X횄짙 An Ti찼쨘쩔n');
INSERT INTO tbl_vn_ward (ward_id, district_id, ward_name) VALUES (10498, 282, 'X횄짙 H찼쨩짙p Ti찼쨘쩔n');
INSERT INTO tbl_vn_ward (ward_id, district_id, ward_name) VALUES (10501, 282, 'X횄짙 H찼쨩짙p Thanh');
INSERT INTO tbl_vn_ward (ward_id, district_id, ward_name) VALUES (10504, 282, 'X횄짙 An Ph횄쨘');
INSERT INTO tbl_vn_province (province_id, province_name) VALUES (2, 'T찼쨩혟nh H횄혻 Giang');
INSERT INTO tbl_vn_district (district_id, province_id, district_name) VALUES (24, 2, 'Th횄혻nh ph찼쨩혩 H횄혻 Giang');
INSERT INTO tbl_vn_ward (ward_id, district_id, ward_name) VALUES (688, 24, 'Ph횈째찼쨩혶ng Quang Trung');
INSERT INTO tbl_vn_ward (ward_id, district_id, ward_name) VALUES (691, 24, 'Ph횈째찼쨩혶ng Tr찼쨘짠n Ph횄쨘');
INSERT INTO tbl_vn_ward (ward_id, district_id, ward_name) VALUES (692, 24, 'Ph횈째찼쨩혶ng Ng찼쨩혥c H횄혻');
INSERT INTO tbl_vn_ward (ward_id, district_id, ward_name) VALUES (694, 24, 'Ph횈째찼쨩혶ng Nguy찼쨩혚n Tr횄짙i');
INSERT INTO tbl_vn_ward (ward_id, district_id, ward_name) VALUES (697, 24, 'Ph횈째찼쨩혶ng Minh Khai');
INSERT INTO tbl_vn_ward (ward_id, district_id, ward_name) VALUES (700, 24, 'X횄짙 Ng찼쨩혥c 횆혨횈째찼쨩혶ng');
INSERT INTO tbl_vn_ward (ward_id, district_id, ward_name) VALUES (946, 24, 'X횄짙 Ph횈째횈징ng 횆혨찼쨩혲');
INSERT INTO tbl_vn_ward (ward_id, district_id, ward_name) VALUES (949, 24, 'X횄짙 Ph횈째횈징ng Thi찼쨩혝n');
INSERT INTO tbl_vn_district (district_id, province_id, district_name) VALUES (26, 2, 'Huy찼쨩혝n 횆혨찼쨩혫ng V횆혘n');
INSERT INTO tbl_vn_ward (ward_id, district_id, ward_name) VALUES (712, 26, 'Th찼쨩혢 tr찼쨘짜n Ph횄쨀 B찼쨘짙ng');
INSERT INTO tbl_vn_ward (ward_id, district_id, ward_name) VALUES (715, 26, 'X횄짙 L횇짤ng C횄쨘');
INSERT INTO tbl_vn_ward (ward_id, district_id, ward_name) VALUES (718, 26, 'X횄짙 M횄징 L횄짤');
INSERT INTO tbl_vn_ward (ward_id, district_id, ward_name) VALUES (721, 26, 'Th찼쨩혢 tr찼쨘짜n 횆혨찼쨩혫ng V횆혘n');
INSERT INTO tbl_vn_ward (ward_id, district_id, ward_name) VALUES (724, 26, 'X횄짙 L횇짤ng T횄징o');
INSERT INTO tbl_vn_ward (ward_id, district_id, ward_name) VALUES (727, 26, 'X횄짙 Ph찼쨩혩 L횄혻');
INSERT INTO tbl_vn_ward (ward_id, district_id, ward_name) VALUES (730, 26, 'X횄짙 Th횄혻i Ph횄짭n T찼쨩짠ng');
INSERT INTO tbl_vn_ward (ward_id, district_id, ward_name) VALUES (733, 26, 'X횄짙 S찼쨩짠ng L횄혻');
INSERT INTO tbl_vn_ward (ward_id, district_id, ward_name) VALUES (736, 26, 'X횄짙 X횄혻 Ph횄짭n');
INSERT INTO tbl_vn_ward (ward_id, district_id, ward_name) VALUES (739, 26, 'X횄짙 T찼쨘짙 Ph횄짭n');
INSERT INTO tbl_vn_ward (ward_id, district_id, ward_name) VALUES (742, 26, 'X횄짙 T찼쨘짙 L찼쨩짠ng');
INSERT INTO tbl_vn_ward (ward_id, district_id, ward_name) VALUES (745, 26, 'X횄짙 Ph찼쨩혩 C횄징o');
INSERT INTO tbl_vn_ward (ward_id, district_id, ward_name) VALUES (748, 26, 'X횄짙 S횄짯nh L찼쨩짠ng');
INSERT INTO tbl_vn_ward (ward_id, district_id, ward_name) VALUES (751, 26, 'X횄짙 S찼쨘짙ng T찼쨩짠ng');
INSERT INTO tbl_vn_ward (ward_id, district_id, ward_name) VALUES (754, 26, 'X횄짙 L횇짤ng Th찼쨘짠u');
INSERT INTO tbl_vn_ward (ward_id, district_id, ward_name) VALUES (757, 26, 'X횄짙 H찼쨩혩 Qu횄징ng Ph횄짭n');
INSERT INTO tbl_vn_ward (ward_id, district_id, ward_name) VALUES (760, 26, 'X횄짙 V찼쨘짠n Ch찼쨘짙i');
INSERT INTO tbl_vn_ward (ward_id, district_id, ward_name) VALUES (763, 26, 'X횄짙 L횇짤ng Ph횄짭n');
INSERT INTO tbl_vn_ward (ward_id, district_id, ward_name) VALUES (766, 26, 'X횄짙 S찼쨩짠ng Tr횄징i');
INSERT INTO tbl_vn_district (district_id, province_id, district_name) VALUES (27, 2, 'Huy찼쨩혝n M횄짢o V찼쨘징c');
INSERT INTO tbl_vn_ward (ward_id, district_id, ward_name) VALUES (769, 27, 'Th찼쨩혢 tr찼쨘짜n M횄짢o V찼쨘징c');
INSERT INTO tbl_vn_ward (ward_id, district_id, ward_name) VALUES (772, 27, 'X횄짙 Th횈째찼쨩짙ng Ph횄쨔ng');
INSERT INTO tbl_vn_ward (ward_id, district_id, ward_name) VALUES (775, 27, 'X횄짙 P찼쨘짙i L찼쨩짠ng');
INSERT INTO tbl_vn_ward (ward_id, district_id, ward_name) VALUES (778, 27, 'X횄짙 X횄짯n C횄징i');
INSERT INTO tbl_vn_ward (ward_id, district_id, ward_name) VALUES (781, 27, 'X횄짙 P찼쨘짙 Vi');
INSERT INTO tbl_vn_ward (ward_id, district_id, ward_name) VALUES (784, 27, 'X횄짙 Gi횄혻ng Chu Ph횄짭n');
INSERT INTO tbl_vn_ward (ward_id, district_id, ward_name) VALUES (787, 27, 'X횄짙 S찼쨩짠ng Tr횄혻');
INSERT INTO tbl_vn_ward (ward_id, district_id, ward_name) VALUES (790, 27, 'X횄짙 S찼쨩짠ng M횄징ng');
INSERT INTO tbl_vn_ward (ward_id, district_id, ward_name) VALUES (793, 27, 'X횄짙 S횈징n V횆짤');
INSERT INTO tbl_vn_ward (ward_id, district_id, ward_name) VALUES (796, 27, 'X횄짙 T찼쨘짙 L찼쨩짠ng');
INSERT INTO tbl_vn_ward (ward_id, district_id, ward_name) VALUES (799, 27, 'X횄짙 C횄징n Chu Ph횄짭n');
INSERT INTO tbl_vn_ward (ward_id, district_id, ward_name) VALUES (802, 27, 'X횄짙 L횇짤ng P횄쨔');
INSERT INTO tbl_vn_ward (ward_id, district_id, ward_name) VALUES (805, 27, 'X횄짙 L횇짤ng Chinh');
INSERT INTO tbl_vn_ward (ward_id, district_id, ward_name) VALUES (808, 27, 'X횄짙 T횄징t Ng횄혻');
INSERT INTO tbl_vn_ward (ward_id, district_id, ward_name) VALUES (811, 27, 'X횄짙 N찼쨘짯m Ban');
INSERT INTO tbl_vn_ward (ward_id, district_id, ward_name) VALUES (814, 27, 'X횄짙 Kh횄짖u Vai');
INSERT INTO tbl_vn_ward (ward_id, district_id, ward_name) VALUES (815, 27, 'X횄짙 Ni횄짧m T횄짼ng');
INSERT INTO tbl_vn_ward (ward_id, district_id, ward_name) VALUES (817, 27, 'X횄짙 Ni횄짧m S횈징n');
INSERT INTO tbl_vn_district (district_id, province_id, district_name) VALUES (28, 2, 'Huy찼쨩혝n Y횄짧n Minh');
INSERT INTO tbl_vn_ward (ward_id, district_id, ward_name) VALUES (820, 28, 'Th찼쨩혢 tr찼쨘짜n Y횄짧n Minh');
INSERT INTO tbl_vn_ward (ward_id, district_id, ward_name) VALUES (823, 28, 'X횄짙 Th찼쨘짱ng M찼쨩혩');
INSERT INTO tbl_vn_ward (ward_id, district_id, ward_name) VALUES (826, 28, 'X횄짙 Ph횄쨘 L횇짤ng');
INSERT INTO tbl_vn_ward (ward_id, district_id, ward_name) VALUES (829, 28, 'X횄짙 S찼쨩짠ng Tr횄징ng');
INSERT INTO tbl_vn_ward (ward_id, district_id, ward_name) VALUES (832, 28, 'X횄짙 B찼쨘징ch 횆혨횄짯ch');
INSERT INTO tbl_vn_ward (ward_id, district_id, ward_name) VALUES (835, 28, 'X횄짙 Na Kh횄짧');
INSERT INTO tbl_vn_ward (ward_id, district_id, ward_name) VALUES (838, 28, 'X횄짙 S찼쨩짠ng Th횄혻i');
INSERT INTO tbl_vn_ward (ward_id, district_id, ward_name) VALUES (841, 28, 'X횄짙 H찼쨩짱u Vinh');
INSERT INTO tbl_vn_ward (ward_id, district_id, ward_name) VALUES (844, 28, 'X횄짙 Lao V횄혻 Ch찼쨘짙i');
INSERT INTO tbl_vn_ward (ward_id, district_id, ward_name) VALUES (847, 28, 'X횄짙 M찼쨘짯u Du찼쨩혝');
INSERT INTO tbl_vn_ward (ward_id, district_id, ward_name) VALUES (850, 28, 'X횄짙 횆혨횄쨈ng Minh');
INSERT INTO tbl_vn_ward (ward_id, district_id, ward_name) VALUES (853, 28, 'X횄짙 M찼쨘짯u Long');
INSERT INTO tbl_vn_ward (ward_id, district_id, ward_name) VALUES (856, 28, 'X횄짙 Ngam La');
INSERT INTO tbl_vn_ward (ward_id, district_id, ward_name) VALUES (859, 28, 'X횄짙 Ng찼쨩혥c Long');
INSERT INTO tbl_vn_ward (ward_id, district_id, ward_name) VALUES (862, 28, 'X횄짙 횆혨횈째찼쨩혶ng Th횈째찼쨩짙ng');
INSERT INTO tbl_vn_ward (ward_id, district_id, ward_name) VALUES (865, 28, 'X횄짙 L횇짤ng H찼쨩혫');
INSERT INTO tbl_vn_ward (ward_id, district_id, ward_name) VALUES (868, 28, 'X횄짙 Du Ti찼쨘쩔n');
INSERT INTO tbl_vn_ward (ward_id, district_id, ward_name) VALUES (871, 28, 'X횄짙 Du Gi횄혻');
INSERT INTO tbl_vn_district (district_id, province_id, district_name) VALUES (29, 2, 'Huy찼쨩혝n Qu찼쨘짙n B찼쨘징');
INSERT INTO tbl_vn_ward (ward_id, district_id, ward_name) VALUES (874, 29, 'Th찼쨩혢 tr찼쨘짜n Tam S횈징n');
INSERT INTO tbl_vn_ward (ward_id, district_id, ward_name) VALUES (877, 29, 'X횄짙 B횄징t 횆혨찼쨘징i S횈징n');
INSERT INTO tbl_vn_ward (ward_id, district_id, ward_name) VALUES (880, 29, 'X횄짙 Ngh횆짤a Thu찼쨘짯n');
INSERT INTO tbl_vn_ward (ward_id, district_id, ward_name) VALUES (883, 29, 'X횄짙 C횄징n T찼쨩쨌');
INSERT INTO tbl_vn_ward (ward_id, district_id, ward_name) VALUES (886, 29, 'X횄짙 Cao M횄짙 P찼쨩혶');
INSERT INTO tbl_vn_ward (ward_id, district_id, ward_name) VALUES (889, 29, 'X횄짙 Thanh V횄짖n');
INSERT INTO tbl_vn_ward (ward_id, district_id, ward_name) VALUES (892, 29, 'X횄짙 T횄쨔ng V횄혻i');
INSERT INTO tbl_vn_ward (ward_id, district_id, ward_name) VALUES (895, 29, 'X횄짙 횆혨횄쨈ng H횄혻');
INSERT INTO tbl_vn_ward (ward_id, district_id, ward_name) VALUES (898, 29, 'X횄짙 Qu찼쨘짙n B찼쨘징');
INSERT INTO tbl_vn_ward (ward_id, district_id, ward_name) VALUES (901, 29, 'X횄짙 L횄쨔ng T횄징m');
INSERT INTO tbl_vn_ward (ward_id, district_id, ward_name) VALUES (904, 29, 'X횄짙 Quy찼쨘쩔t Ti찼쨘쩔n');
INSERT INTO tbl_vn_ward (ward_id, district_id, ward_name) VALUES (907, 29, 'X횄짙 T찼쨘짙 V횄징n');
INSERT INTO tbl_vn_ward (ward_id, district_id, ward_name) VALUES (910, 29, 'X횄짙 Th횄징i An');
INSERT INTO tbl_vn_district (district_id, province_id, district_name) VALUES (30, 2, 'Huy찼쨩혝n V찼쨩혢 Xuy횄짧n');
INSERT INTO tbl_vn_ward (ward_id, district_id, ward_name) VALUES (703, 30, 'X횄짙 Kim Th찼쨘징ch');
INSERT INTO tbl_vn_ward (ward_id, district_id, ward_name) VALUES (706, 30, 'X횄짙 Ph횄쨘 Linh');
INSERT INTO tbl_vn_ward (ward_id, district_id, ward_name) VALUES (709, 30, 'X횄짙 Kim Linh');
INSERT INTO tbl_vn_ward (ward_id, district_id, ward_name) VALUES (913, 30, 'Th찼쨩혢 tr찼쨘짜n V찼쨩혢 Xuy횄짧n');
INSERT INTO tbl_vn_ward (ward_id, district_id, ward_name) VALUES (916, 30, 'Th찼쨩혢 tr찼쨘짜n N횄쨈ng Tr횈째찼쨩혶ng Vi찼쨩혝t L횄짖m');
INSERT INTO tbl_vn_ward (ward_id, district_id, ward_name) VALUES (919, 30, 'X횄짙 Minh T횄짖n');
INSERT INTO tbl_vn_ward (ward_id, district_id, ward_name) VALUES (922, 30, 'X횄짙 Thu찼쨘짯n Ho횄혻');
INSERT INTO tbl_vn_ward (ward_id, district_id, ward_name) VALUES (925, 30, 'X횄짙 T횄쨔ng B횄징');
INSERT INTO tbl_vn_ward (ward_id, district_id, ward_name) VALUES (928, 30, 'X횄짙 Thanh Th찼쨩짠y');
INSERT INTO tbl_vn_ward (ward_id, district_id, ward_name) VALUES (931, 30, 'X횄짙 Thanh 횆혨찼쨩짤c');
INSERT INTO tbl_vn_ward (ward_id, district_id, ward_name) VALUES (934, 30, 'X횄짙 Phong Quang');
INSERT INTO tbl_vn_ward (ward_id, district_id, ward_name) VALUES (937, 30, 'X횄짙 X횄짯n Ch찼쨘짙i');
INSERT INTO tbl_vn_ward (ward_id, district_id, ward_name) VALUES (940, 30, 'X횄짙 Ph횈째횈징ng Ti찼쨘쩔n');
INSERT INTO tbl_vn_ward (ward_id, district_id, ward_name) VALUES (943, 30, 'X횄짙 Lao Ch찼쨘짙i');
INSERT INTO tbl_vn_ward (ward_id, district_id, ward_name) VALUES (952, 30, 'X횄짙 Cao B찼쨩혫');
INSERT INTO tbl_vn_ward (ward_id, district_id, ward_name) VALUES (955, 30, 'X횄짙 횆혨찼쨘징o 횆혨찼쨩짤c');
INSERT INTO tbl_vn_ward (ward_id, district_id, ward_name) VALUES (958, 30, 'X횄짙 Th횈째찼쨩짙ng S횈징n');
INSERT INTO tbl_vn_ward (ward_id, district_id, ward_name) VALUES (961, 30, 'X횄짙 Linh H찼쨩혫');
INSERT INTO tbl_vn_ward (ward_id, district_id, ward_name) VALUES (964, 30, 'X횄짙 Qu찼쨘짙ng Ng찼쨘짠n');
INSERT INTO tbl_vn_ward (ward_id, district_id, ward_name) VALUES (967, 30, 'X횄짙 Vi찼쨩혝t L횄짖m');
INSERT INTO tbl_vn_ward (ward_id, district_id, ward_name) VALUES (970, 30, 'X횄짙 Ng찼쨩혥c Linh');
INSERT INTO tbl_vn_ward (ward_id, district_id, ward_name) VALUES (973, 30, 'X횄짙 Ng찼쨩혥c Minh');
INSERT INTO tbl_vn_ward (ward_id, district_id, ward_name) VALUES (976, 30, 'X횄짙 B찼쨘징ch Ng찼쨩혥c');
INSERT INTO tbl_vn_ward (ward_id, district_id, ward_name) VALUES (979, 30, 'X횄짙 Trung Th횄혻nh');
INSERT INTO tbl_vn_district (district_id, province_id, district_name) VALUES (31, 2, 'Huy찼쨩혝n B찼쨘짱c M횄짧');
INSERT INTO tbl_vn_ward (ward_id, district_id, ward_name) VALUES (982, 31, 'X횄짙 Minh S횈징n');
INSERT INTO tbl_vn_ward (ward_id, district_id, ward_name) VALUES (985, 31, 'X횄짙 Gi횄징p Trung');
INSERT INTO tbl_vn_ward (ward_id, district_id, ward_name) VALUES (988, 31, 'X횄짙 Y횄짧n 횆혨찼쨩혢nh');
INSERT INTO tbl_vn_ward (ward_id, district_id, ward_name) VALUES (991, 31, 'Th찼쨩혢 tr찼쨘짜n Y횄짧n Ph횄쨘');
INSERT INTO tbl_vn_ward (ward_id, district_id, ward_name) VALUES (994, 31, 'X횄짙 Minh Ng찼쨩혥c');
INSERT INTO tbl_vn_ward (ward_id, district_id, ward_name) VALUES (997, 31, 'X횄짙 Y횄짧n Phong');
INSERT INTO tbl_vn_ward (ward_id, district_id, ward_name) VALUES (1000, 31, 'X횄짙 L찼쨘징c N횄쨈ng');
INSERT INTO tbl_vn_ward (ward_id, district_id, ward_name) VALUES (1003, 31, 'X횄짙 Ph횄쨘 Nam');
INSERT INTO tbl_vn_ward (ward_id, district_id, ward_name) VALUES (1006, 31, 'X횄짙 Y횄짧n C횈째찼쨩혶ng');
INSERT INTO tbl_vn_ward (ward_id, district_id, ward_name) VALUES (1009, 31, 'X횄짙 Th횈째찼쨩짙ng T횄짖n');
INSERT INTO tbl_vn_ward (ward_id, district_id, ward_name) VALUES (1012, 31, 'X횄짙 횆혨횈째찼쨩혶ng 횄혗m');
INSERT INTO tbl_vn_ward (ward_id, district_id, ward_name) VALUES (1015, 31, 'X횄짙 횆혨횈째찼쨩혶ng H찼쨩혫ng');
INSERT INTO tbl_vn_ward (ward_id, district_id, ward_name) VALUES (1018, 31, 'X횄짙 Phi횄짧ng Lu횄쨈ng');
INSERT INTO tbl_vn_district (district_id, province_id, district_name) VALUES (32, 2, 'Huy찼쨩혝n Ho횄혻ng Su Ph횄짭');
INSERT INTO tbl_vn_ward (ward_id, district_id, ward_name) VALUES (1021, 32, 'Th찼쨩혢 tr찼쨘짜n Vinh Quang');
INSERT INTO tbl_vn_ward (ward_id, district_id, ward_name) VALUES (1024, 32, 'X횄짙 B찼쨘짙n M횄징y');
INSERT INTO tbl_vn_ward (ward_id, district_id, ward_name) VALUES (1027, 32, 'X횄짙 Th횄혻ng T횄짯n');
INSERT INTO tbl_vn_ward (ward_id, district_id, ward_name) VALUES (1030, 32, 'X횄짙 Th횄짢n Chu Ph횄짭n');
INSERT INTO tbl_vn_ward (ward_id, district_id, ward_name) VALUES (1033, 32, 'X횄짙 P찼쨩혩 L찼쨩혫');
INSERT INTO tbl_vn_ward (ward_id, district_id, ward_name) VALUES (1036, 32, 'X횄짙 B찼쨘짙n Ph횄쨔ng');
INSERT INTO tbl_vn_ward (ward_id, district_id, ward_name) VALUES (1039, 32, 'X횄짙 T횄쨘ng S횄징n');
INSERT INTO tbl_vn_ward (ward_id, district_id, ward_name) VALUES (1042, 32, 'X횄짙 Chi찼쨘쩔n Ph찼쨩혩');
INSERT INTO tbl_vn_ward (ward_id, district_id, ward_name) VALUES (1045, 32, 'X횄짙 횆혨찼쨘짙n V횄징n');
INSERT INTO tbl_vn_ward (ward_id, district_id, ward_name) VALUES (1048, 32, 'X횄짙 T찼쨩짜 Nh횄짖n');
INSERT INTO tbl_vn_ward (ward_id, district_id, ward_name) VALUES (1051, 32, 'X횄짙 T횄짖n Ti찼쨘쩔n');
INSERT INTO tbl_vn_ward (ward_id, district_id, ward_name) VALUES (1054, 32, 'X횄짙 N횄혻ng 횆혨횄쨈n');
INSERT INTO tbl_vn_ward (ward_id, district_id, ward_name) VALUES (1057, 32, 'X횄짙 P찼쨩혶 Ly Ng횄혻i');
INSERT INTO tbl_vn_ward (ward_id, district_id, ward_name) VALUES (1060, 32, 'X횄짙 S횄징n X찼쨘짙 H찼쨩혫');
INSERT INTO tbl_vn_ward (ward_id, district_id, ward_name) VALUES (1063, 32, 'X횄짙 B찼쨘짙n Lu찼쨩혩c');
INSERT INTO tbl_vn_ward (ward_id, district_id, ward_name) VALUES (1066, 32, 'X횄짙 Ng횄혻m 횆혨횆혘ng V횄혻i');
INSERT INTO tbl_vn_ward (ward_id, district_id, ward_name) VALUES (1069, 32, 'X횄짙 B찼쨘짙n Nh횄쨔ng');
INSERT INTO tbl_vn_ward (ward_id, district_id, ward_name) VALUES (1072, 32, 'X횄짙 T찼쨘짙 S찼쨩짯 Cho횄쨀ng');
INSERT INTO tbl_vn_ward (ward_id, district_id, ward_name) VALUES (1075, 32, 'X횄짙 N찼쨘짯m D찼쨩혢ch');
INSERT INTO tbl_vn_ward (ward_id, district_id, ward_name) VALUES (1081, 32, 'X횄짙 H찼쨩혫 Th찼쨘짠u');
INSERT INTO tbl_vn_ward (ward_id, district_id, ward_name) VALUES (1084, 32, 'X횄짙 Nam S횈징n');
INSERT INTO tbl_vn_ward (ward_id, district_id, ward_name) VALUES (1087, 32, 'X횄짙 N찼쨘짯m T찼쨩쨉');
INSERT INTO tbl_vn_ward (ward_id, district_id, ward_name) VALUES (1090, 32, 'X횄짙 Th횄쨈ng Nguy횄짧n');
INSERT INTO tbl_vn_ward (ward_id, district_id, ward_name) VALUES (1093, 32, 'X횄짙 N찼쨘짯m Kh횄짼a');
INSERT INTO tbl_vn_district (district_id, province_id, district_name) VALUES (33, 2, 'Huy찼쨩혝n X횄짯n M찼쨘짠n');
INSERT INTO tbl_vn_ward (ward_id, district_id, ward_name) VALUES (1096, 33, 'Th찼쨩혢 tr찼쨘짜n C찼쨩혩c P횄혻i');
INSERT INTO tbl_vn_ward (ward_id, district_id, ward_name) VALUES (1099, 33, 'X횄짙 N횄혻n X찼쨩혟n');
INSERT INTO tbl_vn_ward (ward_id, district_id, ward_name) VALUES (1102, 33, 'X횄짙 B찼쨘짙n D횄짯u');
INSERT INTO tbl_vn_ward (ward_id, district_id, ward_name) VALUES (1105, 33, 'X횄짙 Ch횄짯 C횄혻');
INSERT INTO tbl_vn_ward (ward_id, district_id, ward_name) VALUES (1108, 33, 'X횄짙 X횄짯n M찼쨘짠n');
INSERT INTO tbl_vn_ward (ward_id, district_id, ward_name) VALUES (1114, 33, 'X횄짙 Th횄짢n Ph횄혻ng');
INSERT INTO tbl_vn_ward (ward_id, district_id, ward_name) VALUES (1117, 33, 'X횄짙 Trung Th찼쨩혢nh');
INSERT INTO tbl_vn_ward (ward_id, district_id, ward_name) VALUES (1120, 33, 'X횄짙 P횄혻 V찼쨘짠y S찼쨩짠');
INSERT INTO tbl_vn_ward (ward_id, district_id, ward_name) VALUES (1123, 33, 'X횄짙 C찼쨩혩c R찼쨘쩔');
INSERT INTO tbl_vn_ward (ward_id, district_id, ward_name) VALUES (1126, 33, 'X횄짙 Thu T횄혻');
INSERT INTO tbl_vn_ward (ward_id, district_id, ward_name) VALUES (1129, 33, 'X횄짙 N횄혻n Ma');
INSERT INTO tbl_vn_ward (ward_id, district_id, ward_name) VALUES (1132, 33, 'X횄짙 T찼쨘짙 Nh횄짭u');
INSERT INTO tbl_vn_ward (ward_id, district_id, ward_name) VALUES (1135, 33, 'X횄짙 B찼쨘짙n Ng횄짼');
INSERT INTO tbl_vn_ward (ward_id, district_id, ward_name) VALUES (1138, 33, 'X횄짙 Ch찼쨘쩔 L횄혻');
INSERT INTO tbl_vn_ward (ward_id, district_id, ward_name) VALUES (1141, 33, 'X횄짙 N찼쨘짜m D찼쨘짤n');
INSERT INTO tbl_vn_ward (ward_id, district_id, ward_name) VALUES (1144, 33, 'X횄짙 Qu찼쨘짙ng Nguy횄짧n');
INSERT INTO tbl_vn_ward (ward_id, district_id, ward_name) VALUES (1147, 33, 'X횄짙 N횄혻 Ch횄짭');
INSERT INTO tbl_vn_ward (ward_id, district_id, ward_name) VALUES (1150, 33, 'X횄짙 Khu횄쨈n L횄쨔ng');
INSERT INTO tbl_vn_district (district_id, province_id, district_name) VALUES (34, 2, 'Huy찼쨩혝n B찼쨘짱c Quang');
INSERT INTO tbl_vn_ward (ward_id, district_id, ward_name) VALUES (1153, 34, 'Th찼쨩혢 tr찼쨘짜n Vi찼쨩혝t Quang');
INSERT INTO tbl_vn_ward (ward_id, district_id, ward_name) VALUES (1156, 34, 'Th찼쨩혢 tr찼쨘짜n V횆짤nh Tuy');
INSERT INTO tbl_vn_ward (ward_id, district_id, ward_name) VALUES (1159, 34, 'X횄짙 T횄짖n L찼쨘짯p');
INSERT INTO tbl_vn_ward (ward_id, district_id, ward_name) VALUES (1162, 34, 'X횄짙 T횄짖n Th횄혻nh');
INSERT INTO tbl_vn_ward (ward_id, district_id, ward_name) VALUES (1165, 34, 'X횄짙 횆혨찼쨩혫ng Ti찼쨘쩔n');
INSERT INTO tbl_vn_ward (ward_id, district_id, ward_name) VALUES (1168, 34, 'X횄짙 횆혨찼쨩혫ng T횄짖m');
INSERT INTO tbl_vn_ward (ward_id, district_id, ward_name) VALUES (1171, 34, 'X횄짙 T횄짖n Quang');
INSERT INTO tbl_vn_ward (ward_id, district_id, ward_name) VALUES (1174, 34, 'X횄짙 Th횈째찼쨩짙ng B횄짭nh');
INSERT INTO tbl_vn_ward (ward_id, district_id, ward_name) VALUES (1177, 34, 'X횄짙 H찼쨩짱u S찼쨘짙n');
INSERT INTO tbl_vn_ward (ward_id, district_id, ward_name) VALUES (1180, 34, 'X횄짙 Kim Ng찼쨩혥c');
INSERT INTO tbl_vn_ward (ward_id, district_id, ward_name) VALUES (1183, 34, 'X횄짙 Vi찼쨩혝t Vinh');
INSERT INTO tbl_vn_ward (ward_id, district_id, ward_name) VALUES (1186, 34, 'X횄짙 B찼쨘짹ng H횄혻nh');
INSERT INTO tbl_vn_ward (ward_id, district_id, ward_name) VALUES (1189, 34, 'X횄짙 Quang Minh');
INSERT INTO tbl_vn_ward (ward_id, district_id, ward_name) VALUES (1192, 34, 'X횄짙 Li횄짧n Hi찼쨩혝p');
INSERT INTO tbl_vn_ward (ward_id, district_id, ward_name) VALUES (1195, 34, 'X횄짙 V횄쨈 횆혨i찼쨘쩔m');
INSERT INTO tbl_vn_ward (ward_id, district_id, ward_name) VALUES (1198, 34, 'X횄짙 Vi찼쨩혝t H찼쨩혫ng');
INSERT INTO tbl_vn_ward (ward_id, district_id, ward_name) VALUES (1201, 34, 'X횄짙 H횄쨔ng An');
INSERT INTO tbl_vn_ward (ward_id, district_id, ward_name) VALUES (1204, 34, 'X횄짙 횆혨찼쨩짤c Xu횄짖n');
INSERT INTO tbl_vn_ward (ward_id, district_id, ward_name) VALUES (1207, 34, 'X횄짙 Ti횄짧n Ki찼쨩혖u');
INSERT INTO tbl_vn_ward (ward_id, district_id, ward_name) VALUES (1210, 34, 'X횄짙 V횆짤nh H찼쨘짙o');
INSERT INTO tbl_vn_ward (ward_id, district_id, ward_name) VALUES (1213, 34, 'X횄짙 V횆짤nh Ph횄쨘c');
INSERT INTO tbl_vn_ward (ward_id, district_id, ward_name) VALUES (1216, 34, 'X횄짙 횆혨찼쨩혫ng Y횄짧n');
INSERT INTO tbl_vn_ward (ward_id, district_id, ward_name) VALUES (1219, 34, 'X횄짙 횆혨횄쨈ng Th횄혻nh');
INSERT INTO tbl_vn_district (district_id, province_id, district_name) VALUES (35, 2, 'Huy찼쨩혝n Quang B횄짭nh');
INSERT INTO tbl_vn_ward (ward_id, district_id, ward_name) VALUES (1222, 35, 'X횄짙 Xu횄짖n Minh');
INSERT INTO tbl_vn_ward (ward_id, district_id, ward_name) VALUES (1225, 35, 'X횄짙 Ti횄짧n Nguy횄짧n');
INSERT INTO tbl_vn_ward (ward_id, district_id, ward_name) VALUES (1228, 35, 'X횄짙 T횄짖n Nam');
INSERT INTO tbl_vn_ward (ward_id, district_id, ward_name) VALUES (1231, 35, 'X횄짙 B찼쨘짙n R찼쨩혢a');
INSERT INTO tbl_vn_ward (ward_id, district_id, ward_name) VALUES (1234, 35, 'X횄짙 Y횄짧n Th횄혻nh');
INSERT INTO tbl_vn_ward (ward_id, district_id, ward_name) VALUES (1237, 35, 'Th찼쨩혢 tr찼쨘짜n Y횄짧n B횄짭nh');
INSERT INTO tbl_vn_ward (ward_id, district_id, ward_name) VALUES (1240, 35, 'X횄짙 T횄짖n Tr찼쨩혢nh');
INSERT INTO tbl_vn_ward (ward_id, district_id, ward_name) VALUES (1243, 35, 'X횄짙 T횄짖n B찼쨘짱c');
INSERT INTO tbl_vn_ward (ward_id, district_id, ward_name) VALUES (1246, 35, 'X횄짙 B찼쨘짹ng Lang');
INSERT INTO tbl_vn_ward (ward_id, district_id, ward_name) VALUES (1249, 35, 'X횄짙 Y횄짧n H횄혻');
INSERT INTO tbl_vn_ward (ward_id, district_id, ward_name) VALUES (1252, 35, 'X횄짙 H횈째횈징ng S횈징n');
INSERT INTO tbl_vn_ward (ward_id, district_id, ward_name) VALUES (1255, 35, 'X횄짙 Xu횄짖n Giang');
INSERT INTO tbl_vn_ward (ward_id, district_id, ward_name) VALUES (1258, 35, 'X횄짙 N횄혻 Kh횈째횈징ng');
INSERT INTO tbl_vn_ward (ward_id, district_id, ward_name) VALUES (1261, 35, 'X횄짙 Ti횄짧n Y횄짧n');
INSERT INTO tbl_vn_ward (ward_id, district_id, ward_name) VALUES (1264, 35, 'X횄짙 V횆짤 Th횈째찼쨩짙ng');
INSERT INTO tbl_vn_province (province_id, province_name) VALUES (4, 'T찼쨩혟nh Cao B찼쨘짹ng');
INSERT INTO tbl_vn_district (district_id, province_id, district_name) VALUES (40, 4, 'Th횄혻nh ph찼쨩혩 Cao B찼쨘짹ng');
INSERT INTO tbl_vn_ward (ward_id, district_id, ward_name) VALUES (1267, 40, 'Ph횈째찼쨩혶ng S횄쨈ng Hi찼쨘쩔n');
INSERT INTO tbl_vn_ward (ward_id, district_id, ward_name) VALUES (1270, 40, 'Ph횈째찼쨩혶ng S횄쨈ng B찼쨘짹ng');
INSERT INTO tbl_vn_ward (ward_id, district_id, ward_name) VALUES (1273, 40, 'Ph횈째찼쨩혶ng H찼쨩짙p Giang');
INSERT INTO tbl_vn_ward (ward_id, district_id, ward_name) VALUES (1276, 40, 'Ph횈째찼쨩혶ng T횄짖n Giang');
INSERT INTO tbl_vn_ward (ward_id, district_id, ward_name) VALUES (1279, 40, 'Ph횈째찼쨩혶ng Ng찼쨩혥c Xu횄짖n');
INSERT INTO tbl_vn_ward (ward_id, district_id, ward_name) VALUES (1282, 40, 'Ph횈째찼쨩혶ng 횆혨찼쨩혖 Th횄징m');
INSERT INTO tbl_vn_ward (ward_id, district_id, ward_name) VALUES (1285, 40, 'Ph횈째찼쨩혶ng Ho횄혻 Chung');
INSERT INTO tbl_vn_ward (ward_id, district_id, ward_name) VALUES (1288, 40, 'Ph횈째찼쨩혶ng Duy찼쨩혝t Trung');
INSERT INTO tbl_vn_ward (ward_id, district_id, ward_name) VALUES (1693, 40, 'X횄짙 V횆짤nh Quang');
INSERT INTO tbl_vn_ward (ward_id, district_id, ward_name) VALUES (1705, 40, 'X횄짙 H횈째ng 횆혨찼쨘징o');
INSERT INTO tbl_vn_ward (ward_id, district_id, ward_name) VALUES (1720, 40, 'X횄짙 Chu Trinh');
INSERT INTO tbl_vn_district (district_id, province_id, district_name) VALUES (42, 4, 'Huy찼쨩혝n B찼쨘짙o L횄짖m');
INSERT INTO tbl_vn_ward (ward_id, district_id, ward_name) VALUES (1290, 42, 'Th찼쨩혢 tr찼쨘짜n P횄징c Mi찼쨘짠u');
INSERT INTO tbl_vn_ward (ward_id, district_id, ward_name) VALUES (1291, 42, 'X횄짙 횆혨찼쨩짤c H찼쨘징nh');
INSERT INTO tbl_vn_ward (ward_id, district_id, ward_name) VALUES (1294, 42, 'X횄짙 L횄쩍 B횄쨈n');
INSERT INTO tbl_vn_ward (ward_id, district_id, ward_name) VALUES (1296, 42, 'X횄짙 Nam Cao');
INSERT INTO tbl_vn_ward (ward_id, district_id, ward_name) VALUES (1297, 42, 'X횄짙 Nam Quang');
INSERT INTO tbl_vn_ward (ward_id, district_id, ward_name) VALUES (1300, 42, 'X횄짙 V횆짤nh Quang');
INSERT INTO tbl_vn_ward (ward_id, district_id, ward_name) VALUES (1303, 42, 'X횄짙 Qu찼쨘짙ng L횄짖m');
INSERT INTO tbl_vn_ward (ward_id, district_id, ward_name) VALUES (1304, 42, 'X횄짙 Th찼쨘징ch L횄짖m');
INSERT INTO tbl_vn_ward (ward_id, district_id, ward_name) VALUES (1309, 42, 'X횄짙 V횆짤nh Phong');
INSERT INTO tbl_vn_ward (ward_id, district_id, ward_name) VALUES (1312, 42, 'X횄짙 M횄쨈ng 횄혗n');
INSERT INTO tbl_vn_ward (ward_id, district_id, ward_name) VALUES (1315, 42, 'X횄짙 Th횄징i H찼쨩혥c');
INSERT INTO tbl_vn_ward (ward_id, district_id, ward_name) VALUES (1316, 42, 'X횄짙 Th횄징i S횈징n');
INSERT INTO tbl_vn_ward (ward_id, district_id, ward_name) VALUES (1318, 42, 'X횄짙 Y횄짧n Th찼쨩혮');
INSERT INTO tbl_vn_district (district_id, province_id, district_name) VALUES (43, 4, 'Huy찼쨩혝n B찼쨘짙o L찼쨘징c');
INSERT INTO tbl_vn_ward (ward_id, district_id, ward_name) VALUES (1321, 43, 'Th찼쨩혢 tr찼쨘짜n B찼쨘짙o L찼쨘징c');
INSERT INTO tbl_vn_ward (ward_id, district_id, ward_name) VALUES (1324, 43, 'X횄짙 C찼쨩혩c P횄혻ng');
INSERT INTO tbl_vn_ward (ward_id, district_id, ward_name) VALUES (1327, 43, 'X횄짙 Th횈째찼쨩짙ng H횄혻');
INSERT INTO tbl_vn_ward (ward_id, district_id, ward_name) VALUES (1330, 43, 'X횄짙 C횄쨈 Ba');
INSERT INTO tbl_vn_ward (ward_id, district_id, ward_name) VALUES (1333, 43, 'X횄짙 B찼쨘짙o To횄혻n');
INSERT INTO tbl_vn_ward (ward_id, district_id, ward_name) VALUES (1336, 43, 'X횄짙 Kh횄징nh Xu횄짖n');
INSERT INTO tbl_vn_ward (ward_id, district_id, ward_name) VALUES (1339, 43, 'X횄짙 Xu횄짖n Tr횈째찼쨩혶ng');
INSERT INTO tbl_vn_ward (ward_id, district_id, ward_name) VALUES (1342, 43, 'X횄짙 H찼쨩혫ng Tr찼쨩혢');
INSERT INTO tbl_vn_ward (ward_id, district_id, ward_name) VALUES (1343, 43, 'X횄짙 Kim C횄쨘c');
INSERT INTO tbl_vn_ward (ward_id, district_id, ward_name) VALUES (1345, 43, 'X횄짙 Phan Thanh');
INSERT INTO tbl_vn_ward (ward_id, district_id, ward_name) VALUES (1348, 43, 'X횄짙 H찼쨩혫ng An');
INSERT INTO tbl_vn_ward (ward_id, district_id, ward_name) VALUES (1351, 43, 'X횄짙 H횈째ng 횆혨찼쨘징o');
INSERT INTO tbl_vn_ward (ward_id, district_id, ward_name) VALUES (1352, 43, 'X횄짙 H횈째ng Th찼쨩혢nh');
INSERT INTO tbl_vn_ward (ward_id, district_id, ward_name) VALUES (1354, 43, 'X횄짙 Huy Gi횄징p');
INSERT INTO tbl_vn_ward (ward_id, district_id, ward_name) VALUES (1357, 43, 'X횄짙 횆혨횄짭nh Ph횄쨔ng');
INSERT INTO tbl_vn_ward (ward_id, district_id, ward_name) VALUES (1359, 43, 'X횄짙 S횈징n L찼쨘짯p');
INSERT INTO tbl_vn_ward (ward_id, district_id, ward_name) VALUES (1360, 43, 'X횄짙 S횈징n L찼쨩혲');
INSERT INTO tbl_vn_district (district_id, province_id, district_name) VALUES (45, 4, 'Huy찼쨩혝n H횄혻 Qu찼쨘짙ng');
INSERT INTO tbl_vn_ward (ward_id, district_id, ward_name) VALUES (1363, 45, 'Th찼쨩혢 tr찼쨘짜n Th횄쨈ng N횄쨈ng');
INSERT INTO tbl_vn_ward (ward_id, district_id, ward_name) VALUES (1366, 45, 'X횄짙 C찼쨘짠n Y횄짧n');
INSERT INTO tbl_vn_ward (ward_id, district_id, ward_name) VALUES (1367, 45, 'X횄짙 C찼쨘짠n N횄쨈ng');
INSERT INTO tbl_vn_ward (ward_id, district_id, ward_name) VALUES (1372, 45, 'X횄짙 L횈째횈징ng Th횄쨈ng');
INSERT INTO tbl_vn_ward (ward_id, district_id, ward_name) VALUES (1375, 45, 'X횄짙 횆혨a Th횄쨈ng');
INSERT INTO tbl_vn_ward (ward_id, district_id, ward_name) VALUES (1378, 45, 'X횄짙 Ng찼쨩혥c 횆혨찼쨩혲ng');
INSERT INTO tbl_vn_ward (ward_id, district_id, ward_name) VALUES (1381, 45, 'X횄짙 Y횄짧n S횈징n');
INSERT INTO tbl_vn_ward (ward_id, district_id, ward_name) VALUES (1384, 45, 'X횄짙 L횈째횈징ng Can');
INSERT INTO tbl_vn_ward (ward_id, district_id, ward_name) VALUES (1387, 45, 'X횄짙 Thanh Long');
INSERT INTO tbl_vn_ward (ward_id, district_id, ward_name) VALUES (1392, 45, 'Th찼쨩혢 tr찼쨘짜n Xu횄짖n H횄짼a');
INSERT INTO tbl_vn_ward (ward_id, district_id, ward_name) VALUES (1393, 45, 'X횄짙 L횇짤ng N찼쨘쨌m');
INSERT INTO tbl_vn_ward (ward_id, district_id, ward_name) VALUES (1399, 45, 'X횄짙 Tr횈째찼쨩혶ng H횄혻');
INSERT INTO tbl_vn_ward (ward_id, district_id, ward_name) VALUES (1402, 45, 'X횄짙 C찼쨘짙i Vi횄짧n');
INSERT INTO tbl_vn_ward (ward_id, district_id, ward_name) VALUES (1411, 45, 'X횄짙 N찼쨩혲i Th횄쨈n');
INSERT INTO tbl_vn_ward (ward_id, district_id, ward_name) VALUES (1414, 45, 'X횄짙 T찼쨩혮ng C찼쨩혥t');
INSERT INTO tbl_vn_ward (ward_id, district_id, ward_name) VALUES (1417, 45, 'X횄짙 S횄쨀c H횄혻');
INSERT INTO tbl_vn_ward (ward_id, district_id, ward_name) VALUES (1420, 45, 'X횄짙 Th횈째찼쨩짙ng Th횄쨈n');
INSERT INTO tbl_vn_ward (ward_id, district_id, ward_name) VALUES (1429, 45, 'X횄짙 H찼쨩혫ng S찼쨩쨔');
INSERT INTO tbl_vn_ward (ward_id, district_id, ward_name) VALUES (1432, 45, 'X횄짙 Qu횄쩍 Qu횄짖n');
INSERT INTO tbl_vn_ward (ward_id, district_id, ward_name) VALUES (1435, 45, 'X횄짙 M횄짙 Ba');
INSERT INTO tbl_vn_ward (ward_id, district_id, ward_name) VALUES (1438, 45, 'X횄짙 Ng찼쨩혥c 횆혨횄혻o');
INSERT INTO tbl_vn_district (district_id, province_id, district_name) VALUES (47, 4, 'Huy찼쨩혝n Tr횄쨔ng Kh횄징nh');
INSERT INTO tbl_vn_ward (ward_id, district_id, ward_name) VALUES (1447, 47, 'Th찼쨩혢 tr찼쨘짜n Tr횄혻 L횆짤nh');
INSERT INTO tbl_vn_ward (ward_id, district_id, ward_name) VALUES (1453, 47, 'X횄짙 Tri Ph횈째횈징ng');
INSERT INTO tbl_vn_ward (ward_id, district_id, ward_name) VALUES (1456, 47, 'X횄짙 Quang H횄징n');
INSERT INTO tbl_vn_ward (ward_id, district_id, ward_name) VALUES (1462, 47, 'X횄짙 Xu횄짖n N찼쨩혲i');
INSERT INTO tbl_vn_ward (ward_id, district_id, ward_name) VALUES (1465, 47, 'X횄짙 Quang Trung');
INSERT INTO tbl_vn_ward (ward_id, district_id, ward_name) VALUES (1468, 47, 'X횄짙 Quang Vinh');
INSERT INTO tbl_vn_ward (ward_id, district_id, ward_name) VALUES (1471, 47, 'X횄짙 Cao Ch횈째횈징ng');
INSERT INTO tbl_vn_ward (ward_id, district_id, ward_name) VALUES (1477, 47, 'Th찼쨩혢 tr찼쨘짜n Tr횄쨔ng Kh횄징nh');
INSERT INTO tbl_vn_ward (ward_id, district_id, ward_name) VALUES (1480, 47, 'X횄짙 Ng찼쨩혥c Kh횄짧');
INSERT INTO tbl_vn_ward (ward_id, district_id, ward_name) VALUES (1481, 47, 'X횄짙 Ng찼쨩혥c C횄쨈n');
INSERT INTO tbl_vn_ward (ward_id, district_id, ward_name) VALUES (1483, 47, 'X횄짙 Phong N찼쨘짯m');
INSERT INTO tbl_vn_ward (ward_id, district_id, ward_name) VALUES (1489, 47, 'X횄짙 횆혨횄짭nh Phong');
INSERT INTO tbl_vn_ward (ward_id, district_id, ward_name) VALUES (1495, 47, 'X횄짙 횆혨횄혻m Thu찼쨩쨌');
INSERT INTO tbl_vn_ward (ward_id, district_id, ward_name) VALUES (1498, 47, 'X횄짙 Kh횄짖m Th횄혻nh');
INSERT INTO tbl_vn_ward (ward_id, district_id, ward_name) VALUES (1501, 47, 'X횄짙 Ch횄짯 Vi찼쨩혚n');
INSERT INTO tbl_vn_ward (ward_id, district_id, ward_name) VALUES (1504, 47, 'X횄짙 L횆혘ng Hi찼쨘쩔u');
INSERT INTO tbl_vn_ward (ward_id, district_id, ward_name) VALUES (1507, 47, 'X횄짙 Phong Ch횄짖u');
INSERT INTO tbl_vn_ward (ward_id, district_id, ward_name) VALUES (1516, 47, 'X횄짙 Trung Ph횄쨘c');
INSERT INTO tbl_vn_ward (ward_id, district_id, ward_name) VALUES (1519, 47, 'X횄짙 Cao Th횆혘ng');
INSERT INTO tbl_vn_ward (ward_id, district_id, ward_name) VALUES (1522, 47, 'X횄짙 횆혨찼쨩짤c H찼쨩혫ng');
INSERT INTO tbl_vn_ward (ward_id, district_id, ward_name) VALUES (1525, 47, 'X횄짙 횆혨o횄혻i D횈째횈징ng');
INSERT INTO tbl_vn_district (district_id, province_id, district_name) VALUES (48, 4, 'Huy찼쨩혝n H찼쨘징 Lang');
INSERT INTO tbl_vn_ward (ward_id, district_id, ward_name) VALUES (1534, 48, 'X횄짙 Minh Long');
INSERT INTO tbl_vn_ward (ward_id, district_id, ward_name) VALUES (1537, 48, 'X횄짙 L횄쩍 Qu찼쨩혩c');
INSERT INTO tbl_vn_ward (ward_id, district_id, ward_name) VALUES (1540, 48, 'X횄짙 Th찼쨘짱ng L찼쨩짙i');
INSERT INTO tbl_vn_ward (ward_id, district_id, ward_name) VALUES (1543, 48, 'X횄짙 횆혨찼쨩혫ng Loan');
INSERT INTO tbl_vn_ward (ward_id, district_id, ward_name) VALUES (1546, 48, 'X횄짙 횆혨찼쨩짤c Quang');
INSERT INTO tbl_vn_ward (ward_id, district_id, ward_name) VALUES (1549, 48, 'X횄짙 Kim Loan');
INSERT INTO tbl_vn_ward (ward_id, district_id, ward_name) VALUES (1552, 48, 'X횄짙 Quang Long');
INSERT INTO tbl_vn_ward (ward_id, district_id, ward_name) VALUES (1555, 48, 'X횄짙 An L찼쨘징c');
INSERT INTO tbl_vn_ward (ward_id, district_id, ward_name) VALUES (1558, 48, 'Th찼쨩혢 tr찼쨘짜n Thanh Nh찼쨘짯t');
INSERT INTO tbl_vn_ward (ward_id, district_id, ward_name) VALUES (1561, 48, 'X횄짙 Vinh Qu횄쩍');
INSERT INTO tbl_vn_ward (ward_id, district_id, ward_name) VALUES (1564, 48, 'X횄짙 Th찼쨩혩ng Nh찼쨘짜t');
INSERT INTO tbl_vn_ward (ward_id, district_id, ward_name) VALUES (1567, 48, 'X횄짙 C횄쨈 Ng횄짖n');
INSERT INTO tbl_vn_ward (ward_id, district_id, ward_name) VALUES (1573, 48, 'X횄짙 Th찼쨩혢 Hoa');
INSERT INTO tbl_vn_district (district_id, province_id, district_name) VALUES (49, 4, 'Huy찼쨩혝n Qu찼쨘짙ng H횄짼a');
INSERT INTO tbl_vn_ward (ward_id, district_id, ward_name) VALUES (1474, 49, 'X횄짙 Qu찼쨩혩c To찼쨘짙n');
INSERT INTO tbl_vn_ward (ward_id, district_id, ward_name) VALUES (1576, 49, 'Th찼쨩혢 tr찼쨘짜n Qu찼쨘짙ng Uy횄짧n');
INSERT INTO tbl_vn_ward (ward_id, district_id, ward_name) VALUES (1579, 49, 'X횄짙 Phi H찼쨘짙i');
INSERT INTO tbl_vn_ward (ward_id, district_id, ward_name) VALUES (1582, 49, 'X횄짙 Qu찼쨘짙ng H횈째ng');
INSERT INTO tbl_vn_ward (ward_id, district_id, ward_name) VALUES (1594, 49, 'X횄짙 횆혨찼쨩혲c L찼쨘짯p');
INSERT INTO tbl_vn_ward (ward_id, district_id, ward_name) VALUES (1597, 49, 'X횄짙 Cai B찼쨩혲');
INSERT INTO tbl_vn_ward (ward_id, district_id, ward_name) VALUES (1603, 49, 'X횄짙 Ph횄쨘c Sen');
INSERT INTO tbl_vn_ward (ward_id, district_id, ward_name) VALUES (1606, 49, 'X횄짙 Ch횄짯 Th찼쨘짙o');
INSERT INTO tbl_vn_ward (ward_id, district_id, ward_name) VALUES (1609, 49, 'X횄짙 T찼쨩짹 Do');
INSERT INTO tbl_vn_ward (ward_id, district_id, ward_name) VALUES (1615, 49, 'X횄짙 H찼쨩혫ng Quang');
INSERT INTO tbl_vn_ward (ward_id, district_id, ward_name) VALUES (1618, 49, 'X횄짙 Ng찼쨩혥c 횆혨찼쨩혲ng');
INSERT INTO tbl_vn_ward (ward_id, district_id, ward_name) VALUES (1624, 49, 'X횄짙 H찼쨘징nh Ph횄쨘c');
INSERT INTO tbl_vn_ward (ward_id, district_id, ward_name) VALUES (1627, 49, 'Th찼쨩혢 tr찼쨘짜n T횄혻 L횄쨔ng');
INSERT INTO tbl_vn_ward (ward_id, district_id, ward_name) VALUES (1630, 49, 'X횄짙 B찼쨘쩔 V횆혘n 횆혨횄혻n');
INSERT INTO tbl_vn_ward (ward_id, district_id, ward_name) VALUES (1636, 49, 'X횄짙 C횄징ch Linh');
INSERT INTO tbl_vn_ward (ward_id, district_id, ward_name) VALUES (1639, 49, 'X횄짙 횆혨찼쨘징i S횈징n');
INSERT INTO tbl_vn_ward (ward_id, district_id, ward_name) VALUES (1645, 49, 'X횄짙 Ti횄짧n Th횄혻nh');
INSERT INTO tbl_vn_ward (ward_id, district_id, ward_name) VALUES (1648, 49, 'Th찼쨩혢 tr찼쨘짜n Ho횄혻 Thu찼쨘짯n');
INSERT INTO tbl_vn_ward (ward_id, district_id, ward_name) VALUES (1651, 49, 'X횄짙 M찼쨩쨔 H횈째ng');
INSERT INTO tbl_vn_district (district_id, province_id, district_name) VALUES (51, 4, 'Huy찼쨩혝n Ho횄혻 An');
INSERT INTO tbl_vn_ward (ward_id, district_id, ward_name) VALUES (1654, 51, 'Th찼쨩혢 tr찼쨘짜n N횈째찼쨩혴c Hai');
INSERT INTO tbl_vn_ward (ward_id, district_id, ward_name) VALUES (1657, 51, 'X횄짙 D횄짖n Ch찼쨩짠');
INSERT INTO tbl_vn_ward (ward_id, district_id, ward_name) VALUES (1660, 51, 'X횄짙 Nam Tu찼쨘짜n');
INSERT INTO tbl_vn_ward (ward_id, district_id, ward_name) VALUES (1666, 51, 'X횄짙 횆혨찼쨘징i Ti찼쨘쩔n');
INSERT INTO tbl_vn_ward (ward_id, district_id, ward_name) VALUES (1669, 51, 'X횄짙 횆혨찼쨩짤c Long');
INSERT INTO tbl_vn_ward (ward_id, district_id, ward_name) VALUES (1672, 51, 'X횄짙 Ng횇짤 L횄짙o');
INSERT INTO tbl_vn_ward (ward_id, district_id, ward_name) VALUES (1675, 51, 'X횄짙 Tr횈째횈징ng L횈째횈징ng');
INSERT INTO tbl_vn_ward (ward_id, district_id, ward_name) VALUES (1687, 51, 'X횄짙 H찼쨩혫ng Vi찼쨩혝t');
INSERT INTO tbl_vn_ward (ward_id, district_id, ward_name) VALUES (1696, 51, 'X횄짙 Ho횄혻ng Tung');
INSERT INTO tbl_vn_ward (ward_id, district_id, ward_name) VALUES (1699, 51, 'X횄짙 Nguy찼쨩혚n Hu찼쨩혝');
INSERT INTO tbl_vn_ward (ward_id, district_id, ward_name) VALUES (1702, 51, 'X횄짙 Quang Trung');
INSERT INTO tbl_vn_ward (ward_id, district_id, ward_name) VALUES (1708, 51, 'X횄짙 B찼쨘징ch 횆혨찼쨘짹ng');
INSERT INTO tbl_vn_ward (ward_id, district_id, ward_name) VALUES (1711, 51, 'X횄짙 B횄짭nh D횈째횈징ng');
INSERT INTO tbl_vn_ward (ward_id, district_id, ward_name) VALUES (1714, 51, 'X횄짙 L횄짧 Chung');
INSERT INTO tbl_vn_ward (ward_id, district_id, ward_name) VALUES (1723, 51, 'X횄짙 H찼쨩혫ng Nam');
INSERT INTO tbl_vn_district (district_id, province_id, district_name) VALUES (52, 4, 'Huy찼쨩혝n Nguy횄짧n B횄짭nh');
INSERT INTO tbl_vn_ward (ward_id, district_id, ward_name) VALUES (1726, 52, 'Th찼쨩혢 tr찼쨘짜n Nguy횄짧n B횄짭nh');
INSERT INTO tbl_vn_ward (ward_id, district_id, ward_name) VALUES (1729, 52, 'Th찼쨩혢 tr찼쨘짜n T횆짤nh T횄쨘c');
INSERT INTO tbl_vn_ward (ward_id, district_id, ward_name) VALUES (1732, 52, 'X횄짙 Y횄짧n L찼쨘징c');
INSERT INTO tbl_vn_ward (ward_id, district_id, ward_name) VALUES (1735, 52, 'X횄짙 Tri찼쨩혝u Nguy횄짧n');
INSERT INTO tbl_vn_ward (ward_id, district_id, ward_name) VALUES (1738, 52, 'X횄짙 Ca Th횄혻nh');
INSERT INTO tbl_vn_ward (ward_id, district_id, ward_name) VALUES (1744, 52, 'X횄짙 V횇짤 N횄쨈ng');
INSERT INTO tbl_vn_ward (ward_id, district_id, ward_name) VALUES (1747, 52, 'X횄짙 Minh T횄짖m');
INSERT INTO tbl_vn_ward (ward_id, district_id, ward_name) VALUES (1750, 52, 'X횄짙 Th찼쨩혘 D찼쨩짜c');
INSERT INTO tbl_vn_ward (ward_id, district_id, ward_name) VALUES (1756, 52, 'X횄짙 Mai Long');
INSERT INTO tbl_vn_ward (ward_id, district_id, ward_name) VALUES (1762, 52, 'X횄짙 V횇짤 Minh');
INSERT INTO tbl_vn_ward (ward_id, district_id, ward_name) VALUES (1765, 52, 'X횄짙 Hoa Th횄징m');
INSERT INTO tbl_vn_ward (ward_id, district_id, ward_name) VALUES (1768, 52, 'X횄짙 Phan Thanh');
INSERT INTO tbl_vn_ward (ward_id, district_id, ward_name) VALUES (1771, 52, 'X횄짙 Quang Th횄혻nh');
INSERT INTO tbl_vn_ward (ward_id, district_id, ward_name) VALUES (1774, 52, 'X횄짙 Tam Kim');
INSERT INTO tbl_vn_ward (ward_id, district_id, ward_name) VALUES (1777, 52, 'X횄짙 Th횄혻nh C횄쨈ng');
INSERT INTO tbl_vn_ward (ward_id, district_id, ward_name) VALUES (1780, 52, 'X횄짙 Th찼쨩혢nh V횈째찼쨩짙ng');
INSERT INTO tbl_vn_ward (ward_id, district_id, ward_name) VALUES (1783, 52, 'X횄짙 H횈째ng 횆혨찼쨘징o');
INSERT INTO tbl_vn_district (district_id, province_id, district_name) VALUES (53, 4, 'Huy찼쨩혝n Th찼쨘징ch An');
INSERT INTO tbl_vn_ward (ward_id, district_id, ward_name) VALUES (1786, 53, 'Th찼쨩혢 tr찼쨘짜n 횆혨횄쨈ng Kh횄짧');
INSERT INTO tbl_vn_ward (ward_id, district_id, ward_name) VALUES (1789, 53, 'X횄짙 Canh T횄짖n');
INSERT INTO tbl_vn_ward (ward_id, district_id, ward_name) VALUES (1792, 53, 'X횄짙 Kim 횆혨찼쨩혫ng');
INSERT INTO tbl_vn_ward (ward_id, district_id, ward_name) VALUES (1795, 53, 'X횄짙 Minh Khai');
INSERT INTO tbl_vn_ward (ward_id, district_id, ward_name) VALUES (1801, 53, 'X횄짙 횆혨찼쨩짤c Th횄쨈ng');
INSERT INTO tbl_vn_ward (ward_id, district_id, ward_name) VALUES (1804, 53, 'X횄짙 Th횄징i C횈째찼쨩혶ng');
INSERT INTO tbl_vn_ward (ward_id, district_id, ward_name) VALUES (1807, 53, 'X횄짙 V횄짖n Tr횄짭nh');
INSERT INTO tbl_vn_ward (ward_id, district_id, ward_name) VALUES (1810, 53, 'X횄짙 Th찼쨩짜y H횄쨔ng');
INSERT INTO tbl_vn_ward (ward_id, district_id, ward_name) VALUES (1813, 53, 'X횄짙 Quang Tr찼쨩혥ng');
INSERT INTO tbl_vn_ward (ward_id, district_id, ward_name) VALUES (1816, 53, 'X횄짙 Tr찼쨩혥ng Con');
INSERT INTO tbl_vn_ward (ward_id, district_id, ward_name) VALUES (1819, 53, 'X횄짙 L횄짧 Lai');
INSERT INTO tbl_vn_ward (ward_id, district_id, ward_name) VALUES (1822, 53, 'X횄짙 횆혨찼쨩짤c Long');
INSERT INTO tbl_vn_ward (ward_id, district_id, ward_name) VALUES (1828, 53, 'X횄짙 L횄짧 L찼쨩짙i');
INSERT INTO tbl_vn_ward (ward_id, district_id, ward_name) VALUES (1831, 53, 'X횄짙 횆혨찼쨩짤c Xu횄짖n');
INSERT INTO tbl_vn_province (province_id, province_name) VALUES (6, 'T찼쨩혟nh B찼쨘짱c K찼쨘징n');
INSERT INTO tbl_vn_district (district_id, province_id, district_name) VALUES (58, 6, 'Th횄혻nh Ph찼쨩혩 B찼쨘짱c K찼쨘징n');
INSERT INTO tbl_vn_ward (ward_id, district_id, ward_name) VALUES (1834, 58, 'Ph횈째찼쨩혶ng Nguy찼쨩혚n Th찼쨩혢 Minh Khai');
INSERT INTO tbl_vn_ward (ward_id, district_id, ward_name) VALUES (1837, 58, 'Ph횈째찼쨩혶ng S횄쨈ng C찼쨘짠u');
INSERT INTO tbl_vn_ward (ward_id, district_id, ward_name) VALUES (1840, 58, 'Ph횈째찼쨩혶ng 횆혨찼쨩짤c Xu횄짖n');
INSERT INTO tbl_vn_ward (ward_id, district_id, ward_name) VALUES (1843, 58, 'Ph횈째찼쨩혶ng Ph횄쨔ng Ch횄짯 Ki횄짧n');
INSERT INTO tbl_vn_ward (ward_id, district_id, ward_name) VALUES (1846, 58, 'Ph횈째찼쨩혶ng Huy찼쨩혖n T찼쨩짜ng');
INSERT INTO tbl_vn_ward (ward_id, district_id, ward_name) VALUES (1849, 58, 'X횄짙 D횈째횈징ng Quang');
INSERT INTO tbl_vn_ward (ward_id, district_id, ward_name) VALUES (1852, 58, 'X횄짙 N횄쨈ng Th횈째찼쨩짙ng');
INSERT INTO tbl_vn_ward (ward_id, district_id, ward_name) VALUES (1855, 58, 'Ph횈째찼쨩혶ng Xu찼쨘짜t H횄쨀a');
INSERT INTO tbl_vn_district (district_id, province_id, district_name) VALUES (60, 6, 'Huy찼쨩혝n P횄징c N찼쨘쨌m');
INSERT INTO tbl_vn_ward (ward_id, district_id, ward_name) VALUES (1858, 60, 'X횄짙 B찼쨘짹ng Th횄혻nh');
INSERT INTO tbl_vn_ward (ward_id, district_id, ward_name) VALUES (1861, 60, 'X횄짙 Nh찼쨘징n M횄쨈n');
INSERT INTO tbl_vn_ward (ward_id, district_id, ward_name) VALUES (1864, 60, 'X횄짙 B찼쨩혲c B찼쨩혩');
INSERT INTO tbl_vn_ward (ward_id, district_id, ward_name) VALUES (1867, 60, 'X횄짙 C횄쨈ng B찼쨘짹ng');
INSERT INTO tbl_vn_ward (ward_id, district_id, ward_name) VALUES (1870, 60, 'X횄짙 Gi횄징o Hi찼쨩혝u');
INSERT INTO tbl_vn_ward (ward_id, district_id, ward_name) VALUES (1873, 60, 'X횄짙 Xu횄짖n La');
INSERT INTO tbl_vn_ward (ward_id, district_id, ward_name) VALUES (1876, 60, 'X횄짙 An Th찼쨘짱ng');
INSERT INTO tbl_vn_ward (ward_id, district_id, ward_name) VALUES (1879, 60, 'X횄짙 C찼쨩혮 Linh');
INSERT INTO tbl_vn_ward (ward_id, district_id, ward_name) VALUES (1882, 60, 'X횄짙 Nghi횄짧n Loan');
INSERT INTO tbl_vn_ward (ward_id, district_id, ward_name) VALUES (1885, 60, 'X횄짙 Cao T횄짖n');
INSERT INTO tbl_vn_district (district_id, province_id, district_name) VALUES (61, 6, 'Huy찼쨩혝n Ba B찼쨩혘');
INSERT INTO tbl_vn_ward (ward_id, district_id, ward_name) VALUES (1888, 61, 'Th찼쨩혢 tr찼쨘짜n Ch찼쨩짙 R횄짙');
INSERT INTO tbl_vn_ward (ward_id, district_id, ward_name) VALUES (1891, 61, 'X횄짙 B횄혻nh Tr찼쨘징ch');
INSERT INTO tbl_vn_ward (ward_id, district_id, ward_name) VALUES (1894, 61, 'X횄짙 Ph횄쨘c L찼쨩혲c');
INSERT INTO tbl_vn_ward (ward_id, district_id, ward_name) VALUES (1897, 61, 'X횄짙 H횄혻 Hi찼쨩혝u');
INSERT INTO tbl_vn_ward (ward_id, district_id, ward_name) VALUES (1900, 61, 'X횄짙 Cao Th횈째찼쨩짙ng');
INSERT INTO tbl_vn_ward (ward_id, district_id, ward_name) VALUES (1906, 61, 'X횄짙 Khang Ninh');
INSERT INTO tbl_vn_ward (ward_id, district_id, ward_name) VALUES (1909, 61, 'X횄짙 Nam M찼쨘짬u');
INSERT INTO tbl_vn_ward (ward_id, district_id, ward_name) VALUES (1912, 61, 'X횄짙 Th횈째찼쨩짙ng Gi횄징o');
INSERT INTO tbl_vn_ward (ward_id, district_id, ward_name) VALUES (1915, 61, 'X횄짙 횆혨찼쨩혢a Linh');
INSERT INTO tbl_vn_ward (ward_id, district_id, ward_name) VALUES (1918, 61, 'X횄짙 Y찼쨘쩔n D횈째횈징ng');
INSERT INTO tbl_vn_ward (ward_id, district_id, ward_name) VALUES (1921, 61, 'X횄짙 Chu H횈째횈징ng');
INSERT INTO tbl_vn_ward (ward_id, district_id, ward_name) VALUES (1924, 61, 'X횄짙 Qu찼쨘짙ng Kh횄짧');
INSERT INTO tbl_vn_ward (ward_id, district_id, ward_name) VALUES (1927, 61, 'X횄짙 M찼쨩쨔 Ph횈째횈징ng');
INSERT INTO tbl_vn_ward (ward_id, district_id, ward_name) VALUES (1930, 61, 'X횄짙 Ho횄혻ng Tr횆짤');
INSERT INTO tbl_vn_ward (ward_id, district_id, ward_name) VALUES (1933, 61, 'X횄짙 횆혨찼쨩혫ng Ph횄쨘c');
INSERT INTO tbl_vn_district (district_id, province_id, district_name) VALUES (62, 6, 'Huy찼쨩혝n Ng횄짖n S횈징n');
INSERT INTO tbl_vn_ward (ward_id, district_id, ward_name) VALUES (1936, 62, 'Th찼쨩혢 tr찼쨘짜n N횄혻 Ph찼쨘쨌c');
INSERT INTO tbl_vn_ward (ward_id, district_id, ward_name) VALUES (1939, 62, 'X횄짙 Th횈째찼쨩짙ng 횄혗n');
INSERT INTO tbl_vn_ward (ward_id, district_id, ward_name) VALUES (1942, 62, 'X횄짙 B찼쨘짹ng V횄짖n');
INSERT INTO tbl_vn_ward (ward_id, district_id, ward_name) VALUES (1945, 62, 'X횄짙 C찼쨩혩c 횆혨횄징n');
INSERT INTO tbl_vn_ward (ward_id, district_id, ward_name) VALUES (1948, 62, 'X횄짙 Trung Ho횄혻');
INSERT INTO tbl_vn_ward (ward_id, district_id, ward_name) VALUES (1951, 62, 'X횄짙 횆혨찼쨩짤c V횄짖n');
INSERT INTO tbl_vn_ward (ward_id, district_id, ward_name) VALUES (1954, 62, 'Th찼쨩혢 tr찼쨘짜n V횄짖n T횄쨔ng');
INSERT INTO tbl_vn_ward (ward_id, district_id, ward_name) VALUES (1957, 62, 'X횄짙 Th횈째찼쨩짙ng Quan');
INSERT INTO tbl_vn_ward (ward_id, district_id, ward_name) VALUES (1960, 62, 'X횄짙 Hi찼쨩혝p L찼쨩짹c');
INSERT INTO tbl_vn_ward (ward_id, district_id, ward_name) VALUES (1963, 62, 'X횄짙 Thu찼쨘짠n Mang');
INSERT INTO tbl_vn_district (district_id, province_id, district_name) VALUES (63, 6, 'Huy찼쨩혝n B찼쨘징ch Th횄쨈ng');
INSERT INTO tbl_vn_ward (ward_id, district_id, ward_name) VALUES (1969, 63, 'Th찼쨩혢 tr찼쨘짜n Ph찼쨩짠 Th횄쨈ng');
INSERT INTO tbl_vn_ward (ward_id, district_id, ward_name) VALUES (1975, 63, 'X횄짙 Vi H횈째횈징ng');
INSERT INTO tbl_vn_ward (ward_id, district_id, ward_name) VALUES (1978, 63, 'X횄짙 S횆짤 B횄짭nh');
INSERT INTO tbl_vn_ward (ward_id, district_id, ward_name) VALUES (1981, 63, 'X횄짙 V횇짤 Mu찼쨩혲n');
INSERT INTO tbl_vn_ward (ward_id, district_id, ward_name) VALUES (1984, 63, 'X횄짙 횆혨횄쨈n Phong');
INSERT INTO tbl_vn_ward (ward_id, district_id, ward_name) VALUES (1990, 63, 'X횄짙 L찼쨩짜c B횄짭nh');
INSERT INTO tbl_vn_ward (ward_id, district_id, ward_name) VALUES (1993, 63, 'X횄짙 T횄짖n T횄쨘');
INSERT INTO tbl_vn_ward (ward_id, district_id, ward_name) VALUES (1999, 63, 'X횄짙 Nguy횄짧n Ph횄쨘c');
INSERT INTO tbl_vn_ward (ward_id, district_id, ward_name) VALUES (2002, 63, 'X횄짙 Cao S횈징n');
INSERT INTO tbl_vn_ward (ward_id, district_id, ward_name) VALUES (2005, 63, 'X횄짙 Qu횄짖n H횄혻');
INSERT INTO tbl_vn_ward (ward_id, district_id, ward_name) VALUES (2008, 63, 'X횄짙 C찼쨘짤m Gi횄혻ng');
INSERT INTO tbl_vn_ward (ward_id, district_id, ward_name) VALUES (2011, 63, 'X횄짙 M찼쨩쨔 Thanh');
INSERT INTO tbl_vn_ward (ward_id, district_id, ward_name) VALUES (2014, 63, 'X횄짙 D횈째횈징ng Phong');
INSERT INTO tbl_vn_ward (ward_id, district_id, ward_name) VALUES (2017, 63, 'X횄짙 Quang Thu찼쨘짯n');
INSERT INTO tbl_vn_district (district_id, province_id, district_name) VALUES (64, 6, 'Huy찼쨩혝n Ch찼쨩짙 횆혨찼쨩혫n');
INSERT INTO tbl_vn_ward (ward_id, district_id, ward_name) VALUES (2020, 64, 'Th찼쨩혢 tr찼쨘짜n B찼쨘짹ng L횇짤ng');
INSERT INTO tbl_vn_ward (ward_id, district_id, ward_name) VALUES (2023, 64, 'X횄짙 Xu횄짖n L찼쨘징c');
INSERT INTO tbl_vn_ward (ward_id, district_id, ward_name) VALUES (2026, 64, 'X횄짙 Nam C횈째찼쨩혶ng');
INSERT INTO tbl_vn_ward (ward_id, district_id, ward_name) VALUES (2029, 64, 'X횄짙 횆혨찼쨩혫ng L찼쨘징c');
INSERT INTO tbl_vn_ward (ward_id, district_id, ward_name) VALUES (2032, 64, 'X횄짙 T횄짖n L찼쨘짯p');
INSERT INTO tbl_vn_ward (ward_id, district_id, ward_name) VALUES (2035, 64, 'X횄짙 B찼쨘짙n Thi');
INSERT INTO tbl_vn_ward (ward_id, district_id, ward_name) VALUES (2038, 64, 'X횄짙 Qu찼쨘짙ng B찼쨘징ch');
INSERT INTO tbl_vn_ward (ward_id, district_id, ward_name) VALUES (2041, 64, 'X횄짙 B찼쨘짹ng Ph횄쨘c');
INSERT INTO tbl_vn_ward (ward_id, district_id, ward_name) VALUES (2044, 64, 'X횄짙 Y횄짧n Th찼쨩혢nh');
INSERT INTO tbl_vn_ward (ward_id, district_id, ward_name) VALUES (2047, 64, 'X횄짙 Y횄짧n Th횈째찼쨩짙ng');
INSERT INTO tbl_vn_ward (ward_id, district_id, ward_name) VALUES (2050, 64, 'X횄짙 Ph횈째횈징ng Vi횄짧n');
INSERT INTO tbl_vn_ward (ward_id, district_id, ward_name) VALUES (2053, 64, 'X횄짙 Ng찼쨩혥c Ph횄징i');
INSERT INTO tbl_vn_ward (ward_id, district_id, ward_name) VALUES (2059, 64, 'X횄짙 횆혨찼쨩혫ng Th찼쨘짱ng');
INSERT INTO tbl_vn_ward (ward_id, district_id, ward_name) VALUES (2062, 64, 'X횄짙 L횈째횈징ng B찼쨘짹ng');
INSERT INTO tbl_vn_ward (ward_id, district_id, ward_name) VALUES (2065, 64, 'X횄짙 B찼쨘짹ng L횄짙ng');
INSERT INTO tbl_vn_ward (ward_id, district_id, ward_name) VALUES (2068, 64, 'X횄짙 횆혨찼쨘징i S찼쨘짙o');
INSERT INTO tbl_vn_ward (ward_id, district_id, ward_name) VALUES (2071, 64, 'X횄짙 Ngh횆짤a T횄징');
INSERT INTO tbl_vn_ward (ward_id, district_id, ward_name) VALUES (2077, 64, 'X횄짙 Y횄짧n M찼쨩쨔');
INSERT INTO tbl_vn_ward (ward_id, district_id, ward_name) VALUES (2080, 64, 'X횄짙 B횄짭nh Trung');
INSERT INTO tbl_vn_ward (ward_id, district_id, ward_name) VALUES (2083, 64, 'X횄짙 Y횄짧n Phong');
INSERT INTO tbl_vn_district (district_id, province_id, district_name) VALUES (65, 6, 'Huy찼쨩혝n Ch찼쨩짙 M찼쨩혴i');
INSERT INTO tbl_vn_ward (ward_id, district_id, ward_name) VALUES (2086, 65, 'Th찼쨩혢 tr찼쨘짜n 횆혨찼쨩혫ng T횄짖m');
INSERT INTO tbl_vn_ward (ward_id, district_id, ward_name) VALUES (2089, 65, 'X횄짙 T횄짖n S횈징n');
INSERT INTO tbl_vn_ward (ward_id, district_id, ward_name) VALUES (2092, 65, 'X횄짙 Thanh V찼쨘짯n');
INSERT INTO tbl_vn_ward (ward_id, district_id, ward_name) VALUES (2095, 65, 'X횄짙 Mai L찼쨘징p');
INSERT INTO tbl_vn_ward (ward_id, district_id, ward_name) VALUES (2098, 65, 'X횄짙 Ho횄혻 M찼쨩짜c');
INSERT INTO tbl_vn_ward (ward_id, district_id, ward_name) VALUES (2101, 65, 'X횄짙 Thanh Mai');
INSERT INTO tbl_vn_ward (ward_id, district_id, ward_name) VALUES (2104, 65, 'X횄짙 Cao K찼쨩쨀');
INSERT INTO tbl_vn_ward (ward_id, district_id, ward_name) VALUES (2107, 65, 'X횄짙 N횄쨈ng H찼쨘징');
INSERT INTO tbl_vn_ward (ward_id, district_id, ward_name) VALUES (2110, 65, 'X횄짙 Y횄짧n C횈째');
INSERT INTO tbl_vn_ward (ward_id, district_id, ward_name) VALUES (2113, 65, 'X횄짙 Thanh Th찼쨩혢nh');
INSERT INTO tbl_vn_ward (ward_id, district_id, ward_name) VALUES (2116, 65, 'X횄짙 Y횄짧n H횄짖n');
INSERT INTO tbl_vn_ward (ward_id, district_id, ward_name) VALUES (2122, 65, 'X횄짙 Nh횈째 C찼쨩혩');
INSERT INTO tbl_vn_ward (ward_id, district_id, ward_name) VALUES (2125, 65, 'X횄짙 B횄짭nh V횆혘n');
INSERT INTO tbl_vn_ward (ward_id, district_id, ward_name) VALUES (2131, 65, 'X횄짙 Qu찼쨘짙ng Chu');
INSERT INTO tbl_vn_district (district_id, province_id, district_name) VALUES (66, 6, 'Huy찼쨩혝n Na R횄짭');
INSERT INTO tbl_vn_ward (ward_id, district_id, ward_name) VALUES (2137, 66, 'X횄짙 V횆혘n V횇짤');
INSERT INTO tbl_vn_ward (ward_id, district_id, ward_name) VALUES (2140, 66, 'X횄짙 V횆혘n Lang');
INSERT INTO tbl_vn_ward (ward_id, district_id, ward_name) VALUES (2143, 66, 'X횄짙 L횈째횈징ng Th횈째찼쨩짙ng');
INSERT INTO tbl_vn_ward (ward_id, district_id, ward_name) VALUES (2146, 66, 'X횄짙 Kim H찼쨩쨌');
INSERT INTO tbl_vn_ward (ward_id, district_id, ward_name) VALUES (2152, 66, 'X횄짙 C횈째찼쨩혶ng L찼쨩짙i');
INSERT INTO tbl_vn_ward (ward_id, district_id, ward_name) VALUES (2155, 66, 'Th찼쨩혢 tr찼쨘짜n Y찼쨘쩔n L찼쨘징c');
INSERT INTO tbl_vn_ward (ward_id, district_id, ward_name) VALUES (2158, 66, 'X횄짙 Kim L횈째');
INSERT INTO tbl_vn_ward (ward_id, district_id, ward_name) VALUES (2161, 66, 'X횄짙 S횈징n Th횄혻nh');
INSERT INTO tbl_vn_ward (ward_id, district_id, ward_name) VALUES (2170, 66, 'X횄짙 V횆혘n Minh');
INSERT INTO tbl_vn_ward (ward_id, district_id, ward_name) VALUES (2173, 66, 'X횄짙 C횄쨈n Minh');
INSERT INTO tbl_vn_ward (ward_id, district_id, ward_name) VALUES (2176, 66, 'X횄짙 C횈째 L찼쨩혚');
INSERT INTO tbl_vn_ward (ward_id, district_id, ward_name) VALUES (2179, 66, 'X횄짙 Tr찼쨘짠n Ph횄쨘');
INSERT INTO tbl_vn_ward (ward_id, district_id, ward_name) VALUES (2185, 66, 'X횄짙 Quang Phong');
INSERT INTO tbl_vn_ward (ward_id, district_id, ward_name) VALUES (2188, 66, 'X횄짙 D횈째횈징ng S횈징n');
INSERT INTO tbl_vn_ward (ward_id, district_id, ward_name) VALUES (2191, 66, 'X횄짙 Xu횄짖n D횈째횈징ng');
INSERT INTO tbl_vn_ward (ward_id, district_id, ward_name) VALUES (2194, 66, 'X횄짙 횆혨찼쨩혮ng X횄징');
INSERT INTO tbl_vn_ward (ward_id, district_id, ward_name) VALUES (2197, 66, 'X횄짙 Li횄짧m Thu찼쨩쨌');
INSERT INTO tbl_vn_province (province_id, province_name) VALUES (8, 'T찼쨩혟nh Tuy횄짧n Quang');
INSERT INTO tbl_vn_district (district_id, province_id, district_name) VALUES (70, 8, 'Th횄혻nh ph찼쨩혩 Tuy횄짧n Quang');
INSERT INTO tbl_vn_ward (ward_id, district_id, ward_name) VALUES (2200, 70, 'Ph횈째찼쨩혶ng Phan Thi찼쨘쩔t');
INSERT INTO tbl_vn_ward (ward_id, district_id, ward_name) VALUES (2203, 70, 'Ph횈째찼쨩혶ng Minh Xu횄짖n');
INSERT INTO tbl_vn_ward (ward_id, district_id, ward_name) VALUES (2206, 70, 'Ph횈째찼쨩혶ng T횄짖n Quang');
INSERT INTO tbl_vn_ward (ward_id, district_id, ward_name) VALUES (2209, 70, 'X횄짙 Tr횄혻ng 횆혨횄혻');
INSERT INTO tbl_vn_ward (ward_id, district_id, ward_name) VALUES (2212, 70, 'Ph횈째찼쨩혶ng N횄쨈ng Ti찼쨘쩔n');
INSERT INTO tbl_vn_ward (ward_id, district_id, ward_name) VALUES (2215, 70, 'Ph횈째찼쨩혶ng 찼쨩쨋 La');
INSERT INTO tbl_vn_ward (ward_id, district_id, ward_name) VALUES (2216, 70, 'Ph횈째찼쨩혶ng T횄짖n H횄혻');
INSERT INTO tbl_vn_ward (ward_id, district_id, ward_name) VALUES (2218, 70, 'Ph횈째찼쨩혶ng H횈째ng Th횄혻nh');
INSERT INTO tbl_vn_ward (ward_id, district_id, ward_name) VALUES (2497, 70, 'X횄짙 Kim Ph횄쨘');
INSERT INTO tbl_vn_ward (ward_id, district_id, ward_name) VALUES (2503, 70, 'X횄짙 An Khang');
INSERT INTO tbl_vn_ward (ward_id, district_id, ward_name) VALUES (2509, 70, 'Ph횈째찼쨩혶ng M찼쨩쨔 L횄짖m');
INSERT INTO tbl_vn_ward (ward_id, district_id, ward_name) VALUES (2512, 70, 'Ph횈째찼쨩혶ng An T횈째찼쨩혶ng');
INSERT INTO tbl_vn_ward (ward_id, district_id, ward_name) VALUES (2515, 70, 'X횄짙 L횈째찼쨩징ng V횈째찼쨩짙ng');
INSERT INTO tbl_vn_ward (ward_id, district_id, ward_name) VALUES (2521, 70, 'X횄짙 Th횄징i Long');
INSERT INTO tbl_vn_ward (ward_id, district_id, ward_name) VALUES (2524, 70, 'Ph횈째찼쨩혶ng 횆혨찼쨩혲i C찼쨘짜n');
INSERT INTO tbl_vn_district (district_id, province_id, district_name) VALUES (71, 8, 'Huy찼쨩혝n L횄짖m B횄짭nh');
INSERT INTO tbl_vn_ward (ward_id, district_id, ward_name) VALUES (2233, 71, 'X횄짙 Ph횄쨘c Y횄짧n');
INSERT INTO tbl_vn_ward (ward_id, district_id, ward_name) VALUES (2242, 71, 'X횄짙 Xu횄짖n L찼쨘짯p');
INSERT INTO tbl_vn_ward (ward_id, district_id, ward_name) VALUES (2251, 71, 'X횄짙 Khu횄쨈n H횄혻');
INSERT INTO tbl_vn_ward (ward_id, district_id, ward_name) VALUES (2266, 71, 'Th찼쨩혢 tr찼쨘짜n L횆혘ng Can');
INSERT INTO tbl_vn_ward (ward_id, district_id, ward_name) VALUES (2269, 71, 'X횄짙 Th횈째찼쨩짙ng L횄짖m');
INSERT INTO tbl_vn_ward (ward_id, district_id, ward_name) VALUES (2290, 71, 'X횄짙 B횄짭nh An');
INSERT INTO tbl_vn_ward (ward_id, district_id, ward_name) VALUES (2293, 71, 'X횄짙 H찼쨩혫ng Quang');
INSERT INTO tbl_vn_ward (ward_id, district_id, ward_name) VALUES (2296, 71, 'X횄짙 Th찼쨩혮 B횄짭nh');
INSERT INTO tbl_vn_ward (ward_id, district_id, ward_name) VALUES (2299, 71, 'X횄짙 Ph횄쨘c S횈징n');
INSERT INTO tbl_vn_ward (ward_id, district_id, ward_name) VALUES (2302, 71, 'X횄짙 Minh Quang');
INSERT INTO tbl_vn_district (district_id, province_id, district_name) VALUES (72, 8, 'Huy찼쨩혝n Na Hang');
INSERT INTO tbl_vn_ward (ward_id, district_id, ward_name) VALUES (2221, 72, 'Th찼쨩혢 tr찼쨘짜n Na Hang');
INSERT INTO tbl_vn_ward (ward_id, district_id, ward_name) VALUES (2227, 72, 'X횄짙 Sinh Long');
INSERT INTO tbl_vn_ward (ward_id, district_id, ward_name) VALUES (2230, 72, 'X횄짙 Th횈째찼쨩짙ng Gi횄징p');
INSERT INTO tbl_vn_ward (ward_id, district_id, ward_name) VALUES (2239, 72, 'X횄짙 Th횈째찼쨩짙ng N횄쨈ng');
INSERT INTO tbl_vn_ward (ward_id, district_id, ward_name) VALUES (2245, 72, 'X횄짙 C횄쨈n L횄쨈n');
INSERT INTO tbl_vn_ward (ward_id, district_id, ward_name) VALUES (2248, 72, 'X횄짙 Y횄짧n Hoa');
INSERT INTO tbl_vn_ward (ward_id, district_id, ward_name) VALUES (2254, 72, 'X횄짙 H찼쨩혫ng Th횄징i');
INSERT INTO tbl_vn_ward (ward_id, district_id, ward_name) VALUES (2260, 72, 'X횄짙 횆혨횄혻 V찼쨩혢');
INSERT INTO tbl_vn_ward (ward_id, district_id, ward_name) VALUES (2263, 72, 'X횄짙 Khau Tinh');
INSERT INTO tbl_vn_ward (ward_id, district_id, ward_name) VALUES (2275, 72, 'X횄짙 S횈징n Ph횄쨘');
INSERT INTO tbl_vn_ward (ward_id, district_id, ward_name) VALUES (2281, 72, 'X횄짙 N횆혘ng Kh찼쨘짙');
INSERT INTO tbl_vn_ward (ward_id, district_id, ward_name) VALUES (2284, 72, 'X횄짙 Thanh T횈째횈징ng');
INSERT INTO tbl_vn_district (district_id, province_id, district_name) VALUES (73, 8, 'Huy찼쨩혝n Chi횄짧m H횄쨀a');
INSERT INTO tbl_vn_ward (ward_id, district_id, ward_name) VALUES (2287, 73, 'Th찼쨩혢 tr찼쨘짜n V횆짤nh L찼쨩혲c');
INSERT INTO tbl_vn_ward (ward_id, district_id, ward_name) VALUES (2305, 73, 'X횄짙 Trung H횄혻');
INSERT INTO tbl_vn_ward (ward_id, district_id, ward_name) VALUES (2308, 73, 'X횄짙 T횄짖n M찼쨩쨔');
INSERT INTO tbl_vn_ward (ward_id, district_id, ward_name) VALUES (2311, 73, 'X횄짙 H횄혻 Lang');
INSERT INTO tbl_vn_ward (ward_id, district_id, ward_name) VALUES (2314, 73, 'X횄짙 H횄쨔ng M찼쨩쨔');
INSERT INTO tbl_vn_ward (ward_id, district_id, ward_name) VALUES (2317, 73, 'X횄짙 Y횄짧n L찼쨘짯p');
INSERT INTO tbl_vn_ward (ward_id, district_id, ward_name) VALUES (2320, 73, 'X횄짙 T횄짖n An');
INSERT INTO tbl_vn_ward (ward_id, district_id, ward_name) VALUES (2323, 73, 'X횄짙 B횄짭nh Ph횄쨘');
INSERT INTO tbl_vn_ward (ward_id, district_id, ward_name) VALUES (2326, 73, 'X횄짙 Xu횄짖n Quang');
INSERT INTO tbl_vn_ward (ward_id, district_id, ward_name) VALUES (2329, 73, 'X횄짙 Ng찼쨩혥c H찼쨩혲i');
INSERT INTO tbl_vn_ward (ward_id, district_id, ward_name) VALUES (2332, 73, 'X횄짙 Ph횄쨘 B횄짭nh');
INSERT INTO tbl_vn_ward (ward_id, district_id, ward_name) VALUES (2335, 73, 'X횄짙 H횄짼a Ph횄쨘');
INSERT INTO tbl_vn_ward (ward_id, district_id, ward_name) VALUES (2338, 73, 'X횄짙 Ph횄쨘c Th찼쨩혢nh');
INSERT INTO tbl_vn_ward (ward_id, district_id, ward_name) VALUES (2341, 73, 'X횄짙 Ki횄짧n 횆혨횄혻i');
INSERT INTO tbl_vn_ward (ward_id, district_id, ward_name) VALUES (2344, 73, 'X횄짙 T횄짖n Th찼쨩혢nh');
INSERT INTO tbl_vn_ward (ward_id, district_id, ward_name) VALUES (2347, 73, 'X횄짙 Trung H횄짼a');
INSERT INTO tbl_vn_ward (ward_id, district_id, ward_name) VALUES (2350, 73, 'X횄짙 Kim B횄짭nh');
INSERT INTO tbl_vn_ward (ward_id, district_id, ward_name) VALUES (2353, 73, 'X횄짙 H횄짼a An');
INSERT INTO tbl_vn_ward (ward_id, district_id, ward_name) VALUES (2356, 73, 'X횄짙 Vinh Quang');
INSERT INTO tbl_vn_ward (ward_id, district_id, ward_name) VALUES (2359, 73, 'X횄짙 Tri Ph횄쨘');
INSERT INTO tbl_vn_ward (ward_id, district_id, ward_name) VALUES (2362, 73, 'X횄짙 Nh횄짖n L횄쩍');
INSERT INTO tbl_vn_ward (ward_id, district_id, ward_name) VALUES (2365, 73, 'X횄짙 Y횄짧n Nguy횄짧n');
INSERT INTO tbl_vn_ward (ward_id, district_id, ward_name) VALUES (2368, 73, 'X횄짙 Linh Ph횄쨘');
INSERT INTO tbl_vn_ward (ward_id, district_id, ward_name) VALUES (2371, 73, 'X횄짙 B횄짭nh Nh횄짖n');
INSERT INTO tbl_vn_district (district_id, province_id, district_name) VALUES (74, 8, 'Huy찼쨩혝n H횄혻m Y횄짧n');
INSERT INTO tbl_vn_ward (ward_id, district_id, ward_name) VALUES (2374, 74, 'Th찼쨩혢 tr찼쨘짜n T횄짖n Y횄짧n');
INSERT INTO tbl_vn_ward (ward_id, district_id, ward_name) VALUES (2377, 74, 'X횄짙 Y횄짧n Thu찼쨘짯n');
INSERT INTO tbl_vn_ward (ward_id, district_id, ward_name) VALUES (2380, 74, 'X횄짙 B찼쨘징ch Xa');
INSERT INTO tbl_vn_ward (ward_id, district_id, ward_name) VALUES (2383, 74, 'X횄짙 Minh Kh횈째횈징ng');
INSERT INTO tbl_vn_ward (ward_id, district_id, ward_name) VALUES (2386, 74, 'X횄짙 Y횄짧n L횄짖m');
INSERT INTO tbl_vn_ward (ward_id, district_id, ward_name) VALUES (2389, 74, 'X횄짙 Minh D횄짖n');
INSERT INTO tbl_vn_ward (ward_id, district_id, ward_name) VALUES (2392, 74, 'X횄짙 Ph횄쨔 L횈째u');
INSERT INTO tbl_vn_ward (ward_id, district_id, ward_name) VALUES (2395, 74, 'X횄짙 Minh H횈째횈징ng');
INSERT INTO tbl_vn_ward (ward_id, district_id, ward_name) VALUES (2398, 74, 'X횄짙 Y횄짧n Ph횄쨘');
INSERT INTO tbl_vn_ward (ward_id, district_id, ward_name) VALUES (2401, 74, 'X횄짙 T횄짖n Th횄혻nh');
INSERT INTO tbl_vn_ward (ward_id, district_id, ward_name) VALUES (2404, 74, 'X횄짙 B횄짭nh Xa');
INSERT INTO tbl_vn_ward (ward_id, district_id, ward_name) VALUES (2407, 74, 'X횄짙 Th횄징i S횈징n');
INSERT INTO tbl_vn_ward (ward_id, district_id, ward_name) VALUES (2410, 74, 'X횄짙 Nh횄짖n M찼쨩짜c');
INSERT INTO tbl_vn_ward (ward_id, district_id, ward_name) VALUES (2413, 74, 'X횄짙 Th횄혻nh Long');
INSERT INTO tbl_vn_ward (ward_id, district_id, ward_name) VALUES (2416, 74, 'X횄짙 B찼쨘짹ng C찼쨩혩c');
INSERT INTO tbl_vn_ward (ward_id, district_id, ward_name) VALUES (2419, 74, 'X횄짙 Th횄징i H횄짼a');
INSERT INTO tbl_vn_ward (ward_id, district_id, ward_name) VALUES (2422, 74, 'X횄짙 횆혨찼쨩짤c Ninh');
INSERT INTO tbl_vn_ward (ward_id, district_id, ward_name) VALUES (2425, 74, 'X횄짙 H횄쨔ng 횆혨찼쨩짤c');
INSERT INTO tbl_vn_district (district_id, province_id, district_name) VALUES (75, 8, 'Huy찼쨩혝n Y횄짧n S횈징n');
INSERT INTO tbl_vn_ward (ward_id, district_id, ward_name) VALUES (2431, 75, 'X횄짙 Qu횄짯 Qu횄짖n');
INSERT INTO tbl_vn_ward (ward_id, district_id, ward_name) VALUES (2434, 75, 'X횄짙 L찼쨩짹c H횄혻nh');
INSERT INTO tbl_vn_ward (ward_id, district_id, ward_name) VALUES (2437, 75, 'X횄짙 Ki찼쨘쩔n Thi찼쨘쩔t');
INSERT INTO tbl_vn_ward (ward_id, district_id, ward_name) VALUES (2440, 75, 'X횄짙 Trung Minh');
INSERT INTO tbl_vn_ward (ward_id, district_id, ward_name) VALUES (2443, 75, 'X횄짙 Chi횄짧u Y횄짧n');
INSERT INTO tbl_vn_ward (ward_id, district_id, ward_name) VALUES (2446, 75, 'X횄짙 Trung Tr찼쨩짹c');
INSERT INTO tbl_vn_ward (ward_id, district_id, ward_name) VALUES (2449, 75, 'X횄짙 Xu횄짖n V횄짖n');
INSERT INTO tbl_vn_ward (ward_id, district_id, ward_name) VALUES (2452, 75, 'X횄짙 Ph횄쨘c Ninh');
INSERT INTO tbl_vn_ward (ward_id, district_id, ward_name) VALUES (2455, 75, 'X횄짙 H횄쨔ng L찼쨩짙i');
INSERT INTO tbl_vn_ward (ward_id, district_id, ward_name) VALUES (2458, 75, 'X횄짙 Trung S횈징n');
INSERT INTO tbl_vn_ward (ward_id, district_id, ward_name) VALUES (2461, 75, 'X횄짙 T횄짖n Ti찼쨘쩔n');
INSERT INTO tbl_vn_ward (ward_id, district_id, ward_name) VALUES (2464, 75, 'X횄짙 T찼쨩짤 Qu찼쨘짯n');
INSERT INTO tbl_vn_ward (ward_id, district_id, ward_name) VALUES (2467, 75, 'X횄짙 횆혨찼쨘징o Vi찼쨩혝n');
INSERT INTO tbl_vn_ward (ward_id, district_id, ward_name) VALUES (2470, 75, 'X횄짙 T횄짖n Long');
INSERT INTO tbl_vn_ward (ward_id, district_id, ward_name) VALUES (2473, 75, 'Th찼쨩혢 tr찼쨘짜n Y횄짧n S횈징n');
INSERT INTO tbl_vn_ward (ward_id, district_id, ward_name) VALUES (2476, 75, 'X횄짙 Kim Quan');
INSERT INTO tbl_vn_ward (ward_id, district_id, ward_name) VALUES (2479, 75, 'X횄짙 Lang Qu횄징n');
INSERT INTO tbl_vn_ward (ward_id, district_id, ward_name) VALUES (2482, 75, 'X횄짙 Ph횄쨘 Th찼쨩혢nh');
INSERT INTO tbl_vn_ward (ward_id, district_id, ward_name) VALUES (2485, 75, 'X횄짙 C횄쨈ng 횆혨a');
INSERT INTO tbl_vn_ward (ward_id, district_id, ward_name) VALUES (2488, 75, 'X횄짙 Trung M횄쨈n');
INSERT INTO tbl_vn_ward (ward_id, district_id, ward_name) VALUES (2491, 75, 'X횄짙 Ch횄짖n S횈징n');
INSERT INTO tbl_vn_ward (ward_id, district_id, ward_name) VALUES (2494, 75, 'X횄짙 Th횄징i B횄짭nh');
INSERT INTO tbl_vn_ward (ward_id, district_id, ward_name) VALUES (2500, 75, 'X횄짙 Ti찼쨘쩔n B찼쨩혲');
INSERT INTO tbl_vn_ward (ward_id, district_id, ward_name) VALUES (2506, 75, 'X횄짙 M찼쨩쨔 B찼쨘짹ng');
INSERT INTO tbl_vn_ward (ward_id, district_id, ward_name) VALUES (2518, 75, 'X횄짙 Ho횄혻ng Khai');
INSERT INTO tbl_vn_ward (ward_id, district_id, ward_name) VALUES (2527, 75, 'X횄짙 Nh찼쨩짱 H횄징n');
INSERT INTO tbl_vn_ward (ward_id, district_id, ward_name) VALUES (2530, 75, 'X횄짙 Nh찼쨩짱 Kh횄짧');
INSERT INTO tbl_vn_ward (ward_id, district_id, ward_name) VALUES (2533, 75, 'X횄짙 횆혨찼쨩혲i B횄짭nh');
INSERT INTO tbl_vn_district (district_id, province_id, district_name) VALUES (76, 8, 'Huy찼쨩혝n S횈징n D횈째횈징ng');
INSERT INTO tbl_vn_ward (ward_id, district_id, ward_name) VALUES (2536, 76, 'Th찼쨩혢 tr찼쨘짜n S횈징n D횈째횈징ng');
INSERT INTO tbl_vn_ward (ward_id, district_id, ward_name) VALUES (2539, 76, 'X횄짙 Trung Y횄짧n');
INSERT INTO tbl_vn_ward (ward_id, district_id, ward_name) VALUES (2542, 76, 'X횄짙 Minh Thanh');
INSERT INTO tbl_vn_ward (ward_id, district_id, ward_name) VALUES (2545, 76, 'X횄짙 T횄짖n Tr횄혻o');
INSERT INTO tbl_vn_ward (ward_id, district_id, ward_name) VALUES (2548, 76, 'X횄짙 V횆짤nh L찼쨩짙i');
INSERT INTO tbl_vn_ward (ward_id, district_id, ward_name) VALUES (2551, 76, 'X횄짙 Th횈째찼쨩짙ng 찼쨘짚m');
INSERT INTO tbl_vn_ward (ward_id, district_id, ward_name) VALUES (2554, 76, 'X횄짙 B횄짭nh Y횄짧n');
INSERT INTO tbl_vn_ward (ward_id, district_id, ward_name) VALUES (2557, 76, 'X횄짙 L횈째횈징ng Thi찼쨩혝n');
INSERT INTO tbl_vn_ward (ward_id, district_id, ward_name) VALUES (2560, 76, 'X횄짙 T횄쨘 Th찼쨩혢nh');
INSERT INTO tbl_vn_ward (ward_id, district_id, ward_name) VALUES (2563, 76, 'X횄짙 C찼쨘짜p Ti찼쨘쩔n');
INSERT INTO tbl_vn_ward (ward_id, district_id, ward_name) VALUES (2566, 76, 'X횄짙 H찼쨩짙p Th횄혻nh');
INSERT INTO tbl_vn_ward (ward_id, district_id, ward_name) VALUES (2569, 76, 'X횄짙 Ph횄쨘c 찼쨩짢ng');
INSERT INTO tbl_vn_ward (ward_id, district_id, ward_name) VALUES (2572, 76, 'X횄짙 횆혨횄쨈ng Th찼쨩혥');
INSERT INTO tbl_vn_ward (ward_id, district_id, ward_name) VALUES (2575, 76, 'X횄짙 Kh횄징ng Nh찼쨘짯t');
INSERT INTO tbl_vn_ward (ward_id, district_id, ward_name) VALUES (2578, 76, 'X횄짙 H찼쨩짙p H횄짼a');
INSERT INTO tbl_vn_ward (ward_id, district_id, ward_name) VALUES (2584, 76, 'X횄짙 Quy찼쨘쩔t Th찼쨘짱ng');
INSERT INTO tbl_vn_ward (ward_id, district_id, ward_name) VALUES (2587, 76, 'X횄짙 횆혨찼쨩혫ng Qu횄쩍');
INSERT INTO tbl_vn_ward (ward_id, district_id, ward_name) VALUES (2590, 76, 'X횄짙 T횄짖n Thanh');
INSERT INTO tbl_vn_ward (ward_id, district_id, ward_name) VALUES (2596, 76, 'X횄짙 V횆혘n Ph횄쨘');
INSERT INTO tbl_vn_ward (ward_id, district_id, ward_name) VALUES (2599, 76, 'X횄짙 Chi Thi찼쨘쩔t');
INSERT INTO tbl_vn_ward (ward_id, district_id, ward_name) VALUES (2602, 76, 'X횄짙 횆혨횄쨈ng L찼쨩짙i');
INSERT INTO tbl_vn_ward (ward_id, district_id, ward_name) VALUES (2605, 76, 'X횄짙 Thi찼쨩혝n K찼쨘쩔');
INSERT INTO tbl_vn_ward (ward_id, district_id, ward_name) VALUES (2608, 76, 'X횄짙 H찼쨩혫ng S횈징n');
INSERT INTO tbl_vn_ward (ward_id, district_id, ward_name) VALUES (2611, 76, 'X횄짙 Ph횄쨘 L횈째횈징ng');
INSERT INTO tbl_vn_ward (ward_id, district_id, ward_name) VALUES (2614, 76, 'X횄짙 Ninh Lai');
INSERT INTO tbl_vn_ward (ward_id, district_id, ward_name) VALUES (2617, 76, 'X횄짙 횆혨찼쨘징i Ph횄쨘');
INSERT INTO tbl_vn_ward (ward_id, district_id, ward_name) VALUES (2620, 76, 'X횄짙 S횈징n Nam');
INSERT INTO tbl_vn_ward (ward_id, district_id, ward_name) VALUES (2623, 76, 'X횄짙 H횄혻o Ph횄쨘');
INSERT INTO tbl_vn_ward (ward_id, district_id, ward_name) VALUES (2626, 76, 'X횄짙 Tam 횆혨a');
INSERT INTO tbl_vn_ward (ward_id, district_id, ward_name) VALUES (2632, 76, 'X횄짙 Tr횈째찼쨩혶ng Sinh');
INSERT INTO tbl_vn_province (province_id, province_name) VALUES (10, 'T찼쨩혟nh L횄혻o Cai');
INSERT INTO tbl_vn_district (district_id, province_id, district_name) VALUES (80, 10, 'Th횄혻nh ph찼쨩혩 L횄혻o Cai');
INSERT INTO tbl_vn_ward (ward_id, district_id, ward_name) VALUES (2635, 80, 'Ph횈째찼쨩혶ng Duy횄짧n H찼쨘짙i');
INSERT INTO tbl_vn_ward (ward_id, district_id, ward_name) VALUES (2641, 80, 'Ph횈째찼쨩혶ng L횄혻o Cai');
INSERT INTO tbl_vn_ward (ward_id, district_id, ward_name) VALUES (2644, 80, 'Ph횈째찼쨩혶ng C찼쨩혩c L찼쨘쩔u');
INSERT INTO tbl_vn_ward (ward_id, district_id, ward_name) VALUES (2647, 80, 'Ph횈째찼쨩혶ng Kim T횄짖n');
INSERT INTO tbl_vn_ward (ward_id, district_id, ward_name) VALUES (2650, 80, 'Ph횈째찼쨩혶ng B찼쨘짱c L찼쨩혝nh');
INSERT INTO tbl_vn_ward (ward_id, district_id, ward_name) VALUES (2653, 80, 'Ph횈째찼쨩혶ng Pom H횄징n');
INSERT INTO tbl_vn_ward (ward_id, district_id, ward_name) VALUES (2656, 80, 'Ph횈째찼쨩혶ng Xu횄짖n T횆혘ng');
INSERT INTO tbl_vn_ward (ward_id, district_id, ward_name) VALUES (2658, 80, 'Ph횈째찼쨩혶ng B횄짭nh Minh');
INSERT INTO tbl_vn_ward (ward_id, district_id, ward_name) VALUES (2659, 80, 'X횄짙 Th찼쨩혩ng Nh찼쨘짜t');
INSERT INTO tbl_vn_ward (ward_id, district_id, ward_name) VALUES (2662, 80, 'X횄짙 횆혨찼쨩혫ng Tuy찼쨩혘n');
INSERT INTO tbl_vn_ward (ward_id, district_id, ward_name) VALUES (2665, 80, 'X횄짙 V찼쨘징n Ho횄혻');
INSERT INTO tbl_vn_ward (ward_id, district_id, ward_name) VALUES (2668, 80, 'Ph횈째찼쨩혶ng B찼쨘짱c C횈째찼쨩혶ng');
INSERT INTO tbl_vn_ward (ward_id, district_id, ward_name) VALUES (2671, 80, 'Ph횈째찼쨩혶ng Nam C횈째찼쨩혶ng');
INSERT INTO tbl_vn_ward (ward_id, district_id, ward_name) VALUES (2674, 80, 'X횄짙 Cam 횆혨횈째찼쨩혶ng');
INSERT INTO tbl_vn_ward (ward_id, district_id, ward_name) VALUES (2677, 80, 'X횄짙 T찼쨘짙 Ph찼쨩혶i');
INSERT INTO tbl_vn_ward (ward_id, district_id, ward_name) VALUES (2680, 80, 'X횄짙 H찼쨩짙p Th횄혻nh');
INSERT INTO tbl_vn_ward (ward_id, district_id, ward_name) VALUES (2746, 80, 'X횄짙 C찼쨩혩c San');
INSERT INTO tbl_vn_district (district_id, province_id, district_name) VALUES (82, 10, 'Huy찼쨩혝n B횄징t X횄징t');
INSERT INTO tbl_vn_ward (ward_id, district_id, ward_name) VALUES (2683, 82, 'Th찼쨩혢 tr찼쨘짜n B횄징t X횄징t');
INSERT INTO tbl_vn_ward (ward_id, district_id, ward_name) VALUES (2686, 82, 'X횄짙 A M횄쨘 Sung');
INSERT INTO tbl_vn_ward (ward_id, district_id, ward_name) VALUES (2689, 82, 'X횄짙 N찼쨘짯m Ch찼쨘징c');
INSERT INTO tbl_vn_ward (ward_id, district_id, ward_name) VALUES (2692, 82, 'X횄짙 A L횄쨔');
INSERT INTO tbl_vn_ward (ward_id, district_id, ward_name) VALUES (2695, 82, 'X횄짙 Tr찼쨩혢nh T횈째찼쨩혶ng');
INSERT INTO tbl_vn_ward (ward_id, district_id, ward_name) VALUES (2701, 82, 'X횄짙 Y T횄쩍');
INSERT INTO tbl_vn_ward (ward_id, district_id, ward_name) VALUES (2704, 82, 'X횄짙 C찼쨩혩c M찼쨩쨀');
INSERT INTO tbl_vn_ward (ward_id, district_id, ward_name) VALUES (2707, 82, 'X횄짙 D찼쨩혖n S횄징ng');
INSERT INTO tbl_vn_ward (ward_id, district_id, ward_name) VALUES (2710, 82, 'X횄짙 B찼쨘짙n V횈째찼쨩짙c');
INSERT INTO tbl_vn_ward (ward_id, district_id, ward_name) VALUES (2713, 82, 'X횄짙 S횄혻ng Ma S횄징o');
INSERT INTO tbl_vn_ward (ward_id, district_id, ward_name) VALUES (2716, 82, 'X횄짙 B찼쨘짙n Qua');
INSERT INTO tbl_vn_ward (ward_id, district_id, ward_name) VALUES (2719, 82, 'X횄짙 M횈째찼쨩혶ng Vi');
INSERT INTO tbl_vn_ward (ward_id, district_id, ward_name) VALUES (2722, 82, 'X횄짙 D찼쨩혖n Th횄혻ng');
INSERT INTO tbl_vn_ward (ward_id, district_id, ward_name) VALUES (2725, 82, 'X횄짙 B찼쨘짙n X횄짢o');
INSERT INTO tbl_vn_ward (ward_id, district_id, ward_name) VALUES (2728, 82, 'X횄짙 M횈째찼쨩혶ng Hum');
INSERT INTO tbl_vn_ward (ward_id, district_id, ward_name) VALUES (2731, 82, 'X횄짙 Trung L횄짢ng H찼쨩혫');
INSERT INTO tbl_vn_ward (ward_id, district_id, ward_name) VALUES (2734, 82, 'X횄짙 Quang Kim');
INSERT INTO tbl_vn_ward (ward_id, district_id, ward_name) VALUES (2737, 82, 'X횄짙 Pa Cheo');
INSERT INTO tbl_vn_ward (ward_id, district_id, ward_name) VALUES (2740, 82, 'X횄짙 N찼쨘짯m Pung');
INSERT INTO tbl_vn_ward (ward_id, district_id, ward_name) VALUES (2743, 82, 'X횄짙 Ph횄짭n Ngan');
INSERT INTO tbl_vn_ward (ward_id, district_id, ward_name) VALUES (2749, 82, 'X횄짙 T횄짼ng S횄혻nh');
INSERT INTO tbl_vn_district (district_id, province_id, district_name) VALUES (83, 10, 'Huy찼쨩혝n M횈째찼쨩혶ng Kh횈째횈징ng');
INSERT INTO tbl_vn_ward (ward_id, district_id, ward_name) VALUES (2752, 83, 'X횄짙 Pha Long');
INSERT INTO tbl_vn_ward (ward_id, district_id, ward_name) VALUES (2755, 83, 'X횄짙 T찼쨘짙 Ng찼쨘짙i Ch찼쨩혫');
INSERT INTO tbl_vn_ward (ward_id, district_id, ward_name) VALUES (2758, 83, 'X횄짙 Tung Chung Ph찼쨩혩');
INSERT INTO tbl_vn_ward (ward_id, district_id, ward_name) VALUES (2761, 83, 'Th찼쨩혢 tr찼쨘짜n M횈째찼쨩혶ng Kh횈째횈징ng');
INSERT INTO tbl_vn_ward (ward_id, district_id, ward_name) VALUES (2764, 83, 'X횄짙 D횄짭n Chin');
INSERT INTO tbl_vn_ward (ward_id, district_id, ward_name) VALUES (2767, 83, 'X횄짙 T찼쨘짙 Gia Kh횄짖u');
INSERT INTO tbl_vn_ward (ward_id, district_id, ward_name) VALUES (2770, 83, 'X횄짙 N찼쨘짯m Ch찼쨘짙y');
INSERT INTO tbl_vn_ward (ward_id, district_id, ward_name) VALUES (2773, 83, 'X횄짙 N찼쨘짜m L횈째');
INSERT INTO tbl_vn_ward (ward_id, district_id, ward_name) VALUES (2776, 83, 'X횄짙 L횄쨔ng Kh찼쨘짜u Nhin');
INSERT INTO tbl_vn_ward (ward_id, district_id, ward_name) VALUES (2779, 83, 'X횄짙 Thanh B횄짭nh');
INSERT INTO tbl_vn_ward (ward_id, district_id, ward_name) VALUES (2782, 83, 'X횄짙 Cao S횈징n');
INSERT INTO tbl_vn_ward (ward_id, district_id, ward_name) VALUES (2785, 83, 'X횄짙 L횄쨔ng Vai');
INSERT INTO tbl_vn_ward (ward_id, district_id, ward_name) VALUES (2788, 83, 'X횄짙 B찼쨘짙n L찼쨘짠u');
INSERT INTO tbl_vn_ward (ward_id, district_id, ward_name) VALUES (2791, 83, 'X횄짙 La Pan T찼쨘짤n');
INSERT INTO tbl_vn_ward (ward_id, district_id, ward_name) VALUES (2794, 83, 'X횄짙 T찼쨘짙 Th횄혻ng');
INSERT INTO tbl_vn_ward (ward_id, district_id, ward_name) VALUES (2797, 83, 'X횄짙 B찼쨘짙n Sen');
INSERT INTO tbl_vn_district (district_id, province_id, district_name) VALUES (84, 10, 'Huy찼쨩혝n Si Ma Cai');
INSERT INTO tbl_vn_ward (ward_id, district_id, ward_name) VALUES (2800, 84, 'X횄짙 N횄혻n S횄징n');
INSERT INTO tbl_vn_ward (ward_id, district_id, ward_name) VALUES (2803, 84, 'X횄짙 Th횄혻o Ch횈째 Ph횄짭n');
INSERT INTO tbl_vn_ward (ward_id, district_id, ward_name) VALUES (2806, 84, 'X횄짙 B찼쨘짙n M찼쨘쩔');
INSERT INTO tbl_vn_ward (ward_id, district_id, ward_name) VALUES (2809, 84, 'Th찼쨩혢 tr찼쨘짜n Si Ma Cai');
INSERT INTO tbl_vn_ward (ward_id, district_id, ward_name) VALUES (2812, 84, 'X횄짙 S횄징n Ch찼쨘짙i');
INSERT INTO tbl_vn_ward (ward_id, district_id, ward_name) VALUES (2818, 84, 'X횄짙 L횄쨔ng Th찼쨘짤n');
INSERT INTO tbl_vn_ward (ward_id, district_id, ward_name) VALUES (2821, 84, 'X횄짙 C횄징n C찼쨘짜u');
INSERT INTO tbl_vn_ward (ward_id, district_id, ward_name) VALUES (2824, 84, 'X횄짙 S횄짯n Ch횄짤ng');
INSERT INTO tbl_vn_ward (ward_id, district_id, ward_name) VALUES (2827, 84, 'X횄짙 Quan H찼쨩혫 Th찼쨘짤n');
INSERT INTO tbl_vn_ward (ward_id, district_id, ward_name) VALUES (2836, 84, 'X횄짙 N횄혻n X횄짯n');
INSERT INTO tbl_vn_district (district_id, province_id, district_name) VALUES (85, 10, 'Huy찼쨩혝n B찼쨘짱c H횄혻');
INSERT INTO tbl_vn_ward (ward_id, district_id, ward_name) VALUES (2839, 85, 'Th찼쨩혢 tr찼쨘짜n B찼쨘짱c H횄혻');
INSERT INTO tbl_vn_ward (ward_id, district_id, ward_name) VALUES (2842, 85, 'X횄짙 L횄쨔ng C찼쨘짙i');
INSERT INTO tbl_vn_ward (ward_id, district_id, ward_name) VALUES (2848, 85, 'X횄짙 L횄쨔ng Ph횄짭nh');
INSERT INTO tbl_vn_ward (ward_id, district_id, ward_name) VALUES (2851, 85, 'X횄짙 T찼쨘짙 Van Ch횈째');
INSERT INTO tbl_vn_ward (ward_id, district_id, ward_name) VALUES (2854, 85, 'X횄짙 T찼쨘짙 C찼쨩짠 T찼쨩쨌');
INSERT INTO tbl_vn_ward (ward_id, district_id, ward_name) VALUES (2857, 85, 'X횄짙 Th찼쨘짙i Gi횄혻ng Ph찼쨩혩');
INSERT INTO tbl_vn_ward (ward_id, district_id, ward_name) VALUES (2863, 85, 'X횄짙 Ho횄혻ng Thu Ph찼쨩혩');
INSERT INTO tbl_vn_ward (ward_id, district_id, ward_name) VALUES (2866, 85, 'X횄짙 B찼쨘짙n Ph찼쨩혩');
INSERT INTO tbl_vn_ward (ward_id, district_id, ward_name) VALUES (2869, 85, 'X횄짙 B찼쨘짙n Li찼쨩혖n');
INSERT INTO tbl_vn_ward (ward_id, district_id, ward_name) VALUES (2875, 85, 'X횄짙 Na H찼쨩혩i');
INSERT INTO tbl_vn_ward (ward_id, district_id, ward_name) VALUES (2878, 85, 'X횄짙 C찼쨩혩c Ly');
INSERT INTO tbl_vn_ward (ward_id, district_id, ward_name) VALUES (2881, 85, 'X횄짙 N찼쨘짯m M횄짼n');
INSERT INTO tbl_vn_ward (ward_id, district_id, ward_name) VALUES (2884, 85, 'X횄짙 N찼쨘짯m 횆혨횄짤t');
INSERT INTO tbl_vn_ward (ward_id, district_id, ward_name) VALUES (2887, 85, 'X횄짙 N찼쨘짯m Kh횄징nh');
INSERT INTO tbl_vn_ward (ward_id, district_id, ward_name) VALUES (2890, 85, 'X횄짙 B찼쨘짙o Nhai');
INSERT INTO tbl_vn_ward (ward_id, district_id, ward_name) VALUES (2893, 85, 'X횄짙 N찼쨘짯m L횄쨘c');
INSERT INTO tbl_vn_ward (ward_id, district_id, ward_name) VALUES (2896, 85, 'X횄짙 C찼쨩혩c L찼쨘짠u');
INSERT INTO tbl_vn_ward (ward_id, district_id, ward_name) VALUES (2899, 85, 'X횄짙 B찼쨘짙n C횄징i');
INSERT INTO tbl_vn_district (district_id, province_id, district_name) VALUES (86, 10, 'Huy찼쨩혝n B찼쨘짙o Th찼쨘짱ng');
INSERT INTO tbl_vn_ward (ward_id, district_id, ward_name) VALUES (2902, 86, 'Th찼쨩혢 tr찼쨘짜n N.T Phong H찼쨘짙i');
INSERT INTO tbl_vn_ward (ward_id, district_id, ward_name) VALUES (2905, 86, 'Th찼쨩혢 tr찼쨘짜n Ph찼쨩혩 Lu');
INSERT INTO tbl_vn_ward (ward_id, district_id, ward_name) VALUES (2908, 86, 'Th찼쨩혢 tr찼쨘짜n T찼쨘짹ng Lo찼쨩혧ng');
INSERT INTO tbl_vn_ward (ward_id, district_id, ward_name) VALUES (2911, 86, 'X횄짙 B찼쨘짙n Phi찼쨩혝t');
INSERT INTO tbl_vn_ward (ward_id, district_id, ward_name) VALUES (2914, 86, 'X횄짙 B찼쨘짙n C찼쨘짠m');
INSERT INTO tbl_vn_ward (ward_id, district_id, ward_name) VALUES (2917, 86, 'X횄짙 Th횄징i Ni횄짧n');
INSERT INTO tbl_vn_ward (ward_id, district_id, ward_name) VALUES (2920, 86, 'X횄짙 Phong Ni횄짧n');
INSERT INTO tbl_vn_ward (ward_id, district_id, ward_name) VALUES (2923, 86, 'X횄짙 Gia Ph횄쨘');
INSERT INTO tbl_vn_ward (ward_id, district_id, ward_name) VALUES (2926, 86, 'X횄짙 Xu횄짖n Quang');
INSERT INTO tbl_vn_ward (ward_id, district_id, ward_name) VALUES (2929, 86, 'X횄짙 S횈징n H찼쨘짙i');
INSERT INTO tbl_vn_ward (ward_id, district_id, ward_name) VALUES (2932, 86, 'X횄짙 Xu횄짖n Giao');
INSERT INTO tbl_vn_ward (ward_id, district_id, ward_name) VALUES (2935, 86, 'X횄짙 Tr횄짭 Quang');
INSERT INTO tbl_vn_ward (ward_id, district_id, ward_name) VALUES (2938, 86, 'X횄짙 S횈징n H횄혻');
INSERT INTO tbl_vn_ward (ward_id, district_id, ward_name) VALUES (2944, 86, 'X횄짙 Ph횄쨘 Nhu찼쨘짯n');
INSERT INTO tbl_vn_district (district_id, province_id, district_name) VALUES (87, 10, 'Huy찼쨩혝n B찼쨘짙o Y횄짧n');
INSERT INTO tbl_vn_ward (ward_id, district_id, ward_name) VALUES (2947, 87, 'Th찼쨩혢 tr찼쨘짜n Ph찼쨩혩 R횄혻ng');
INSERT INTO tbl_vn_ward (ward_id, district_id, ward_name) VALUES (2950, 87, 'X횄짙 T횄짖n Ti찼쨘쩔n');
INSERT INTO tbl_vn_ward (ward_id, district_id, ward_name) VALUES (2953, 87, 'X횄짙 Ngh횆짤a 횆혨횄쨈');
INSERT INTO tbl_vn_ward (ward_id, district_id, ward_name) VALUES (2956, 87, 'X횄짙 V횆짤nh Y횄짧n');
INSERT INTO tbl_vn_ward (ward_id, district_id, ward_name) VALUES (2959, 87, 'X횄짙 횆혨i찼쨩혝n Quan');
INSERT INTO tbl_vn_ward (ward_id, district_id, ward_name) VALUES (2962, 87, 'X횄짙 Xu횄짖n Ho횄혻');
INSERT INTO tbl_vn_ward (ward_id, district_id, ward_name) VALUES (2965, 87, 'X횄짙 T횄짖n D횈째횈징ng');
INSERT INTO tbl_vn_ward (ward_id, district_id, ward_name) VALUES (2968, 87, 'X횄짙 Th횈째찼쨩짙ng H횄혻');
INSERT INTO tbl_vn_ward (ward_id, district_id, ward_name) VALUES (2971, 87, 'X횄짙 Kim S횈징n');
INSERT INTO tbl_vn_ward (ward_id, district_id, ward_name) VALUES (2974, 87, 'X횄짙 Cam C찼쨩혥n');
INSERT INTO tbl_vn_ward (ward_id, district_id, ward_name) VALUES (2977, 87, 'X횄짙 Minh T횄짖n');
INSERT INTO tbl_vn_ward (ward_id, district_id, ward_name) VALUES (2980, 87, 'X횄짙 Xu횄짖n Th횈째찼쨩짙ng');
INSERT INTO tbl_vn_ward (ward_id, district_id, ward_name) VALUES (2983, 87, 'X횄짙 Vi찼쨩혝t Ti찼쨘쩔n');
INSERT INTO tbl_vn_ward (ward_id, district_id, ward_name) VALUES (2986, 87, 'X횄짙 Y횄짧n S횈징n');
INSERT INTO tbl_vn_ward (ward_id, district_id, ward_name) VALUES (2989, 87, 'X횄짙 B찼쨘짙o H횄혻');
INSERT INTO tbl_vn_ward (ward_id, district_id, ward_name) VALUES (2992, 87, 'X횄짙 L횈째횈징ng S횈징n');
INSERT INTO tbl_vn_ward (ward_id, district_id, ward_name) VALUES (2998, 87, 'X횄짙 Ph횄쨘c Kh횄징nh');
INSERT INTO tbl_vn_district (district_id, province_id, district_name) VALUES (88, 10, 'Th찼쨩혢 x횄짙 Sa Pa');
INSERT INTO tbl_vn_ward (ward_id, district_id, ward_name) VALUES (3001, 88, 'Ph횈째찼쨩혶ng Sa Pa');
INSERT INTO tbl_vn_ward (ward_id, district_id, ward_name) VALUES (3002, 88, 'Ph횈째찼쨩혶ng Sa P찼쨘짙');
INSERT INTO tbl_vn_ward (ward_id, district_id, ward_name) VALUES (3003, 88, 'Ph횈째찼쨩혶ng 횄혬 Qu횄쩍 H찼쨩혫');
INSERT INTO tbl_vn_ward (ward_id, district_id, ward_name) VALUES (3004, 88, 'X횄짙 Ng횇짤 Ch찼쨩혟 S횈징n');
INSERT INTO tbl_vn_ward (ward_id, district_id, ward_name) VALUES (3006, 88, 'Ph횈째찼쨩혶ng Phan Si P횆혘ng');
INSERT INTO tbl_vn_ward (ward_id, district_id, ward_name) VALUES (3010, 88, 'X횄짙 Trung Ch찼쨘짙i');
INSERT INTO tbl_vn_ward (ward_id, district_id, ward_name) VALUES (3013, 88, 'X횄짙 T찼쨘짙 Ph횄짭n');
INSERT INTO tbl_vn_ward (ward_id, district_id, ward_name) VALUES (3016, 88, 'Ph횈째찼쨩혶ng H횄혻m R찼쨩혫ng');
INSERT INTO tbl_vn_ward (ward_id, district_id, ward_name) VALUES (3019, 88, 'X횄짙 Ho횄혻ng Li횄짧n');
INSERT INTO tbl_vn_ward (ward_id, district_id, ward_name) VALUES (3022, 88, 'X횄짙 Thanh B횄짭nh');
INSERT INTO tbl_vn_ward (ward_id, district_id, ward_name) VALUES (3028, 88, 'Ph횈째찼쨩혶ng C찼쨘짠u M횄짖y');
INSERT INTO tbl_vn_ward (ward_id, district_id, ward_name) VALUES (3037, 88, 'X횄짙 M횈째찼쨩혶ng Hoa');
INSERT INTO tbl_vn_ward (ward_id, district_id, ward_name) VALUES (3040, 88, 'X횄짙 T찼쨘짙 Van');
INSERT INTO tbl_vn_ward (ward_id, district_id, ward_name) VALUES (3043, 88, 'X횄짙 M횈째찼쨩혶ng Bo');
INSERT INTO tbl_vn_ward (ward_id, district_id, ward_name) VALUES (3046, 88, 'X횄짙 B찼쨘짙n H찼쨩혫');
INSERT INTO tbl_vn_ward (ward_id, district_id, ward_name) VALUES (3052, 88, 'X횄짙 Li횄짧n Minh');
INSERT INTO tbl_vn_district (district_id, province_id, district_name) VALUES (89, 10, 'Huy찼쨩혝n V횆혘n B횄혻n');
INSERT INTO tbl_vn_ward (ward_id, district_id, ward_name) VALUES (3055, 89, 'Th찼쨩혢 tr찼쨘짜n Kh횄징nh Y횄짧n');
INSERT INTO tbl_vn_ward (ward_id, district_id, ward_name) VALUES (3061, 89, 'X횄짙 V횄쨉 Lao');
INSERT INTO tbl_vn_ward (ward_id, district_id, ward_name) VALUES (3064, 89, 'X횄짙 S횈징n Thu찼쨩쨌');
INSERT INTO tbl_vn_ward (ward_id, district_id, ward_name) VALUES (3067, 89, 'X횄짙 N찼쨘짯m M찼쨘짙');
INSERT INTO tbl_vn_ward (ward_id, district_id, ward_name) VALUES (3070, 89, 'X횄짙 T횄짖n Th횈째찼쨩짙ng');
INSERT INTO tbl_vn_ward (ward_id, district_id, ward_name) VALUES (3073, 89, 'X횄짙 N찼쨘짯m R찼쨘징ng');
INSERT INTO tbl_vn_ward (ward_id, district_id, ward_name) VALUES (3076, 89, 'X횄짙 N찼쨘짯m Ch찼쨘짠y');
INSERT INTO tbl_vn_ward (ward_id, district_id, ward_name) VALUES (3079, 89, 'X횄짙 T횄짖n An');
INSERT INTO tbl_vn_ward (ward_id, district_id, ward_name) VALUES (3082, 89, 'X횄짙 Kh횄징nh Y횄짧n Th횈째찼쨩짙ng');
INSERT INTO tbl_vn_ward (ward_id, district_id, ward_name) VALUES (3085, 89, 'X횄짙 N찼쨘짯m X횄짤');
INSERT INTO tbl_vn_ward (ward_id, district_id, ward_name) VALUES (3088, 89, 'X횄짙 D찼쨘짠n Th횄혻ng');
INSERT INTO tbl_vn_ward (ward_id, district_id, ward_name) VALUES (3091, 89, 'X횄짙 Chi찼쨩혖ng Ken');
INSERT INTO tbl_vn_ward (ward_id, district_id, ward_name) VALUES (3094, 89, 'X횄짙 L횄혻ng Gi횄혻ng');
INSERT INTO tbl_vn_ward (ward_id, district_id, ward_name) VALUES (3097, 89, 'X횄짙 Ho횄혻 M찼쨘징c');
INSERT INTO tbl_vn_ward (ward_id, district_id, ward_name) VALUES (3100, 89, 'X횄짙 Kh횄징nh Y횄짧n Trung');
INSERT INTO tbl_vn_ward (ward_id, district_id, ward_name) VALUES (3103, 89, 'X횄짙 Kh횄징nh Y횄짧n H찼쨘징');
INSERT INTO tbl_vn_ward (ward_id, district_id, ward_name) VALUES (3106, 89, 'X횄짙 D횈째횈징ng Qu찼쨩쨀');
INSERT INTO tbl_vn_ward (ward_id, district_id, ward_name) VALUES (3109, 89, 'X횄짙 N찼쨘짯m Tha');
INSERT INTO tbl_vn_ward (ward_id, district_id, ward_name) VALUES (3112, 89, 'X횄짙 Minh L횈째횈징ng');
INSERT INTO tbl_vn_ward (ward_id, district_id, ward_name) VALUES (3115, 89, 'X횄짙 Th찼쨘짤m D횈째횈징ng');
INSERT INTO tbl_vn_ward (ward_id, district_id, ward_name) VALUES (3118, 89, 'X횄짙 Li횄짧m Ph횄쨘');
INSERT INTO tbl_vn_ward (ward_id, district_id, ward_name) VALUES (3121, 89, 'X횄짙 N찼쨘짯m X횄짖y');
INSERT INTO tbl_vn_province (province_id, province_name) VALUES (11, 'T찼쨩혟nh 횆혨i찼쨩혝n Bi횄짧n');
INSERT INTO tbl_vn_district (district_id, province_id, district_name) VALUES (94, 11, 'Th횄혻nh ph찼쨩혩 횆혨i찼쨩혝n Bi횄짧n Ph찼쨩짠');
INSERT INTO tbl_vn_ward (ward_id, district_id, ward_name) VALUES (3124, 94, 'Ph횈째찼쨩혶ng Noong Bua');
INSERT INTO tbl_vn_ward (ward_id, district_id, ward_name) VALUES (3127, 94, 'Ph횈째찼쨩혶ng Him Lam');
INSERT INTO tbl_vn_ward (ward_id, district_id, ward_name) VALUES (3130, 94, 'Ph횈째찼쨩혶ng Thanh B횄짭nh');
INSERT INTO tbl_vn_ward (ward_id, district_id, ward_name) VALUES (3133, 94, 'Ph횈째찼쨩혶ng T횄짖n Thanh');
INSERT INTO tbl_vn_ward (ward_id, district_id, ward_name) VALUES (3136, 94, 'Ph횈째찼쨩혶ng M횈째찼쨩혶ng Thanh');
INSERT INTO tbl_vn_ward (ward_id, district_id, ward_name) VALUES (3139, 94, 'Ph횈째찼쨩혶ng Nam Thanh');
INSERT INTO tbl_vn_ward (ward_id, district_id, ward_name) VALUES (3142, 94, 'Ph횈째찼쨩혶ng Thanh Tr횈째찼쨩혶ng');
INSERT INTO tbl_vn_ward (ward_id, district_id, ward_name) VALUES (3145, 94, 'X횄짙 Thanh Minh');
INSERT INTO tbl_vn_ward (ward_id, district_id, ward_name) VALUES (3316, 94, 'X횄짙 N횄혻 T찼쨘짜u');
INSERT INTO tbl_vn_ward (ward_id, district_id, ward_name) VALUES (3317, 94, 'X횄짙 N횄혻 Nh찼쨘징n');
INSERT INTO tbl_vn_ward (ward_id, district_id, ward_name) VALUES (3325, 94, 'X횄짙 M횈째찼쨩혶ng Ph횆혘ng');
INSERT INTO tbl_vn_ward (ward_id, district_id, ward_name) VALUES (3326, 94, 'X횄짙 P횄징 Khoang');
INSERT INTO tbl_vn_district (district_id, province_id, district_name) VALUES (95, 11, 'Th찼쨩혢 x횄짙 M횈째찼쨩혶ng Lay');
INSERT INTO tbl_vn_ward (ward_id, district_id, ward_name) VALUES (3148, 95, 'Ph횈째찼쨩혶ng S횄쨈ng 횆혨횄혻');
INSERT INTO tbl_vn_ward (ward_id, district_id, ward_name) VALUES (3151, 95, 'Ph횈째찼쨩혶ng Na Lay');
INSERT INTO tbl_vn_ward (ward_id, district_id, ward_name) VALUES (3184, 95, 'X횄짙 Lay N횈째a');
INSERT INTO tbl_vn_district (district_id, province_id, district_name) VALUES (96, 11, 'Huy찼쨩혝n M횈째찼쨩혶ng Nh횄짤');
INSERT INTO tbl_vn_ward (ward_id, district_id, ward_name) VALUES (3154, 96, 'X횄짙 S횄짯n Th찼쨘짠u');
INSERT INTO tbl_vn_ward (ward_id, district_id, ward_name) VALUES (3155, 96, 'X횄짙 Sen Th횈째찼쨩짙ng');
INSERT INTO tbl_vn_ward (ward_id, district_id, ward_name) VALUES (3157, 96, 'X횄짙 Chung Ch찼쨘짙i');
INSERT INTO tbl_vn_ward (ward_id, district_id, ward_name) VALUES (3158, 96, 'X횄짙 Leng Su S횄짭n');
INSERT INTO tbl_vn_ward (ward_id, district_id, ward_name) VALUES (3159, 96, 'X횄짙 P횄징 M찼쨩쨀');
INSERT INTO tbl_vn_ward (ward_id, district_id, ward_name) VALUES (3160, 96, 'X횄짙 M횈째찼쨩혶ng Nh횄짤');
INSERT INTO tbl_vn_ward (ward_id, district_id, ward_name) VALUES (3161, 96, 'X횄짙 N찼쨘짯m V횄짭');
INSERT INTO tbl_vn_ward (ward_id, district_id, ward_name) VALUES (3162, 96, 'X횄짙 N찼쨘짯m K횄짢');
INSERT INTO tbl_vn_ward (ward_id, district_id, ward_name) VALUES (3163, 96, 'X횄짙 M횈째찼쨩혶ng Toong');
INSERT INTO tbl_vn_ward (ward_id, district_id, ward_name) VALUES (3164, 96, 'X횄짙 Qu찼쨘짙ng L횄짖m');
INSERT INTO tbl_vn_ward (ward_id, district_id, ward_name) VALUES (3177, 96, 'X횄짙 Hu찼쨩혮i L찼쨘쩔nh');
INSERT INTO tbl_vn_district (district_id, province_id, district_name) VALUES (97, 11, 'Huy찼쨩혝n M횈째찼쨩혶ng Ch횄혻');
INSERT INTO tbl_vn_ward (ward_id, district_id, ward_name) VALUES (3172, 97, 'Th찼쨩혢 tr찼쨘짜n M횈째찼쨩혶ng Ch횄혻');
INSERT INTO tbl_vn_ward (ward_id, district_id, ward_name) VALUES (3178, 97, 'X횄짙 X횄징 T찼쨩혮ng');
INSERT INTO tbl_vn_ward (ward_id, district_id, ward_name) VALUES (3181, 97, 'X횄짙 M횈째찼쨩혶ng T횄쨔ng');
INSERT INTO tbl_vn_ward (ward_id, district_id, ward_name) VALUES (3190, 97, 'X횄짙 H찼쨩짬a Ng횄혻i');
INSERT INTO tbl_vn_ward (ward_id, district_id, ward_name) VALUES (3191, 97, 'X횄짙 Hu찼쨩혮i M횄짯');
INSERT INTO tbl_vn_ward (ward_id, district_id, ward_name) VALUES (3193, 97, 'X횄짙 Pa Ham');
INSERT INTO tbl_vn_ward (ward_id, district_id, ward_name) VALUES (3194, 97, 'X횄짙 N찼쨘짯m N횄짢n');
INSERT INTO tbl_vn_ward (ward_id, district_id, ward_name) VALUES (3196, 97, 'X횄짙 Hu찼쨩혮i L횄짢ng');
INSERT INTO tbl_vn_ward (ward_id, district_id, ward_name) VALUES (3197, 97, 'X횄짙 Sa L횄쨈ng');
INSERT INTO tbl_vn_ward (ward_id, district_id, ward_name) VALUES (3200, 97, 'X횄짙 Ma Th횄짭 H찼쨩혫');
INSERT INTO tbl_vn_ward (ward_id, district_id, ward_name) VALUES (3201, 97, 'X횄짙 Na Sang');
INSERT INTO tbl_vn_ward (ward_id, district_id, ward_name) VALUES (3202, 97, 'X횄짙 M횈째찼쨩혶ng M횈째횈징n');
INSERT INTO tbl_vn_district (district_id, province_id, district_name) VALUES (98, 11, 'Huy찼쨩혝n T찼쨩짠a Ch횄쨔a');
INSERT INTO tbl_vn_ward (ward_id, district_id, ward_name) VALUES (3217, 98, 'Th찼쨩혢 tr찼쨘짜n T찼쨩짠a Ch횄쨔a');
INSERT INTO tbl_vn_ward (ward_id, district_id, ward_name) VALUES (3220, 98, 'X횄짙 Hu찼쨩혮i S횄쨀');
INSERT INTO tbl_vn_ward (ward_id, district_id, ward_name) VALUES (3223, 98, 'X횄짙 X횄짯n Ch찼쨘짙i');
INSERT INTO tbl_vn_ward (ward_id, district_id, ward_name) VALUES (3226, 98, 'X횄짙 T찼쨘짙 S횄짭n Th횄혻ng');
INSERT INTO tbl_vn_ward (ward_id, district_id, ward_name) VALUES (3229, 98, 'X횄짙 Lao X찼쨘짙 Ph횄짭nh');
INSERT INTO tbl_vn_ward (ward_id, district_id, ward_name) VALUES (3232, 98, 'X횄짙 T찼쨘짙 Ph횄짭n');
INSERT INTO tbl_vn_ward (ward_id, district_id, ward_name) VALUES (3235, 98, 'X횄짙 T찼쨩짠a Th횄혻ng');
INSERT INTO tbl_vn_ward (ward_id, district_id, ward_name) VALUES (3238, 98, 'X횄짙 Trung Thu');
INSERT INTO tbl_vn_ward (ward_id, district_id, ward_name) VALUES (3241, 98, 'X횄짙 S횄짯nh Ph횄짭nh');
INSERT INTO tbl_vn_ward (ward_id, district_id, ward_name) VALUES (3244, 98, 'X횄짙 S횄징ng Nh횄짢');
INSERT INTO tbl_vn_ward (ward_id, district_id, ward_name) VALUES (3247, 98, 'X횄짙 M횈째찼쨩혶ng 횆혨un');
INSERT INTO tbl_vn_ward (ward_id, district_id, ward_name) VALUES (3250, 98, 'X횄짙 M횈째찼쨩혶ng B횄징ng');
INSERT INTO tbl_vn_district (district_id, province_id, district_name) VALUES (99, 11, 'Huy찼쨩혝n Tu찼쨘짠n Gi횄징o');
INSERT INTO tbl_vn_ward (ward_id, district_id, ward_name) VALUES (3253, 99, 'Th찼쨩혢 tr찼쨘짜n Tu찼쨘짠n Gi횄징o');
INSERT INTO tbl_vn_ward (ward_id, district_id, ward_name) VALUES (3259, 99, 'X횄짙 Ph횄짭nh S횄징ng');
INSERT INTO tbl_vn_ward (ward_id, district_id, ward_name) VALUES (3260, 99, 'X횄짙 R찼쨘징ng 횆혨횄쨈ng');
INSERT INTO tbl_vn_ward (ward_id, district_id, ward_name) VALUES (3262, 99, 'X횄짙 M횄쨔n Chung');
INSERT INTO tbl_vn_ward (ward_id, district_id, ward_name) VALUES (3263, 99, 'X횄짙 N횄혻 T횄짼ng');
INSERT INTO tbl_vn_ward (ward_id, district_id, ward_name) VALUES (3265, 99, 'X횄짙 Ta Ma');
INSERT INTO tbl_vn_ward (ward_id, district_id, ward_name) VALUES (3268, 99, 'X횄짙 M횈째찼쨩혶ng M횄쨔n');
INSERT INTO tbl_vn_ward (ward_id, district_id, ward_name) VALUES (3269, 99, 'X횄짙 P횄쨘 Xi');
INSERT INTO tbl_vn_ward (ward_id, district_id, ward_name) VALUES (3271, 99, 'X횄짙 P횄쨘 Nhung');
INSERT INTO tbl_vn_ward (ward_id, district_id, ward_name) VALUES (3274, 99, 'X횄짙 Qu횄혻i N횈째a');
INSERT INTO tbl_vn_ward (ward_id, district_id, ward_name) VALUES (3277, 99, 'X횄짙 M횈째찼쨩혶ng Th횄짯n');
INSERT INTO tbl_vn_ward (ward_id, district_id, ward_name) VALUES (3280, 99, 'X횄짙 T찼쨩혧a T횄짭nh');
INSERT INTO tbl_vn_ward (ward_id, district_id, ward_name) VALUES (3283, 99, 'X횄짙 N횄혻 S횄징y');
INSERT INTO tbl_vn_ward (ward_id, district_id, ward_name) VALUES (3284, 99, 'X횄짙 M횈째찼쨩혶ng Khong');
INSERT INTO tbl_vn_ward (ward_id, district_id, ward_name) VALUES (3289, 99, 'X횄짙 Qu횄혻i Cang');
INSERT INTO tbl_vn_ward (ward_id, district_id, ward_name) VALUES (3295, 99, 'X횄짙 Qu횄혻i T찼쨩혺');
INSERT INTO tbl_vn_ward (ward_id, district_id, ward_name) VALUES (3298, 99, 'X횄짙 Chi찼쨩혖ng Sinh');
INSERT INTO tbl_vn_ward (ward_id, district_id, ward_name) VALUES (3299, 99, 'X횄짙 Chi찼쨩혖ng 횆혨횄쨈ng');
INSERT INTO tbl_vn_ward (ward_id, district_id, ward_name) VALUES (3304, 99, 'X횄짙 T횄짧nh Ph횄쨈ng');
INSERT INTO tbl_vn_district (district_id, province_id, district_name) VALUES (100, 11, 'Huy찼쨩혝n 횆혨i찼쨩혝n Bi횄짧n');
INSERT INTO tbl_vn_ward (ward_id, district_id, ward_name) VALUES (3319, 100, 'X횄짙 M횈째찼쨩혶ng P찼쨩혫n');
INSERT INTO tbl_vn_ward (ward_id, district_id, ward_name) VALUES (3322, 100, 'X횄짙 Thanh N횈째a');
INSERT INTO tbl_vn_ward (ward_id, district_id, ward_name) VALUES (3323, 100, 'X횄짙 Hua Thanh');
INSERT INTO tbl_vn_ward (ward_id, district_id, ward_name) VALUES (3328, 100, 'X횄짙 Thanh Lu횄쨈ng');
INSERT INTO tbl_vn_ward (ward_id, district_id, ward_name) VALUES (3331, 100, 'X횄짙 Thanh H횈째ng');
INSERT INTO tbl_vn_ward (ward_id, district_id, ward_name) VALUES (3334, 100, 'X횄짙 Thanh X횈째횈징ng');
INSERT INTO tbl_vn_ward (ward_id, district_id, ward_name) VALUES (3337, 100, 'X횄짙 Thanh Ch횆혘n');
INSERT INTO tbl_vn_ward (ward_id, district_id, ward_name) VALUES (3340, 100, 'X횄짙 Pa Th횈징m');
INSERT INTO tbl_vn_ward (ward_id, district_id, ward_name) VALUES (3343, 100, 'X횄짙 Thanh An');
INSERT INTO tbl_vn_ward (ward_id, district_id, ward_name) VALUES (3346, 100, 'X횄짙 Thanh Y횄짧n');
INSERT INTO tbl_vn_ward (ward_id, district_id, ward_name) VALUES (3349, 100, 'X횄짙 Noong Lu찼쨩혩ng');
INSERT INTO tbl_vn_ward (ward_id, district_id, ward_name) VALUES (3352, 100, 'X횄짙 No찼쨩혥ng H찼쨘쨔t');
INSERT INTO tbl_vn_ward (ward_id, district_id, ward_name) VALUES (3355, 100, 'X횄짙 Sam M찼쨩짤n');
INSERT INTO tbl_vn_ward (ward_id, district_id, ward_name) VALUES (3356, 100, 'X횄짙 Pom L횄쨀t');
INSERT INTO tbl_vn_ward (ward_id, district_id, ward_name) VALUES (3358, 100, 'X횄짙 N횄쨘a Ngam');
INSERT INTO tbl_vn_ward (ward_id, district_id, ward_name) VALUES (3359, 100, 'X횄짙 H찼쨘쨔 Mu횄쨈ng');
INSERT INTO tbl_vn_ward (ward_id, district_id, ward_name) VALUES (3361, 100, 'X횄짙 Na 횈짱');
INSERT INTO tbl_vn_ward (ward_id, district_id, ward_name) VALUES (3364, 100, 'X횄짙 M횈째찼쨩혶ng Nh횄혻');
INSERT INTO tbl_vn_ward (ward_id, district_id, ward_name) VALUES (3365, 100, 'X횄짙 Na T횄쨈ng');
INSERT INTO tbl_vn_ward (ward_id, district_id, ward_name) VALUES (3367, 100, 'X횄짙 M횈째찼쨩혶ng L횄쨀i');
INSERT INTO tbl_vn_ward (ward_id, district_id, ward_name) VALUES (3368, 100, 'X횄짙 Phu Lu횄쨈ng');
INSERT INTO tbl_vn_district (district_id, province_id, district_name) VALUES (101, 11, 'Huy찼쨩혝n 횆혨i찼쨩혝n Bi횄짧n 횆혨횄쨈ng');
INSERT INTO tbl_vn_ward (ward_id, district_id, ward_name) VALUES (3203, 101, 'Th찼쨩혢 tr찼쨘짜n 횆혨i찼쨩혝n Bi횄짧n 횆혨횄쨈ng');
INSERT INTO tbl_vn_ward (ward_id, district_id, ward_name) VALUES (3205, 101, 'X횄짙 Na Son');
INSERT INTO tbl_vn_ward (ward_id, district_id, ward_name) VALUES (3208, 101, 'X횄짙 Ph횄짭 Nh찼쨩짬');
INSERT INTO tbl_vn_ward (ward_id, district_id, ward_name) VALUES (3211, 101, 'X횄짙 Chi찼쨩혖ng S횈징');
INSERT INTO tbl_vn_ward (ward_id, district_id, ward_name) VALUES (3214, 101, 'X횄짙 M횈째찼쨩혶ng Lu횄짖n');
INSERT INTO tbl_vn_ward (ward_id, district_id, ward_name) VALUES (3370, 101, 'X횄짙 P횄쨘 Nhi');
INSERT INTO tbl_vn_ward (ward_id, district_id, ward_name) VALUES (3371, 101, 'X횄짙 Nong U');
INSERT INTO tbl_vn_ward (ward_id, district_id, ward_name) VALUES (3373, 101, 'X횄짙 Xa Dung');
INSERT INTO tbl_vn_ward (ward_id, district_id, ward_name) VALUES (3376, 101, 'X횄짙 Keo L횄쨈m');
INSERT INTO tbl_vn_ward (ward_id, district_id, ward_name) VALUES (3379, 101, 'X횄짙 Lu횄짖n Gi찼쨩혴i');
INSERT INTO tbl_vn_ward (ward_id, district_id, ward_name) VALUES (3382, 101, 'X횄짙 Ph횄짭nh Gi횄혻ng');
INSERT INTO tbl_vn_ward (ward_id, district_id, ward_name) VALUES (3383, 101, 'X횄짙 P횄쨘 H찼쨩혫ng');
INSERT INTO tbl_vn_ward (ward_id, district_id, ward_name) VALUES (3384, 101, 'X횄짙 T횄짭a D횄짭nh');
INSERT INTO tbl_vn_ward (ward_id, district_id, ward_name) VALUES (3385, 101, 'X횄짙 H횄징ng L횄짭a');
INSERT INTO tbl_vn_district (district_id, province_id, district_name) VALUES (102, 11, 'Huy찼쨩혝n M횈째찼쨩혶ng 찼쨘짖ng');
INSERT INTO tbl_vn_ward (ward_id, district_id, ward_name) VALUES (3256, 102, 'Th찼쨩혢 tr찼쨘짜n M횈째찼쨩혶ng 찼쨘짖ng');
INSERT INTO tbl_vn_ward (ward_id, district_id, ward_name) VALUES (3286, 102, 'X횄짙 M횈째찼쨩혶ng 횆혨횆혘ng');
INSERT INTO tbl_vn_ward (ward_id, district_id, ward_name) VALUES (3287, 102, 'X횄짙 Ng찼쨩혩i C횄징y');
INSERT INTO tbl_vn_ward (ward_id, district_id, ward_name) VALUES (3292, 102, 'X횄짙 찼쨘짼ng T찼쨩혺');
INSERT INTO tbl_vn_ward (ward_id, district_id, ward_name) VALUES (3301, 102, 'X횄짙 B횄쨘ng Lao');
INSERT INTO tbl_vn_ward (ward_id, district_id, ward_name) VALUES (3302, 102, 'X횄짙 Xu횄짖n Lao');
INSERT INTO tbl_vn_ward (ward_id, district_id, ward_name) VALUES (3307, 102, 'X횄짙 찼쨘짼ng N횈째a');
INSERT INTO tbl_vn_ward (ward_id, district_id, ward_name) VALUES (3310, 102, 'X횄짙 찼쨘짼ng Cang');
INSERT INTO tbl_vn_ward (ward_id, district_id, ward_name) VALUES (3312, 102, 'X횄짙 N찼쨘쨌m L찼쨩혢ch');
INSERT INTO tbl_vn_ward (ward_id, district_id, ward_name) VALUES (3313, 102, 'X횄짙 M횈째찼쨩혶ng L찼쨘징n');
INSERT INTO tbl_vn_district (district_id, province_id, district_name) VALUES (103, 11, 'Huy찼쨩혝n N찼쨘짯m P찼쨩혫');
INSERT INTO tbl_vn_ward (ward_id, district_id, ward_name) VALUES (3156, 103, 'X횄짙 N찼쨘짯m Tin');
INSERT INTO tbl_vn_ward (ward_id, district_id, ward_name) VALUES (3165, 103, 'X횄짙 Pa T찼쨘짠n');
INSERT INTO tbl_vn_ward (ward_id, district_id, ward_name) VALUES (3166, 103, 'X횄짙 Ch횄혻 Cang');
INSERT INTO tbl_vn_ward (ward_id, district_id, ward_name) VALUES (3167, 103, 'X횄짙 Na C횄쨈 Sa');
INSERT INTO tbl_vn_ward (ward_id, district_id, ward_name) VALUES (3168, 103, 'X횄짙 N횄혻 Khoa');
INSERT INTO tbl_vn_ward (ward_id, district_id, ward_name) VALUES (3169, 103, 'X횄짙 N횄혻 H찼쨩쨀');
INSERT INTO tbl_vn_ward (ward_id, district_id, ward_name) VALUES (3170, 103, 'X횄짙 N횄혻 B찼쨩짠ng');
INSERT INTO tbl_vn_ward (ward_id, district_id, ward_name) VALUES (3171, 103, 'X횄짙 N찼쨘짯m Nh찼쨩짬');
INSERT INTO tbl_vn_ward (ward_id, district_id, ward_name) VALUES (3173, 103, 'X횄짙 N찼쨘짯m Chua');
INSERT INTO tbl_vn_ward (ward_id, district_id, ward_name) VALUES (3174, 103, 'X횄짙 N찼쨘짯m Kh횆혘n');
INSERT INTO tbl_vn_ward (ward_id, district_id, ward_name) VALUES (3175, 103, 'X횄짙 Ch횄혻 T찼쨩혺');
INSERT INTO tbl_vn_ward (ward_id, district_id, ward_name) VALUES (3176, 103, 'X횄짙 V횄혻ng 횆혨횄징n');
INSERT INTO tbl_vn_ward (ward_id, district_id, ward_name) VALUES (3187, 103, 'X횄짙 Ch횄혻 N횈째a');
INSERT INTO tbl_vn_ward (ward_id, district_id, ward_name) VALUES (3198, 103, 'X횄짙 Ph횄짭n H찼쨩혫');
INSERT INTO tbl_vn_ward (ward_id, district_id, ward_name) VALUES (3199, 103, 'X횄짙 Si Pa Ph횄짭n');
INSERT INTO tbl_vn_province (province_id, province_name) VALUES (12, 'T찼쨩혟nh Lai Ch횄짖u');
INSERT INTO tbl_vn_district (district_id, province_id, district_name) VALUES (105, 12, 'Th횄혻nh ph찼쨩혩 Lai Ch횄짖u');
INSERT INTO tbl_vn_ward (ward_id, district_id, ward_name) VALUES (3386, 105, 'Ph횈째찼쨩혶ng Quy찼쨘쩔t Th찼쨘짱ng');
INSERT INTO tbl_vn_ward (ward_id, district_id, ward_name) VALUES (3387, 105, 'Ph횈째찼쨩혶ng T횄짖n Phong');
INSERT INTO tbl_vn_ward (ward_id, district_id, ward_name) VALUES (3388, 105, 'Ph횈째찼쨩혶ng Quy찼쨘쩔t Ti찼쨘쩔n');
INSERT INTO tbl_vn_ward (ward_id, district_id, ward_name) VALUES (3389, 105, 'Ph횈째찼쨩혶ng 횆혨o횄혻n K찼쨘쩔t');
INSERT INTO tbl_vn_ward (ward_id, district_id, ward_name) VALUES (3403, 105, 'X횄짙 S횄쨔ng Ph횄혻i');
INSERT INTO tbl_vn_ward (ward_id, district_id, ward_name) VALUES (3408, 105, 'Ph횈째찼쨩혶ng 횆혨횄쨈ng Phong');
INSERT INTO tbl_vn_ward (ward_id, district_id, ward_name) VALUES (3409, 105, 'X횄짙 San Th횄혻ng');
INSERT INTO tbl_vn_district (district_id, province_id, district_name) VALUES (106, 12, 'Huy찼쨩혝n Tam 횆혨횈째찼쨩혶ng');
INSERT INTO tbl_vn_ward (ward_id, district_id, ward_name) VALUES (3390, 106, 'Th찼쨩혢 tr찼쨘짜n Tam 횆혨횈째찼쨩혶ng');
INSERT INTO tbl_vn_ward (ward_id, district_id, ward_name) VALUES (3394, 106, 'X횄짙 Th횄짢n Sin');
INSERT INTO tbl_vn_ward (ward_id, district_id, ward_name) VALUES (3400, 106, 'X횄짙 T찼쨘짙 L횄짢ng');
INSERT INTO tbl_vn_ward (ward_id, district_id, ward_name) VALUES (3405, 106, 'X횄짙 Giang Ma');
INSERT INTO tbl_vn_ward (ward_id, district_id, ward_name) VALUES (3406, 106, 'X횄짙 H찼쨩혫 Th찼쨘짠u');
INSERT INTO tbl_vn_ward (ward_id, district_id, ward_name) VALUES (3412, 106, 'X횄짙 B횄짭nh L횈째');
INSERT INTO tbl_vn_ward (ward_id, district_id, ward_name) VALUES (3413, 106, 'X횄짙 S횈징n B횄짭nh');
INSERT INTO tbl_vn_ward (ward_id, district_id, ward_name) VALUES (3415, 106, 'X횄짙 N횄쨔ng N횄혻ng');
INSERT INTO tbl_vn_ward (ward_id, district_id, ward_name) VALUES (3418, 106, 'X횄짙 B찼쨘짙n Giang');
INSERT INTO tbl_vn_ward (ward_id, district_id, ward_name) VALUES (3421, 106, 'X횄짙 B찼쨘짙n Hon');
INSERT INTO tbl_vn_ward (ward_id, district_id, ward_name) VALUES (3424, 106, 'X횄짙 B찼쨘짙n Bo');
INSERT INTO tbl_vn_ward (ward_id, district_id, ward_name) VALUES (3427, 106, 'X횄짙 N횄혻 T횆혘m');
INSERT INTO tbl_vn_ward (ward_id, district_id, ward_name) VALUES (3430, 106, 'X횄짙 Khun H횄징');
INSERT INTO tbl_vn_district (district_id, province_id, district_name) VALUES (107, 12, 'Huy찼쨩혝n M횈째찼쨩혶ng T횄짢');
INSERT INTO tbl_vn_ward (ward_id, district_id, ward_name) VALUES (3433, 107, 'Th찼쨩혢 tr찼쨘짜n M횈째찼쨩혶ng T횄짢');
INSERT INTO tbl_vn_ward (ward_id, district_id, ward_name) VALUES (3436, 107, 'X횄짙 Thu L횇짤m');
INSERT INTO tbl_vn_ward (ward_id, district_id, ward_name) VALUES (3439, 107, 'X횄짙 Ka L횆혘ng');
INSERT INTO tbl_vn_ward (ward_id, district_id, ward_name) VALUES (3440, 107, 'X횄짙 T횄징 B찼쨘징');
INSERT INTO tbl_vn_ward (ward_id, district_id, ward_name) VALUES (3442, 107, 'X횄짙 Pa 찼쨩짠');
INSERT INTO tbl_vn_ward (ward_id, district_id, ward_name) VALUES (3445, 107, 'X횄짙 M횈째찼쨩혶ng T횄짢');
INSERT INTO tbl_vn_ward (ward_id, district_id, ward_name) VALUES (3448, 107, 'X횄짙 Pa V찼쨩혝 S찼쨩짯');
INSERT INTO tbl_vn_ward (ward_id, district_id, ward_name) VALUES (3451, 107, 'X횄짙 M횄쨔 C찼쨘짙');
INSERT INTO tbl_vn_ward (ward_id, district_id, ward_name) VALUES (3454, 107, 'X횄짙 Bum T찼쨩혺');
INSERT INTO tbl_vn_ward (ward_id, district_id, ward_name) VALUES (3457, 107, 'X횄짙 N찼쨘짯m Khao');
INSERT INTO tbl_vn_ward (ward_id, district_id, ward_name) VALUES (3463, 107, 'X횄짙 T횄혻 T찼쨩혮ng');
INSERT INTO tbl_vn_ward (ward_id, district_id, ward_name) VALUES (3466, 107, 'X횄짙 Bum N횈째a');
INSERT INTO tbl_vn_ward (ward_id, district_id, ward_name) VALUES (3467, 107, 'X횄짙 V횄혻ng San');
INSERT INTO tbl_vn_ward (ward_id, district_id, ward_name) VALUES (3469, 107, 'X횄짙 Kan H찼쨩혫');
INSERT INTO tbl_vn_district (district_id, province_id, district_name) VALUES (108, 12, 'Huy찼쨩혝n S횄짭n H찼쨩혫');
INSERT INTO tbl_vn_ward (ward_id, district_id, ward_name) VALUES (3478, 108, 'Th찼쨩혢 tr찼쨘짜n S횄짭n H찼쨩혫');
INSERT INTO tbl_vn_ward (ward_id, district_id, ward_name) VALUES (3487, 108, 'X횄짙 Ch횆혘n N횈째a');
INSERT INTO tbl_vn_ward (ward_id, district_id, ward_name) VALUES (3493, 108, 'X횄짙 Pa T찼쨘짠n');
INSERT INTO tbl_vn_ward (ward_id, district_id, ward_name) VALUES (3496, 108, 'X횄짙 Ph횄짭n H찼쨩혫');
INSERT INTO tbl_vn_ward (ward_id, district_id, ward_name) VALUES (3499, 108, 'X횄짙 H찼쨩혫ng Thu');
INSERT INTO tbl_vn_ward (ward_id, district_id, ward_name) VALUES (3505, 108, 'X횄짙 Ph횆혘ng S횄쨈 Lin');
INSERT INTO tbl_vn_ward (ward_id, district_id, ward_name) VALUES (3508, 108, 'X횄짙 Ma Quai');
INSERT INTO tbl_vn_ward (ward_id, district_id, ward_name) VALUES (3509, 108, 'X횄짙 L횄쨔ng Th횄혻ng');
INSERT INTO tbl_vn_ward (ward_id, district_id, ward_name) VALUES (3511, 108, 'X횄짙 T찼쨘짙 Ph횄짭n');
INSERT INTO tbl_vn_ward (ward_id, district_id, ward_name) VALUES (3514, 108, 'X횄짙 S횄혻 D찼쨩혖 Ph횄짭n');
INSERT INTO tbl_vn_ward (ward_id, district_id, ward_name) VALUES (3517, 108, 'X횄짙 N찼쨘짯m T횆혘m');
INSERT INTO tbl_vn_ward (ward_id, district_id, ward_name) VALUES (3520, 108, 'X횄짙 T찼쨘짙 Ng찼쨘짙o');
INSERT INTO tbl_vn_ward (ward_id, district_id, ward_name) VALUES (3523, 108, 'X횄짙 Pu Sam C횄징p');
INSERT INTO tbl_vn_ward (ward_id, district_id, ward_name) VALUES (3526, 108, 'X횄짙 N찼쨘짯m Cha');
INSERT INTO tbl_vn_ward (ward_id, district_id, ward_name) VALUES (3527, 108, 'X횄짙 Pa Kho횄징');
INSERT INTO tbl_vn_ward (ward_id, district_id, ward_name) VALUES (3529, 108, 'X횄짙 L횄혻ng M횄쨈');
INSERT INTO tbl_vn_ward (ward_id, district_id, ward_name) VALUES (3532, 108, 'X횄짙 Noong H찼쨘쨩o');
INSERT INTO tbl_vn_ward (ward_id, district_id, ward_name) VALUES (3535, 108, 'X횄짙 N찼쨘짯m M찼쨘징');
INSERT INTO tbl_vn_ward (ward_id, district_id, ward_name) VALUES (3538, 108, 'X횄짙 C횆혘n Co');
INSERT INTO tbl_vn_ward (ward_id, district_id, ward_name) VALUES (3541, 108, 'X횄짙 T찼쨩짠a S횄짯n Ch찼쨘짙i');
INSERT INTO tbl_vn_ward (ward_id, district_id, ward_name) VALUES (3544, 108, 'X횄짙 N찼쨘짯m Cu찼쨩혮i');
INSERT INTO tbl_vn_ward (ward_id, district_id, ward_name) VALUES (3547, 108, 'X횄짙 N찼쨘짯m H횆혘n');
INSERT INTO tbl_vn_district (district_id, province_id, district_name) VALUES (109, 12, 'Huy찼쨩혝n Phong Th찼쨩혮');
INSERT INTO tbl_vn_ward (ward_id, district_id, ward_name) VALUES (3391, 109, 'X횄짙 L찼쨘짙 Nh횄짭 Th횄혻ng');
INSERT INTO tbl_vn_ward (ward_id, district_id, ward_name) VALUES (3490, 109, 'X횄짙 Hu찼쨩혮i Lu횄쨈ng');
INSERT INTO tbl_vn_ward (ward_id, district_id, ward_name) VALUES (3549, 109, 'Th찼쨩혢 tr찼쨘짜n Phong Th찼쨩혮');
INSERT INTO tbl_vn_ward (ward_id, district_id, ward_name) VALUES (3550, 109, 'X횄짙 S횄짭 L찼쨩혺 L찼쨘짠u');
INSERT INTO tbl_vn_ward (ward_id, district_id, ward_name) VALUES (3553, 109, 'X횄짙 M찼쨩혫 S횄짭 San');
INSERT INTO tbl_vn_ward (ward_id, district_id, ward_name) VALUES (3559, 109, 'X횄짙 Pa V횄짖y S찼쨩짯');
INSERT INTO tbl_vn_ward (ward_id, district_id, ward_name) VALUES (3562, 109, 'X횄짙 V횄혻ng Ma Ch찼쨘짙i');
INSERT INTO tbl_vn_ward (ward_id, district_id, ward_name) VALUES (3565, 109, 'X횄짙 T횄쨈ng Qua L횄짭n');
INSERT INTO tbl_vn_ward (ward_id, district_id, ward_name) VALUES (3568, 109, 'X횄짙 M횄쨔 Sang');
INSERT INTO tbl_vn_ward (ward_id, district_id, ward_name) VALUES (3571, 109, 'X횄짙 D횄혻o San');
INSERT INTO tbl_vn_ward (ward_id, district_id, ward_name) VALUES (3574, 109, 'X횄짙 Ma Ly Pho');
INSERT INTO tbl_vn_ward (ward_id, district_id, ward_name) VALUES (3577, 109, 'X횄짙 B찼쨘짙n Lang');
INSERT INTO tbl_vn_ward (ward_id, district_id, ward_name) VALUES (3580, 109, 'X횄짙 Hoang Th횄짢n');
INSERT INTO tbl_vn_ward (ward_id, district_id, ward_name) VALUES (3583, 109, 'X횄짙 Kh찼쨩혮ng L횄혻o');
INSERT INTO tbl_vn_ward (ward_id, district_id, ward_name) VALUES (3586, 109, 'X횄짙 N찼쨘짯m Xe');
INSERT INTO tbl_vn_ward (ward_id, district_id, ward_name) VALUES (3589, 109, 'X횄짙 M횈째찼쨩혶ng So');
INSERT INTO tbl_vn_ward (ward_id, district_id, ward_name) VALUES (3592, 109, 'X횄짙 Sin Su찼쨩혩i H찼쨩혫');
INSERT INTO tbl_vn_district (district_id, province_id, district_name) VALUES (110, 12, 'Huy찼쨩혝n Than Uy횄짧n');
INSERT INTO tbl_vn_ward (ward_id, district_id, ward_name) VALUES (3595, 110, 'Th찼쨩혢 tr찼쨘짜n Than Uy횄짧n');
INSERT INTO tbl_vn_ward (ward_id, district_id, ward_name) VALUES (3618, 110, 'X횄짙 Ph횄쨘c Than');
INSERT INTO tbl_vn_ward (ward_id, district_id, ward_name) VALUES (3619, 110, 'X횄짙 M횈째찼쨩혶ng Than');
INSERT INTO tbl_vn_ward (ward_id, district_id, ward_name) VALUES (3625, 110, 'X횄짙 M횈째찼쨩혶ng M횄짯t');
INSERT INTO tbl_vn_ward (ward_id, district_id, ward_name) VALUES (3628, 110, 'X횄짙 Pha Mu');
INSERT INTO tbl_vn_ward (ward_id, district_id, ward_name) VALUES (3631, 110, 'X횄짙 M횈째찼쨩혶ng Cang');
INSERT INTO tbl_vn_ward (ward_id, district_id, ward_name) VALUES (3632, 110, 'X횄짙 Hua N횄혻');
INSERT INTO tbl_vn_ward (ward_id, district_id, ward_name) VALUES (3634, 110, 'X횄짙 T횄혻 H찼쨩짬a');
INSERT INTO tbl_vn_ward (ward_id, district_id, ward_name) VALUES (3637, 110, 'X횄짙 M횈째찼쨩혶ng Kim');
INSERT INTO tbl_vn_ward (ward_id, district_id, ward_name) VALUES (3638, 110, 'X횄짙 T횄혻 Mung');
INSERT INTO tbl_vn_ward (ward_id, district_id, ward_name) VALUES (3640, 110, 'X횄짙 T횄혻 Gia');
INSERT INTO tbl_vn_ward (ward_id, district_id, ward_name) VALUES (3643, 110, 'X횄짙 Khoen On');
INSERT INTO tbl_vn_district (district_id, province_id, district_name) VALUES (111, 12, 'Huy찼쨩혝n T횄짖n Uy횄짧n');
INSERT INTO tbl_vn_ward (ward_id, district_id, ward_name) VALUES (3598, 111, 'Th찼쨩혢 tr찼쨘짜n T횄짖n Uy횄짧n');
INSERT INTO tbl_vn_ward (ward_id, district_id, ward_name) VALUES (3601, 111, 'X횄짙 M횈째찼쨩혶ng Khoa');
INSERT INTO tbl_vn_ward (ward_id, district_id, ward_name) VALUES (3602, 111, 'X횄짙 Ph횄쨘c Khoa');
INSERT INTO tbl_vn_ward (ward_id, district_id, ward_name) VALUES (3604, 111, 'X횄짙 Th횄짖n Thu찼쨩혲c');
INSERT INTO tbl_vn_ward (ward_id, district_id, ward_name) VALUES (3605, 111, 'X횄짙 Trung 횆혨찼쨩혫ng');
INSERT INTO tbl_vn_ward (ward_id, district_id, ward_name) VALUES (3607, 111, 'X횄짙 H찼쨩혩 M횄짯t');
INSERT INTO tbl_vn_ward (ward_id, district_id, ward_name) VALUES (3610, 111, 'X횄짙 N찼쨘짯m C찼쨘짠n');
INSERT INTO tbl_vn_ward (ward_id, district_id, ward_name) VALUES (3613, 111, 'X횄짙 N찼쨘짯m S찼쨩혧');
INSERT INTO tbl_vn_ward (ward_id, district_id, ward_name) VALUES (3616, 111, 'X횄짙 P찼쨘짱c Ta');
INSERT INTO tbl_vn_ward (ward_id, district_id, ward_name) VALUES (3622, 111, 'X횄짙 T횄혻 M횄짯t');
INSERT INTO tbl_vn_district (district_id, province_id, district_name) VALUES (112, 12, 'Huy찼쨩혝n N찼쨘짯m Nh횄쨔n');
INSERT INTO tbl_vn_ward (ward_id, district_id, ward_name) VALUES (3434, 112, 'Th찼쨩혢 tr찼쨘짜n N찼쨘짯m Nh횄쨔n');
INSERT INTO tbl_vn_ward (ward_id, district_id, ward_name) VALUES (3460, 112, 'X횄짙 Hua Bun');
INSERT INTO tbl_vn_ward (ward_id, district_id, ward_name) VALUES (3472, 112, 'X횄짙 M횈째찼쨩혶ng M횄쨈');
INSERT INTO tbl_vn_ward (ward_id, district_id, ward_name) VALUES (3473, 112, 'X횄짙 N찼쨘짯m Ch횄혻');
INSERT INTO tbl_vn_ward (ward_id, district_id, ward_name) VALUES (3474, 112, 'X횄짙 N찼쨘짯m Manh');
INSERT INTO tbl_vn_ward (ward_id, district_id, ward_name) VALUES (3475, 112, 'X횄짙 N찼쨘짯m H횄혻ng');
INSERT INTO tbl_vn_ward (ward_id, district_id, ward_name) VALUES (3481, 112, 'X횄짙 L횄짧 L찼쨩짙i');
INSERT INTO tbl_vn_ward (ward_id, district_id, ward_name) VALUES (3484, 112, 'X횄짙 P횄쨘 횆혨ao');
INSERT INTO tbl_vn_ward (ward_id, district_id, ward_name) VALUES (3488, 112, 'X횄짙 N찼쨘짯m P횄짭');
INSERT INTO tbl_vn_ward (ward_id, district_id, ward_name) VALUES (3502, 112, 'X횄짙 N찼쨘짯m Ban');
INSERT INTO tbl_vn_ward (ward_id, district_id, ward_name) VALUES (3503, 112, 'X횄짙 Trung Ch찼쨘짙i');
INSERT INTO tbl_vn_province (province_id, province_name) VALUES (14, 'T찼쨩혟nh S횈징n La');
INSERT INTO tbl_vn_district (district_id, province_id, district_name) VALUES (116, 14, 'Th횄혻nh ph찼쨩혩 S횈징n La');
INSERT INTO tbl_vn_ward (ward_id, district_id, ward_name) VALUES (3646, 116, 'Ph횈째찼쨩혶ng Chi찼쨩혖ng L찼쨩혖');
INSERT INTO tbl_vn_ward (ward_id, district_id, ward_name) VALUES (3649, 116, 'Ph횈째찼쨩혶ng T횄쨈 Hi찼쨩혝u');
INSERT INTO tbl_vn_ward (ward_id, district_id, ward_name) VALUES (3652, 116, 'Ph횈째찼쨩혶ng Quy찼쨘쩔t Th찼쨘짱ng');
INSERT INTO tbl_vn_ward (ward_id, district_id, ward_name) VALUES (3655, 116, 'Ph횈째찼쨩혶ng Quy찼쨘쩔t T횄짖m');
INSERT INTO tbl_vn_ward (ward_id, district_id, ward_name) VALUES (3658, 116, 'X횄짙 Chi찼쨩혖ng C찼쨩혥');
INSERT INTO tbl_vn_ward (ward_id, district_id, ward_name) VALUES (3661, 116, 'X횄짙 Chi찼쨩혖ng 횆혨en');
INSERT INTO tbl_vn_ward (ward_id, district_id, ward_name) VALUES (3664, 116, 'X횄짙 Chi찼쨩혖ng X횄쨈m');
INSERT INTO tbl_vn_ward (ward_id, district_id, ward_name) VALUES (3667, 116, 'Ph횈째찼쨩혶ng Chi찼쨩혖ng An');
INSERT INTO tbl_vn_ward (ward_id, district_id, ward_name) VALUES (3670, 116, 'Ph횈째찼쨩혶ng Chi찼쨩혖ng C횈징i');
INSERT INTO tbl_vn_ward (ward_id, district_id, ward_name) VALUES (3673, 116, 'X횄짙 Chi찼쨩혖ng Ng찼쨘짠n');
INSERT INTO tbl_vn_ward (ward_id, district_id, ward_name) VALUES (3676, 116, 'X횄짙 Hua La');
INSERT INTO tbl_vn_ward (ward_id, district_id, ward_name) VALUES (3679, 116, 'Ph횈째찼쨩혶ng Chi찼쨩혖ng Sinh');
INSERT INTO tbl_vn_district (district_id, province_id, district_name) VALUES (118, 14, 'Huy찼쨩혝n Qu찼쨩쨀nh Nhai');
INSERT INTO tbl_vn_ward (ward_id, district_id, ward_name) VALUES (3682, 118, 'X횄짙 M횈째찼쨩혶ng Chi횄짧n');
INSERT INTO tbl_vn_ward (ward_id, district_id, ward_name) VALUES (3685, 118, 'X횄짙 C횄혻 N횄혻ng');
INSERT INTO tbl_vn_ward (ward_id, district_id, ward_name) VALUES (3688, 118, 'X횄짙 Chi찼쨩혖ng Khay');
INSERT INTO tbl_vn_ward (ward_id, district_id, ward_name) VALUES (3694, 118, 'X횄짙 M횈째찼쨩혶ng Gi횄쨈n');
INSERT INTO tbl_vn_ward (ward_id, district_id, ward_name) VALUES (3697, 118, 'X횄짙 P횄징 Ma Pha Khinh');
INSERT INTO tbl_vn_ward (ward_id, district_id, ward_name) VALUES (3700, 118, 'X횄짙 Chi찼쨩혖ng 횈혻n');
INSERT INTO tbl_vn_ward (ward_id, district_id, ward_name) VALUES (3703, 118, 'X횄짙 M횈째찼쨩혶ng Gi횄혻ng');
INSERT INTO tbl_vn_ward (ward_id, district_id, ward_name) VALUES (3706, 118, 'X횄짙 Chi찼쨩혖ng B찼쨘짹ng');
INSERT INTO tbl_vn_ward (ward_id, district_id, ward_name) VALUES (3709, 118, 'X횄짙 M횈째찼쨩혶ng S찼쨘징i');
INSERT INTO tbl_vn_ward (ward_id, district_id, ward_name) VALUES (3712, 118, 'X횄짙 N찼쨘짯m 횄짤t');
INSERT INTO tbl_vn_ward (ward_id, district_id, ward_name) VALUES (3718, 118, 'X횄짙 Chi찼쨩혖ng Khoang');
INSERT INTO tbl_vn_district (district_id, province_id, district_name) VALUES (119, 14, 'Huy찼쨩혝n Thu찼쨘짯n Ch횄짖u');
INSERT INTO tbl_vn_ward (ward_id, district_id, ward_name) VALUES (3721, 119, 'Th찼쨩혢 tr찼쨘짜n Thu찼쨘짯n Ch횄짖u');
INSERT INTO tbl_vn_ward (ward_id, district_id, ward_name) VALUES (3724, 119, 'X횄짙 Ph찼쨩혮ng L횄징i');
INSERT INTO tbl_vn_ward (ward_id, district_id, ward_name) VALUES (3727, 119, 'X횄짙 M횈째찼쨩혶ng 횄짤');
INSERT INTO tbl_vn_ward (ward_id, district_id, ward_name) VALUES (3730, 119, 'X횄짙 Chi찼쨩혖ng Pha');
INSERT INTO tbl_vn_ward (ward_id, district_id, ward_name) VALUES (3733, 119, 'X횄짙 Chi찼쨩혖ng La');
INSERT INTO tbl_vn_ward (ward_id, district_id, ward_name) VALUES (3736, 119, 'X횄짙 Chi찼쨩혖ng Ng횄혻m');
INSERT INTO tbl_vn_ward (ward_id, district_id, ward_name) VALUES (3739, 119, 'X횄짙 Li찼쨩혝p T횄짢');
INSERT INTO tbl_vn_ward (ward_id, district_id, ward_name) VALUES (3742, 119, 'X횄짙 횄짤 T횄짼ng');
INSERT INTO tbl_vn_ward (ward_id, district_id, ward_name) VALUES (3745, 119, 'X횄짙 Ph찼쨩혮ng L찼쨘짯p');
INSERT INTO tbl_vn_ward (ward_id, district_id, ward_name) VALUES (3748, 119, 'X횄짙 Ph찼쨩혮ng L횆혘ng');
INSERT INTO tbl_vn_ward (ward_id, district_id, ward_name) VALUES (3751, 119, 'X횄짙 Chi찼쨩혖ng Ly');
INSERT INTO tbl_vn_ward (ward_id, district_id, ward_name) VALUES (3754, 119, 'X횄짙 Noong Lay');
INSERT INTO tbl_vn_ward (ward_id, district_id, ward_name) VALUES (3757, 119, 'X횄짙 M횈째찼쨩혶ng Khi횄짧ng');
INSERT INTO tbl_vn_ward (ward_id, district_id, ward_name) VALUES (3760, 119, 'X횄짙 M횈째찼쨩혶ng B횄징m');
INSERT INTO tbl_vn_ward (ward_id, district_id, ward_name) VALUES (3763, 119, 'X횄짙 Long H찼쨘쨔');
INSERT INTO tbl_vn_ward (ward_id, district_id, ward_name) VALUES (3766, 119, 'X횄짙 Chi찼쨩혖ng B횄쨈m');
INSERT INTO tbl_vn_ward (ward_id, district_id, ward_name) VALUES (3769, 119, 'X횄짙 Th횄쨈m M횄짼n');
INSERT INTO tbl_vn_ward (ward_id, district_id, ward_name) VALUES (3772, 119, 'X횄짙 T횄쨈ng L찼쨘징nh');
INSERT INTO tbl_vn_ward (ward_id, district_id, ward_name) VALUES (3775, 119, 'X횄짙 T횄쨈ng C찼쨩혥');
INSERT INTO tbl_vn_ward (ward_id, district_id, ward_name) VALUES (3778, 119, 'X횄짙 B횄쨀 M횈째찼쨩혶i');
INSERT INTO tbl_vn_ward (ward_id, district_id, ward_name) VALUES (3781, 119, 'X횄짙 Co M찼쨘징');
INSERT INTO tbl_vn_ward (ward_id, district_id, ward_name) VALUES (3784, 119, 'X횄짙 P횄쨘ng Tra');
INSERT INTO tbl_vn_ward (ward_id, district_id, ward_name) VALUES (3787, 119, 'X횄짙 Chi찼쨩혖ng P찼쨘짜c');
INSERT INTO tbl_vn_ward (ward_id, district_id, ward_name) VALUES (3790, 119, 'X횄짙 N찼쨘짯m L찼쨘짠u');
INSERT INTO tbl_vn_ward (ward_id, district_id, ward_name) VALUES (3793, 119, 'X횄짙 Bon Ph찼쨘쨌ng');
INSERT INTO tbl_vn_ward (ward_id, district_id, ward_name) VALUES (3796, 119, 'X횄짙 Co T횄짼ng');
INSERT INTO tbl_vn_ward (ward_id, district_id, ward_name) VALUES (3799, 119, 'X횄짙 Mu찼쨩혮i N찼쨩혥i');
INSERT INTO tbl_vn_ward (ward_id, district_id, ward_name) VALUES (3802, 119, 'X횄짙 P횄징 L횄쨈ng');
INSERT INTO tbl_vn_ward (ward_id, district_id, ward_name) VALUES (3805, 119, 'X횄짙 B찼쨘짙n L찼쨘짠m');
INSERT INTO tbl_vn_district (district_id, province_id, district_name) VALUES (120, 14, 'Huy찼쨩혝n M횈째찼쨩혶ng La');
INSERT INTO tbl_vn_ward (ward_id, district_id, ward_name) VALUES (3808, 120, 'Th찼쨩혢 tr찼쨘짜n 횄혥t Ong');
INSERT INTO tbl_vn_ward (ward_id, district_id, ward_name) VALUES (3811, 120, 'X횄짙 N찼쨘짯m Gi횄쨈n');
INSERT INTO tbl_vn_ward (ward_id, district_id, ward_name) VALUES (3814, 120, 'X횄짙 Chi찼쨩혖ng Lao');
INSERT INTO tbl_vn_ward (ward_id, district_id, ward_name) VALUES (3817, 120, 'X횄짙 Hua Trai');
INSERT INTO tbl_vn_ward (ward_id, district_id, ward_name) VALUES (3820, 120, 'X횄짙 Ng찼쨩혥c Chi찼쨘쩔n');
INSERT INTO tbl_vn_ward (ward_id, district_id, ward_name) VALUES (3823, 120, 'X횄짙 M횈째찼쨩혶ng Trai');
INSERT INTO tbl_vn_ward (ward_id, district_id, ward_name) VALUES (3826, 120, 'X횄짙 N찼쨘짯m P횆혘m');
INSERT INTO tbl_vn_ward (ward_id, district_id, ward_name) VALUES (3829, 120, 'X횄짙 Chi찼쨩혖ng Mu횄쨈n');
INSERT INTO tbl_vn_ward (ward_id, district_id, ward_name) VALUES (3832, 120, 'X횄짙 Chi찼쨩혖ng 횄혗n');
INSERT INTO tbl_vn_ward (ward_id, district_id, ward_name) VALUES (3835, 120, 'X횄짙 Pi Toong');
INSERT INTO tbl_vn_ward (ward_id, district_id, ward_name) VALUES (3838, 120, 'X횄짙 Chi찼쨩혖ng C횄쨈ng');
INSERT INTO tbl_vn_ward (ward_id, district_id, ward_name) VALUES (3841, 120, 'X횄짙 T찼쨘징 B횄쨘');
INSERT INTO tbl_vn_ward (ward_id, district_id, ward_name) VALUES (3844, 120, 'X횄짙 Chi찼쨩혖ng San');
INSERT INTO tbl_vn_ward (ward_id, district_id, ward_name) VALUES (3847, 120, 'X횄짙 M횈째찼쨩혶ng B횄쨘');
INSERT INTO tbl_vn_ward (ward_id, district_id, ward_name) VALUES (3850, 120, 'X횄짙 Chi찼쨩혖ng Hoa');
INSERT INTO tbl_vn_ward (ward_id, district_id, ward_name) VALUES (3853, 120, 'X횄짙 M횈째찼쨩혶ng Ch횄쨔m');
INSERT INTO tbl_vn_district (district_id, province_id, district_name) VALUES (121, 14, 'Huy찼쨩혝n B찼쨘짱c Y횄짧n');
INSERT INTO tbl_vn_ward (ward_id, district_id, ward_name) VALUES (3856, 121, 'Th찼쨩혢 tr찼쨘짜n B찼쨘짱c Y횄짧n');
INSERT INTO tbl_vn_ward (ward_id, district_id, ward_name) VALUES (3859, 121, 'X횄짙 Phi횄짧ng Ban');
INSERT INTO tbl_vn_ward (ward_id, district_id, ward_name) VALUES (3862, 121, 'X횄짙 Hang Ch횄쨘');
INSERT INTO tbl_vn_ward (ward_id, district_id, ward_name) VALUES (3865, 121, 'X횄짙 X횄짯m V횄혻ng');
INSERT INTO tbl_vn_ward (ward_id, district_id, ward_name) VALUES (3868, 121, 'X횄짙 T횄혻 X횄쨔a');
INSERT INTO tbl_vn_ward (ward_id, district_id, ward_name) VALUES (3869, 121, 'X횄짙 H횄징ng 횆혨찼쨩혫ng');
INSERT INTO tbl_vn_ward (ward_id, district_id, ward_name) VALUES (3871, 121, 'X횄짙 P찼쨘짱c Ng횄혻');
INSERT INTO tbl_vn_ward (ward_id, district_id, ward_name) VALUES (3874, 121, 'X횄짙 L횄혻ng Ch찼쨘쩔u');
INSERT INTO tbl_vn_ward (ward_id, district_id, ward_name) VALUES (3877, 121, 'X횄짙 Chim V횄혻n');
INSERT INTO tbl_vn_ward (ward_id, district_id, ward_name) VALUES (3880, 121, 'X횄짙 M횈째찼쨩혶ng Khoa');
INSERT INTO tbl_vn_ward (ward_id, district_id, ward_name) VALUES (3883, 121, 'X횄짙 Song Pe');
INSERT INTO tbl_vn_ward (ward_id, district_id, ward_name) VALUES (3886, 121, 'X횄짙 H찼쨩혫ng Ng횄혻i');
INSERT INTO tbl_vn_ward (ward_id, district_id, ward_name) VALUES (3889, 121, 'X횄짙 T찼쨘징 Khoa');
INSERT INTO tbl_vn_ward (ward_id, district_id, ward_name) VALUES (3890, 121, 'X횄짙 Hua Nh횄혻n');
INSERT INTO tbl_vn_ward (ward_id, district_id, ward_name) VALUES (3892, 121, 'X횄짙 Phi횄짧ng C횄쨈n');
INSERT INTO tbl_vn_ward (ward_id, district_id, ward_name) VALUES (3895, 121, 'X횄짙 Chi찼쨩혖ng S찼쨘징i');
INSERT INTO tbl_vn_district (district_id, province_id, district_name) VALUES (122, 14, 'Huy찼쨩혝n Ph횄쨔 Y횄짧n');
INSERT INTO tbl_vn_ward (ward_id, district_id, ward_name) VALUES (3898, 122, 'Th찼쨩혢 tr찼쨘짜n Ph횄쨔 Y횄짧n');
INSERT INTO tbl_vn_ward (ward_id, district_id, ward_name) VALUES (3901, 122, 'X횄짙 Su찼쨩혩i T찼쨩혥');
INSERT INTO tbl_vn_ward (ward_id, district_id, ward_name) VALUES (3904, 122, 'X횄짙 M횈째찼쨩혶ng Th찼쨘짙i');
INSERT INTO tbl_vn_ward (ward_id, district_id, ward_name) VALUES (3907, 122, 'X횄짙 M횈째찼쨩혶ng C횈징i');
INSERT INTO tbl_vn_ward (ward_id, district_id, ward_name) VALUES (3910, 122, 'X횄짙 Quang Huy');
INSERT INTO tbl_vn_ward (ward_id, district_id, ward_name) VALUES (3913, 122, 'X횄짙 Huy B찼쨘짱c');
INSERT INTO tbl_vn_ward (ward_id, district_id, ward_name) VALUES (3916, 122, 'X횄짙 Huy Th횈째찼쨩짙ng');
INSERT INTO tbl_vn_ward (ward_id, district_id, ward_name) VALUES (3919, 122, 'X횄짙 T횄짖n Lang');
INSERT INTO tbl_vn_ward (ward_id, district_id, ward_name) VALUES (3922, 122, 'X횄짙 Gia Ph횄쨔');
INSERT INTO tbl_vn_ward (ward_id, district_id, ward_name) VALUES (3925, 122, 'X횄짙 T횈째찼쨩혶ng Ph횄쨔');
INSERT INTO tbl_vn_ward (ward_id, district_id, ward_name) VALUES (3928, 122, 'X횄짙 Huy H찼쨘징');
INSERT INTO tbl_vn_ward (ward_id, district_id, ward_name) VALUES (3931, 122, 'X횄짙 Huy T횄짖n');
INSERT INTO tbl_vn_ward (ward_id, district_id, ward_name) VALUES (3934, 122, 'X횄짙 M횈째찼쨩혶ng Lang');
INSERT INTO tbl_vn_ward (ward_id, district_id, ward_name) VALUES (3937, 122, 'X횄짙 Su찼쨩혩i Bau');
INSERT INTO tbl_vn_ward (ward_id, district_id, ward_name) VALUES (3940, 122, 'X횄짙 Huy T횈째찼쨩혶ng');
INSERT INTO tbl_vn_ward (ward_id, district_id, ward_name) VALUES (3943, 122, 'X횄짙 M횈째찼쨩혶ng Do');
INSERT INTO tbl_vn_ward (ward_id, district_id, ward_name) VALUES (3946, 122, 'X횄짙 S찼쨘짯p Xa');
INSERT INTO tbl_vn_ward (ward_id, district_id, ward_name) VALUES (3949, 122, 'X횄짙 T횈째찼쨩혶ng Th횈째찼쨩짙ng');
INSERT INTO tbl_vn_ward (ward_id, district_id, ward_name) VALUES (3952, 122, 'X횄짙 T횈째찼쨩혶ng Ti찼쨘쩔n');
INSERT INTO tbl_vn_ward (ward_id, district_id, ward_name) VALUES (3955, 122, 'X횄짙 T횈째찼쨩혶ng Phong');
INSERT INTO tbl_vn_ward (ward_id, district_id, ward_name) VALUES (3958, 122, 'X횄짙 T횈째찼쨩혶ng H찼쨘징');
INSERT INTO tbl_vn_ward (ward_id, district_id, ward_name) VALUES (3961, 122, 'X횄짙 Kim Bon');
INSERT INTO tbl_vn_ward (ward_id, district_id, ward_name) VALUES (3964, 122, 'X횄짙 M횈째찼쨩혶ng Bang');
INSERT INTO tbl_vn_ward (ward_id, district_id, ward_name) VALUES (3967, 122, 'X횄짙 횆혨횄징 횆혨찼쨩혧');
INSERT INTO tbl_vn_ward (ward_id, district_id, ward_name) VALUES (3970, 122, 'X횄짙 T횄짖n Phong');
INSERT INTO tbl_vn_ward (ward_id, district_id, ward_name) VALUES (3973, 122, 'X횄짙 Nam Phong');
INSERT INTO tbl_vn_ward (ward_id, district_id, ward_name) VALUES (3976, 122, 'X횄짙 B찼쨘짱c Phong');
INSERT INTO tbl_vn_district (district_id, province_id, district_name) VALUES (123, 14, 'Huy찼쨩혝n M찼쨩혲c Ch횄짖u');
INSERT INTO tbl_vn_ward (ward_id, district_id, ward_name) VALUES (3979, 123, 'Th찼쨩혢 tr찼쨘짜n M찼쨩혲c Ch횄짖u');
INSERT INTO tbl_vn_ward (ward_id, district_id, ward_name) VALUES (3982, 123, 'Th찼쨩혢 tr찼쨘짜n NT M찼쨩혲c Ch횄짖u');
INSERT INTO tbl_vn_ward (ward_id, district_id, ward_name) VALUES (3985, 123, 'X횄짙 Chi찼쨩혖ng S횈징n');
INSERT INTO tbl_vn_ward (ward_id, district_id, ward_name) VALUES (3988, 123, 'X횄짙 T횄짖n H찼쨩짙p');
INSERT INTO tbl_vn_ward (ward_id, district_id, ward_name) VALUES (3991, 123, 'X횄짙 Qui H횈째찼쨩혴ng');
INSERT INTO tbl_vn_ward (ward_id, district_id, ward_name) VALUES (3997, 123, 'X횄짙 T횄짖n L찼쨘짯p');
INSERT INTO tbl_vn_ward (ward_id, district_id, ward_name) VALUES (4000, 123, 'X횄짙 N횄혻 M횈째찼쨩혶ng');
INSERT INTO tbl_vn_ward (ward_id, district_id, ward_name) VALUES (4003, 123, 'X횄짙 T횄혻 Lai');
INSERT INTO tbl_vn_ward (ward_id, district_id, ward_name) VALUES (4012, 123, 'X횄짙 Chi찼쨩혖ng H찼쨘짱c');
INSERT INTO tbl_vn_ward (ward_id, district_id, ward_name) VALUES (4015, 123, 'X횄짙 Hua P횆혘ng');
INSERT INTO tbl_vn_ward (ward_id, district_id, ward_name) VALUES (4024, 123, 'X횄짙 Chi찼쨩혖ng Kh찼쨩짬a');
INSERT INTO tbl_vn_ward (ward_id, district_id, ward_name) VALUES (4027, 123, 'X횄짙 M횈째찼쨩혶ng Sang');
INSERT INTO tbl_vn_ward (ward_id, district_id, ward_name) VALUES (4030, 123, 'X횄짙 횆혨횄쨈ng Sang');
INSERT INTO tbl_vn_ward (ward_id, district_id, ward_name) VALUES (4033, 123, 'X횄짙 Phi횄짧ng Lu횄쨈ng');
INSERT INTO tbl_vn_ward (ward_id, district_id, ward_name) VALUES (4045, 123, 'X횄짙 L횄쨀ng S찼쨘짯p');
INSERT INTO tbl_vn_district (district_id, province_id, district_name) VALUES (124, 14, 'Huy찼쨩혝n Y횄짧n Ch횄짖u');
INSERT INTO tbl_vn_ward (ward_id, district_id, ward_name) VALUES (4060, 124, 'Th찼쨩혢 tr찼쨘짜n Y횄짧n Ch횄짖u');
INSERT INTO tbl_vn_ward (ward_id, district_id, ward_name) VALUES (4063, 124, 'X횄짙 Chi찼쨩혖ng 횆혨횄쨈ng');
INSERT INTO tbl_vn_ward (ward_id, district_id, ward_name) VALUES (4066, 124, 'X횄짙 S찼쨘짯p V찼쨘징t');
INSERT INTO tbl_vn_ward (ward_id, district_id, ward_name) VALUES (4069, 124, 'X횄짙 Chi찼쨩혖ng S횄혻ng');
INSERT INTO tbl_vn_ward (ward_id, district_id, ward_name) VALUES (4072, 124, 'X횄짙 Chi찼쨩혖ng P찼쨘짹n');
INSERT INTO tbl_vn_ward (ward_id, district_id, ward_name) VALUES (4075, 124, 'X횄짙 Vi횄짧ng L횄징n');
INSERT INTO tbl_vn_ward (ward_id, district_id, ward_name) VALUES (4078, 124, 'X횄짙 Chi찼쨩혖ng H찼쨘쨌c');
INSERT INTO tbl_vn_ward (ward_id, district_id, ward_name) VALUES (4081, 124, 'X횄짙 M횈째찼쨩혶ng L찼쨩짹m');
INSERT INTO tbl_vn_ward (ward_id, district_id, ward_name) VALUES (4084, 124, 'X횄짙 Chi찼쨩혖ng On');
INSERT INTO tbl_vn_ward (ward_id, district_id, ward_name) VALUES (4087, 124, 'X횄짙 Y횄짧n S횈징n');
INSERT INTO tbl_vn_ward (ward_id, district_id, ward_name) VALUES (4090, 124, 'X횄짙 Chi찼쨩혖ng Khoi');
INSERT INTO tbl_vn_ward (ward_id, district_id, ward_name) VALUES (4093, 124, 'X횄짙 T횄쨘 Nang');
INSERT INTO tbl_vn_ward (ward_id, district_id, ward_name) VALUES (4096, 124, 'X횄짙 L횄쨀ng Phi횄짧ng');
INSERT INTO tbl_vn_ward (ward_id, district_id, ward_name) VALUES (4099, 124, 'X횄짙 Phi횄짧ng Kho횄혻i');
INSERT INTO tbl_vn_ward (ward_id, district_id, ward_name) VALUES (4102, 124, 'X횄짙 Chi찼쨩혖ng T횈째횈징ng');
INSERT INTO tbl_vn_district (district_id, province_id, district_name) VALUES (125, 14, 'Huy찼쨩혝n Mai S횈징n');
INSERT INTO tbl_vn_ward (ward_id, district_id, ward_name) VALUES (4105, 125, 'Th찼쨩혢 tr찼쨘짜n H횄징t L횄쨀t');
INSERT INTO tbl_vn_ward (ward_id, district_id, ward_name) VALUES (4108, 125, 'X횄짙 Chi찼쨩혖ng Sung');
INSERT INTO tbl_vn_ward (ward_id, district_id, ward_name) VALUES (4111, 125, 'X횄짙 M횈째찼쨩혶ng B찼쨘짹ng');
INSERT INTO tbl_vn_ward (ward_id, district_id, ward_name) VALUES (4114, 125, 'X횄짙 Chi찼쨩혖ng Ch횆혘n');
INSERT INTO tbl_vn_ward (ward_id, district_id, ward_name) VALUES (4117, 125, 'X횄짙 M횈째횈징ng Chanh');
INSERT INTO tbl_vn_ward (ward_id, district_id, ward_name) VALUES (4120, 125, 'X횄짙 Chi찼쨩혖ng Ban');
INSERT INTO tbl_vn_ward (ward_id, district_id, ward_name) VALUES (4123, 125, 'X횄짙 Chi찼쨩혖ng Mung');
INSERT INTO tbl_vn_ward (ward_id, district_id, ward_name) VALUES (4126, 125, 'X횄짙 M횈째찼쨩혶ng Bon');
INSERT INTO tbl_vn_ward (ward_id, district_id, ward_name) VALUES (4129, 125, 'X횄짙 Chi찼쨩혖ng Chung');
INSERT INTO tbl_vn_ward (ward_id, district_id, ward_name) VALUES (4132, 125, 'X횄짙 Chi찼쨩혖ng Mai');
INSERT INTO tbl_vn_ward (ward_id, district_id, ward_name) VALUES (4135, 125, 'X횄짙 H횄징t L횄쨀t');
INSERT INTO tbl_vn_ward (ward_id, district_id, ward_name) VALUES (4136, 125, 'X횄짙 N횄혻 P횄쨀');
INSERT INTO tbl_vn_ward (ward_id, district_id, ward_name) VALUES (4138, 125, 'X횄짙 C횄짼 N횄짼i');
INSERT INTO tbl_vn_ward (ward_id, district_id, ward_name) VALUES (4141, 125, 'X횄짙 Chi찼쨩혖ng N횈징i');
INSERT INTO tbl_vn_ward (ward_id, district_id, ward_name) VALUES (4144, 125, 'X횄짙 Phi횄짧ng C찼쨘짹m');
INSERT INTO tbl_vn_ward (ward_id, district_id, ward_name) VALUES (4147, 125, 'X횄짙 Chi찼쨩혖ng Dong');
INSERT INTO tbl_vn_ward (ward_id, district_id, ward_name) VALUES (4150, 125, 'X횄짙 Chi찼쨩혖ng Kheo');
INSERT INTO tbl_vn_ward (ward_id, district_id, ward_name) VALUES (4153, 125, 'X횄짙 Chi찼쨩혖ng Ve');
INSERT INTO tbl_vn_ward (ward_id, district_id, ward_name) VALUES (4156, 125, 'X횄짙 Chi찼쨩혖ng L횈째횈징ng');
INSERT INTO tbl_vn_ward (ward_id, district_id, ward_name) VALUES (4159, 125, 'X횄짙 Phi횄짧ng P찼쨘짹n');
INSERT INTO tbl_vn_ward (ward_id, district_id, ward_name) VALUES (4162, 125, 'X횄짙 N횄혻 횈혻t');
INSERT INTO tbl_vn_ward (ward_id, district_id, ward_name) VALUES (4165, 125, 'X횄짙 T횄혻 H찼쨩혲c');
INSERT INTO tbl_vn_district (district_id, province_id, district_name) VALUES (126, 14, 'Huy찼쨩혝n S횄쨈ng M횄짙');
INSERT INTO tbl_vn_ward (ward_id, district_id, ward_name) VALUES (4168, 126, 'Th찼쨩혢 tr찼쨘짜n S횄쨈ng M횄짙');
INSERT INTO tbl_vn_ward (ward_id, district_id, ward_name) VALUES (4171, 126, 'X횄짙 B횄쨀 Sinh');
INSERT INTO tbl_vn_ward (ward_id, district_id, ward_name) VALUES (4174, 126, 'X횄짙 P횄쨘 P찼쨘짤u');
INSERT INTO tbl_vn_ward (ward_id, district_id, ward_name) VALUES (4177, 126, 'X횄짙 Chi찼쨩혖ng Phung');
INSERT INTO tbl_vn_ward (ward_id, district_id, ward_name) VALUES (4180, 126, 'X횄짙 Chi찼쨩혖ng En');
INSERT INTO tbl_vn_ward (ward_id, district_id, ward_name) VALUES (4183, 126, 'X횄짙 M횈째찼쨩혶ng L찼쨘짠m');
INSERT INTO tbl_vn_ward (ward_id, district_id, ward_name) VALUES (4186, 126, 'X횄짙 N찼쨘짯m Ty');
INSERT INTO tbl_vn_ward (ward_id, district_id, ward_name) VALUES (4189, 126, 'X횄짙 횆혨찼쨩짤a M횄짼n');
INSERT INTO tbl_vn_ward (ward_id, district_id, ward_name) VALUES (4192, 126, 'X횄짙 Y횄짧n H횈째ng');
INSERT INTO tbl_vn_ward (ward_id, district_id, ward_name) VALUES (4195, 126, 'X횄짙 Chi찼쨩혖ng S횈징');
INSERT INTO tbl_vn_ward (ward_id, district_id, ward_name) VALUES (4198, 126, 'X횄짙 N횄혻 Ngh찼쨩혢u');
INSERT INTO tbl_vn_ward (ward_id, district_id, ward_name) VALUES (4201, 126, 'X횄짙 N찼쨘짯m M찼쨘짹n');
INSERT INTO tbl_vn_ward (ward_id, district_id, ward_name) VALUES (4204, 126, 'X횄짙 Chi찼쨩혖ng Khoong');
INSERT INTO tbl_vn_ward (ward_id, district_id, ward_name) VALUES (4207, 126, 'X횄짙 Chi찼쨩혖ng Cang');
INSERT INTO tbl_vn_ward (ward_id, district_id, ward_name) VALUES (4210, 126, 'X횄짙 Hu찼쨩혮i M찼쨩혲t');
INSERT INTO tbl_vn_ward (ward_id, district_id, ward_name) VALUES (4213, 126, 'X횄짙 M횈째찼쨩혶ng Sai');
INSERT INTO tbl_vn_ward (ward_id, district_id, ward_name) VALUES (4216, 126, 'X횄짙 M횈째찼쨩혶ng Cai');
INSERT INTO tbl_vn_ward (ward_id, district_id, ward_name) VALUES (4219, 126, 'X횄짙 M횈째찼쨩혶ng Hung');
INSERT INTO tbl_vn_ward (ward_id, district_id, ward_name) VALUES (4222, 126, 'X횄짙 Chi찼쨩혖ng Kh횈째횈징ng');
INSERT INTO tbl_vn_district (district_id, province_id, district_name) VALUES (127, 14, 'Huy찼쨩혝n S찼쨩혩p C찼쨩혲p');
INSERT INTO tbl_vn_ward (ward_id, district_id, ward_name) VALUES (4225, 127, 'X횄짙 Sam Kha');
INSERT INTO tbl_vn_ward (ward_id, district_id, ward_name) VALUES (4228, 127, 'X횄짙 P횄쨘ng B횄징nh');
INSERT INTO tbl_vn_ward (ward_id, district_id, ward_name) VALUES (4231, 127, 'X횄짙 S찼쨩혩p C찼쨩혲p');
INSERT INTO tbl_vn_ward (ward_id, district_id, ward_name) VALUES (4234, 127, 'X횄짙 D찼쨩혫m Cang');
INSERT INTO tbl_vn_ward (ward_id, district_id, ward_name) VALUES (4237, 127, 'X횄짙 N찼쨘짯m L찼쨘징nh');
INSERT INTO tbl_vn_ward (ward_id, district_id, ward_name) VALUES (4240, 127, 'X횄짙 M횈째찼쨩혶ng L횄짢o');
INSERT INTO tbl_vn_ward (ward_id, district_id, ward_name) VALUES (4243, 127, 'X횄짙 M횈째찼쨩혶ng V횄혻');
INSERT INTO tbl_vn_ward (ward_id, district_id, ward_name) VALUES (4246, 127, 'X횄짙 M횈째찼쨩혶ng L찼쨘징n');
INSERT INTO tbl_vn_district (district_id, province_id, district_name) VALUES (128, 14, 'Huy찼쨩혝n V횄짖n H찼쨩혫');
INSERT INTO tbl_vn_ward (ward_id, district_id, ward_name) VALUES (3994, 128, 'X횄짙 Su찼쨩혩i B횄혻ng');
INSERT INTO tbl_vn_ward (ward_id, district_id, ward_name) VALUES (4006, 128, 'X횄짙 Song Kh찼쨩짠a');
INSERT INTO tbl_vn_ward (ward_id, district_id, ward_name) VALUES (4009, 128, 'X횄짙 Li횄짧n Ho횄혻');
INSERT INTO tbl_vn_ward (ward_id, district_id, ward_name) VALUES (4018, 128, 'X횄짙 T횄쨈 M횄쨘a');
INSERT INTO tbl_vn_ward (ward_id, district_id, ward_name) VALUES (4021, 128, 'X횄짙 M횈째찼쨩혶ng T횄짢');
INSERT INTO tbl_vn_ward (ward_id, district_id, ward_name) VALUES (4036, 128, 'X횄짙 Chi찼쨩혖ng Khoa');
INSERT INTO tbl_vn_ward (ward_id, district_id, ward_name) VALUES (4039, 128, 'X횄짙 M횈째찼쨩혶ng Men');
INSERT INTO tbl_vn_ward (ward_id, district_id, ward_name) VALUES (4042, 128, 'X횄짙 Quang Minh');
INSERT INTO tbl_vn_ward (ward_id, district_id, ward_name) VALUES (4048, 128, 'X횄짙 V횄짖n H찼쨩혫');
INSERT INTO tbl_vn_ward (ward_id, district_id, ward_name) VALUES (4051, 128, 'X횄짙 L횄쨀ng Lu횄쨈ng');
INSERT INTO tbl_vn_ward (ward_id, district_id, ward_name) VALUES (4054, 128, 'X횄짙 Chi찼쨩혖ng Y횄짧n');
INSERT INTO tbl_vn_ward (ward_id, district_id, ward_name) VALUES (4056, 128, 'X횄짙 Chi찼쨩혖ng Xu횄짖n');
INSERT INTO tbl_vn_ward (ward_id, district_id, ward_name) VALUES (4057, 128, 'X횄짙 Xu횄짖n Nha');
INSERT INTO tbl_vn_ward (ward_id, district_id, ward_name) VALUES (4058, 128, 'X횄짙 T횄짖n Xu횄짖n');
INSERT INTO tbl_vn_province (province_id, province_name) VALUES (15, 'T찼쨩혟nh Y횄짧n B횄징i');
INSERT INTO tbl_vn_district (district_id, province_id, district_name) VALUES (132, 15, 'Th횄혻nh ph찼쨩혩 Y횄짧n B횄징i');
INSERT INTO tbl_vn_ward (ward_id, district_id, ward_name) VALUES (4249, 132, 'Ph횈째찼쨩혶ng Y횄짧n Th찼쨩혢nh');
INSERT INTO tbl_vn_ward (ward_id, district_id, ward_name) VALUES (4252, 132, 'Ph횈째찼쨩혶ng Y횄짧n Ninh');
INSERT INTO tbl_vn_ward (ward_id, district_id, ward_name) VALUES (4255, 132, 'Ph횈째찼쨩혶ng Minh T횄짖n');
INSERT INTO tbl_vn_ward (ward_id, district_id, ward_name) VALUES (4258, 132, 'Ph횈째찼쨩혶ng Nguy찼쨩혚n Th횄징i H찼쨩혥c');
INSERT INTO tbl_vn_ward (ward_id, district_id, ward_name) VALUES (4261, 132, 'Ph횈째찼쨩혶ng 횆혨찼쨩혫ng T횄짖m');
INSERT INTO tbl_vn_ward (ward_id, district_id, ward_name) VALUES (4264, 132, 'Ph횈째찼쨩혶ng H찼쨩혫ng H횄혻');
INSERT INTO tbl_vn_ward (ward_id, district_id, ward_name) VALUES (4270, 132, 'X횄짙 Minh B찼쨘짙o');
INSERT INTO tbl_vn_ward (ward_id, district_id, ward_name) VALUES (4273, 132, 'Ph횈째찼쨩혶ng Nam C횈째찼쨩혶ng');
INSERT INTO tbl_vn_ward (ward_id, district_id, ward_name) VALUES (4276, 132, 'X횄짙 Tuy L찼쨩혲c');
INSERT INTO tbl_vn_ward (ward_id, district_id, ward_name) VALUES (4279, 132, 'X횄짙 T횄짖n Th찼쨩혢nh');
INSERT INTO tbl_vn_ward (ward_id, district_id, ward_name) VALUES (4540, 132, 'X횄짙 횄혗u L횄짖u');
INSERT INTO tbl_vn_ward (ward_id, district_id, ward_name) VALUES (4543, 132, 'X횄짙 Gi찼쨩혴i Phi횄짧n');
INSERT INTO tbl_vn_ward (ward_id, district_id, ward_name) VALUES (4546, 132, 'Ph횈째찼쨩혶ng H찼쨩짙p Minh');
INSERT INTO tbl_vn_ward (ward_id, district_id, ward_name) VALUES (4558, 132, 'X횄짙 V횆혘n Ph횄쨘');
INSERT INTO tbl_vn_district (district_id, province_id, district_name) VALUES (133, 15, 'Th찼쨩혢 x횄짙 Ngh횆짤a L찼쨩혲');
INSERT INTO tbl_vn_ward (ward_id, district_id, ward_name) VALUES (4282, 133, 'Ph횈째찼쨩혶ng P횄쨘 Tr찼쨘징ng');
INSERT INTO tbl_vn_ward (ward_id, district_id, ward_name) VALUES (4285, 133, 'Ph횈째찼쨩혶ng Trung T횄짖m');
INSERT INTO tbl_vn_ward (ward_id, district_id, ward_name) VALUES (4288, 133, 'Ph횈째찼쨩혶ng T횄짖n An');
INSERT INTO tbl_vn_ward (ward_id, district_id, ward_name) VALUES (4291, 133, 'Ph횈째찼쨩혶ng C찼쨘짠u Thia');
INSERT INTO tbl_vn_ward (ward_id, district_id, ward_name) VALUES (4294, 133, 'X횄짙 Ngh횆짤a L찼쨩짙i');
INSERT INTO tbl_vn_ward (ward_id, district_id, ward_name) VALUES (4297, 133, 'X횄짙 Ngh횆짤a Ph횄쨘c');
INSERT INTO tbl_vn_ward (ward_id, district_id, ward_name) VALUES (4300, 133, 'X횄짙 Ngh횆짤a An');
INSERT INTO tbl_vn_ward (ward_id, district_id, ward_name) VALUES (4624, 133, 'X횄짙 Ngh횆짤a L찼쨩혲');
INSERT INTO tbl_vn_ward (ward_id, district_id, ward_name) VALUES (4660, 133, 'X횄짙 S횈징n A');
INSERT INTO tbl_vn_ward (ward_id, district_id, ward_name) VALUES (4663, 133, 'X횄짙 Ph횄쨔 Nham');
INSERT INTO tbl_vn_ward (ward_id, district_id, ward_name) VALUES (4675, 133, 'X횄짙 Thanh L횈째횈징ng');
INSERT INTO tbl_vn_ward (ward_id, district_id, ward_name) VALUES (4678, 133, 'X횄짙 H찼쨘징nh S횈징n');
INSERT INTO tbl_vn_ward (ward_id, district_id, ward_name) VALUES (4681, 133, 'X횄짙 Ph횄쨘c S횈징n');
INSERT INTO tbl_vn_ward (ward_id, district_id, ward_name) VALUES (4684, 133, 'X횄짙 Th찼쨘징ch L횈째횈징ng');
INSERT INTO tbl_vn_district (district_id, province_id, district_name) VALUES (135, 15, 'Huy찼쨩혝n L찼쨩짜c Y횄짧n');
INSERT INTO tbl_vn_ward (ward_id, district_id, ward_name) VALUES (4303, 135, 'Th찼쨩혢 tr찼쨘짜n Y횄짧n Th찼쨘쩔');
INSERT INTO tbl_vn_ward (ward_id, district_id, ward_name) VALUES (4306, 135, 'X횄짙 T횄짖n Ph횈째찼쨩짙ng');
INSERT INTO tbl_vn_ward (ward_id, district_id, ward_name) VALUES (4309, 135, 'X횄짙 L횄짖m Th횈째찼쨩짙ng');
INSERT INTO tbl_vn_ward (ward_id, district_id, ward_name) VALUES (4312, 135, 'X횄짙 Kh횄징nh Thi찼쨩혝n');
INSERT INTO tbl_vn_ward (ward_id, district_id, ward_name) VALUES (4315, 135, 'X횄짙 Minh Chu찼쨘짤n');
INSERT INTO tbl_vn_ward (ward_id, district_id, ward_name) VALUES (4318, 135, 'X횄짙 Mai S횈징n');
INSERT INTO tbl_vn_ward (ward_id, district_id, ward_name) VALUES (4321, 135, 'X횄짙 Khai Trung');
INSERT INTO tbl_vn_ward (ward_id, district_id, ward_name) VALUES (4324, 135, 'X횄짙 M횈째찼쨩혶ng Lai');
INSERT INTO tbl_vn_ward (ward_id, district_id, ward_name) VALUES (4327, 135, 'X횄짙 An L찼쨘징c');
INSERT INTO tbl_vn_ward (ward_id, district_id, ward_name) VALUES (4330, 135, 'X횄짙 Minh Xu횄짖n');
INSERT INTO tbl_vn_ward (ward_id, district_id, ward_name) VALUES (4333, 135, 'X횄짙 T횄쨈 M찼쨘짯u');
INSERT INTO tbl_vn_ward (ward_id, district_id, ward_name) VALUES (4336, 135, 'X횄짙 T횄짖n L횆짤nh');
INSERT INTO tbl_vn_ward (ward_id, district_id, ward_name) VALUES (4339, 135, 'X횄짙 Y횄짧n Th찼쨘짱ng');
INSERT INTO tbl_vn_ward (ward_id, district_id, ward_name) VALUES (4342, 135, 'X횄짙 Kh횄징nh Ho횄혻');
INSERT INTO tbl_vn_ward (ward_id, district_id, ward_name) VALUES (4345, 135, 'X횄짙 V횆짤nh L찼쨘징c');
INSERT INTO tbl_vn_ward (ward_id, district_id, ward_name) VALUES (4348, 135, 'X횄짙 Li찼쨩혚u 횆혨횄쨈');
INSERT INTO tbl_vn_ward (ward_id, district_id, ward_name) VALUES (4351, 135, 'X횄짙 횆혨찼쨩혲ng Quan');
INSERT INTO tbl_vn_ward (ward_id, district_id, ward_name) VALUES (4354, 135, 'X횄짙 T횄짖n L찼쨘짯p');
INSERT INTO tbl_vn_ward (ward_id, district_id, ward_name) VALUES (4357, 135, 'X횄짙 Minh Ti찼쨘쩔n');
INSERT INTO tbl_vn_ward (ward_id, district_id, ward_name) VALUES (4360, 135, 'X횄짙 Tr횄쨘c L횄짖u');
INSERT INTO tbl_vn_ward (ward_id, district_id, ward_name) VALUES (4363, 135, 'X횄짙 Ph횄쨘c L찼쨩짙i');
INSERT INTO tbl_vn_ward (ward_id, district_id, ward_name) VALUES (4366, 135, 'X횄짙 Phan Thanh');
INSERT INTO tbl_vn_ward (ward_id, district_id, ward_name) VALUES (4369, 135, 'X횄짙 An Ph횄쨘');
INSERT INTO tbl_vn_ward (ward_id, district_id, ward_name) VALUES (4372, 135, 'X횄짙 Trung T횄짖m');
INSERT INTO tbl_vn_district (district_id, province_id, district_name) VALUES (136, 15, 'Huy찼쨩혝n V횆혘n Y횄짧n');
INSERT INTO tbl_vn_ward (ward_id, district_id, ward_name) VALUES (4375, 136, 'Th찼쨩혢 tr찼쨘짜n M찼쨘짯u A');
INSERT INTO tbl_vn_ward (ward_id, district_id, ward_name) VALUES (4378, 136, 'X횄짙 Lang Th횄짯p');
INSERT INTO tbl_vn_ward (ward_id, district_id, ward_name) VALUES (4381, 136, 'X횄짙 L횄짖m Giang');
INSERT INTO tbl_vn_ward (ward_id, district_id, ward_name) VALUES (4384, 136, 'X횄짙 Ch횄짖u Qu찼쨘쩔 Th횈째찼쨩짙ng');
INSERT INTO tbl_vn_ward (ward_id, district_id, ward_name) VALUES (4387, 136, 'X횄짙 Ch횄짖u Qu찼쨘쩔 H찼쨘징');
INSERT INTO tbl_vn_ward (ward_id, district_id, ward_name) VALUES (4390, 136, 'X횄짙 An B횄짭nh');
INSERT INTO tbl_vn_ward (ward_id, district_id, ward_name) VALUES (4393, 136, 'X횄짙 Quang Minh');
INSERT INTO tbl_vn_ward (ward_id, district_id, ward_name) VALUES (4396, 136, 'X횄짙 횆혨횄쨈ng An');
INSERT INTO tbl_vn_ward (ward_id, district_id, ward_name) VALUES (4399, 136, 'X횄짙 횆혨횄쨈ng Cu횄쨈ng');
INSERT INTO tbl_vn_ward (ward_id, district_id, ward_name) VALUES (4402, 136, 'X횄짙 Phong D찼쨩짜 H찼쨘징');
INSERT INTO tbl_vn_ward (ward_id, district_id, ward_name) VALUES (4405, 136, 'X횄짙 M찼쨘짯u 횆혨횄쨈ng');
INSERT INTO tbl_vn_ward (ward_id, district_id, ward_name) VALUES (4408, 136, 'X횄짙 Ng횄짼i A');
INSERT INTO tbl_vn_ward (ward_id, district_id, ward_name) VALUES (4411, 136, 'X횄짙 Xu횄짖n T찼쨘짠m');
INSERT INTO tbl_vn_ward (ward_id, district_id, ward_name) VALUES (4414, 136, 'X횄짙 T횄짖n H찼쨩짙p');
INSERT INTO tbl_vn_ward (ward_id, district_id, ward_name) VALUES (4417, 136, 'X횄짙 An Th찼쨩혢nh');
INSERT INTO tbl_vn_ward (ward_id, district_id, ward_name) VALUES (4420, 136, 'X횄짙 Y횄짧n Th횄징i');
INSERT INTO tbl_vn_ward (ward_id, district_id, ward_name) VALUES (4423, 136, 'X횄짙 Phong D찼쨩짜 Th횈째찼쨩짙ng');
INSERT INTO tbl_vn_ward (ward_id, district_id, ward_name) VALUES (4426, 136, 'X횄짙 Y횄짧n H찼쨩짙p');
INSERT INTO tbl_vn_ward (ward_id, district_id, ward_name) VALUES (4429, 136, 'X횄짙 횆혨찼쨘징i S횈징n');
INSERT INTO tbl_vn_ward (ward_id, district_id, ward_name) VALUES (4435, 136, 'X횄짙 횆혨찼쨘징i Ph횄징c');
INSERT INTO tbl_vn_ward (ward_id, district_id, ward_name) VALUES (4438, 136, 'X횄짙 Y횄짧n Ph횄쨘');
INSERT INTO tbl_vn_ward (ward_id, district_id, ward_name) VALUES (4441, 136, 'X횄짙 Xu횄짖n 횄혖i');
INSERT INTO tbl_vn_ward (ward_id, district_id, ward_name) VALUES (4447, 136, 'X횄짙 Vi찼쨩혚n S횈징n');
INSERT INTO tbl_vn_ward (ward_id, district_id, ward_name) VALUES (4450, 136, 'X횄짙 M찼쨩혧 V횄혻ng');
INSERT INTO tbl_vn_ward (ward_id, district_id, ward_name) VALUES (4453, 136, 'X횄짙 N횄혻 H찼쨘짤u');
INSERT INTO tbl_vn_district (district_id, province_id, district_name) VALUES (137, 15, 'Huy찼쨩혝n M횄쨔 C횆혘ng Ch찼쨘짙i');
INSERT INTO tbl_vn_ward (ward_id, district_id, ward_name) VALUES (4456, 137, 'Th찼쨩혢 tr찼쨘짜n M횄쨔 C횆혘ng Ch찼쨘짙i');
INSERT INTO tbl_vn_ward (ward_id, district_id, ward_name) VALUES (4459, 137, 'X횄짙 H찼쨩혫 B찼쨩혩n');
INSERT INTO tbl_vn_ward (ward_id, district_id, ward_name) VALUES (4462, 137, 'X횄짙 N찼쨘짯m C횄쨀');
INSERT INTO tbl_vn_ward (ward_id, district_id, ward_name) VALUES (4465, 137, 'X횄짙 Khao Mang');
INSERT INTO tbl_vn_ward (ward_id, district_id, ward_name) VALUES (4468, 137, 'X횄짙 M찼쨩혫 D찼쨩혖');
INSERT INTO tbl_vn_ward (ward_id, district_id, ward_name) VALUES (4471, 137, 'X횄짙 Ch찼쨘쩔 Cu Nha');
INSERT INTO tbl_vn_ward (ward_id, district_id, ward_name) VALUES (4474, 137, 'X횄짙 Lao Ch찼쨘짙i');
INSERT INTO tbl_vn_ward (ward_id, district_id, ward_name) VALUES (4477, 137, 'X횄짙 Kim N찼쨩혥i');
INSERT INTO tbl_vn_ward (ward_id, district_id, ward_name) VALUES (4480, 137, 'X횄짙 Cao Ph찼쨘징');
INSERT INTO tbl_vn_ward (ward_id, district_id, ward_name) VALUES (4483, 137, 'X횄짙 La P횄징n T찼쨘짤n');
INSERT INTO tbl_vn_ward (ward_id, district_id, ward_name) VALUES (4486, 137, 'X횄짙 D찼쨘쩔 Su Ph횄짭nh');
INSERT INTO tbl_vn_ward (ward_id, district_id, ward_name) VALUES (4489, 137, 'X횄짙 Ch찼쨘쩔 T찼쨘징o');
INSERT INTO tbl_vn_ward (ward_id, district_id, ward_name) VALUES (4492, 137, 'X횄짙 P횄쨘ng Lu횄쨈ng');
INSERT INTO tbl_vn_ward (ward_id, district_id, ward_name) VALUES (4495, 137, 'X횄짙 N찼쨘짯m Kh찼쨘짱t');
INSERT INTO tbl_vn_district (district_id, province_id, district_name) VALUES (138, 15, 'Huy찼쨩혝n Tr찼쨘짜n Y횄짧n');
INSERT INTO tbl_vn_ward (ward_id, district_id, ward_name) VALUES (4498, 138, 'Th찼쨩혢 tr찼쨘짜n C찼쨩혮 Ph횄쨘c');
INSERT INTO tbl_vn_ward (ward_id, district_id, ward_name) VALUES (4501, 138, 'X횄짙 T횄짖n 횆혨찼쨩혫ng');
INSERT INTO tbl_vn_ward (ward_id, district_id, ward_name) VALUES (4504, 138, 'X횄짙 B횄징o 횆혨횄징p');
INSERT INTO tbl_vn_ward (ward_id, district_id, ward_name) VALUES (4510, 138, 'X횄짙 Th횄혻nh Th찼쨩혢nh');
INSERT INTO tbl_vn_ward (ward_id, district_id, ward_name) VALUES (4513, 138, 'X횄짙 H횄짼a Cu횄쨈ng');
INSERT INTO tbl_vn_ward (ward_id, district_id, ward_name) VALUES (4516, 138, 'X횄짙 Minh Qu횄징n');
INSERT INTO tbl_vn_ward (ward_id, district_id, ward_name) VALUES (4519, 138, 'X횄짙 Quy M횄쨈ng');
INSERT INTO tbl_vn_ward (ward_id, district_id, ward_name) VALUES (4522, 138, 'X횄짙 C횈째찼쨩혶ng Th찼쨩혢nh');
INSERT INTO tbl_vn_ward (ward_id, district_id, ward_name) VALUES (4525, 138, 'X횄짙 Ki횄짧n Th횄혻nh');
INSERT INTO tbl_vn_ward (ward_id, district_id, ward_name) VALUES (4531, 138, 'X횄짙 Y Can');
INSERT INTO tbl_vn_ward (ward_id, district_id, ward_name) VALUES (4537, 138, 'X횄짙 L횈째횈징ng Th찼쨩혢nh');
INSERT INTO tbl_vn_ward (ward_id, district_id, ward_name) VALUES (4564, 138, 'X횄짙 Vi찼쨩혝t C횈째찼쨩혶ng');
INSERT INTO tbl_vn_ward (ward_id, district_id, ward_name) VALUES (4567, 138, 'X횄짙 Minh Qu횄짖n');
INSERT INTO tbl_vn_ward (ward_id, district_id, ward_name) VALUES (4570, 138, 'X횄짙 H찼쨩혫ng Ca');
INSERT INTO tbl_vn_ward (ward_id, district_id, ward_name) VALUES (4573, 138, 'X횄짙 H횈째ng Th찼쨩혢nh');
INSERT INTO tbl_vn_ward (ward_id, district_id, ward_name) VALUES (4576, 138, 'X횄짙 H횈째ng Kh횄징nh');
INSERT INTO tbl_vn_ward (ward_id, district_id, ward_name) VALUES (4579, 138, 'X횄짙 Vi찼쨩혝t H찼쨩혫ng');
INSERT INTO tbl_vn_ward (ward_id, district_id, ward_name) VALUES (4582, 138, 'X횄짙 V횄짖n H찼쨩혲i');
INSERT INTO tbl_vn_district (district_id, province_id, district_name) VALUES (139, 15, 'Huy찼쨩혝n Tr찼쨘징m T찼쨘짜u');
INSERT INTO tbl_vn_ward (ward_id, district_id, ward_name) VALUES (4585, 139, 'Th찼쨩혢 tr찼쨘짜n Tr찼쨘징m T찼쨘짜u');
INSERT INTO tbl_vn_ward (ward_id, district_id, ward_name) VALUES (4588, 139, 'X횄짙 T횄쨘c 횆혨횄징n');
INSERT INTO tbl_vn_ward (ward_id, district_id, ward_name) VALUES (4591, 139, 'X횄짙 P횄징 Lau');
INSERT INTO tbl_vn_ward (ward_id, district_id, ward_name) VALUES (4594, 139, 'X횄짙 X횄혻 H찼쨩혫');
INSERT INTO tbl_vn_ward (ward_id, district_id, ward_name) VALUES (4597, 139, 'X횄짙 Ph횄짭nh H찼쨩혫');
INSERT INTO tbl_vn_ward (ward_id, district_id, ward_name) VALUES (4600, 139, 'X횄짙 Tr찼쨘징m T찼쨘짜u');
INSERT INTO tbl_vn_ward (ward_id, district_id, ward_name) VALUES (4603, 139, 'X횄짙 T횄혻 Si L횄징ng');
INSERT INTO tbl_vn_ward (ward_id, district_id, ward_name) VALUES (4606, 139, 'X횄짙 P횄징 Hu');
INSERT INTO tbl_vn_ward (ward_id, district_id, ward_name) VALUES (4609, 139, 'X횄짙 L횄혻ng Nh횄짭');
INSERT INTO tbl_vn_ward (ward_id, district_id, ward_name) VALUES (4612, 139, 'X횄짙 B찼쨘짙n C횄쨈ng');
INSERT INTO tbl_vn_ward (ward_id, district_id, ward_name) VALUES (4615, 139, 'X횄짙 B찼쨘짙n M횄쨔');
INSERT INTO tbl_vn_ward (ward_id, district_id, ward_name) VALUES (4618, 139, 'X횄짙 H횄징t L횄짭u');
INSERT INTO tbl_vn_district (district_id, province_id, district_name) VALUES (140, 15, 'Huy찼쨩혝n V횆혘n Ch찼쨘짜n');
INSERT INTO tbl_vn_ward (ward_id, district_id, ward_name) VALUES (4621, 140, 'Th찼쨩혢 tr찼쨘짜n NT Li횄짧n S횈징n');
INSERT INTO tbl_vn_ward (ward_id, district_id, ward_name) VALUES (4627, 140, 'Th찼쨩혢 tr찼쨘짜n NT Tr찼쨘짠n Ph횄쨘');
INSERT INTO tbl_vn_ward (ward_id, district_id, ward_name) VALUES (4630, 140, 'X횄짙 T횄쨘 L찼쨩혝');
INSERT INTO tbl_vn_ward (ward_id, district_id, ward_name) VALUES (4633, 140, 'X횄짙 N찼쨘짯m B횄쨘ng');
INSERT INTO tbl_vn_ward (ward_id, district_id, ward_name) VALUES (4636, 140, 'X횄짙 Gia H찼쨩혲i');
INSERT INTO tbl_vn_ward (ward_id, district_id, ward_name) VALUES (4639, 140, 'X횄짙 S횄쨔ng 횆혨횄쨈');
INSERT INTO tbl_vn_ward (ward_id, district_id, ward_name) VALUES (4642, 140, 'X횄짙 N찼쨘짯m M횈째찼쨩혶i');
INSERT INTO tbl_vn_ward (ward_id, district_id, ward_name) VALUES (4645, 140, 'X횄짙 An L횈째횈징ng');
INSERT INTO tbl_vn_ward (ward_id, district_id, ward_name) VALUES (4648, 140, 'X횄짙 N찼쨘짯m L횄혻nh');
INSERT INTO tbl_vn_ward (ward_id, district_id, ward_name) VALUES (4651, 140, 'X횄짙 S횈징n L횈째횈징ng');
INSERT INTO tbl_vn_ward (ward_id, district_id, ward_name) VALUES (4654, 140, 'X횄짙 Su찼쨩혩i Quy찼쨩혖n');
INSERT INTO tbl_vn_ward (ward_id, district_id, ward_name) VALUES (4657, 140, 'X횄짙 Su찼쨩혩i Gi횄혻ng');
INSERT INTO tbl_vn_ward (ward_id, district_id, ward_name) VALUES (4666, 140, 'X횄짙 Ngh횆짤a S횈징n');
INSERT INTO tbl_vn_ward (ward_id, district_id, ward_name) VALUES (4669, 140, 'X횄짙 Su찼쨩혩i Bu');
INSERT INTO tbl_vn_ward (ward_id, district_id, ward_name) VALUES (4672, 140, 'Th찼쨩혢 tr찼쨘짜n S횈징n Th찼쨩혢nh');
INSERT INTO tbl_vn_ward (ward_id, district_id, ward_name) VALUES (4687, 140, 'X횄짙 횆혨찼쨘징i L찼쨩혢ch');
INSERT INTO tbl_vn_ward (ward_id, district_id, ward_name) VALUES (4690, 140, 'X횄짙 횆혨찼쨩혫ng Kh횄짧');
INSERT INTO tbl_vn_ward (ward_id, district_id, ward_name) VALUES (4693, 140, 'X횄짙 C횄징t Th찼쨩혢nh');
INSERT INTO tbl_vn_ward (ward_id, district_id, ward_name) VALUES (4696, 140, 'X횄짙 T횄짖n Th찼쨩혢nh');
INSERT INTO tbl_vn_ward (ward_id, district_id, ward_name) VALUES (4699, 140, 'X횄짙 Ch찼쨘짜n Th찼쨩혢nh');
INSERT INTO tbl_vn_ward (ward_id, district_id, ward_name) VALUES (4702, 140, 'X횄짙 B횄짭nh Thu찼쨘짯n');
INSERT INTO tbl_vn_ward (ward_id, district_id, ward_name) VALUES (4705, 140, 'X횄짙 Th횈째찼쨩짙ng B찼쨘짹ng La');
INSERT INTO tbl_vn_ward (ward_id, district_id, ward_name) VALUES (4708, 140, 'X횄짙 Minh An');
INSERT INTO tbl_vn_ward (ward_id, district_id, ward_name) VALUES (4711, 140, 'X횄짙 Ngh횆짤a T횄짖m');
INSERT INTO tbl_vn_district (district_id, province_id, district_name) VALUES (141, 15, 'Huy찼쨩혝n Y횄짧n B횄짭nh');
INSERT INTO tbl_vn_ward (ward_id, district_id, ward_name) VALUES (4714, 141, 'Th찼쨩혢 tr찼쨘짜n Y횄짧n B횄짭nh');
INSERT INTO tbl_vn_ward (ward_id, district_id, ward_name) VALUES (4717, 141, 'Th찼쨩혢 tr찼쨘짜n Th횄징c B횄혻');
INSERT INTO tbl_vn_ward (ward_id, district_id, ward_name) VALUES (4720, 141, 'X횄짙 Xu횄짖n Long');
INSERT INTO tbl_vn_ward (ward_id, district_id, ward_name) VALUES (4726, 141, 'X횄짙 C찼쨘짙m Nh횄짖n');
INSERT INTO tbl_vn_ward (ward_id, district_id, ward_name) VALUES (4729, 141, 'X횄짙 Ng찼쨩혥c Ch찼쨘짜n');
INSERT INTO tbl_vn_ward (ward_id, district_id, ward_name) VALUES (4732, 141, 'X횄짙 T횄짖n Nguy횄짧n');
INSERT INTO tbl_vn_ward (ward_id, district_id, ward_name) VALUES (4735, 141, 'X횄짙 Ph횄쨘c Ninh');
INSERT INTO tbl_vn_ward (ward_id, district_id, ward_name) VALUES (4738, 141, 'X횄짙 B찼쨘짙o 횄혖i');
INSERT INTO tbl_vn_ward (ward_id, district_id, ward_name) VALUES (4741, 141, 'X횄짙 M찼쨩쨔 Gia');
INSERT INTO tbl_vn_ward (ward_id, district_id, ward_name) VALUES (4744, 141, 'X횄짙 Xu횄짖n Lai');
INSERT INTO tbl_vn_ward (ward_id, district_id, ward_name) VALUES (4747, 141, 'X횄짙 M횄쨈ng S횈징n');
INSERT INTO tbl_vn_ward (ward_id, district_id, ward_name) VALUES (4750, 141, 'X횄짙 C찼쨘짙m 횄혗n');
INSERT INTO tbl_vn_ward (ward_id, district_id, ward_name) VALUES (4753, 141, 'X횄짙 Y횄짧n Th횄혻nh');
INSERT INTO tbl_vn_ward (ward_id, district_id, ward_name) VALUES (4756, 141, 'X횄짙 T횄짖n H횈째횈징ng');
INSERT INTO tbl_vn_ward (ward_id, district_id, ward_name) VALUES (4759, 141, 'X횄짙 Ph횄쨘c An');
INSERT INTO tbl_vn_ward (ward_id, district_id, ward_name) VALUES (4762, 141, 'X횄짙 B찼쨘징ch H횄혻');
INSERT INTO tbl_vn_ward (ward_id, district_id, ward_name) VALUES (4765, 141, 'X횄짙 V횇짤 Linh');
INSERT INTO tbl_vn_ward (ward_id, district_id, ward_name) VALUES (4768, 141, 'X횄짙 횆혨찼쨘징i 횆혨찼쨩혫ng');
INSERT INTO tbl_vn_ward (ward_id, district_id, ward_name) VALUES (4771, 141, 'X횄짙 V횆짤nh Ki횄짧n');
INSERT INTO tbl_vn_ward (ward_id, district_id, ward_name) VALUES (4777, 141, 'X횄짙 Th찼쨩혢nh H횈째ng');
INSERT INTO tbl_vn_ward (ward_id, district_id, ward_name) VALUES (4780, 141, 'X횄짙 H횄징n 횆혨횄혻');
INSERT INTO tbl_vn_ward (ward_id, district_id, ward_name) VALUES (4783, 141, 'X횄짙 Ph횄쨘 Th찼쨩혢nh');
INSERT INTO tbl_vn_ward (ward_id, district_id, ward_name) VALUES (4786, 141, 'X횄짙 횆혨찼쨘징i Minh');
INSERT INTO tbl_vn_province (province_id, province_name) VALUES (17, 'T찼쨩혟nh Ho횄혻 B횄짭nh');
INSERT INTO tbl_vn_district (district_id, province_id, district_name) VALUES (148, 17, 'Th횄혻nh ph찼쨩혩 H횄짼a B횄짭nh');
INSERT INTO tbl_vn_ward (ward_id, district_id, ward_name) VALUES (4789, 148, 'Ph횈째찼쨩혶ng Th횄징i B횄짭nh');
INSERT INTO tbl_vn_ward (ward_id, district_id, ward_name) VALUES (4792, 148, 'Ph횈째찼쨩혶ng T횄짖n H횄짼a');
INSERT INTO tbl_vn_ward (ward_id, district_id, ward_name) VALUES (4795, 148, 'Ph횈째찼쨩혶ng Th찼쨩혢nh Lang');
INSERT INTO tbl_vn_ward (ward_id, district_id, ward_name) VALUES (4798, 148, 'Ph횈째찼쨩혶ng H찼쨩짱u Ngh찼쨩혢');
INSERT INTO tbl_vn_ward (ward_id, district_id, ward_name) VALUES (4801, 148, 'Ph횈째찼쨩혶ng T횄짖n Th찼쨩혢nh');
INSERT INTO tbl_vn_ward (ward_id, district_id, ward_name) VALUES (4804, 148, 'Ph횈째찼쨩혶ng 횆혨찼쨩혫ng Ti찼쨘쩔n');
INSERT INTO tbl_vn_ward (ward_id, district_id, ward_name) VALUES (4807, 148, 'Ph횈째찼쨩혶ng Ph횈째횈징ng L횄짖m');
INSERT INTO tbl_vn_ward (ward_id, district_id, ward_name) VALUES (4813, 148, 'X횄짙 Y횄짧n M횄쨈ng');
INSERT INTO tbl_vn_ward (ward_id, district_id, ward_name) VALUES (4816, 148, 'Ph횈째찼쨩혶ng Qu찼쨩쨀nh L횄짖m');
INSERT INTO tbl_vn_ward (ward_id, district_id, ward_name) VALUES (4819, 148, 'Ph횈째찼쨩혶ng D횄짖n Ch찼쨩짠');
INSERT INTO tbl_vn_ward (ward_id, district_id, ward_name) VALUES (4825, 148, 'X횄짙 H횄짼a B횄짭nh');
INSERT INTO tbl_vn_ward (ward_id, district_id, ward_name) VALUES (4828, 148, 'Ph횈째찼쨩혶ng Th찼쨩혩ng Nh찼쨘짜t');
INSERT INTO tbl_vn_ward (ward_id, district_id, ward_name) VALUES (4894, 148, 'Ph횈째찼쨩혶ng K찼쨩쨀 S횈징n');
INSERT INTO tbl_vn_ward (ward_id, district_id, ward_name) VALUES (4897, 148, 'X횄짙 Th찼쨩혢nh Minh');
INSERT INTO tbl_vn_ward (ward_id, district_id, ward_name) VALUES (4903, 148, 'X횄짙 H찼쨩짙p Th횄혻nh');
INSERT INTO tbl_vn_ward (ward_id, district_id, ward_name) VALUES (4906, 148, 'X횄짙 Quang Ti찼쨘쩔n');
INSERT INTO tbl_vn_ward (ward_id, district_id, ward_name) VALUES (4912, 148, 'X횄짙 M횄쨈ng H횄쨀a');
INSERT INTO tbl_vn_ward (ward_id, district_id, ward_name) VALUES (4918, 148, 'Ph횈째찼쨩혶ng Trung Minh');
INSERT INTO tbl_vn_ward (ward_id, district_id, ward_name) VALUES (4921, 148, 'X횄짙 횆혨찼쨩혲c L찼쨘짯p');
INSERT INTO tbl_vn_district (district_id, province_id, district_name) VALUES (150, 17, 'Huy찼쨩혝n 횆혨횄혻 B찼쨘짱c');
INSERT INTO tbl_vn_ward (ward_id, district_id, ward_name) VALUES (4831, 150, 'Th찼쨩혢 tr찼쨘짜n 횆혨횄혻 B찼쨘짱c');
INSERT INTO tbl_vn_ward (ward_id, district_id, ward_name) VALUES (4834, 150, 'X횄짙 N횄징nh Ngh횄짧');
INSERT INTO tbl_vn_ward (ward_id, district_id, ward_name) VALUES (4840, 150, 'X횄짙 Gi횄징p 횆혨찼쨘짱t');
INSERT INTO tbl_vn_ward (ward_id, district_id, ward_name) VALUES (4846, 150, 'X횄짙 M횈째찼쨩혶ng Chi찼쨩혖ng');
INSERT INTO tbl_vn_ward (ward_id, district_id, ward_name) VALUES (4849, 150, 'X횄짙 T횄짖n Pheo');
INSERT INTO tbl_vn_ward (ward_id, district_id, ward_name) VALUES (4852, 150, 'X횄짙 횆혨찼쨩혫ng Chum');
INSERT INTO tbl_vn_ward (ward_id, district_id, ward_name) VALUES (4855, 150, 'X횄짙 T횄짖n Minh');
INSERT INTO tbl_vn_ward (ward_id, district_id, ward_name) VALUES (4858, 150, 'X횄짙 횆혨o횄혻n K찼쨘쩔t');
INSERT INTO tbl_vn_ward (ward_id, district_id, ward_name) VALUES (4861, 150, 'X횄짙 횆혨찼쨩혫ng Ru찼쨩혲ng');
INSERT INTO tbl_vn_ward (ward_id, district_id, ward_name) VALUES (4867, 150, 'X횄짙 T횄쨘 L횄쩍');
INSERT INTO tbl_vn_ward (ward_id, district_id, ward_name) VALUES (4870, 150, 'X횄짙 Trung Th횄혻nh');
INSERT INTO tbl_vn_ward (ward_id, district_id, ward_name) VALUES (4873, 150, 'X횄짙 Y횄짧n H횄짼a');
INSERT INTO tbl_vn_ward (ward_id, district_id, ward_name) VALUES (4876, 150, 'X횄짙 Cao S횈징n');
INSERT INTO tbl_vn_ward (ward_id, district_id, ward_name) VALUES (4879, 150, 'X횄짙 To횄혻n S횈징n');
INSERT INTO tbl_vn_ward (ward_id, district_id, ward_name) VALUES (4885, 150, 'X횄짙 Hi찼쨩혖n L횈째횈징ng');
INSERT INTO tbl_vn_ward (ward_id, district_id, ward_name) VALUES (4888, 150, 'X횄짙 Ti찼쨩혖n Phong');
INSERT INTO tbl_vn_ward (ward_id, district_id, ward_name) VALUES (4891, 150, 'X횄짙 V찼쨘짠y N횈째a');
INSERT INTO tbl_vn_district (district_id, province_id, district_name) VALUES (152, 17, 'Huy찼쨩혝n L횈째횈징ng S횈징n');
INSERT INTO tbl_vn_ward (ward_id, district_id, ward_name) VALUES (4924, 152, 'Th찼쨩혢 tr찼쨘짜n L횈째횈징ng S횈징n');
INSERT INTO tbl_vn_ward (ward_id, district_id, ward_name) VALUES (4942, 152, 'X횄짙 L횄짖m S횈징n');
INSERT INTO tbl_vn_ward (ward_id, district_id, ward_name) VALUES (4945, 152, 'X횄짙 H횄짼a S횈징n');
INSERT INTO tbl_vn_ward (ward_id, district_id, ward_name) VALUES (4951, 152, 'X횄짙 T횄짖n Vinh');
INSERT INTO tbl_vn_ward (ward_id, district_id, ward_name) VALUES (4954, 152, 'X횄짙 Nhu찼쨘짯n Tr찼쨘징ch');
INSERT INTO tbl_vn_ward (ward_id, district_id, ward_name) VALUES (4957, 152, 'X횄짙 Cao S횈징n');
INSERT INTO tbl_vn_ward (ward_id, district_id, ward_name) VALUES (4960, 152, 'X횄짙 C횈째 Y횄짧n');
INSERT INTO tbl_vn_ward (ward_id, district_id, ward_name) VALUES (4969, 152, 'X횄짙 Li횄짧n S횈징n');
INSERT INTO tbl_vn_ward (ward_id, district_id, ward_name) VALUES (5008, 152, 'X횄짙 Cao D횈째횈징ng');
INSERT INTO tbl_vn_ward (ward_id, district_id, ward_name) VALUES (5041, 152, 'X횄짙 Thanh S횈징n');
INSERT INTO tbl_vn_ward (ward_id, district_id, ward_name) VALUES (5047, 152, 'X횄짙 Thanh Cao');
INSERT INTO tbl_vn_district (district_id, province_id, district_name) VALUES (153, 17, 'Huy찼쨩혝n Kim B횄쨈i');
INSERT INTO tbl_vn_ward (ward_id, district_id, ward_name) VALUES (4978, 153, 'Th찼쨩혢 tr찼쨘짜n Bo');
INSERT INTO tbl_vn_ward (ward_id, district_id, ward_name) VALUES (4984, 153, 'X횄짙 횆혨횄쨘 S횄징ng');
INSERT INTO tbl_vn_ward (ward_id, district_id, ward_name) VALUES (4987, 153, 'X횄짙 H횄쨔ng S횈징n');
INSERT INTO tbl_vn_ward (ward_id, district_id, ward_name) VALUES (4990, 153, 'X횄짙 B횄짭nh S횈징n');
INSERT INTO tbl_vn_ward (ward_id, district_id, ward_name) VALUES (4999, 153, 'X횄짙 T횄쨘 S횈징n');
INSERT INTO tbl_vn_ward (ward_id, district_id, ward_name) VALUES (5005, 153, 'X횄짙 V횆짤nh Ti찼쨘쩔n');
INSERT INTO tbl_vn_ward (ward_id, district_id, ward_name) VALUES (5014, 153, 'X횄짙 횆혨횄쨈ng B찼쨘짱c');
INSERT INTO tbl_vn_ward (ward_id, district_id, ward_name) VALUES (5017, 153, 'X횄짙 Xu횄짖n Th찼쨩짠y');
INSERT INTO tbl_vn_ward (ward_id, district_id, ward_name) VALUES (5026, 153, 'X횄짙 V횆짤nh 횆혨찼쨩혫ng');
INSERT INTO tbl_vn_ward (ward_id, district_id, ward_name) VALUES (5035, 153, 'X횄짙 Kim L찼쨘짯p');
INSERT INTO tbl_vn_ward (ward_id, district_id, ward_name) VALUES (5038, 153, 'X횄짙 H찼쨩짙p Ti찼쨘쩔n');
INSERT INTO tbl_vn_ward (ward_id, district_id, ward_name) VALUES (5065, 153, 'X횄짙 Kim B횄쨈i');
INSERT INTO tbl_vn_ward (ward_id, district_id, ward_name) VALUES (5068, 153, 'X횄짙 Nam Th횈째찼쨩짙ng');
INSERT INTO tbl_vn_ward (ward_id, district_id, ward_name) VALUES (5077, 153, 'X횄짙 Cu찼쨩혩i H찼쨘징');
INSERT INTO tbl_vn_ward (ward_id, district_id, ward_name) VALUES (5080, 153, 'X횄짙 S횄혻o B횄징y');
INSERT INTO tbl_vn_ward (ward_id, district_id, ward_name) VALUES (5083, 153, 'X횄짙 Mi H횄짼a');
INSERT INTO tbl_vn_ward (ward_id, district_id, ward_name) VALUES (5086, 153, 'X횄짙 Nu횄쨈ng D횆혘m');
INSERT INTO tbl_vn_district (district_id, province_id, district_name) VALUES (154, 17, 'Huy찼쨩혝n Cao Phong');
INSERT INTO tbl_vn_ward (ward_id, district_id, ward_name) VALUES (5089, 154, 'Th찼쨩혢 tr찼쨘짜n Cao Phong');
INSERT INTO tbl_vn_ward (ward_id, district_id, ward_name) VALUES (5092, 154, 'X횄짙 B횄짭nh Thanh');
INSERT INTO tbl_vn_ward (ward_id, district_id, ward_name) VALUES (5095, 154, 'X횄짙 Thung Nai');
INSERT INTO tbl_vn_ward (ward_id, district_id, ward_name) VALUES (5098, 154, 'X횄짙 B찼쨘짱c Phong');
INSERT INTO tbl_vn_ward (ward_id, district_id, ward_name) VALUES (5101, 154, 'X횄짙 Thu Phong');
INSERT INTO tbl_vn_ward (ward_id, district_id, ward_name) VALUES (5104, 154, 'X횄짙 H찼쨩짙p Phong');
INSERT INTO tbl_vn_ward (ward_id, district_id, ward_name) VALUES (5110, 154, 'X횄짙 T횄짖y Phong');
INSERT INTO tbl_vn_ward (ward_id, district_id, ward_name) VALUES (5116, 154, 'X횄짙 D횇짤ng Phong');
INSERT INTO tbl_vn_ward (ward_id, district_id, ward_name) VALUES (5119, 154, 'X횄짙 Nam Phong');
INSERT INTO tbl_vn_ward (ward_id, district_id, ward_name) VALUES (5125, 154, 'X횄짙 Th찼쨘징ch Y횄짧n');
INSERT INTO tbl_vn_district (district_id, province_id, district_name) VALUES (155, 17, 'Huy찼쨩혝n T횄짖n L찼쨘징c');
INSERT INTO tbl_vn_ward (ward_id, district_id, ward_name) VALUES (5128, 155, 'Th찼쨩혢 tr찼쨘짜n M횄짙n 횆혨찼쨩짤c');
INSERT INTO tbl_vn_ward (ward_id, district_id, ward_name) VALUES (5134, 155, 'X횄짙 Su찼쨩혩i Hoa');
INSERT INTO tbl_vn_ward (ward_id, district_id, ward_name) VALUES (5137, 155, 'X횄짙 Ph횄쨘 Vinh');
INSERT INTO tbl_vn_ward (ward_id, district_id, ward_name) VALUES (5140, 155, 'X횄짙 Ph횄쨘 C횈째찼쨩혶ng');
INSERT INTO tbl_vn_ward (ward_id, district_id, ward_name) VALUES (5143, 155, 'X횄짙 M찼쨩쨔 H횄짼a');
INSERT INTO tbl_vn_ward (ward_id, district_id, ward_name) VALUES (5152, 155, 'X횄짙 Quy찼쨘쩔t Chi찼쨘쩔n');
INSERT INTO tbl_vn_ward (ward_id, district_id, ward_name) VALUES (5158, 155, 'X횄짙 Phong Ph횄쨘');
INSERT INTO tbl_vn_ward (ward_id, district_id, ward_name) VALUES (5164, 155, 'X횄짙 T찼쨩짯 N횄짧');
INSERT INTO tbl_vn_ward (ward_id, district_id, ward_name) VALUES (5167, 155, 'X횄짙 Thanh H찼쨩혩i');
INSERT INTO tbl_vn_ward (ward_id, district_id, ward_name) VALUES (5170, 155, 'X횄짙 Ng찼쨩혥c M찼쨩쨔');
INSERT INTO tbl_vn_ward (ward_id, district_id, ward_name) VALUES (5173, 155, 'X횄짙 횆혨횄쨈ng Lai');
INSERT INTO tbl_vn_ward (ward_id, district_id, ward_name) VALUES (5176, 155, 'X횄짙 V횄짖n S횈징n');
INSERT INTO tbl_vn_ward (ward_id, district_id, ward_name) VALUES (5182, 155, 'X횄짙 Nh횄짖n M찼쨩쨔');
INSERT INTO tbl_vn_ward (ward_id, district_id, ward_name) VALUES (5191, 155, 'X횄짙 L찼쨩혰 S횈징n');
INSERT INTO tbl_vn_ward (ward_id, district_id, ward_name) VALUES (5194, 155, 'X횄짙 Ng찼쨩혮 Lu횄쨈ng');
INSERT INTO tbl_vn_ward (ward_id, district_id, ward_name) VALUES (5197, 155, 'X횄짙 Gia M횄쨈');
INSERT INTO tbl_vn_district (district_id, province_id, district_name) VALUES (156, 17, 'Huy찼쨩혝n Mai Ch횄짖u');
INSERT INTO tbl_vn_ward (ward_id, district_id, ward_name) VALUES (4882, 156, 'X횄짙 T횄짖n Th횄혻nh');
INSERT INTO tbl_vn_ward (ward_id, district_id, ward_name) VALUES (5200, 156, 'Th찼쨩혢 tr찼쨘짜n Mai Ch횄짖u');
INSERT INTO tbl_vn_ward (ward_id, district_id, ward_name) VALUES (5206, 156, 'X횄짙 S횈징n Th찼쨩짠y');
INSERT INTO tbl_vn_ward (ward_id, district_id, ward_name) VALUES (5209, 156, 'X횄짙 P횄혻 C횄짼');
INSERT INTO tbl_vn_ward (ward_id, district_id, ward_name) VALUES (5212, 156, 'X횄짙 Hang Kia');
INSERT INTO tbl_vn_ward (ward_id, district_id, ward_name) VALUES (5221, 156, 'X횄짙 횆혨찼쨩혫ng T횄짖n');
INSERT INTO tbl_vn_ward (ward_id, district_id, ward_name) VALUES (5224, 156, 'X횄짙 Cun Pheo');
INSERT INTO tbl_vn_ward (ward_id, district_id, ward_name) VALUES (5227, 156, 'X횄짙 Bao La');
INSERT INTO tbl_vn_ward (ward_id, district_id, ward_name) VALUES (5233, 156, 'X횄짙 T횄짼ng 횆혨찼쨘짯u');
INSERT INTO tbl_vn_ward (ward_id, district_id, ward_name) VALUES (5242, 156, 'X횄짙 N횄혻 Ph횄짼n');
INSERT INTO tbl_vn_ward (ward_id, district_id, ward_name) VALUES (5245, 156, 'X횄짙 S횆혘m Kh횄쨀e');
INSERT INTO tbl_vn_ward (ward_id, district_id, ward_name) VALUES (5248, 156, 'X횄짙 Chi찼쨩혖ng Ch횄짖u');
INSERT INTO tbl_vn_ward (ward_id, district_id, ward_name) VALUES (5251, 156, 'X횄짙 Mai H찼쨘징');
INSERT INTO tbl_vn_ward (ward_id, district_id, ward_name) VALUES (5254, 156, 'X횄짙 Th횄혻nh S횈징n');
INSERT INTO tbl_vn_ward (ward_id, district_id, ward_name) VALUES (5257, 156, 'X횄짙 Mai H찼쨩혢ch');
INSERT INTO tbl_vn_ward (ward_id, district_id, ward_name) VALUES (5263, 156, 'X횄짙 V찼쨘징n Mai');
INSERT INTO tbl_vn_district (district_id, province_id, district_name) VALUES (157, 17, 'Huy찼쨩혝n L찼쨘징c S횈징n');
INSERT INTO tbl_vn_ward (ward_id, district_id, ward_name) VALUES (5266, 157, 'Th찼쨩혢 tr찼쨘짜n V찼쨩짜 B찼쨘짙n');
INSERT INTO tbl_vn_ward (ward_id, district_id, ward_name) VALUES (5269, 157, 'X횄짙 Qu횄쩍 H횄짼a');
INSERT INTO tbl_vn_ward (ward_id, district_id, ward_name) VALUES (5272, 157, 'X횄짙 Mi찼쨩혖n 횆혨찼쨩혫i');
INSERT INTO tbl_vn_ward (ward_id, district_id, ward_name) VALUES (5275, 157, 'X횄짙 M찼쨩쨔 Th횄혻nh');
INSERT INTO tbl_vn_ward (ward_id, district_id, ward_name) VALUES (5278, 157, 'X횄짙 Tu횄짖n 횆혨찼쨘징o');
INSERT INTO tbl_vn_ward (ward_id, district_id, ward_name) VALUES (5281, 157, 'X횄짙 V횆혘n Ngh횆짤a');
INSERT INTO tbl_vn_ward (ward_id, district_id, ward_name) VALUES (5284, 157, 'X횄짙 V횆혘n S횈징n');
INSERT INTO tbl_vn_ward (ward_id, district_id, ward_name) VALUES (5287, 157, 'X횄짙 T횄짖n L찼쨘짯p');
INSERT INTO tbl_vn_ward (ward_id, district_id, ward_name) VALUES (5290, 157, 'X횄짙 Nh횄짖n Ngh횆짤a');
INSERT INTO tbl_vn_ward (ward_id, district_id, ward_name) VALUES (5293, 157, 'X횄짙 Th횈째찼쨩짙ng C찼쨩혩c');
INSERT INTO tbl_vn_ward (ward_id, district_id, ward_name) VALUES (5299, 157, 'X횄짙 Quy찼쨘쩔t Th찼쨘짱ng');
INSERT INTO tbl_vn_ward (ward_id, district_id, ward_name) VALUES (5302, 157, 'X횄짙 Xu찼쨘짜t H횄쨀a');
INSERT INTO tbl_vn_ward (ward_id, district_id, ward_name) VALUES (5305, 157, 'X횄짙 Y횄짧n Ph횄쨘');
INSERT INTO tbl_vn_ward (ward_id, district_id, ward_name) VALUES (5308, 157, 'X횄짙 B횄짭nh H찼쨘쨩m');
INSERT INTO tbl_vn_ward (ward_id, district_id, ward_name) VALUES (5320, 157, 'X횄짙 횆혨찼쨩혢nh C횈째');
INSERT INTO tbl_vn_ward (ward_id, district_id, ward_name) VALUES (5323, 157, 'X횄짙 Ch횄짯 횆혨찼쨘징o');
INSERT INTO tbl_vn_ward (ward_id, district_id, ward_name) VALUES (5329, 157, 'X횄짙 Ng찼쨩혥c S횈징n');
INSERT INTO tbl_vn_ward (ward_id, district_id, ward_name) VALUES (5332, 157, 'X횄짙 H횈째횈징ng Nh횈째찼쨩짙ng');
INSERT INTO tbl_vn_ward (ward_id, district_id, ward_name) VALUES (5335, 157, 'X횄짙 V횇짤 B횄짭nh');
INSERT INTO tbl_vn_ward (ward_id, district_id, ward_name) VALUES (5338, 157, 'X횄짙 T찼쨩짹 Do');
INSERT INTO tbl_vn_ward (ward_id, district_id, ward_name) VALUES (5341, 157, 'X횄짙 Y횄짧n Nghi찼쨩혝p');
INSERT INTO tbl_vn_ward (ward_id, district_id, ward_name) VALUES (5344, 157, 'X횄짙 T횄짖n M찼쨩쨔');
INSERT INTO tbl_vn_ward (ward_id, district_id, ward_name) VALUES (5347, 157, 'X횄짙 횄혗n Ngh횆짤a');
INSERT INTO tbl_vn_ward (ward_id, district_id, ward_name) VALUES (5350, 157, 'X횄짙 Ng찼쨩혥c L횄짖u');
INSERT INTO tbl_vn_district (district_id, province_id, district_name) VALUES (158, 17, 'Huy찼쨩혝n Y횄짧n Th찼쨩짠y');
INSERT INTO tbl_vn_ward (ward_id, district_id, ward_name) VALUES (5353, 158, 'Th찼쨩혢 tr찼쨘짜n H횄혻ng Tr찼쨘징m');
INSERT INTO tbl_vn_ward (ward_id, district_id, ward_name) VALUES (5356, 158, 'X횄짙 L찼쨘징c S찼쨩쨔');
INSERT INTO tbl_vn_ward (ward_id, district_id, ward_name) VALUES (5362, 158, 'X횄짙 L찼쨘징c L횈째횈징ng');
INSERT INTO tbl_vn_ward (ward_id, district_id, ward_name) VALUES (5365, 158, 'X횄짙 B찼쨘짙o Hi찼쨩혝u');
INSERT INTO tbl_vn_ward (ward_id, district_id, ward_name) VALUES (5368, 158, 'X횄짙 횆혨a Ph횄쨘c');
INSERT INTO tbl_vn_ward (ward_id, district_id, ward_name) VALUES (5371, 158, 'X횄짙 H찼쨩짱u L찼쨩짙i');
INSERT INTO tbl_vn_ward (ward_id, district_id, ward_name) VALUES (5374, 158, 'X횄짙 L찼쨘징c Th찼쨩혢nh');
INSERT INTO tbl_vn_ward (ward_id, district_id, ward_name) VALUES (5380, 158, 'X횄짙 횆혨o횄혻n K찼쨘쩔t');
INSERT INTO tbl_vn_ward (ward_id, district_id, ward_name) VALUES (5383, 158, 'X횄짙 Ph횄쨘 Lai');
INSERT INTO tbl_vn_ward (ward_id, district_id, ward_name) VALUES (5386, 158, 'X횄짙 Y횄짧n Tr찼쨩혢');
INSERT INTO tbl_vn_ward (ward_id, district_id, ward_name) VALUES (5389, 158, 'X횄짙 Ng찼쨩혥c L횈째횈징ng');
INSERT INTO tbl_vn_district (district_id, province_id, district_name) VALUES (159, 17, 'Huy찼쨩혝n L찼쨘징c Th찼쨩짠y');
INSERT INTO tbl_vn_ward (ward_id, district_id, ward_name) VALUES (4981, 159, 'Th찼쨩혢 tr찼쨘짜n Ba H횄혻ng 횆혨찼쨩혫i');
INSERT INTO tbl_vn_ward (ward_id, district_id, ward_name) VALUES (5392, 159, 'Th찼쨩혢 tr찼쨘짜n Chi N횄짧');
INSERT INTO tbl_vn_ward (ward_id, district_id, ward_name) VALUES (5395, 159, 'X횄짙 Ph횄쨘 Ngh횆짤a');
INSERT INTO tbl_vn_ward (ward_id, district_id, ward_name) VALUES (5398, 159, 'X횄짙 Ph횄쨘 Th횄혻nh');
INSERT INTO tbl_vn_ward (ward_id, district_id, ward_name) VALUES (5404, 159, 'X횄짙 H횈째ng Thi');
INSERT INTO tbl_vn_ward (ward_id, district_id, ward_name) VALUES (5413, 159, 'X횄짙 Khoan D찼쨩짜');
INSERT INTO tbl_vn_ward (ward_id, district_id, ward_name) VALUES (5419, 159, 'X횄짙 횆혨찼쨩혫ng T횄짖m');
INSERT INTO tbl_vn_ward (ward_id, district_id, ward_name) VALUES (5422, 159, 'X횄짙 Y횄짧n B찼쨩혫ng');
INSERT INTO tbl_vn_ward (ward_id, district_id, ward_name) VALUES (5425, 159, 'X횄짙 Th찼쨩혩ng Nh찼쨘짜t');
INSERT INTO tbl_vn_ward (ward_id, district_id, ward_name) VALUES (5428, 159, 'X횄짙 An B횄짭nh');
INSERT INTO tbl_vn_province (province_id, province_name) VALUES (19, 'T찼쨩혟nh Th횄징i Nguy횄짧n');
INSERT INTO tbl_vn_district (district_id, province_id, district_name) VALUES (164, 19, 'Th횄혻nh ph찼쨩혩 Th횄징i Nguy횄짧n');
INSERT INTO tbl_vn_ward (ward_id, district_id, ward_name) VALUES (5431, 164, 'Ph횈째찼쨩혶ng Qu횄징n Tri찼쨩혖u');
INSERT INTO tbl_vn_ward (ward_id, district_id, ward_name) VALUES (5434, 164, 'Ph횈째찼쨩혶ng Quang Vinh');
INSERT INTO tbl_vn_ward (ward_id, district_id, ward_name) VALUES (5437, 164, 'Ph횈째찼쨩혶ng T횄쨘c Duy횄짧n');
INSERT INTO tbl_vn_ward (ward_id, district_id, ward_name) VALUES (5440, 164, 'Ph횈째찼쨩혶ng Ho횄혻ng V횆혘n Th찼쨩짜');
INSERT INTO tbl_vn_ward (ward_id, district_id, ward_name) VALUES (5443, 164, 'Ph횈째찼쨩혶ng Tr횈째ng V횈째횈징ng');
INSERT INTO tbl_vn_ward (ward_id, district_id, ward_name) VALUES (5446, 164, 'Ph횈째찼쨩혶ng Quang Trung');
INSERT INTO tbl_vn_ward (ward_id, district_id, ward_name) VALUES (5449, 164, 'Ph횈째찼쨩혶ng Phan 횆혨횄짭nh Ph횄쨔ng');
INSERT INTO tbl_vn_ward (ward_id, district_id, ward_name) VALUES (5452, 164, 'Ph횈째찼쨩혶ng T횄짖n Th찼쨩혢nh');
INSERT INTO tbl_vn_ward (ward_id, district_id, ward_name) VALUES (5455, 164, 'Ph횈째찼쨩혶ng Th찼쨩혢nh 횆혨횄징n');
INSERT INTO tbl_vn_ward (ward_id, district_id, ward_name) VALUES (5458, 164, 'Ph횈째찼쨩혶ng 횆혨찼쨩혫ng Quang');
INSERT INTO tbl_vn_ward (ward_id, district_id, ward_name) VALUES (5461, 164, 'Ph횈째찼쨩혶ng Gia S횄혻ng');
INSERT INTO tbl_vn_ward (ward_id, district_id, ward_name) VALUES (5464, 164, 'Ph횈째찼쨩혶ng T횄짖n L찼쨘짯p');
INSERT INTO tbl_vn_ward (ward_id, district_id, ward_name) VALUES (5467, 164, 'Ph횈째찼쨩혶ng Cam Gi횄징');
INSERT INTO tbl_vn_ward (ward_id, district_id, ward_name) VALUES (5470, 164, 'Ph횈째찼쨩혶ng Ph횄쨘 X횄징');
INSERT INTO tbl_vn_ward (ward_id, district_id, ward_name) VALUES (5473, 164, 'Ph횈째찼쨩혶ng H횈째횈징ng S횈징n');
INSERT INTO tbl_vn_ward (ward_id, district_id, ward_name) VALUES (5476, 164, 'Ph횈째찼쨩혶ng Trung Th횄혻nh');
INSERT INTO tbl_vn_ward (ward_id, district_id, ward_name) VALUES (5479, 164, 'Ph횈째찼쨩혶ng T횄짖n Th횄혻nh');
INSERT INTO tbl_vn_ward (ward_id, district_id, ward_name) VALUES (5482, 164, 'Ph횈째찼쨩혶ng T횄짖n Long');
INSERT INTO tbl_vn_ward (ward_id, district_id, ward_name) VALUES (5485, 164, 'X횄짙 Ph횄쨘c H횄혻');
INSERT INTO tbl_vn_ward (ward_id, district_id, ward_name) VALUES (5488, 164, 'X횄짙 Ph횄쨘c Xu횄짖n');
INSERT INTO tbl_vn_ward (ward_id, district_id, ward_name) VALUES (5491, 164, 'X횄짙 Quy찼쨘쩔t Th찼쨘짱ng');
INSERT INTO tbl_vn_ward (ward_id, district_id, ward_name) VALUES (5494, 164, 'X횄짙 Ph횄쨘c Tr횄짭u');
INSERT INTO tbl_vn_ward (ward_id, district_id, ward_name) VALUES (5497, 164, 'X횄짙 Th찼쨩혢nh 횆혨찼쨩짤c');
INSERT INTO tbl_vn_ward (ward_id, district_id, ward_name) VALUES (5500, 164, 'Ph횈째찼쨩혶ng T횄짯ch L횈째횈징ng');
INSERT INTO tbl_vn_ward (ward_id, district_id, ward_name) VALUES (5503, 164, 'X횄짙 T횄짖n C횈째횈징ng');
INSERT INTO tbl_vn_ward (ward_id, district_id, ward_name) VALUES (5653, 164, 'X횄짙 S횈징n C찼쨘짤m');
INSERT INTO tbl_vn_ward (ward_id, district_id, ward_name) VALUES (5659, 164, 'Ph횈째찼쨩혶ng Ch횄쨔a Hang');
INSERT INTO tbl_vn_ward (ward_id, district_id, ward_name) VALUES (5695, 164, 'X횄짙 Cao Ng찼쨘징n');
INSERT INTO tbl_vn_ward (ward_id, district_id, ward_name) VALUES (5701, 164, 'X횄짙 Linh S횈징n');
INSERT INTO tbl_vn_ward (ward_id, district_id, ward_name) VALUES (5710, 164, 'Ph횈째찼쨩혶ng 횆혨찼쨩혫ng B찼쨘짤m');
INSERT INTO tbl_vn_ward (ward_id, district_id, ward_name) VALUES (5713, 164, 'X횄짙 Hu찼쨩혩ng Th횈째찼쨩짙ng');
INSERT INTO tbl_vn_ward (ward_id, district_id, ward_name) VALUES (5914, 164, 'X횄짙 횆혨찼쨩혫ng Li횄짧n');
INSERT INTO tbl_vn_district (district_id, province_id, district_name) VALUES (165, 19, 'Th횄혻nh ph찼쨩혩 S횄쨈ng C횄쨈ng');
INSERT INTO tbl_vn_ward (ward_id, district_id, ward_name) VALUES (5506, 165, 'Ph횈째찼쨩혶ng L횈째횈징ng S횈징n');
INSERT INTO tbl_vn_ward (ward_id, district_id, ward_name) VALUES (5509, 165, 'Ph횈째찼쨩혶ng Ch횄짖u S횈징n');
INSERT INTO tbl_vn_ward (ward_id, district_id, ward_name) VALUES (5512, 165, 'Ph횈째찼쨩혶ng M찼쨩혧 Ch횄짢');
INSERT INTO tbl_vn_ward (ward_id, district_id, ward_name) VALUES (5515, 165, 'Ph횈째찼쨩혶ng C찼쨘짙i 횆혨an');
INSERT INTO tbl_vn_ward (ward_id, district_id, ward_name) VALUES (5518, 165, 'Ph횈째찼쨩혶ng Th찼쨘짱ng L찼쨩짙i');
INSERT INTO tbl_vn_ward (ward_id, district_id, ward_name) VALUES (5521, 165, 'Ph횈째찼쨩혶ng Ph찼쨩혩 C횄짼');
INSERT INTO tbl_vn_ward (ward_id, district_id, ward_name) VALUES (5527, 165, 'X횄짙 T횄짖n Quang');
INSERT INTO tbl_vn_ward (ward_id, district_id, ward_name) VALUES (5528, 165, 'Ph횈째찼쨩혶ng B횄징ch Quang');
INSERT INTO tbl_vn_ward (ward_id, district_id, ward_name) VALUES (5530, 165, 'X횄짙 B횄짭nh S횈징n');
INSERT INTO tbl_vn_ward (ward_id, district_id, ward_name) VALUES (5533, 165, 'X횄짙 B횄징 Xuy횄짧n');
INSERT INTO tbl_vn_district (district_id, province_id, district_name) VALUES (167, 19, 'Huy찼쨩혝n 횆혨찼쨩혢nh H횄쨀a');
INSERT INTO tbl_vn_ward (ward_id, district_id, ward_name) VALUES (5539, 167, 'X횄짙 Linh Th횄쨈ng');
INSERT INTO tbl_vn_ward (ward_id, district_id, ward_name) VALUES (5542, 167, 'X횄짙 Lam V찼쨩쨔');
INSERT INTO tbl_vn_ward (ward_id, district_id, ward_name) VALUES (5545, 167, 'X횄짙 Quy K찼쨩쨀');
INSERT INTO tbl_vn_ward (ward_id, district_id, ward_name) VALUES (5548, 167, 'X횄짙 T횄짖n Th찼쨩혢nh');
INSERT INTO tbl_vn_ward (ward_id, district_id, ward_name) VALUES (5551, 167, 'X횄짙 Kim Ph횈째찼쨩짙ng');
INSERT INTO tbl_vn_ward (ward_id, district_id, ward_name) VALUES (5554, 167, 'X횄짙 B찼쨘짙o Linh');
INSERT INTO tbl_vn_ward (ward_id, district_id, ward_name) VALUES (5560, 167, 'X횄짙 Ph횄쨘c Chu');
INSERT INTO tbl_vn_ward (ward_id, district_id, ward_name) VALUES (5563, 167, 'X횄짙 T횄짖n D횈째횈징ng');
INSERT INTO tbl_vn_ward (ward_id, district_id, ward_name) VALUES (5566, 167, 'X횄짙 Ph횈째찼쨩짙ng Ti찼쨘쩔n');
INSERT INTO tbl_vn_ward (ward_id, district_id, ward_name) VALUES (5569, 167, 'Th찼쨩혢 tr찼쨘짜n Ch찼쨩짙 Chu');
INSERT INTO tbl_vn_ward (ward_id, district_id, ward_name) VALUES (5572, 167, 'X횄짙 횆혨찼쨩혫ng Th찼쨩혢nh');
INSERT INTO tbl_vn_ward (ward_id, district_id, ward_name) VALUES (5575, 167, 'X횄짙 횆혨찼쨩혢nh Bi횄짧n');
INSERT INTO tbl_vn_ward (ward_id, district_id, ward_name) VALUES (5578, 167, 'X횄짙 Thanh 횆혨찼쨩혢nh');
INSERT INTO tbl_vn_ward (ward_id, district_id, ward_name) VALUES (5581, 167, 'X횄짙 Trung H찼쨩혲i');
INSERT INTO tbl_vn_ward (ward_id, district_id, ward_name) VALUES (5584, 167, 'X횄짙 Trung L횈째횈징ng');
INSERT INTO tbl_vn_ward (ward_id, district_id, ward_name) VALUES (5587, 167, 'X횄짙 B횄짭nh Y횄짧n');
INSERT INTO tbl_vn_ward (ward_id, district_id, ward_name) VALUES (5590, 167, 'X횄짙 횆혨i찼쨩혖m M찼쨘쨌c');
INSERT INTO tbl_vn_ward (ward_id, district_id, ward_name) VALUES (5593, 167, 'X횄짙 Ph횄쨘 Ti찼쨘쩔n');
INSERT INTO tbl_vn_ward (ward_id, district_id, ward_name) VALUES (5596, 167, 'X횄짙 B찼쨩혲c Nhi횄짧u');
INSERT INTO tbl_vn_ward (ward_id, district_id, ward_name) VALUES (5599, 167, 'X횄짙 S횈징n Ph횄쨘');
INSERT INTO tbl_vn_ward (ward_id, district_id, ward_name) VALUES (5602, 167, 'X횄짙 Ph횄쨘 횆혨횄짭nh');
INSERT INTO tbl_vn_ward (ward_id, district_id, ward_name) VALUES (5605, 167, 'X횄짙 B횄짭nh Th횄혻nh');
INSERT INTO tbl_vn_district (district_id, province_id, district_name) VALUES (168, 19, 'Huy찼쨩혝n Ph횄쨘 L횈째횈징ng');
INSERT INTO tbl_vn_ward (ward_id, district_id, ward_name) VALUES (5611, 168, 'Th찼쨩혢 tr찼쨘짜n 횆혨u');
INSERT INTO tbl_vn_ward (ward_id, district_id, ward_name) VALUES (5614, 168, 'X횄짙 Y횄짧n Ninh');
INSERT INTO tbl_vn_ward (ward_id, district_id, ward_name) VALUES (5617, 168, 'X횄짙 Y횄짧n Tr찼쨘징ch');
INSERT INTO tbl_vn_ward (ward_id, district_id, ward_name) VALUES (5620, 168, 'X횄짙 Y횄짧n 횆혨찼쨩혮');
INSERT INTO tbl_vn_ward (ward_id, district_id, ward_name) VALUES (5623, 168, 'X횄짙 Y횄짧n L찼쨘징c');
INSERT INTO tbl_vn_ward (ward_id, district_id, ward_name) VALUES (5626, 168, 'X횄짙 횄혬n L횈째횈징ng');
INSERT INTO tbl_vn_ward (ward_id, district_id, ward_name) VALUES (5629, 168, 'X횄짙 횆혨찼쨩혲ng 횆혨찼쨘징t');
INSERT INTO tbl_vn_ward (ward_id, district_id, ward_name) VALUES (5632, 168, 'X횄짙 Ph찼쨩짠 L횄쩍');
INSERT INTO tbl_vn_ward (ward_id, district_id, ward_name) VALUES (5635, 168, 'X횄짙 Ph횄쨘 횆혨횄쨈');
INSERT INTO tbl_vn_ward (ward_id, district_id, ward_name) VALUES (5638, 168, 'X횄짙 H찼쨩짙p Th횄혻nh');
INSERT INTO tbl_vn_ward (ward_id, district_id, ward_name) VALUES (5641, 168, 'X횄짙 T찼쨩짤c Tranh');
INSERT INTO tbl_vn_ward (ward_id, district_id, ward_name) VALUES (5644, 168, 'Th찼쨩혢 tr찼쨘짜n Giang Ti횄짧n');
INSERT INTO tbl_vn_ward (ward_id, district_id, ward_name) VALUES (5647, 168, 'X횄짙 V횄쨈 Tranh');
INSERT INTO tbl_vn_ward (ward_id, district_id, ward_name) VALUES (5650, 168, 'X횄짙 C찼쨩혮 L횇짤ng');
INSERT INTO tbl_vn_district (district_id, province_id, district_name) VALUES (169, 19, 'Huy찼쨩혝n 횆혨찼쨩혫ng H찼쨩쨌');
INSERT INTO tbl_vn_ward (ward_id, district_id, ward_name) VALUES (5656, 169, 'Th찼쨩혢 tr찼쨘짜n S횄쨈ng C찼쨘짠u');
INSERT INTO tbl_vn_ward (ward_id, district_id, ward_name) VALUES (5662, 169, 'Th찼쨩혢 tr찼쨘짜n Tr찼쨘징i Cau');
INSERT INTO tbl_vn_ward (ward_id, district_id, ward_name) VALUES (5665, 169, 'X횄짙 V횆혘n L횆혘ng');
INSERT INTO tbl_vn_ward (ward_id, district_id, ward_name) VALUES (5668, 169, 'X횄짙 T횄짖n Long');
INSERT INTO tbl_vn_ward (ward_id, district_id, ward_name) VALUES (5671, 169, 'X횄짙 H횄짼a B횄짭nh');
INSERT INTO tbl_vn_ward (ward_id, district_id, ward_name) VALUES (5674, 169, 'X횄짙 Quang S횈징n');
INSERT INTO tbl_vn_ward (ward_id, district_id, ward_name) VALUES (5677, 169, 'X횄짙 Minh L찼쨘짯p');
INSERT INTO tbl_vn_ward (ward_id, district_id, ward_name) VALUES (5680, 169, 'X횄짙 V횆혘n H횄징n');
INSERT INTO tbl_vn_ward (ward_id, district_id, ward_name) VALUES (5683, 169, 'X횄짙 H횄쨀a Trung');
INSERT INTO tbl_vn_ward (ward_id, district_id, ward_name) VALUES (5686, 169, 'X횄짙 Khe Mo');
INSERT INTO tbl_vn_ward (ward_id, district_id, ward_name) VALUES (5689, 169, 'X횄짙 C횄짖y Th찼쨩혢');
INSERT INTO tbl_vn_ward (ward_id, district_id, ward_name) VALUES (5692, 169, 'Th찼쨩혢 tr찼쨘짜n H횄쨀a Th횈째찼쨩짙ng');
INSERT INTO tbl_vn_ward (ward_id, district_id, ward_name) VALUES (5698, 169, 'X횄짙 H찼쨩짙p Ti찼쨘쩔n');
INSERT INTO tbl_vn_ward (ward_id, district_id, ward_name) VALUES (5707, 169, 'X횄짙 Nam H횄짼a');
INSERT INTO tbl_vn_district (district_id, province_id, district_name) VALUES (170, 19, 'Huy찼쨩혝n V횄쨉 Nhai');
INSERT INTO tbl_vn_ward (ward_id, district_id, ward_name) VALUES (5716, 170, 'Th찼쨩혢 tr찼쨘짜n 횆혨횄짭nh C찼쨘짙');
INSERT INTO tbl_vn_ward (ward_id, district_id, ward_name) VALUES (5719, 170, 'X횄짙 S찼쨘짙ng M찼쨩혲c');
INSERT INTO tbl_vn_ward (ward_id, district_id, ward_name) VALUES (5722, 170, 'X횄짙 Nghinh T횈째찼쨩혶ng');
INSERT INTO tbl_vn_ward (ward_id, district_id, ward_name) VALUES (5725, 170, 'X횄짙 Th찼쨘짠n Xa');
INSERT INTO tbl_vn_ward (ward_id, district_id, ward_name) VALUES (5728, 170, 'X횄짙 V횇짤 Ch찼쨘짜n');
INSERT INTO tbl_vn_ward (ward_id, district_id, ward_name) VALUES (5731, 170, 'X횄짙 Th횈째찼쨩짙ng Nung');
INSERT INTO tbl_vn_ward (ward_id, district_id, ward_name) VALUES (5734, 170, 'X횄짙 Ph횄쨘 Th횈째찼쨩짙ng');
INSERT INTO tbl_vn_ward (ward_id, district_id, ward_name) VALUES (5737, 170, 'X횄짙 C횄쨘c 횆혨횈째찼쨩혶ng');
INSERT INTO tbl_vn_ward (ward_id, district_id, ward_name) VALUES (5740, 170, 'X횄짙 La Hi횄짧n');
INSERT INTO tbl_vn_ward (ward_id, district_id, ward_name) VALUES (5743, 170, 'X횄짙 L횄짖u Th횈째찼쨩짙ng');
INSERT INTO tbl_vn_ward (ward_id, district_id, ward_name) VALUES (5746, 170, 'X횄짙 Tr횄혻ng X횄징');
INSERT INTO tbl_vn_ward (ward_id, district_id, ward_name) VALUES (5749, 170, 'X횄짙 Ph횈째횈징ng Giao');
INSERT INTO tbl_vn_ward (ward_id, district_id, ward_name) VALUES (5752, 170, 'X횄짙 Li횄짧n Minh');
INSERT INTO tbl_vn_ward (ward_id, district_id, ward_name) VALUES (5755, 170, 'X횄짙 D횄짖n Ti찼쨘쩔n');
INSERT INTO tbl_vn_ward (ward_id, district_id, ward_name) VALUES (5758, 170, 'X횄짙 B횄짭nh Long');
INSERT INTO tbl_vn_district (district_id, province_id, district_name) VALUES (171, 19, 'Huy찼쨩혝n 횆혨찼쨘징i T찼쨩짬');
INSERT INTO tbl_vn_ward (ward_id, district_id, ward_name) VALUES (5761, 171, 'Th찼쨩혢 tr찼쨘짜n H횄쨔ng S횈징n');
INSERT INTO tbl_vn_ward (ward_id, district_id, ward_name) VALUES (5767, 171, 'X횄짙 Ph횄쨘c L횈째횈징ng');
INSERT INTO tbl_vn_ward (ward_id, district_id, ward_name) VALUES (5770, 171, 'X횄짙 Minh Ti찼쨘쩔n');
INSERT INTO tbl_vn_ward (ward_id, district_id, ward_name) VALUES (5773, 171, 'X횄짙 Y횄짧n L횄짙ng');
INSERT INTO tbl_vn_ward (ward_id, district_id, ward_name) VALUES (5776, 171, 'X횄짙 횆혨찼쨩짤c L횈째횈징ng');
INSERT INTO tbl_vn_ward (ward_id, district_id, ward_name) VALUES (5779, 171, 'X횄짙 Ph횄쨘 C횈째찼쨩혶ng');
INSERT INTO tbl_vn_ward (ward_id, district_id, ward_name) VALUES (5785, 171, 'X횄짙 Ph횄쨘 L찼쨘징c');
INSERT INTO tbl_vn_ward (ward_id, district_id, ward_name) VALUES (5788, 171, 'X횄짙 T횄짖n Linh');
INSERT INTO tbl_vn_ward (ward_id, district_id, ward_name) VALUES (5791, 171, 'X횄짙 Ph횄쨘 Th찼쨩혢nh');
INSERT INTO tbl_vn_ward (ward_id, district_id, ward_name) VALUES (5794, 171, 'X횄짙 Ph찼쨩짜c Linh');
INSERT INTO tbl_vn_ward (ward_id, district_id, ward_name) VALUES (5797, 171, 'X횄짙 Ph횄쨘 Xuy횄짧n');
INSERT INTO tbl_vn_ward (ward_id, district_id, ward_name) VALUES (5800, 171, 'X횄짙 B찼쨘짙n Ngo찼쨘징i');
INSERT INTO tbl_vn_ward (ward_id, district_id, ward_name) VALUES (5803, 171, 'X횄짙 Ti횄짧n H찼쨩혲i');
INSERT INTO tbl_vn_ward (ward_id, district_id, ward_name) VALUES (5809, 171, 'X횄짙 C횄쨔 V횄짖n');
INSERT INTO tbl_vn_ward (ward_id, district_id, ward_name) VALUES (5812, 171, 'X횄짙 H횄혻 Th횈째찼쨩짙ng');
INSERT INTO tbl_vn_ward (ward_id, district_id, ward_name) VALUES (5815, 171, 'X횄짙 La B찼쨘짹ng');
INSERT INTO tbl_vn_ward (ward_id, district_id, ward_name) VALUES (5818, 171, 'X횄짙 Ho횄혻ng N횄쨈ng');
INSERT INTO tbl_vn_ward (ward_id, district_id, ward_name) VALUES (5821, 171, 'X횄짙 Kh횄쨈i K찼쨩쨀');
INSERT INTO tbl_vn_ward (ward_id, district_id, ward_name) VALUES (5824, 171, 'X횄짙 An Kh횄징nh');
INSERT INTO tbl_vn_ward (ward_id, district_id, ward_name) VALUES (5827, 171, 'X횄짙 T횄짖n Th횄징i');
INSERT INTO tbl_vn_ward (ward_id, district_id, ward_name) VALUES (5830, 171, 'X횄짙 B횄짭nh Thu찼쨘짯n');
INSERT INTO tbl_vn_ward (ward_id, district_id, ward_name) VALUES (5833, 171, 'X횄짙 L찼쨩짜c Ba');
INSERT INTO tbl_vn_ward (ward_id, district_id, ward_name) VALUES (5836, 171, 'X횄짙 M찼쨩쨔 Y횄짧n');
INSERT INTO tbl_vn_ward (ward_id, district_id, ward_name) VALUES (5842, 171, 'X횄짙 V횆혘n Y횄짧n');
INSERT INTO tbl_vn_ward (ward_id, district_id, ward_name) VALUES (5845, 171, 'X횄짙 V찼쨘징n Ph횄쨘');
INSERT INTO tbl_vn_ward (ward_id, district_id, ward_name) VALUES (5848, 171, 'X횄짙 C횄징t N횄짧');
INSERT INTO tbl_vn_ward (ward_id, district_id, ward_name) VALUES (5851, 171, 'Th찼쨩혢 tr찼쨘짜n Qu횄짖n Chu');
INSERT INTO tbl_vn_district (district_id, province_id, district_name) VALUES (172, 19, 'Th횄혻nh ph찼쨩혩 Ph찼쨩혮 Y횄짧n');
INSERT INTO tbl_vn_ward (ward_id, district_id, ward_name) VALUES (5854, 172, 'Ph횈째찼쨩혶ng B횄짙i B횄쨈ng');
INSERT INTO tbl_vn_ward (ward_id, district_id, ward_name) VALUES (5857, 172, 'Ph횈째찼쨩혶ng B찼쨘짱c S횈징n');
INSERT INTO tbl_vn_ward (ward_id, district_id, ward_name) VALUES (5860, 172, 'Ph횈째찼쨩혶ng Ba H횄혻ng');
INSERT INTO tbl_vn_ward (ward_id, district_id, ward_name) VALUES (5863, 172, 'X횄짙 Ph횄쨘c T횄짖n');
INSERT INTO tbl_vn_ward (ward_id, district_id, ward_name) VALUES (5866, 172, 'X횄짙 Ph횄쨘c Thu찼쨘짯n');
INSERT INTO tbl_vn_ward (ward_id, district_id, ward_name) VALUES (5869, 172, 'Ph횈째찼쨩혶ng H찼쨩혫ng Ti찼쨘쩔n');
INSERT INTO tbl_vn_ward (ward_id, district_id, ward_name) VALUES (5872, 172, 'X횄짙 Minh 횆혨찼쨩짤c');
INSERT INTO tbl_vn_ward (ward_id, district_id, ward_name) VALUES (5875, 172, 'Ph횈째찼쨩혶ng 횆혨찼쨘짱c S횈징n');
INSERT INTO tbl_vn_ward (ward_id, district_id, ward_name) VALUES (5878, 172, 'Ph횈째찼쨩혶ng 횆혨찼쨩혫ng Ti찼쨘쩔n');
INSERT INTO tbl_vn_ward (ward_id, district_id, ward_name) VALUES (5881, 172, 'X횄짙 Th횄혻nh C횄쨈ng');
INSERT INTO tbl_vn_ward (ward_id, district_id, ward_name) VALUES (5884, 172, 'Ph횈째찼쨩혶ng Ti횄짧n Phong');
INSERT INTO tbl_vn_ward (ward_id, district_id, ward_name) VALUES (5887, 172, 'X횄짙 V찼쨘징n Ph횄징i');
INSERT INTO tbl_vn_ward (ward_id, district_id, ward_name) VALUES (5890, 172, 'Ph횈째찼쨩혶ng Nam Ti찼쨘쩔n');
INSERT INTO tbl_vn_ward (ward_id, district_id, ward_name) VALUES (5893, 172, 'Ph횈째찼쨩혶ng T횄짖n H횈째횈징ng');
INSERT INTO tbl_vn_ward (ward_id, district_id, ward_name) VALUES (5896, 172, 'Ph횈째찼쨩혶ng 횆혨횄쨈ng Cao');
INSERT INTO tbl_vn_ward (ward_id, district_id, ward_name) VALUES (5899, 172, 'Ph횈째찼쨩혶ng Trung Th횄혻nh');
INSERT INTO tbl_vn_ward (ward_id, district_id, ward_name) VALUES (5902, 172, 'Ph횈째찼쨩혶ng T횄짖n Ph횄쨘');
INSERT INTO tbl_vn_ward (ward_id, district_id, ward_name) VALUES (5905, 172, 'Ph횈째찼쨩혶ng Thu찼쨘짯n Th횄혻nh');
INSERT INTO tbl_vn_district (district_id, province_id, district_name) VALUES (173, 19, 'Huy찼쨩혝n Ph횄쨘 B횄짭nh');
INSERT INTO tbl_vn_ward (ward_id, district_id, ward_name) VALUES (5908, 173, 'Th찼쨩혢 tr찼쨘짜n H횈째횈징ng S횈징n');
INSERT INTO tbl_vn_ward (ward_id, district_id, ward_name) VALUES (5911, 173, 'X횄짙 B횄혻n 횆혨찼쨘징t');
INSERT INTO tbl_vn_ward (ward_id, district_id, ward_name) VALUES (5917, 173, 'X횄짙 T횄짖n Kh횄징nh');
INSERT INTO tbl_vn_ward (ward_id, district_id, ward_name) VALUES (5920, 173, 'X횄짙 T횄짖n Kim');
INSERT INTO tbl_vn_ward (ward_id, district_id, ward_name) VALUES (5923, 173, 'X횄짙 T횄짖n Th횄혻nh');
INSERT INTO tbl_vn_ward (ward_id, district_id, ward_name) VALUES (5926, 173, 'X횄짙 횆혨횄혻o X횄징');
INSERT INTO tbl_vn_ward (ward_id, district_id, ward_name) VALUES (5929, 173, 'X횄짙 B찼쨘짙o L횄쩍');
INSERT INTO tbl_vn_ward (ward_id, district_id, ward_name) VALUES (5932, 173, 'X횄짙 Th횈째찼쨩짙ng 횆혨횄짭nh');
INSERT INTO tbl_vn_ward (ward_id, district_id, ward_name) VALUES (5935, 173, 'X횄짙 T횄짖n H횄짼a');
INSERT INTO tbl_vn_ward (ward_id, district_id, ward_name) VALUES (5938, 173, 'X횄짙 Nh횄짙 L찼쨩혲ng');
INSERT INTO tbl_vn_ward (ward_id, district_id, ward_name) VALUES (5941, 173, 'X횄짙 횆혨i찼쨩혖m Th찼쨩짜y');
INSERT INTO tbl_vn_ward (ward_id, district_id, ward_name) VALUES (5944, 173, 'X횄짙 Xu횄짖n Ph횈째횈징ng');
INSERT INTO tbl_vn_ward (ward_id, district_id, ward_name) VALUES (5947, 173, 'X횄짙 T횄짖n 횆혨찼쨩짤c');
INSERT INTO tbl_vn_ward (ward_id, district_id, ward_name) VALUES (5950, 173, 'X횄짙 횄혳c K찼쨩쨀');
INSERT INTO tbl_vn_ward (ward_id, district_id, ward_name) VALUES (5953, 173, 'X횄짙 L횈째횈징ng Ph횄쨘');
INSERT INTO tbl_vn_ward (ward_id, district_id, ward_name) VALUES (5956, 173, 'X횄짙 Nga My');
INSERT INTO tbl_vn_ward (ward_id, district_id, ward_name) VALUES (5959, 173, 'X횄짙 Kha S횈징n');
INSERT INTO tbl_vn_ward (ward_id, district_id, ward_name) VALUES (5962, 173, 'X횄짙 Thanh Ninh');
INSERT INTO tbl_vn_ward (ward_id, district_id, ward_name) VALUES (5965, 173, 'X횄짙 D횈째횈징ng Th횄혻nh');
INSERT INTO tbl_vn_ward (ward_id, district_id, ward_name) VALUES (5968, 173, 'X횄짙 H횄혻 Ch횄짖u');
INSERT INTO tbl_vn_province (province_id, province_name) VALUES (20, 'T찼쨩혟nh L찼쨘징ng S횈징n');
INSERT INTO tbl_vn_district (district_id, province_id, district_name) VALUES (178, 20, 'Th횄혻nh ph찼쨩혩 L찼쨘징ng S횈징n');
INSERT INTO tbl_vn_ward (ward_id, district_id, ward_name) VALUES (5971, 178, 'Ph횈째찼쨩혶ng Ho횄혻ng V횆혘n Th찼쨩짜');
INSERT INTO tbl_vn_ward (ward_id, district_id, ward_name) VALUES (5974, 178, 'Ph횈째찼쨩혶ng Tam Thanh');
INSERT INTO tbl_vn_ward (ward_id, district_id, ward_name) VALUES (5977, 178, 'Ph횈째찼쨩혶ng V횆짤nh Tr찼쨘징i');
INSERT INTO tbl_vn_ward (ward_id, district_id, ward_name) VALUES (5980, 178, 'Ph횈째찼쨩혶ng 횆혨횄쨈ng Kinh');
INSERT INTO tbl_vn_ward (ward_id, district_id, ward_name) VALUES (5983, 178, 'Ph횈째찼쨩혶ng Chi L횆혘ng');
INSERT INTO tbl_vn_ward (ward_id, district_id, ward_name) VALUES (5986, 178, 'X횄짙 Ho횄혻ng 횆혨찼쨩혫ng');
INSERT INTO tbl_vn_ward (ward_id, district_id, ward_name) VALUES (5989, 178, 'X횄짙 Qu찼쨘짙ng L찼쨘징c');
INSERT INTO tbl_vn_ward (ward_id, district_id, ward_name) VALUES (5992, 178, 'X횄짙 Mai Pha');
INSERT INTO tbl_vn_district (district_id, province_id, district_name) VALUES (180, 20, 'Huy찼쨩혝n Tr횄혻ng 횆혨찼쨩혢nh');
INSERT INTO tbl_vn_ward (ward_id, district_id, ward_name) VALUES (5998, 180, 'X횄짙 Kh횄징nh Long');
INSERT INTO tbl_vn_ward (ward_id, district_id, ward_name) VALUES (6001, 180, 'X횄짙 횆혨o횄혻n K찼쨘쩔t');
INSERT INTO tbl_vn_ward (ward_id, district_id, ward_name) VALUES (6004, 180, 'X횄짙 Qu찼쨩혩c Kh횄징nh');
INSERT INTO tbl_vn_ward (ward_id, district_id, ward_name) VALUES (6010, 180, 'X횄짙 Cao Minh');
INSERT INTO tbl_vn_ward (ward_id, district_id, ward_name) VALUES (6013, 180, 'X횄짙 Ch횄짯 Minh');
INSERT INTO tbl_vn_ward (ward_id, district_id, ward_name) VALUES (6016, 180, 'X횄짙 Tri Ph횈째횈징ng');
INSERT INTO tbl_vn_ward (ward_id, district_id, ward_name) VALUES (6019, 180, 'X횄짙 T횄짖n Ti찼쨘쩔n');
INSERT INTO tbl_vn_ward (ward_id, district_id, ward_name) VALUES (6022, 180, 'X횄짙 T횄짖n Y횄짧n');
INSERT INTO tbl_vn_ward (ward_id, district_id, ward_name) VALUES (6025, 180, 'X횄짙 횆혨찼쨩혲i C찼쨘짜n');
INSERT INTO tbl_vn_ward (ward_id, district_id, ward_name) VALUES (6028, 180, 'X횄짙 T횄짖n Minh');
INSERT INTO tbl_vn_ward (ward_id, district_id, ward_name) VALUES (6031, 180, 'X횄짙 Kim 횆혨찼쨩혫ng');
INSERT INTO tbl_vn_ward (ward_id, district_id, ward_name) VALUES (6034, 180, 'X횄짙 Chi L횆혘ng');
INSERT INTO tbl_vn_ward (ward_id, district_id, ward_name) VALUES (6037, 180, 'X횄짙 Trung Th횄혻nh');
INSERT INTO tbl_vn_ward (ward_id, district_id, ward_name) VALUES (6040, 180, 'Th찼쨩혢 tr찼쨘짜n Th찼쨘짜t Kh횄짧');
INSERT INTO tbl_vn_ward (ward_id, district_id, ward_name) VALUES (6043, 180, 'X횄짙 횆혨횄혻o Vi횄짧n');
INSERT INTO tbl_vn_ward (ward_id, district_id, ward_name) VALUES (6046, 180, 'X횄짙 횆혨찼쨩혖 Th횄징m');
INSERT INTO tbl_vn_ward (ward_id, district_id, ward_name) VALUES (6049, 180, 'X횄짙 Kh횄징ng Chi찼쨘쩔n');
INSERT INTO tbl_vn_ward (ward_id, district_id, ward_name) VALUES (6055, 180, 'X횄짙 H횄쨔ng S횈징n');
INSERT INTO tbl_vn_ward (ward_id, district_id, ward_name) VALUES (6058, 180, 'X횄짙 Qu찼쨩혩c Vi찼쨩혝t');
INSERT INTO tbl_vn_ward (ward_id, district_id, ward_name) VALUES (6061, 180, 'X횄짙 H횄쨔ng Vi찼쨩혝t');
INSERT INTO tbl_vn_district (district_id, province_id, district_name) VALUES (181, 20, 'Huy찼쨩혝n B횄짭nh Gia');
INSERT INTO tbl_vn_ward (ward_id, district_id, ward_name) VALUES (6067, 181, 'X횄짙 H횈째ng 횆혨찼쨘징o');
INSERT INTO tbl_vn_ward (ward_id, district_id, ward_name) VALUES (6070, 181, 'X횄짙 V횆짤nh Y횄짧n');
INSERT INTO tbl_vn_ward (ward_id, district_id, ward_name) VALUES (6073, 181, 'X횄짙 Hoa Th횄징m');
INSERT INTO tbl_vn_ward (ward_id, district_id, ward_name) VALUES (6076, 181, 'X횄짙 Qu횄쩍 H횄짼a');
INSERT INTO tbl_vn_ward (ward_id, district_id, ward_name) VALUES (6079, 181, 'X횄짙 H찼쨩혫ng Phong');
INSERT INTO tbl_vn_ward (ward_id, district_id, ward_name) VALUES (6082, 181, 'X횄짙 Y횄짧n L찼쨩혰');
INSERT INTO tbl_vn_ward (ward_id, district_id, ward_name) VALUES (6085, 181, 'X횄짙 Thi찼쨩혝n H횄짼a');
INSERT INTO tbl_vn_ward (ward_id, district_id, ward_name) VALUES (6088, 181, 'X횄짙 Quang Trung');
INSERT INTO tbl_vn_ward (ward_id, district_id, ward_name) VALUES (6091, 181, 'X횄짙 Thi찼쨩혝n Thu찼쨘짯t');
INSERT INTO tbl_vn_ward (ward_id, district_id, ward_name) VALUES (6094, 181, 'X횄짙 Minh Khai');
INSERT INTO tbl_vn_ward (ward_id, district_id, ward_name) VALUES (6097, 181, 'X횄짙 Thi찼쨩혝n Long');
INSERT INTO tbl_vn_ward (ward_id, district_id, ward_name) VALUES (6100, 181, 'X횄짙 Ho횄혻ng V횆혘n Th찼쨩짜');
INSERT INTO tbl_vn_ward (ward_id, district_id, ward_name) VALUES (6103, 181, 'X횄짙 H횄짼a B횄짭nh');
INSERT INTO tbl_vn_ward (ward_id, district_id, ward_name) VALUES (6106, 181, 'X횄짙 M횄쨈ng 횄혗n');
INSERT INTO tbl_vn_ward (ward_id, district_id, ward_name) VALUES (6109, 181, 'X횄짙 T횄짖n H횄짼a');
INSERT INTO tbl_vn_ward (ward_id, district_id, ward_name) VALUES (6112, 181, 'Th찼쨩혢 tr찼쨘짜n B횄짭nh Gia');
INSERT INTO tbl_vn_ward (ward_id, district_id, ward_name) VALUES (6115, 181, 'X횄짙 H찼쨩혫ng Th횄징i');
INSERT INTO tbl_vn_ward (ward_id, district_id, ward_name) VALUES (6118, 181, 'X횄짙 B횄짭nh La');
INSERT INTO tbl_vn_ward (ward_id, district_id, ward_name) VALUES (6121, 181, 'X횄짙 T횄짖n V횆혘n');
INSERT INTO tbl_vn_district (district_id, province_id, district_name) VALUES (182, 20, 'Huy찼쨩혝n V횆혘n L횄짙ng');
INSERT INTO tbl_vn_ward (ward_id, district_id, ward_name) VALUES (6124, 182, 'Th찼쨩혢 tr찼쨘짜n Na S찼쨘짠m');
INSERT INTO tbl_vn_ward (ward_id, district_id, ward_name) VALUES (6127, 182, 'X횄짙 Tr횄쨔ng Kh횄징nh');
INSERT INTO tbl_vn_ward (ward_id, district_id, ward_name) VALUES (6133, 182, 'X횄짙 B찼쨘짱c La');
INSERT INTO tbl_vn_ward (ward_id, district_id, ward_name) VALUES (6136, 182, 'X횄짙 Th찼쨩짜y H횄쨔ng');
INSERT INTO tbl_vn_ward (ward_id, district_id, ward_name) VALUES (6139, 182, 'X횄짙 B찼쨘짱c H횄쨔ng');
INSERT INTO tbl_vn_ward (ward_id, district_id, ward_name) VALUES (6142, 182, 'X횄짙 T횄짖n T횄징c');
INSERT INTO tbl_vn_ward (ward_id, district_id, ward_name) VALUES (6148, 182, 'X횄짙 Thanh Long');
INSERT INTO tbl_vn_ward (ward_id, district_id, ward_name) VALUES (6151, 182, 'X횄짙 H찼쨩혲i Hoan');
INSERT INTO tbl_vn_ward (ward_id, district_id, ward_name) VALUES (6154, 182, 'X횄짙 B찼쨘짱c Vi찼쨩혝t');
INSERT INTO tbl_vn_ward (ward_id, district_id, ward_name) VALUES (6157, 182, 'X횄짙 Ho횄혻ng Vi찼쨩혝t');
INSERT INTO tbl_vn_ward (ward_id, district_id, ward_name) VALUES (6160, 182, 'X횄짙 Gia Mi찼쨩혚n');
INSERT INTO tbl_vn_ward (ward_id, district_id, ward_name) VALUES (6163, 182, 'X횄짙 Th횄혻nh H횄짼a');
INSERT INTO tbl_vn_ward (ward_id, district_id, ward_name) VALUES (6166, 182, 'X횄짙 T횄짖n Thanh');
INSERT INTO tbl_vn_ward (ward_id, district_id, ward_name) VALUES (6172, 182, 'X횄짙 T횄짖n M찼쨩쨔');
INSERT INTO tbl_vn_ward (ward_id, district_id, ward_name) VALUES (6175, 182, 'X횄짙 H찼쨩혫ng Th횄징i');
INSERT INTO tbl_vn_ward (ward_id, district_id, ward_name) VALUES (6178, 182, 'X횄짙 Ho횄혻ng V횆혘n Th찼쨩짜');
INSERT INTO tbl_vn_ward (ward_id, district_id, ward_name) VALUES (6181, 182, 'X횄짙 Nh찼쨘징c K찼쨩쨀');
INSERT INTO tbl_vn_district (district_id, province_id, district_name) VALUES (183, 20, 'Huy찼쨩혝n Cao L찼쨩혲c');
INSERT INTO tbl_vn_ward (ward_id, district_id, ward_name) VALUES (6184, 183, 'Th찼쨩혢 tr찼쨘짜n 횆혨찼쨩혫ng 횆혨횆혘ng');
INSERT INTO tbl_vn_ward (ward_id, district_id, ward_name) VALUES (6187, 183, 'Th찼쨩혢 tr찼쨘짜n Cao L찼쨩혲c');
INSERT INTO tbl_vn_ward (ward_id, district_id, ward_name) VALUES (6190, 183, 'X횄짙 B찼쨘짙o L횄짖m');
INSERT INTO tbl_vn_ward (ward_id, district_id, ward_name) VALUES (6193, 183, 'X횄짙 Thanh L횄짼a');
INSERT INTO tbl_vn_ward (ward_id, district_id, ward_name) VALUES (6196, 183, 'X횄짙 Cao L횄짖u');
INSERT INTO tbl_vn_ward (ward_id, district_id, ward_name) VALUES (6199, 183, 'X횄짙 Th찼쨘징ch 횆혨찼쨘징n');
INSERT INTO tbl_vn_ward (ward_id, district_id, ward_name) VALUES (6202, 183, 'X횄짙 Xu찼쨘짜t L찼쨩혚');
INSERT INTO tbl_vn_ward (ward_id, district_id, ward_name) VALUES (6205, 183, 'X횄짙 H찼쨩혫ng Phong');
INSERT INTO tbl_vn_ward (ward_id, district_id, ward_name) VALUES (6208, 183, 'X횄짙 Th찼쨩짜y H횄쨔ng');
INSERT INTO tbl_vn_ward (ward_id, district_id, ward_name) VALUES (6211, 183, 'X횄짙 L찼쨩혲c Y횄짧n');
INSERT INTO tbl_vn_ward (ward_id, district_id, ward_name) VALUES (6214, 183, 'X횄짙 Ph횄쨘 X횄징');
INSERT INTO tbl_vn_ward (ward_id, district_id, ward_name) VALUES (6217, 183, 'X횄짙 B횄짭nh Trung');
INSERT INTO tbl_vn_ward (ward_id, district_id, ward_name) VALUES (6220, 183, 'X횄짙 H찼쨘짙i Y찼쨘쩔n');
INSERT INTO tbl_vn_ward (ward_id, district_id, ward_name) VALUES (6223, 183, 'X횄짙 H횄짼a C횈째');
INSERT INTO tbl_vn_ward (ward_id, district_id, ward_name) VALUES (6226, 183, 'X횄짙 H찼쨩짙p Th횄혻nh');
INSERT INTO tbl_vn_ward (ward_id, district_id, ward_name) VALUES (6232, 183, 'X횄짙 C횄쨈ng S횈징n');
INSERT INTO tbl_vn_ward (ward_id, district_id, ward_name) VALUES (6235, 183, 'X횄짙 Gia C횄징t');
INSERT INTO tbl_vn_ward (ward_id, district_id, ward_name) VALUES (6238, 183, 'X횄짙 M찼쨘짬u S횈징n');
INSERT INTO tbl_vn_ward (ward_id, district_id, ward_name) VALUES (6241, 183, 'X횄짙 Xu횄짖n Long');
INSERT INTO tbl_vn_ward (ward_id, district_id, ward_name) VALUES (6244, 183, 'X횄짙 T횄짖n Li횄짧n');
INSERT INTO tbl_vn_ward (ward_id, district_id, ward_name) VALUES (6247, 183, 'X횄짙 Y횄짧n Tr찼쨘징ch');
INSERT INTO tbl_vn_ward (ward_id, district_id, ward_name) VALUES (6250, 183, 'X횄짙 T횄짖n Th횄혻nh');
INSERT INTO tbl_vn_district (district_id, province_id, district_name) VALUES (184, 20, 'Huy찼쨩혝n V횆혘n Quan');
INSERT INTO tbl_vn_ward (ward_id, district_id, ward_name) VALUES (6253, 184, 'Th찼쨩혢 tr찼쨘짜n V횆혘n Quan');
INSERT INTO tbl_vn_ward (ward_id, district_id, ward_name) VALUES (6256, 184, 'X횄짙 Tr찼쨘짜n Ninh');
INSERT INTO tbl_vn_ward (ward_id, district_id, ward_name) VALUES (6268, 184, 'X횄짙 Li횄짧n H찼쨩혲i');
INSERT INTO tbl_vn_ward (ward_id, district_id, ward_name) VALUES (6274, 184, 'X횄짙 H횄짼a B횄짭nh');
INSERT INTO tbl_vn_ward (ward_id, district_id, ward_name) VALUES (6277, 184, 'X횄짙 T횄쨘 Xuy횄짧n');
INSERT INTO tbl_vn_ward (ward_id, district_id, ward_name) VALUES (6280, 184, 'X횄짙 횆혨i찼쨩혖m He');
INSERT INTO tbl_vn_ward (ward_id, district_id, ward_name) VALUES (6283, 184, 'X횄짙 An S횈징n');
INSERT INTO tbl_vn_ward (ward_id, district_id, ward_name) VALUES (6286, 184, 'X횄짙 Kh횄징nh Kh횄짧');
INSERT INTO tbl_vn_ward (ward_id, district_id, ward_name) VALUES (6292, 184, 'X횄짙 L횈째횈징ng N횆혘ng');
INSERT INTO tbl_vn_ward (ward_id, district_id, ward_name) VALUES (6298, 184, 'X횄짙 B횄짭nh Ph횄쨘c');
INSERT INTO tbl_vn_ward (ward_id, district_id, ward_name) VALUES (6307, 184, 'X횄짙 T횄짖n 횆혨o횄혻n');
INSERT INTO tbl_vn_ward (ward_id, district_id, ward_name) VALUES (6313, 184, 'X횄짙 Tri L찼쨩혚');
INSERT INTO tbl_vn_ward (ward_id, district_id, ward_name) VALUES (6316, 184, 'X횄짙 Tr횄혻ng Ph횄징i');
INSERT INTO tbl_vn_ward (ward_id, district_id, ward_name) VALUES (6319, 184, 'X횄짙 Y횄짧n Ph횄쨘c');
INSERT INTO tbl_vn_ward (ward_id, district_id, ward_name) VALUES (6322, 184, 'X횄짙 H찼쨩짱u L찼쨩혚');
INSERT INTO tbl_vn_district (district_id, province_id, district_name) VALUES (185, 20, 'Huy찼쨩혝n B찼쨘짱c S횈징n');
INSERT INTO tbl_vn_ward (ward_id, district_id, ward_name) VALUES (6325, 185, 'Th찼쨩혢 tr찼쨘짜n B찼쨘짱c S횈징n');
INSERT INTO tbl_vn_ward (ward_id, district_id, ward_name) VALUES (6328, 185, 'X횄짙 Long 횆혨찼쨩혩ng');
INSERT INTO tbl_vn_ward (ward_id, district_id, ward_name) VALUES (6331, 185, 'X횄짙 V찼쨘징n Th찼쨩짠y');
INSERT INTO tbl_vn_ward (ward_id, district_id, ward_name) VALUES (6337, 185, 'X횄짙 횆혨찼쨩혫ng 횄쩍');
INSERT INTO tbl_vn_ward (ward_id, district_id, ward_name) VALUES (6340, 185, 'X횄짙 T횄짖n Tri');
INSERT INTO tbl_vn_ward (ward_id, district_id, ward_name) VALUES (6343, 185, 'X횄짙 B찼쨘짱c Qu찼쨩쨀nh');
INSERT INTO tbl_vn_ward (ward_id, district_id, ward_name) VALUES (6349, 185, 'X횄짙 H횈째ng V횇짤');
INSERT INTO tbl_vn_ward (ward_id, district_id, ward_name) VALUES (6352, 185, 'X횄짙 T횄짖n L찼쨘짯p');
INSERT INTO tbl_vn_ward (ward_id, district_id, ward_name) VALUES (6355, 185, 'X횄짙 V횇짤 S횈징n');
INSERT INTO tbl_vn_ward (ward_id, district_id, ward_name) VALUES (6358, 185, 'X횄짙 Chi횄짧u V횇짤');
INSERT INTO tbl_vn_ward (ward_id, district_id, ward_name) VALUES (6361, 185, 'X횄짙 T횄짖n H횈째횈징ng');
INSERT INTO tbl_vn_ward (ward_id, district_id, ward_name) VALUES (6364, 185, 'X횄짙 Chi찼쨘쩔n Th찼쨘짱ng');
INSERT INTO tbl_vn_ward (ward_id, district_id, ward_name) VALUES (6367, 185, 'X횄짙 V횇짤 L횆혘ng');
INSERT INTO tbl_vn_ward (ward_id, district_id, ward_name) VALUES (6370, 185, 'X횄짙 Tr찼쨘짜n Y횄짧n');
INSERT INTO tbl_vn_ward (ward_id, district_id, ward_name) VALUES (6373, 185, 'X횄짙 V횇짤 L찼쨩혚');
INSERT INTO tbl_vn_ward (ward_id, district_id, ward_name) VALUES (6376, 185, 'X횄짙 Nh찼쨘짜t H횄짼a');
INSERT INTO tbl_vn_ward (ward_id, district_id, ward_name) VALUES (6379, 185, 'X횄짙 T횄짖n Th횄혻nh');
INSERT INTO tbl_vn_ward (ward_id, district_id, ward_name) VALUES (6382, 185, 'X횄짙 Nh찼쨘짜t Ti찼쨘쩔n');
INSERT INTO tbl_vn_district (district_id, province_id, district_name) VALUES (186, 20, 'Huy찼쨩혝n H찼쨩짱u L횇짤ng');
INSERT INTO tbl_vn_ward (ward_id, district_id, ward_name) VALUES (6385, 186, 'Th찼쨩혢 tr찼쨘짜n H찼쨩짱u L횇짤ng');
INSERT INTO tbl_vn_ward (ward_id, district_id, ward_name) VALUES (6388, 186, 'X횄짙 H찼쨩짱u Li횄짧n');
INSERT INTO tbl_vn_ward (ward_id, district_id, ward_name) VALUES (6391, 186, 'X횄짙 Y횄짧n B횄짭nh');
INSERT INTO tbl_vn_ward (ward_id, district_id, ward_name) VALUES (6394, 186, 'X횄짙 Quy찼쨘쩔t Th찼쨘짱ng');
INSERT INTO tbl_vn_ward (ward_id, district_id, ward_name) VALUES (6397, 186, 'X횄짙 H횄짼a B횄짭nh');
INSERT INTO tbl_vn_ward (ward_id, district_id, ward_name) VALUES (6400, 186, 'X횄짙 Y횄짧n Th찼쨩혢nh');
INSERT INTO tbl_vn_ward (ward_id, district_id, ward_name) VALUES (6403, 186, 'X횄짙 Y횄짧n S횈징n');
INSERT INTO tbl_vn_ward (ward_id, district_id, ward_name) VALUES (6406, 186, 'X횄짙 Thi찼쨩혝n T횄짖n');
INSERT INTO tbl_vn_ward (ward_id, district_id, ward_name) VALUES (6412, 186, 'X횄짙 Y횄짧n V횈째찼쨩짙ng');
INSERT INTO tbl_vn_ward (ward_id, district_id, ward_name) VALUES (6415, 186, 'X횄짙 Minh Ti찼쨘쩔n');
INSERT INTO tbl_vn_ward (ward_id, district_id, ward_name) VALUES (6418, 186, 'X횄짙 Nh찼쨘짯t Ti찼쨘쩔n');
INSERT INTO tbl_vn_ward (ward_id, district_id, ward_name) VALUES (6421, 186, 'X횄짙 Thanh S횈징n');
INSERT INTO tbl_vn_ward (ward_id, district_id, ward_name) VALUES (6424, 186, 'X횄짙 횆혨찼쨩혫ng T횄짖n');
INSERT INTO tbl_vn_ward (ward_id, district_id, ward_name) VALUES (6427, 186, 'X횄짙 Cai Kinh');
INSERT INTO tbl_vn_ward (ward_id, district_id, ward_name) VALUES (6430, 186, 'X횄짙 H횄짼a L찼쨘징c');
INSERT INTO tbl_vn_ward (ward_id, district_id, ward_name) VALUES (6433, 186, 'X횄짙 V횄짖n Nham');
INSERT INTO tbl_vn_ward (ward_id, district_id, ward_name) VALUES (6436, 186, 'X횄짙 횆혨찼쨩혫ng Ti찼쨘쩔n');
INSERT INTO tbl_vn_ward (ward_id, district_id, ward_name) VALUES (6442, 186, 'X횄짙 T횄짖n Th횄혻nh');
INSERT INTO tbl_vn_ward (ward_id, district_id, ward_name) VALUES (6445, 186, 'X횄짙 H횄짼a S횈징n');
INSERT INTO tbl_vn_ward (ward_id, district_id, ward_name) VALUES (6448, 186, 'X횄짙 Minh S횈징n');
INSERT INTO tbl_vn_ward (ward_id, district_id, ward_name) VALUES (6451, 186, 'X횄짙 H찼쨩혫 S횈징n');
INSERT INTO tbl_vn_ward (ward_id, district_id, ward_name) VALUES (6457, 186, 'X횄짙 Minh H횄짼a');
INSERT INTO tbl_vn_ward (ward_id, district_id, ward_name) VALUES (6460, 186, 'X횄짙 H횄짼a Th찼쨘짱ng');
INSERT INTO tbl_vn_district (district_id, province_id, district_name) VALUES (187, 20, 'Huy찼쨩혝n Chi L횆혘ng');
INSERT INTO tbl_vn_ward (ward_id, district_id, ward_name) VALUES (6463, 187, 'Th찼쨩혢 tr찼쨘짜n 횆혨찼쨩혫ng M찼쨩혧');
INSERT INTO tbl_vn_ward (ward_id, district_id, ward_name) VALUES (6466, 187, 'Th찼쨩혢 tr찼쨘짜n Chi L횆혘ng');
INSERT INTO tbl_vn_ward (ward_id, district_id, ward_name) VALUES (6469, 187, 'X횄짙 V횄짖n An');
INSERT INTO tbl_vn_ward (ward_id, district_id, ward_name) VALUES (6472, 187, 'X횄짙 V횄짖n Th찼쨩짠y');
INSERT INTO tbl_vn_ward (ward_id, district_id, ward_name) VALUES (6475, 187, 'X횄짙 Gia L찼쨩혲c');
INSERT INTO tbl_vn_ward (ward_id, district_id, ward_name) VALUES (6478, 187, 'X횄짙 B찼쨘짱c Th찼쨩짠y');
INSERT INTO tbl_vn_ward (ward_id, district_id, ward_name) VALUES (6481, 187, 'X횄짙 Chi찼쨘쩔n Th찼쨘짱ng');
INSERT INTO tbl_vn_ward (ward_id, district_id, ward_name) VALUES (6484, 187, 'X횄짙 Mai Sao');
INSERT INTO tbl_vn_ward (ward_id, district_id, ward_name) VALUES (6487, 187, 'X횄짙 B찼쨘짹ng H찼쨩짱u');
INSERT INTO tbl_vn_ward (ward_id, district_id, ward_name) VALUES (6490, 187, 'X횄짙 Th횈째찼쨩짙ng C횈째찼쨩혶ng');
INSERT INTO tbl_vn_ward (ward_id, district_id, ward_name) VALUES (6493, 187, 'X횄짙 B찼쨘짹ng M찼쨘징c');
INSERT INTO tbl_vn_ward (ward_id, district_id, ward_name) VALUES (6496, 187, 'X횄짙 Nh횄짖n L횄쩍');
INSERT INTO tbl_vn_ward (ward_id, district_id, ward_name) VALUES (6499, 187, 'X횄짙 L횄짖m S횈징n');
INSERT INTO tbl_vn_ward (ward_id, district_id, ward_name) VALUES (6502, 187, 'X횄짙 Li횄짧n S횈징n');
INSERT INTO tbl_vn_ward (ward_id, district_id, ward_name) VALUES (6505, 187, 'X횄짙 V찼쨘징n Linh');
INSERT INTO tbl_vn_ward (ward_id, district_id, ward_name) VALUES (6508, 187, 'X횄짙 H횄짼a B횄짭nh');
INSERT INTO tbl_vn_ward (ward_id, district_id, ward_name) VALUES (6514, 187, 'X횄짙 H찼쨩짱u Ki횄짧n');
INSERT INTO tbl_vn_ward (ward_id, district_id, ward_name) VALUES (6517, 187, 'X횄짙 Quan S횈징n');
INSERT INTO tbl_vn_ward (ward_id, district_id, ward_name) VALUES (6520, 187, 'X횄짙 Y T찼쨩혢ch');
INSERT INTO tbl_vn_ward (ward_id, district_id, ward_name) VALUES (6523, 187, 'X횄짙 Chi L횆혘ng');
INSERT INTO tbl_vn_district (district_id, province_id, district_name) VALUES (188, 20, 'Huy찼쨩혝n L찼쨩혲c B횄짭nh');
INSERT INTO tbl_vn_ward (ward_id, district_id, ward_name) VALUES (6526, 188, 'Th찼쨩혢 tr찼쨘짜n Na D횈째횈징ng');
INSERT INTO tbl_vn_ward (ward_id, district_id, ward_name) VALUES (6529, 188, 'Th찼쨩혢 tr찼쨘짜n L찼쨩혲c B횄짭nh');
INSERT INTO tbl_vn_ward (ward_id, district_id, ward_name) VALUES (6532, 188, 'X횄짙 M찼쨘짬u S횈징n');
INSERT INTO tbl_vn_ward (ward_id, district_id, ward_name) VALUES (6541, 188, 'X횄짙 Y횄짧n Kho횄징i');
INSERT INTO tbl_vn_ward (ward_id, district_id, ward_name) VALUES (6544, 188, 'X횄짙 Kh횄징nh Xu횄짖n');
INSERT INTO tbl_vn_ward (ward_id, district_id, ward_name) VALUES (6547, 188, 'X횄짙 T횄쨘 M찼쨩혢ch');
INSERT INTO tbl_vn_ward (ward_id, district_id, ward_name) VALUES (6550, 188, 'X횄짙 H찼쨩짱u Kh횄징nh');
INSERT INTO tbl_vn_ward (ward_id, district_id, ward_name) VALUES (6553, 188, 'X횄짙 횆혨찼쨩혫ng B찼쨩짜c');
INSERT INTO tbl_vn_ward (ward_id, district_id, ward_name) VALUES (6559, 188, 'X횄짙 Tam Gia');
INSERT INTO tbl_vn_ward (ward_id, district_id, ward_name) VALUES (6562, 188, 'X횄짙 T횄쨘 횆혨o찼쨘징n');
INSERT INTO tbl_vn_ward (ward_id, district_id, ward_name) VALUES (6565, 188, 'X횄짙 Khu찼쨘짜t X횄징');
INSERT INTO tbl_vn_ward (ward_id, district_id, ward_name) VALUES (6577, 188, 'X횄짙 Th찼쨩혩ng Nh찼쨘짜t');
INSERT INTO tbl_vn_ward (ward_id, district_id, ward_name) VALUES (6589, 188, 'X횄짙 S횄혻n Vi횄짧n');
INSERT INTO tbl_vn_ward (ward_id, district_id, ward_name) VALUES (6592, 188, 'X횄짙 횆혨횄쨈ng Quan');
INSERT INTO tbl_vn_ward (ward_id, district_id, ward_name) VALUES (6595, 188, 'X횄짙 Minh Hi찼쨩혝p');
INSERT INTO tbl_vn_ward (ward_id, district_id, ward_name) VALUES (6598, 188, 'X횄짙 H찼쨩짱u L횄짖n');
INSERT INTO tbl_vn_ward (ward_id, district_id, ward_name) VALUES (6601, 188, 'X횄짙 L찼쨩짙i B횄징c');
INSERT INTO tbl_vn_ward (ward_id, district_id, ward_name) VALUES (6604, 188, 'X횄짙 Nam Quan');
INSERT INTO tbl_vn_ward (ward_id, district_id, ward_name) VALUES (6607, 188, 'X횄짙 Xu횄짖n D횈째횈징ng');
INSERT INTO tbl_vn_ward (ward_id, district_id, ward_name) VALUES (6610, 188, 'X횄짙 횄혖i Qu찼쨩혩c');
INSERT INTO tbl_vn_district (district_id, province_id, district_name) VALUES (189, 20, 'Huy찼쨩혝n 횆혨횄짭nh L찼쨘짯p');
INSERT INTO tbl_vn_ward (ward_id, district_id, ward_name) VALUES (6613, 189, 'Th찼쨩혢 tr찼쨘짜n 횆혨횄짭nh L찼쨘짯p');
INSERT INTO tbl_vn_ward (ward_id, district_id, ward_name) VALUES (6616, 189, 'Th찼쨩혢 tr찼쨘짜n NT Th횄징i B횄짭nh');
INSERT INTO tbl_vn_ward (ward_id, district_id, ward_name) VALUES (6619, 189, 'X횄짙 B찼쨘짱c Xa');
INSERT INTO tbl_vn_ward (ward_id, district_id, ward_name) VALUES (6622, 189, 'X횄짙 B횄짯nh X횄징');
INSERT INTO tbl_vn_ward (ward_id, district_id, ward_name) VALUES (6625, 189, 'X횄짙 Ki횄짧n M찼쨩혲c');
INSERT INTO tbl_vn_ward (ward_id, district_id, ward_name) VALUES (6628, 189, 'X횄짙 횆혨횄짭nh L찼쨘짯p');
INSERT INTO tbl_vn_ward (ward_id, district_id, ward_name) VALUES (6631, 189, 'X횄짙 Th횄징i B횄짭nh');
INSERT INTO tbl_vn_ward (ward_id, district_id, ward_name) VALUES (6634, 189, 'X횄짙 C횈째찼쨩혶ng L찼쨩짙i');
INSERT INTO tbl_vn_ward (ward_id, district_id, ward_name) VALUES (6637, 189, 'X횄짙 Ch횄짖u S횈징n');
INSERT INTO tbl_vn_ward (ward_id, district_id, ward_name) VALUES (6640, 189, 'X횄짙 L횄짖m Ca');
INSERT INTO tbl_vn_ward (ward_id, district_id, ward_name) VALUES (6643, 189, 'X횄짙 횆혨찼쨩혫ng Th찼쨘짱ng');
INSERT INTO tbl_vn_ward (ward_id, district_id, ward_name) VALUES (6646, 189, 'X횄짙 B찼쨘짱c L횄짙ng');
INSERT INTO tbl_vn_province (province_id, province_name) VALUES (22, 'T찼쨩혟nh Qu찼쨘짙ng Ninh');
INSERT INTO tbl_vn_district (district_id, province_id, district_name) VALUES (193, 22, 'Th횄혻nh ph찼쨩혩 H찼쨘징 Long');
INSERT INTO tbl_vn_ward (ward_id, district_id, ward_name) VALUES (6649, 193, 'Ph횈째찼쨩혶ng H횄혻 Kh횄징nh');
INSERT INTO tbl_vn_ward (ward_id, district_id, ward_name) VALUES (6652, 193, 'Ph횈째찼쨩혶ng H횄혻 Phong');
INSERT INTO tbl_vn_ward (ward_id, district_id, ward_name) VALUES (6655, 193, 'Ph횈째찼쨩혶ng H횄혻 Kh찼쨘짤u');
INSERT INTO tbl_vn_ward (ward_id, district_id, ward_name) VALUES (6658, 193, 'Ph횈째찼쨩혶ng Cao Xanh');
INSERT INTO tbl_vn_ward (ward_id, district_id, ward_name) VALUES (6661, 193, 'Ph횈째찼쨩혶ng Gi찼쨘쩔ng 횆혨횄징y');
INSERT INTO tbl_vn_ward (ward_id, district_id, ward_name) VALUES (6664, 193, 'Ph횈째찼쨩혶ng H횄혻 Tu');
INSERT INTO tbl_vn_ward (ward_id, district_id, ward_name) VALUES (6667, 193, 'Ph횈째찼쨩혶ng H횄혻 Trung');
INSERT INTO tbl_vn_ward (ward_id, district_id, ward_name) VALUES (6670, 193, 'Ph횈째찼쨩혶ng H횄혻 L찼쨘짠m');
INSERT INTO tbl_vn_ward (ward_id, district_id, ward_name) VALUES (6673, 193, 'Ph횈째찼쨩혶ng B횄짙i Ch횄징y');
INSERT INTO tbl_vn_ward (ward_id, district_id, ward_name) VALUES (6676, 193, 'Ph횈째찼쨩혶ng Cao Th찼쨘짱ng');
INSERT INTO tbl_vn_ward (ward_id, district_id, ward_name) VALUES (6679, 193, 'Ph횈째찼쨩혶ng H횄쨔ng Th찼쨘짱ng');
INSERT INTO tbl_vn_ward (ward_id, district_id, ward_name) VALUES (6685, 193, 'Ph횈째찼쨩혶ng Tr찼쨘짠n H횈째ng 횆혨찼쨘징o');
INSERT INTO tbl_vn_ward (ward_id, district_id, ward_name) VALUES (6688, 193, 'Ph횈째찼쨩혶ng H찼쨩혫ng H찼쨘짙i');
INSERT INTO tbl_vn_ward (ward_id, district_id, ward_name) VALUES (6691, 193, 'Ph횈째찼쨩혶ng H찼쨩혫ng Gai');
INSERT INTO tbl_vn_ward (ward_id, district_id, ward_name) VALUES (6694, 193, 'Ph횈째찼쨩혶ng B찼쨘징ch 횆혨찼쨘짹ng');
INSERT INTO tbl_vn_ward (ward_id, district_id, ward_name) VALUES (6697, 193, 'Ph횈째찼쨩혶ng H찼쨩혫ng H횄혻');
INSERT INTO tbl_vn_ward (ward_id, district_id, ward_name) VALUES (6700, 193, 'Ph횈째찼쨩혶ng Tu찼쨘짠n Ch횄짖u');
INSERT INTO tbl_vn_ward (ward_id, district_id, ward_name) VALUES (6703, 193, 'Ph횈째찼쨩혶ng Vi찼쨩혝t H횈째ng');
INSERT INTO tbl_vn_ward (ward_id, district_id, ward_name) VALUES (6706, 193, 'Ph횈째찼쨩혶ng 횆혨찼쨘징i Y횄짧n');
INSERT INTO tbl_vn_ward (ward_id, district_id, ward_name) VALUES (7030, 193, 'Ph횈째찼쨩혶ng Ho횄혻nh B찼쨩혫');
INSERT INTO tbl_vn_ward (ward_id, district_id, ward_name) VALUES (7033, 193, 'X횄짙 K찼쨩쨀 Th횈째찼쨩짙ng');
INSERT INTO tbl_vn_ward (ward_id, district_id, ward_name) VALUES (7036, 193, 'X횄짙 횆혨찼쨩혫ng S횈징n');
INSERT INTO tbl_vn_ward (ward_id, district_id, ward_name) VALUES (7039, 193, 'X횄짙 T횄짖n D횄짖n');
INSERT INTO tbl_vn_ward (ward_id, district_id, ward_name) VALUES (7042, 193, 'X횄짙 횆혨찼쨩혫ng L횄짖m');
INSERT INTO tbl_vn_ward (ward_id, district_id, ward_name) VALUES (7045, 193, 'X횄짙 H횄짼a B횄짭nh');
INSERT INTO tbl_vn_ward (ward_id, district_id, ward_name) VALUES (7048, 193, 'X횄짙 V횇짤 Oai');
INSERT INTO tbl_vn_ward (ward_id, district_id, ward_name) VALUES (7051, 193, 'X횄짙 D횄짖n Ch찼쨩짠');
INSERT INTO tbl_vn_ward (ward_id, district_id, ward_name) VALUES (7054, 193, 'X횄짙 Qu찼쨘짙ng La');
INSERT INTO tbl_vn_ward (ward_id, district_id, ward_name) VALUES (7057, 193, 'X횄짙 B찼쨘짹ng C찼쨘짙');
INSERT INTO tbl_vn_ward (ward_id, district_id, ward_name) VALUES (7060, 193, 'X횄짙 Th찼쨩혩ng Nh찼쨘짜t');
INSERT INTO tbl_vn_ward (ward_id, district_id, ward_name) VALUES (7063, 193, 'X횄짙 S횈징n D횈째횈징ng');
INSERT INTO tbl_vn_ward (ward_id, district_id, ward_name) VALUES (7066, 193, 'X횄짙 L횄짧 L찼쨩짙i');
INSERT INTO tbl_vn_district (district_id, province_id, district_name) VALUES (194, 22, 'Th횄혻nh ph찼쨩혩 M횄쨀ng C횄징i');
INSERT INTO tbl_vn_ward (ward_id, district_id, ward_name) VALUES (6709, 194, 'Ph횈째찼쨩혶ng Ka Long');
INSERT INTO tbl_vn_ward (ward_id, district_id, ward_name) VALUES (6712, 194, 'Ph횈째찼쨩혶ng Tr찼쨘짠n Ph횄쨘');
INSERT INTO tbl_vn_ward (ward_id, district_id, ward_name) VALUES (6715, 194, 'Ph횈째찼쨩혶ng Ninh D횈째횈징ng');
INSERT INTO tbl_vn_ward (ward_id, district_id, ward_name) VALUES (6721, 194, 'Ph횈째찼쨩혶ng Tr횄혻 C찼쨩혮');
INSERT INTO tbl_vn_ward (ward_id, district_id, ward_name) VALUES (6724, 194, 'X횄짙 H찼쨘짙i S횈징n');
INSERT INTO tbl_vn_ward (ward_id, district_id, ward_name) VALUES (6727, 194, 'X횄짙 B찼쨘짱c S횈징n');
INSERT INTO tbl_vn_ward (ward_id, district_id, ward_name) VALUES (6730, 194, 'X횄짙 H찼쨘짙i 횆혨횄쨈ng');
INSERT INTO tbl_vn_ward (ward_id, district_id, ward_name) VALUES (6733, 194, 'X횄짙 H찼쨘짙i Ti찼쨘쩔n');
INSERT INTO tbl_vn_ward (ward_id, district_id, ward_name) VALUES (6736, 194, 'Ph횈째찼쨩혶ng H찼쨘짙i Y횄짧n');
INSERT INTO tbl_vn_ward (ward_id, district_id, ward_name) VALUES (6739, 194, 'X횄짙 Qu찼쨘짙ng Ngh횆짤a');
INSERT INTO tbl_vn_ward (ward_id, district_id, ward_name) VALUES (6742, 194, 'Ph횈째찼쨩혶ng H찼쨘짙i Ho횄혻');
INSERT INTO tbl_vn_ward (ward_id, district_id, ward_name) VALUES (6745, 194, 'X횄짙 H찼쨘짙i Xu횄짖n');
INSERT INTO tbl_vn_ward (ward_id, district_id, ward_name) VALUES (6748, 194, 'X횄짙 V찼쨘징n Ninh');
INSERT INTO tbl_vn_ward (ward_id, district_id, ward_name) VALUES (6751, 194, 'Ph횈째찼쨩혶ng B횄짭nh Ng찼쨩혥c');
INSERT INTO tbl_vn_ward (ward_id, district_id, ward_name) VALUES (6754, 194, 'X횄짙 V횆짤nh Trung');
INSERT INTO tbl_vn_ward (ward_id, district_id, ward_name) VALUES (6757, 194, 'X횄짙 V횆짤nh Th찼쨩짹c');
INSERT INTO tbl_vn_district (district_id, province_id, district_name) VALUES (195, 22, 'Th횄혻nh ph찼쨩혩 C찼쨘짤m Ph찼쨘짙');
INSERT INTO tbl_vn_ward (ward_id, district_id, ward_name) VALUES (6760, 195, 'Ph횈째찼쨩혶ng M횄쨈ng D횈째횈징ng');
INSERT INTO tbl_vn_ward (ward_id, district_id, ward_name) VALUES (6763, 195, 'Ph횈째찼쨩혶ng C찼쨩짯a 횄혬ng');
INSERT INTO tbl_vn_ward (ward_id, district_id, ward_name) VALUES (6766, 195, 'Ph횈째찼쨩혶ng C찼쨘짤m S횈징n');
INSERT INTO tbl_vn_ward (ward_id, district_id, ward_name) VALUES (6769, 195, 'Ph횈째찼쨩혶ng C찼쨘짤m 횆혨횄쨈ng');
INSERT INTO tbl_vn_ward (ward_id, district_id, ward_name) VALUES (6772, 195, 'Ph횈째찼쨩혶ng C찼쨘짤m Ph횄쨘');
INSERT INTO tbl_vn_ward (ward_id, district_id, ward_name) VALUES (6775, 195, 'Ph횈째찼쨩혶ng C찼쨘짤m T횄짖y');
INSERT INTO tbl_vn_ward (ward_id, district_id, ward_name) VALUES (6778, 195, 'Ph횈째찼쨩혶ng Quang Hanh');
INSERT INTO tbl_vn_ward (ward_id, district_id, ward_name) VALUES (6781, 195, 'Ph횈째찼쨩혶ng C찼쨘짤m Th찼쨩혢nh');
INSERT INTO tbl_vn_ward (ward_id, district_id, ward_name) VALUES (6784, 195, 'Ph횈째찼쨩혶ng C찼쨘짤m Th찼쨩짠y');
INSERT INTO tbl_vn_ward (ward_id, district_id, ward_name) VALUES (6787, 195, 'Ph횈째찼쨩혶ng C찼쨘짤m Th찼쨘징ch');
INSERT INTO tbl_vn_ward (ward_id, district_id, ward_name) VALUES (6790, 195, 'Ph횈째찼쨩혶ng C찼쨘짤m Th횄혻nh');
INSERT INTO tbl_vn_ward (ward_id, district_id, ward_name) VALUES (6793, 195, 'Ph횈째찼쨩혶ng C찼쨘짤m Trung');
INSERT INTO tbl_vn_ward (ward_id, district_id, ward_name) VALUES (6796, 195, 'Ph횈째찼쨩혶ng C찼쨘짤m B횄짭nh');
INSERT INTO tbl_vn_ward (ward_id, district_id, ward_name) VALUES (6799, 195, 'X횄짙 H찼쨘짙i H횄짼a');
INSERT INTO tbl_vn_ward (ward_id, district_id, ward_name) VALUES (6805, 195, 'X횄짙 D횈째횈징ng Huy');
INSERT INTO tbl_vn_district (district_id, province_id, district_name) VALUES (196, 22, 'Th횄혻nh ph찼쨩혩 U횄쨈ng B횄짯');
INSERT INTO tbl_vn_ward (ward_id, district_id, ward_name) VALUES (6808, 196, 'Ph횈째찼쨩혶ng V횄혻ng Danh');
INSERT INTO tbl_vn_ward (ward_id, district_id, ward_name) VALUES (6811, 196, 'Ph횈째찼쨩혶ng Thanh S횈징n');
INSERT INTO tbl_vn_ward (ward_id, district_id, ward_name) VALUES (6814, 196, 'Ph횈째찼쨩혶ng B찼쨘짱c S횈징n');
INSERT INTO tbl_vn_ward (ward_id, district_id, ward_name) VALUES (6817, 196, 'Ph횈째찼쨩혶ng Quang Trung');
INSERT INTO tbl_vn_ward (ward_id, district_id, ward_name) VALUES (6820, 196, 'Ph횈째찼쨩혶ng Tr횈째ng V횈째횈징ng');
INSERT INTO tbl_vn_ward (ward_id, district_id, ward_name) VALUES (6823, 196, 'Ph횈째찼쨩혶ng Nam Kh횄짧');
INSERT INTO tbl_vn_ward (ward_id, district_id, ward_name) VALUES (6826, 196, 'Ph횈째찼쨩혶ng Y횄짧n Thanh');
INSERT INTO tbl_vn_ward (ward_id, district_id, ward_name) VALUES (6829, 196, 'X횄짙 Th횈째찼쨩짙ng Y횄짧n C횄쨈ng');
INSERT INTO tbl_vn_ward (ward_id, district_id, ward_name) VALUES (6832, 196, 'Ph횈째찼쨩혶ng Ph횈째횈징ng 횆혨횄쨈ng');
INSERT INTO tbl_vn_ward (ward_id, district_id, ward_name) VALUES (6835, 196, 'Ph횈째찼쨩혶ng Ph횈째횈징ng Nam');
INSERT INTO tbl_vn_district (district_id, province_id, district_name) VALUES (198, 22, 'Huy찼쨩혝n B횄짭nh Li횄짧u');
INSERT INTO tbl_vn_ward (ward_id, district_id, ward_name) VALUES (6838, 198, 'Th찼쨩혢 tr찼쨘짜n B횄짭nh Li횄짧u');
INSERT INTO tbl_vn_ward (ward_id, district_id, ward_name) VALUES (6841, 198, 'X횄짙 Ho횄혻nh M횄쨈');
INSERT INTO tbl_vn_ward (ward_id, district_id, ward_name) VALUES (6844, 198, 'X횄짙 횆혨찼쨩혫ng T횄짖m');
INSERT INTO tbl_vn_ward (ward_id, district_id, ward_name) VALUES (6847, 198, 'X횄짙 횆혨찼쨩혫ng V횆혘n');
INSERT INTO tbl_vn_ward (ward_id, district_id, ward_name) VALUES (6853, 198, 'X횄짙 V횄쨈 Ng찼쨘징i');
INSERT INTO tbl_vn_ward (ward_id, district_id, ward_name) VALUES (6856, 198, 'X횄짙 L찼쨩짜c H찼쨩혫n');
INSERT INTO tbl_vn_ward (ward_id, district_id, ward_name) VALUES (6859, 198, 'X횄짙 H횄쨘c 횆혨찼쨩혲ng');
INSERT INTO tbl_vn_district (district_id, province_id, district_name) VALUES (199, 22, 'Huy찼쨩혝n Ti횄짧n Y횄짧n');
INSERT INTO tbl_vn_ward (ward_id, district_id, ward_name) VALUES (6862, 199, 'Th찼쨩혢 tr찼쨘짜n Ti횄짧n Y횄짧n');
INSERT INTO tbl_vn_ward (ward_id, district_id, ward_name) VALUES (6865, 199, 'X횄짙 H횄혻 L횄짖u');
INSERT INTO tbl_vn_ward (ward_id, district_id, ward_name) VALUES (6868, 199, 'X횄짙 횆혨찼쨘징i D찼쨩짹c');
INSERT INTO tbl_vn_ward (ward_id, district_id, ward_name) VALUES (6871, 199, 'X횄짙 Phong D찼쨩짜');
INSERT INTO tbl_vn_ward (ward_id, district_id, ward_name) VALUES (6874, 199, 'X횄짙 횆혨i찼쨩혖n X횄징');
INSERT INTO tbl_vn_ward (ward_id, district_id, ward_name) VALUES (6877, 199, 'X횄짙 횆혨횄쨈ng Ng횇짤');
INSERT INTO tbl_vn_ward (ward_id, district_id, ward_name) VALUES (6880, 199, 'X횄짙 Y횄짧n Than');
INSERT INTO tbl_vn_ward (ward_id, district_id, ward_name) VALUES (6883, 199, 'X횄짙 횆혨횄쨈ng H찼쨘짙i');
INSERT INTO tbl_vn_ward (ward_id, district_id, ward_name) VALUES (6886, 199, 'X횄짙 H찼쨘짙i L찼쨘징ng');
INSERT INTO tbl_vn_ward (ward_id, district_id, ward_name) VALUES (6889, 199, 'X횄짙 Ti횄짧n L횄짙ng');
INSERT INTO tbl_vn_ward (ward_id, district_id, ward_name) VALUES (6892, 199, 'X횄짙 횆혨찼쨩혫ng Rui');
INSERT INTO tbl_vn_district (district_id, province_id, district_name) VALUES (200, 22, 'Huy찼쨩혝n 횆혨찼쨘짠m H횄혻');
INSERT INTO tbl_vn_ward (ward_id, district_id, ward_name) VALUES (6895, 200, 'Th찼쨩혢 tr찼쨘짜n 횆혨찼쨘짠m H횄혻');
INSERT INTO tbl_vn_ward (ward_id, district_id, ward_name) VALUES (6898, 200, 'X횄짙 Qu찼쨘짙ng L횄짖m');
INSERT INTO tbl_vn_ward (ward_id, district_id, ward_name) VALUES (6901, 200, 'X횄짙 Qu찼쨘짙ng An');
INSERT INTO tbl_vn_ward (ward_id, district_id, ward_name) VALUES (6904, 200, 'X횄짙 T횄짖n B횄짭nh');
INSERT INTO tbl_vn_ward (ward_id, district_id, ward_name) VALUES (6910, 200, 'X횄짙 D찼쨩짹c Y횄짧n');
INSERT INTO tbl_vn_ward (ward_id, district_id, ward_name) VALUES (6913, 200, 'X횄짙 Qu찼쨘짙ng T횄짖n');
INSERT INTO tbl_vn_ward (ward_id, district_id, ward_name) VALUES (6916, 200, 'X횄짙 횆혨찼쨘짠m H횄혻');
INSERT INTO tbl_vn_ward (ward_id, district_id, ward_name) VALUES (6917, 200, 'X횄짙 T횄짖n L찼쨘짯p');
INSERT INTO tbl_vn_ward (ward_id, district_id, ward_name) VALUES (6919, 200, 'X횄짙 횆혨찼쨘징i B횄짭nh');
INSERT INTO tbl_vn_district (district_id, province_id, district_name) VALUES (201, 22, 'Huy찼쨩혝n H찼쨘짙i H횄혻');
INSERT INTO tbl_vn_ward (ward_id, district_id, ward_name) VALUES (6922, 201, 'Th찼쨩혢 tr찼쨘짜n Qu찼쨘짙ng H횄혻');
INSERT INTO tbl_vn_ward (ward_id, district_id, ward_name) VALUES (6925, 201, 'X횄짙 Qu찼쨘짙ng 횆혨찼쨩짤c');
INSERT INTO tbl_vn_ward (ward_id, district_id, ward_name) VALUES (6928, 201, 'X횄짙 Qu찼쨘짙ng S횈징n');
INSERT INTO tbl_vn_ward (ward_id, district_id, ward_name) VALUES (6931, 201, 'X횄짙 Qu찼쨘짙ng Th횄혻nh');
INSERT INTO tbl_vn_ward (ward_id, district_id, ward_name) VALUES (6937, 201, 'X횄짙 Qu찼쨘짙ng Th찼쨩혢nh');
INSERT INTO tbl_vn_ward (ward_id, district_id, ward_name) VALUES (6940, 201, 'X횄짙 Qu찼쨘짙ng Minh');
INSERT INTO tbl_vn_ward (ward_id, district_id, ward_name) VALUES (6943, 201, 'X횄짙 Qu찼쨘짙ng Ch횄짯nh');
INSERT INTO tbl_vn_ward (ward_id, district_id, ward_name) VALUES (6946, 201, 'X횄짙 Qu찼쨘짙ng Long');
INSERT INTO tbl_vn_ward (ward_id, district_id, ward_name) VALUES (6949, 201, 'X횄짙 횆혨횈째찼쨩혶ng Hoa');
INSERT INTO tbl_vn_ward (ward_id, district_id, ward_name) VALUES (6952, 201, 'X횄짙 Qu찼쨘짙ng Phong');
INSERT INTO tbl_vn_ward (ward_id, district_id, ward_name) VALUES (6967, 201, 'X횄짙 C횄징i Chi횄짧n');
INSERT INTO tbl_vn_district (district_id, province_id, district_name) VALUES (202, 22, 'Huy찼쨩혝n Ba Ch찼쨘쩍');
INSERT INTO tbl_vn_ward (ward_id, district_id, ward_name) VALUES (6970, 202, 'Th찼쨩혢 tr찼쨘짜n Ba Ch찼쨘쩍');
INSERT INTO tbl_vn_ward (ward_id, district_id, ward_name) VALUES (6973, 202, 'X횄짙 Thanh S횈징n');
INSERT INTO tbl_vn_ward (ward_id, district_id, ward_name) VALUES (6976, 202, 'X횄짙 Thanh L횄짖m');
INSERT INTO tbl_vn_ward (ward_id, district_id, ward_name) VALUES (6979, 202, 'X횄짙 횆혨찼쨘징p Thanh');
INSERT INTO tbl_vn_ward (ward_id, district_id, ward_name) VALUES (6982, 202, 'X횄짙 Nam S횈징n');
INSERT INTO tbl_vn_ward (ward_id, district_id, ward_name) VALUES (6985, 202, 'X횄짙 L횈째횈징ng Minh');
INSERT INTO tbl_vn_ward (ward_id, district_id, ward_name) VALUES (6988, 202, 'X횄짙 횆혨찼쨩혫n 횆혨찼쨘징c');
INSERT INTO tbl_vn_district (district_id, province_id, district_name) VALUES (203, 22, 'Huy찼쨩혝n V횄짖n 횆혨찼쨩혫n');
INSERT INTO tbl_vn_ward (ward_id, district_id, ward_name) VALUES (6994, 203, 'Th찼쨩혢 tr찼쨘짜n C횄징i R찼쨩혫ng');
INSERT INTO tbl_vn_ward (ward_id, district_id, ward_name) VALUES (6997, 203, 'X횄짙 횆혨횄혻i Xuy횄짧n');
INSERT INTO tbl_vn_ward (ward_id, district_id, ward_name) VALUES (7000, 203, 'X횄짙 B횄짭nh D횄짖n');
INSERT INTO tbl_vn_ward (ward_id, district_id, ward_name) VALUES (7003, 203, 'X횄짙 V찼쨘징n Y횄짧n');
INSERT INTO tbl_vn_ward (ward_id, district_id, ward_name) VALUES (7006, 203, 'X횄짙 Minh Ch횄짖u');
INSERT INTO tbl_vn_ward (ward_id, district_id, ward_name) VALUES (7009, 203, 'X횄짙 횆혨o횄혻n K찼쨘쩔t');
INSERT INTO tbl_vn_ward (ward_id, district_id, ward_name) VALUES (7012, 203, 'X횄짙 H찼쨘징 Long');
INSERT INTO tbl_vn_ward (ward_id, district_id, ward_name) VALUES (7015, 203, 'X횄짙 횆혨횄쨈ng X횄징');
INSERT INTO tbl_vn_ward (ward_id, district_id, ward_name) VALUES (7018, 203, 'X횄짙 B찼쨘짙n Sen');
INSERT INTO tbl_vn_ward (ward_id, district_id, ward_name) VALUES (7021, 203, 'X횄짙 Th찼쨘짱ng L찼쨩짙i');
INSERT INTO tbl_vn_ward (ward_id, district_id, ward_name) VALUES (7024, 203, 'X횄짙 Quan L찼쨘징n');
INSERT INTO tbl_vn_ward (ward_id, district_id, ward_name) VALUES (7027, 203, 'X횄짙 Ng찼쨩혥c V찼쨩짬ng');
INSERT INTO tbl_vn_district (district_id, province_id, district_name) VALUES (205, 22, 'Th횄혻nh ph찼쨩혩 횆혨횄쨈ng Tri찼쨩혖u');
INSERT INTO tbl_vn_ward (ward_id, district_id, ward_name) VALUES (7069, 205, 'Ph횈째찼쨩혶ng M찼쨘징o Kh횄짧');
INSERT INTO tbl_vn_ward (ward_id, district_id, ward_name) VALUES (7075, 205, 'X횄짙 An Sinh');
INSERT INTO tbl_vn_ward (ward_id, district_id, ward_name) VALUES (7078, 205, 'X횄짙 Tr횄혻ng L횈째횈징ng');
INSERT INTO tbl_vn_ward (ward_id, district_id, ward_name) VALUES (7081, 205, 'Ph횈째찼쨩혶ng B횄짭nh Kh횄짧');
INSERT INTO tbl_vn_ward (ward_id, district_id, ward_name) VALUES (7084, 205, 'X횄짙 Vi찼쨩혝t D횄짖n');
INSERT INTO tbl_vn_ward (ward_id, district_id, ward_name) VALUES (7090, 205, 'Ph횈째찼쨩혶ng B횄짭nh D횈째횈징ng');
INSERT INTO tbl_vn_ward (ward_id, district_id, ward_name) VALUES (7093, 205, 'Ph횈째찼쨩혶ng 횆혨찼쨩짤c Ch횄짯nh');
INSERT INTO tbl_vn_ward (ward_id, district_id, ward_name) VALUES (7096, 205, 'Ph횈째찼쨩혶ng Tr횄혻ng An');
INSERT INTO tbl_vn_ward (ward_id, district_id, ward_name) VALUES (7099, 205, 'X횄짙 Nguy찼쨩혚n Hu찼쨩혝');
INSERT INTO tbl_vn_ward (ward_id, district_id, ward_name) VALUES (7102, 205, 'Ph횈째찼쨩혶ng Th찼쨩짠y An');
INSERT INTO tbl_vn_ward (ward_id, district_id, ward_name) VALUES (7105, 205, 'Ph횈째찼쨩혶ng Xu횄짖n S횈징n');
INSERT INTO tbl_vn_ward (ward_id, district_id, ward_name) VALUES (7108, 205, 'X횄짙 H찼쨩혫ng Th횄징i T횄짖y');
INSERT INTO tbl_vn_ward (ward_id, district_id, ward_name) VALUES (7111, 205, 'X횄짙 H찼쨩혫ng Th횄징i 횆혨횄쨈ng');
INSERT INTO tbl_vn_ward (ward_id, district_id, ward_name) VALUES (7114, 205, 'Ph횈째찼쨩혶ng Ho횄혻ng Qu찼쨘쩔');
INSERT INTO tbl_vn_ward (ward_id, district_id, ward_name) VALUES (7117, 205, 'Ph횈째찼쨩혶ng Y횄짧n Th찼쨩혥');
INSERT INTO tbl_vn_ward (ward_id, district_id, ward_name) VALUES (7120, 205, 'Ph횈째찼쨩혶ng H찼쨩혫ng Phong');
INSERT INTO tbl_vn_ward (ward_id, district_id, ward_name) VALUES (7123, 205, 'Ph횈째찼쨩혶ng Kim S횈징n');
INSERT INTO tbl_vn_ward (ward_id, district_id, ward_name) VALUES (7126, 205, 'Ph횈째찼쨩혶ng H횈째ng 횆혨찼쨘징o');
INSERT INTO tbl_vn_ward (ward_id, district_id, ward_name) VALUES (7129, 205, 'Ph횈째찼쨩혶ng Y횄짧n 횆혨찼쨩짤c');
INSERT INTO tbl_vn_district (district_id, province_id, district_name) VALUES (206, 22, 'Th찼쨩혢 x횄짙 Qu찼쨘짙ng Y횄짧n');
INSERT INTO tbl_vn_ward (ward_id, district_id, ward_name) VALUES (7132, 206, 'Ph횈째찼쨩혶ng Qu찼쨘짙ng Y횄짧n');
INSERT INTO tbl_vn_ward (ward_id, district_id, ward_name) VALUES (7135, 206, 'Ph횈째찼쨩혶ng 횆혨횄쨈ng Mai');
INSERT INTO tbl_vn_ward (ward_id, district_id, ward_name) VALUES (7138, 206, 'Ph횈째찼쨩혶ng Minh Th횄혻nh');
INSERT INTO tbl_vn_ward (ward_id, district_id, ward_name) VALUES (7144, 206, 'X횄짙 S횄쨈ng Khoai');
INSERT INTO tbl_vn_ward (ward_id, district_id, ward_name) VALUES (7147, 206, 'X횄짙 Hi찼쨩혝p H횄짼a');
INSERT INTO tbl_vn_ward (ward_id, district_id, ward_name) VALUES (7150, 206, 'Ph횈째찼쨩혶ng C찼쨩혲ng H횄짼a');
INSERT INTO tbl_vn_ward (ward_id, district_id, ward_name) VALUES (7153, 206, 'X횄짙 Ti찼쨩혖n An');
INSERT INTO tbl_vn_ward (ward_id, district_id, ward_name) VALUES (7156, 206, 'X횄짙 Ho횄혻ng T횄짖n');
INSERT INTO tbl_vn_ward (ward_id, district_id, ward_name) VALUES (7159, 206, 'Ph횈째찼쨩혶ng T횄짖n An');
INSERT INTO tbl_vn_ward (ward_id, district_id, ward_name) VALUES (7162, 206, 'Ph횈째찼쨩혶ng Y횄짧n Giang');
INSERT INTO tbl_vn_ward (ward_id, district_id, ward_name) VALUES (7165, 206, 'Ph횈째찼쨩혶ng Nam Ho횄혻');
INSERT INTO tbl_vn_ward (ward_id, district_id, ward_name) VALUES (7168, 206, 'Ph횈째찼쨩혶ng H횄혻 An');
INSERT INTO tbl_vn_ward (ward_id, district_id, ward_name) VALUES (7171, 206, 'X횄짙 C찼쨘짤m La');
INSERT INTO tbl_vn_ward (ward_id, district_id, ward_name) VALUES (7174, 206, 'Ph횈째찼쨩혶ng Phong H찼쨘짙i');
INSERT INTO tbl_vn_ward (ward_id, district_id, ward_name) VALUES (7177, 206, 'Ph횈째찼쨩혶ng Y횄짧n H찼쨘짙i');
INSERT INTO tbl_vn_ward (ward_id, district_id, ward_name) VALUES (7180, 206, 'X횄짙 Li횄짧n H횄짼a');
INSERT INTO tbl_vn_ward (ward_id, district_id, ward_name) VALUES (7183, 206, 'Ph횈째찼쨩혶ng Phong C찼쨩혩c');
INSERT INTO tbl_vn_ward (ward_id, district_id, ward_name) VALUES (7186, 206, 'X횄짙 Li횄짧n V찼쨩혢');
INSERT INTO tbl_vn_ward (ward_id, district_id, ward_name) VALUES (7189, 206, 'X횄짙 Ti찼쨩혖n Phong');
INSERT INTO tbl_vn_district (district_id, province_id, district_name) VALUES (207, 22, 'Huy찼쨩혝n C횄쨈 T횄쨈');
INSERT INTO tbl_vn_ward (ward_id, district_id, ward_name) VALUES (7192, 207, 'Th찼쨩혢 tr찼쨘짜n C횄쨈 T횄쨈');
INSERT INTO tbl_vn_ward (ward_id, district_id, ward_name) VALUES (7195, 207, 'X횄짙 횆혨찼쨩혫ng Ti찼쨘쩔n');
INSERT INTO tbl_vn_ward (ward_id, district_id, ward_name) VALUES (7198, 207, 'X횄짙 Thanh L횄짖n');
INSERT INTO tbl_vn_province (province_id, province_name) VALUES (24, 'T찼쨩혟nh B찼쨘짱c Giang');
INSERT INTO tbl_vn_district (district_id, province_id, district_name) VALUES (213, 24, 'Th횄혻nh ph찼쨩혩 B찼쨘짱c Giang');
INSERT INTO tbl_vn_ward (ward_id, district_id, ward_name) VALUES (7201, 213, 'Ph횈째찼쨩혶ng Th찼쨩혥 X횈째횈징ng');
INSERT INTO tbl_vn_ward (ward_id, district_id, ward_name) VALUES (7207, 213, 'Ph횈째찼쨩혶ng Ng횄쨈 Quy찼쨩혖n');
INSERT INTO tbl_vn_ward (ward_id, district_id, ward_name) VALUES (7210, 213, 'Ph횈째찼쨩혶ng Ho횄혻ng V횆혘n Th찼쨩짜');
INSERT INTO tbl_vn_ward (ward_id, district_id, ward_name) VALUES (7213, 213, 'Ph횈째찼쨩혶ng Tr찼쨘짠n Ph횄쨘');
INSERT INTO tbl_vn_ward (ward_id, district_id, ward_name) VALUES (7216, 213, 'Ph횈째찼쨩혶ng M찼쨩쨔 횆혨찼쨩혲');
INSERT INTO tbl_vn_ward (ward_id, district_id, ward_name) VALUES (7222, 213, 'Ph횈째찼쨩혶ng Song Mai');
INSERT INTO tbl_vn_ward (ward_id, district_id, ward_name) VALUES (7225, 213, 'Ph횈째찼쨩혶ng X횈째횈징ng Giang');
INSERT INTO tbl_vn_ward (ward_id, district_id, ward_name) VALUES (7228, 213, 'Ph횈째찼쨩혶ng 횆혨a Mai');
INSERT INTO tbl_vn_ward (ward_id, district_id, ward_name) VALUES (7231, 213, 'Ph횈째찼쨩혶ng D횆짤nh K찼쨘쩔');
INSERT INTO tbl_vn_ward (ward_id, district_id, ward_name) VALUES (7441, 213, 'Ph횈째찼쨩혶ng D횆짤nh Tr횄짭');
INSERT INTO tbl_vn_ward (ward_id, district_id, ward_name) VALUES (7681, 213, 'Ph횈째찼쨩혶ng Nham Bi찼쨩혖n');
INSERT INTO tbl_vn_ward (ward_id, district_id, ward_name) VALUES (7682, 213, 'Ph횈째찼쨩혶ng T횄짖n An');
INSERT INTO tbl_vn_ward (ward_id, district_id, ward_name) VALUES (7687, 213, 'Ph횈째찼쨩혶ng T횄짖n M찼쨩쨔');
INSERT INTO tbl_vn_ward (ward_id, district_id, ward_name) VALUES (7690, 213, 'Ph횈째찼쨩혶ng H횈째횈징ng Gi횄징n');
INSERT INTO tbl_vn_ward (ward_id, district_id, ward_name) VALUES (7693, 213, 'X횄짙 T횄짖n An');
INSERT INTO tbl_vn_ward (ward_id, district_id, ward_name) VALUES (7696, 213, 'Ph횈째찼쨩혶ng 횆혨찼쨩혫ng S횈징n');
INSERT INTO tbl_vn_ward (ward_id, district_id, ward_name) VALUES (7699, 213, 'Ph횈째찼쨩혶ng T횄짖n Ti찼쨘쩔n');
INSERT INTO tbl_vn_ward (ward_id, district_id, ward_name) VALUES (7702, 213, 'X횄짙 Qu찼쨩쨀nh S횈징n');
INSERT INTO tbl_vn_ward (ward_id, district_id, ward_name) VALUES (7705, 213, 'Ph횈째찼쨩혶ng Song Kh횄짧');
INSERT INTO tbl_vn_ward (ward_id, district_id, ward_name) VALUES (7708, 213, 'Ph횈째찼쨩혶ng N찼쨩혲i Ho횄혻ng');
INSERT INTO tbl_vn_ward (ward_id, district_id, ward_name) VALUES (7711, 213, 'Ph횈째찼쨩혶ng Ti찼쨩혖n Phong');
INSERT INTO tbl_vn_ward (ward_id, district_id, ward_name) VALUES (7714, 213, 'X횄짙 Xu횄짖n Ph횄쨘');
INSERT INTO tbl_vn_ward (ward_id, district_id, ward_name) VALUES (7717, 213, 'Ph횈째찼쨩혶ng T횄짖n Li찼쨩혚u');
INSERT INTO tbl_vn_ward (ward_id, district_id, ward_name) VALUES (7720, 213, 'X횄짙 Tr횄짯 Y횄짧n');
INSERT INTO tbl_vn_ward (ward_id, district_id, ward_name) VALUES (7723, 213, 'X횄짙 L횄짙ng S횈징n');
INSERT INTO tbl_vn_ward (ward_id, district_id, ward_name) VALUES (7726, 213, 'X횄짙 Y횄짧n L횈째');
INSERT INTO tbl_vn_ward (ward_id, district_id, ward_name) VALUES (7729, 213, 'X횄짙 Ti찼쨘쩔n D횇짤ng');
INSERT INTO tbl_vn_ward (ward_id, district_id, ward_name) VALUES (7732, 213, 'X횄짙 Nham S횈징n');
INSERT INTO tbl_vn_ward (ward_id, district_id, ward_name) VALUES (7735, 213, 'X횄짙 횆혨찼쨩짤c Giang');
INSERT INTO tbl_vn_ward (ward_id, district_id, ward_name) VALUES (7738, 213, 'Ph횈째찼쨩혶ng C찼쨘짙nh Th찼쨩짜y');
INSERT INTO tbl_vn_ward (ward_id, district_id, ward_name) VALUES (7741, 213, 'X횄짙 T횈째 M찼쨘징i');
INSERT INTO tbl_vn_ward (ward_id, district_id, ward_name) VALUES (7744, 213, 'X횄짙 Th찼쨘짱ng C횈째횈징ng');
INSERT INTO tbl_vn_ward (ward_id, district_id, ward_name) VALUES (7747, 213, 'X횄짙 횆혨찼쨩혫ng Vi찼쨩혝t');
INSERT INTO tbl_vn_ward (ward_id, district_id, ward_name) VALUES (7750, 213, 'X횄짙 횆혨찼쨩혫ng Ph횄쨘c');
INSERT INTO tbl_vn_district (district_id, province_id, district_name) VALUES (215, 24, 'Huy찼쨩혝n Y횄짧n Th찼쨘쩔');
INSERT INTO tbl_vn_ward (ward_id, district_id, ward_name) VALUES (7243, 215, 'X횄짙 횆혨찼쨩혫ng Ti찼쨘쩔n');
INSERT INTO tbl_vn_ward (ward_id, district_id, ward_name) VALUES (7246, 215, 'X횄짙 Canh N찼쨘짯u');
INSERT INTO tbl_vn_ward (ward_id, district_id, ward_name) VALUES (7249, 215, 'X횄짙 Xu횄짖n L횈째횈징ng');
INSERT INTO tbl_vn_ward (ward_id, district_id, ward_name) VALUES (7252, 215, 'X횄짙 Tam Ti찼쨘쩔n');
INSERT INTO tbl_vn_ward (ward_id, district_id, ward_name) VALUES (7255, 215, 'X횄짙 횆혨찼쨩혫ng V횈째횈징ng');
INSERT INTO tbl_vn_ward (ward_id, district_id, ward_name) VALUES (7258, 215, 'X횄짙 횆혨찼쨩혫ng H횈째u');
INSERT INTO tbl_vn_ward (ward_id, district_id, ward_name) VALUES (7260, 215, 'X횄짙 횆혨찼쨩혫ng T횄짖m');
INSERT INTO tbl_vn_ward (ward_id, district_id, ward_name) VALUES (7261, 215, 'X횄짙 T횄짖n Hi찼쨩혝p');
INSERT INTO tbl_vn_ward (ward_id, district_id, ward_name) VALUES (7264, 215, 'X횄짙 Ti찼쨘쩔n Th찼쨘짱ng');
INSERT INTO tbl_vn_ward (ward_id, district_id, ward_name) VALUES (7270, 215, 'X횄짙 횆혨찼쨩혫ng L찼쨘징c');
INSERT INTO tbl_vn_ward (ward_id, district_id, ward_name) VALUES (7273, 215, 'X횄짙 횆혨횄쨈ng S횈징n');
INSERT INTO tbl_vn_ward (ward_id, district_id, ward_name) VALUES (7279, 215, 'X횄짙 H횈째횈징ng V횆짤');
INSERT INTO tbl_vn_ward (ward_id, district_id, ward_name) VALUES (7282, 215, 'X횄짙 횆혨찼쨩혫ng K찼쨩쨀');
INSERT INTO tbl_vn_ward (ward_id, district_id, ward_name) VALUES (7285, 215, 'X횄짙 An Th횈째찼쨩짙ng');
INSERT INTO tbl_vn_ward (ward_id, district_id, ward_name) VALUES (7288, 215, 'Th찼쨩혢 tr찼쨘짜n Ph찼쨩혫n X횈째횈징ng');
INSERT INTO tbl_vn_ward (ward_id, district_id, ward_name) VALUES (7291, 215, 'X횄짙 T횄짖n S찼쨩혧i');
INSERT INTO tbl_vn_ward (ward_id, district_id, ward_name) VALUES (7294, 215, 'Th찼쨩혢 tr찼쨘짜n B찼쨩혩 H찼쨘징');
INSERT INTO tbl_vn_district (district_id, province_id, district_name) VALUES (216, 24, 'Huy찼쨩혝n T횄짖n Y횄짧n');
INSERT INTO tbl_vn_ward (ward_id, district_id, ward_name) VALUES (7306, 216, 'Th찼쨩혢 tr찼쨘짜n Nh횄짙 Nam');
INSERT INTO tbl_vn_ward (ward_id, district_id, ward_name) VALUES (7309, 216, 'X횄짙 T횄짖n Trung');
INSERT INTO tbl_vn_ward (ward_id, district_id, ward_name) VALUES (7315, 216, 'X횄짙 Quang Trung');
INSERT INTO tbl_vn_ward (ward_id, district_id, ward_name) VALUES (7321, 216, 'X횄짙 An D횈째횈징ng');
INSERT INTO tbl_vn_ward (ward_id, district_id, ward_name) VALUES (7324, 216, 'X횄짙 Ph횄쨘c H횄짼a');
INSERT INTO tbl_vn_ward (ward_id, district_id, ward_name) VALUES (7327, 216, 'X횄짙 Li횄짧n S횈징n');
INSERT INTO tbl_vn_ward (ward_id, district_id, ward_name) VALUES (7330, 216, 'X횄짙 H찼쨩짙p 횆혨찼쨩짤c');
INSERT INTO tbl_vn_ward (ward_id, district_id, ward_name) VALUES (7333, 216, 'X횄짙 Lam S횈징n');
INSERT INTO tbl_vn_ward (ward_id, district_id, ward_name) VALUES (7336, 216, 'X횄짙 Cao X횄징');
INSERT INTO tbl_vn_ward (ward_id, district_id, ward_name) VALUES (7339, 216, 'Th찼쨩혢 tr찼쨘짜n Cao Th횈째찼쨩짙ng');
INSERT INTO tbl_vn_ward (ward_id, district_id, ward_name) VALUES (7342, 216, 'X횄짙 Vi찼쨩혝t Ng찼쨩혥c');
INSERT INTO tbl_vn_ward (ward_id, district_id, ward_name) VALUES (7345, 216, 'X횄짙 Song V횄짖n');
INSERT INTO tbl_vn_ward (ward_id, district_id, ward_name) VALUES (7348, 216, 'X횄짙 Ng찼쨩혥c Ch횄짖u');
INSERT INTO tbl_vn_ward (ward_id, district_id, ward_name) VALUES (7351, 216, 'X횄짙 Ng찼쨩혥c V횄짖n');
INSERT INTO tbl_vn_ward (ward_id, district_id, ward_name) VALUES (7354, 216, 'X횄짙 Vi찼쨩혝t L찼쨘짯p');
INSERT INTO tbl_vn_ward (ward_id, district_id, ward_name) VALUES (7357, 216, 'X횄짙 Li횄짧n Chung');
INSERT INTO tbl_vn_ward (ward_id, district_id, ward_name) VALUES (7360, 216, 'X횄짙 Ng찼쨩혥c Thi찼쨩혝n');
INSERT INTO tbl_vn_ward (ward_id, district_id, ward_name) VALUES (7363, 216, 'X횄짙 Ng찼쨩혥c L횄쩍');
INSERT INTO tbl_vn_ward (ward_id, district_id, ward_name) VALUES (7366, 216, 'X횄짙 Qu찼쨘쩔 Nham');
INSERT INTO tbl_vn_district (district_id, province_id, district_name) VALUES (217, 24, 'Huy찼쨩혝n L찼쨘징ng Giang');
INSERT INTO tbl_vn_ward (ward_id, district_id, ward_name) VALUES (7375, 217, 'Th찼쨩혢 tr찼쨘짜n V횄쨈i');
INSERT INTO tbl_vn_ward (ward_id, district_id, ward_name) VALUES (7378, 217, 'X횄짙 Ngh횆짤a H횄짼a');
INSERT INTO tbl_vn_ward (ward_id, district_id, ward_name) VALUES (7381, 217, 'X횄짙 Ngh횆짤a H횈째ng');
INSERT INTO tbl_vn_ward (ward_id, district_id, ward_name) VALUES (7384, 217, 'X횄짙 Quang Th찼쨩혢nh');
INSERT INTO tbl_vn_ward (ward_id, district_id, ward_name) VALUES (7387, 217, 'X횄짙 H횈째횈징ng S횈징n');
INSERT INTO tbl_vn_ward (ward_id, district_id, ward_name) VALUES (7390, 217, 'X횄짙 횆혨횄혻o M찼쨩쨔');
INSERT INTO tbl_vn_ward (ward_id, district_id, ward_name) VALUES (7393, 217, 'X횄짙 Ti횄짧n L찼쨩짜c');
INSERT INTO tbl_vn_ward (ward_id, district_id, ward_name) VALUES (7396, 217, 'X횄짙 An H횄혻');
INSERT INTO tbl_vn_ward (ward_id, district_id, ward_name) VALUES (7399, 217, 'Th찼쨩혢 tr찼쨘짜n K횄짤p');
INSERT INTO tbl_vn_ward (ward_id, district_id, ward_name) VALUES (7405, 217, 'X횄짙 H횈째횈징ng L찼쨘징c');
INSERT INTO tbl_vn_ward (ward_id, district_id, ward_name) VALUES (7408, 217, 'X횄짙 D횈째횈징ng 횆혨찼쨩짤c');
INSERT INTO tbl_vn_ward (ward_id, district_id, ward_name) VALUES (7411, 217, 'X횄짙 T횄짖n Thanh');
INSERT INTO tbl_vn_ward (ward_id, district_id, ward_name) VALUES (7417, 217, 'X횄짙 T횄짖n H횈째ng');
INSERT INTO tbl_vn_ward (ward_id, district_id, ward_name) VALUES (7420, 217, 'X횄짙 M찼쨩쨔 Th횄징i');
INSERT INTO tbl_vn_ward (ward_id, district_id, ward_name) VALUES (7426, 217, 'X횄짙 X횈째횈징ng L횄짖m');
INSERT INTO tbl_vn_ward (ward_id, district_id, ward_name) VALUES (7429, 217, 'X횄짙 Xu횄짖n H횈째횈징ng');
INSERT INTO tbl_vn_ward (ward_id, district_id, ward_name) VALUES (7432, 217, 'X횄짙 T횄짖n D횆짤nh');
INSERT INTO tbl_vn_ward (ward_id, district_id, ward_name) VALUES (7435, 217, 'X횄짙 횆혨찼쨘징i L횄짖m');
INSERT INTO tbl_vn_ward (ward_id, district_id, ward_name) VALUES (7438, 217, 'X횄짙 Th횄징i 횆혨횄혻o');
INSERT INTO tbl_vn_district (district_id, province_id, district_name) VALUES (218, 24, 'Huy찼쨩혝n L찼쨩짜c Nam');
INSERT INTO tbl_vn_ward (ward_id, district_id, ward_name) VALUES (7444, 218, 'Th찼쨩혢 tr찼쨘짜n 횆혨찼쨩혫i Ng횄쨈');
INSERT INTO tbl_vn_ward (ward_id, district_id, ward_name) VALUES (7450, 218, 'X횄짙 횆혨횄쨈ng H횈째ng');
INSERT INTO tbl_vn_ward (ward_id, district_id, ward_name) VALUES (7453, 218, 'X횄짙 횆혨횄쨈ng Ph횄쨘');
INSERT INTO tbl_vn_ward (ward_id, district_id, ward_name) VALUES (7456, 218, 'X횄짙 Tam D찼쨩혢');
INSERT INTO tbl_vn_ward (ward_id, district_id, ward_name) VALUES (7459, 218, 'X횄짙 B찼쨘짙o S횈징n');
INSERT INTO tbl_vn_ward (ward_id, district_id, ward_name) VALUES (7462, 218, 'X횄짙 B찼쨘짙o 횆혨횄혻i');
INSERT INTO tbl_vn_ward (ward_id, district_id, ward_name) VALUES (7465, 218, 'X횄짙 Thanh L횄짖m');
INSERT INTO tbl_vn_ward (ward_id, district_id, ward_name) VALUES (7468, 218, 'X횄짙 Ti횄짧n Nha');
INSERT INTO tbl_vn_ward (ward_id, district_id, ward_name) VALUES (7471, 218, 'X횄짙 Tr횈째찼쨩혶ng Giang');
INSERT INTO tbl_vn_ward (ward_id, district_id, ward_name) VALUES (7477, 218, 'Th찼쨩혢 tr찼쨘짜n Ph횈째횈징ng S횈징n');
INSERT INTO tbl_vn_ward (ward_id, district_id, ward_name) VALUES (7480, 218, 'X횄짙 Chu 횆혨i찼쨩혝n');
INSERT INTO tbl_vn_ward (ward_id, district_id, ward_name) VALUES (7483, 218, 'X횄짙 C횈째횈징ng S횈징n');
INSERT INTO tbl_vn_ward (ward_id, district_id, ward_name) VALUES (7486, 218, 'X횄짙 Ngh횆짤a Ph횈째횈징ng');
INSERT INTO tbl_vn_ward (ward_id, district_id, ward_name) VALUES (7489, 218, 'X횄짙 V횄쨈 Tranh');
INSERT INTO tbl_vn_ward (ward_id, district_id, ward_name) VALUES (7492, 218, 'X횄짙 B횄짭nh S횈징n');
INSERT INTO tbl_vn_ward (ward_id, district_id, ward_name) VALUES (7495, 218, 'X횄짙 Lan M찼쨘짬u');
INSERT INTO tbl_vn_ward (ward_id, district_id, ward_name) VALUES (7498, 218, 'X횄짙 Y횄짧n S횈징n');
INSERT INTO tbl_vn_ward (ward_id, district_id, ward_name) VALUES (7501, 218, 'X횄짙 Kh횄징m L찼쨘징ng');
INSERT INTO tbl_vn_ward (ward_id, district_id, ward_name) VALUES (7504, 218, 'X횄짙 Huy찼쨩혖n S횈징n');
INSERT INTO tbl_vn_ward (ward_id, district_id, ward_name) VALUES (7507, 218, 'X횄짙 Tr횈째찼쨩혶ng S횈징n');
INSERT INTO tbl_vn_ward (ward_id, district_id, ward_name) VALUES (7510, 218, 'X횄짙 L찼쨩짜c S횈징n');
INSERT INTO tbl_vn_ward (ward_id, district_id, ward_name) VALUES (7513, 218, 'X횄짙 B찼쨘짱c L횇짤ng');
INSERT INTO tbl_vn_ward (ward_id, district_id, ward_name) VALUES (7519, 218, 'X횄짙 C찼쨘짤m L횄쩍');
INSERT INTO tbl_vn_ward (ward_id, district_id, ward_name) VALUES (7522, 218, 'X횄짙 횆혨an H찼쨩혲i');
INSERT INTO tbl_vn_district (district_id, province_id, district_name) VALUES (219, 24, 'Huy찼쨩혝n L찼쨩짜c Ng찼쨘징n');
INSERT INTO tbl_vn_ward (ward_id, district_id, ward_name) VALUES (7528, 219, 'X횄짙 C찼쨘짜m S횈징n');
INSERT INTO tbl_vn_ward (ward_id, district_id, ward_name) VALUES (7531, 219, 'X횄짙 T횄짖n S횈징n');
INSERT INTO tbl_vn_ward (ward_id, district_id, ward_name) VALUES (7534, 219, 'X횄짙 Phong Minh');
INSERT INTO tbl_vn_ward (ward_id, district_id, ward_name) VALUES (7537, 219, 'X횄짙 Phong V횄짖n');
INSERT INTO tbl_vn_ward (ward_id, district_id, ward_name) VALUES (7540, 219, 'X횄짙 Xa L횄쩍');
INSERT INTO tbl_vn_ward (ward_id, district_id, ward_name) VALUES (7543, 219, 'X횄짙 H찼쨩혲 횆혨횄징p');
INSERT INTO tbl_vn_ward (ward_id, district_id, ward_name) VALUES (7546, 219, 'X횄짙 S횈징n H찼쨘짙i');
INSERT INTO tbl_vn_ward (ward_id, district_id, ward_name) VALUES (7555, 219, 'X횄짙 Bi횄짧n S횈징n');
INSERT INTO tbl_vn_ward (ward_id, district_id, ward_name) VALUES (7564, 219, 'X횄짙 Kim S횈징n');
INSERT INTO tbl_vn_ward (ward_id, district_id, ward_name) VALUES (7567, 219, 'X횄짙 T횄짖n Hoa');
INSERT INTO tbl_vn_ward (ward_id, district_id, ward_name) VALUES (7570, 219, 'X횄짙 Gi횄징p S횈징n');
INSERT INTO tbl_vn_ward (ward_id, district_id, ward_name) VALUES (7573, 219, 'Th찼쨩혢 tr찼쨘짜n Bi찼쨩혘n 횆혨찼쨩혲ng');
INSERT INTO tbl_vn_ward (ward_id, district_id, ward_name) VALUES (7582, 219, 'Th찼쨩혢 tr찼쨘짜n Ph횄짭 횆혨i찼쨩혖n');
INSERT INTO tbl_vn_ward (ward_id, district_id, ward_name) VALUES (7588, 219, 'X횄짙 T횄짖n Quang');
INSERT INTO tbl_vn_ward (ward_id, district_id, ward_name) VALUES (7591, 219, 'X횄짙 횆혨찼쨩혫ng C찼쨩혩c');
INSERT INTO tbl_vn_ward (ward_id, district_id, ward_name) VALUES (7594, 219, 'X횄짙 T횄짖n L찼쨘짯p');
INSERT INTO tbl_vn_ward (ward_id, district_id, ward_name) VALUES (7597, 219, 'X횄짙 Ph횄쨘 Nhu찼쨘짯n');
INSERT INTO tbl_vn_ward (ward_id, district_id, ward_name) VALUES (7606, 219, 'X횄짙 T횄짖n M찼쨩혲c');
INSERT INTO tbl_vn_ward (ward_id, district_id, ward_name) VALUES (7609, 219, 'X횄짙 횆혨횄짢o Gia');
INSERT INTO tbl_vn_district (district_id, province_id, district_name) VALUES (220, 24, 'Huy찼쨩혝n S횈징n 횆혨찼쨩혲ng');
INSERT INTO tbl_vn_ward (ward_id, district_id, ward_name) VALUES (7615, 220, 'Th찼쨩혢 tr찼쨘짜n An Ch횄짖u');
INSERT INTO tbl_vn_ward (ward_id, district_id, ward_name) VALUES (7616, 220, 'Th찼쨩혢 tr찼쨘짜n T횄짖y Y횄짧n T찼쨩짯');
INSERT INTO tbl_vn_ward (ward_id, district_id, ward_name) VALUES (7621, 220, 'X횄짙 V횄짖n S횈징n');
INSERT INTO tbl_vn_ward (ward_id, district_id, ward_name) VALUES (7624, 220, 'X횄짙 H찼쨩짱u S찼쨘짙n');
INSERT INTO tbl_vn_ward (ward_id, district_id, ward_name) VALUES (7627, 220, 'X횄짙 횆혨찼쨘징i S횈징n');
INSERT INTO tbl_vn_ward (ward_id, district_id, ward_name) VALUES (7630, 220, 'X횄짙 Ph횄쨘c S횈징n');
INSERT INTO tbl_vn_ward (ward_id, district_id, ward_name) VALUES (7636, 220, 'X횄짙 Gi횄징o Li횄짧m');
INSERT INTO tbl_vn_ward (ward_id, district_id, ward_name) VALUES (7642, 220, 'X횄짙 C찼쨘짤m 횆혨횄혻n');
INSERT INTO tbl_vn_ward (ward_id, district_id, ward_name) VALUES (7645, 220, 'X횄짙 An L찼쨘징c');
INSERT INTO tbl_vn_ward (ward_id, district_id, ward_name) VALUES (7648, 220, 'X횄짙 V횆짤nh An');
INSERT INTO tbl_vn_ward (ward_id, district_id, ward_name) VALUES (7651, 220, 'X횄짙 Y횄짧n 횆혨찼쨩혢nh');
INSERT INTO tbl_vn_ward (ward_id, district_id, ward_name) VALUES (7654, 220, 'X횄짙 L찼쨩혝 Vi찼쨩혚n');
INSERT INTO tbl_vn_ward (ward_id, district_id, ward_name) VALUES (7660, 220, 'X횄짙 An B횄징');
INSERT INTO tbl_vn_ward (ward_id, district_id, ward_name) VALUES (7663, 220, 'X횄짙 Tu찼쨘짜n 횆혨찼쨘징o');
INSERT INTO tbl_vn_ward (ward_id, district_id, ward_name) VALUES (7666, 220, 'X횄짙 D횈째횈징ng H횈째u');
INSERT INTO tbl_vn_ward (ward_id, district_id, ward_name) VALUES (7672, 220, 'X횄짙 Long S횈징n');
INSERT INTO tbl_vn_ward (ward_id, district_id, ward_name) VALUES (7678, 220, 'X횄짙 Thanh Lu찼쨘짯n');
INSERT INTO tbl_vn_district (district_id, province_id, district_name) VALUES (222, 24, 'Th찼쨩혢 x횄짙 Vi찼쨩혝t Y횄짧n');
INSERT INTO tbl_vn_ward (ward_id, district_id, ward_name) VALUES (7759, 222, 'X횄짙 Th횈째찼쨩짙ng Lan');
INSERT INTO tbl_vn_ward (ward_id, district_id, ward_name) VALUES (7762, 222, 'X횄짙 Vi찼쨩혝t Ti찼쨘쩔n');
INSERT INTO tbl_vn_ward (ward_id, district_id, ward_name) VALUES (7765, 222, 'X횄짙 Ngh횆짤a Trung');
INSERT INTO tbl_vn_ward (ward_id, district_id, ward_name) VALUES (7768, 222, 'X횄짙 Minh 횆혨찼쨩짤c');
INSERT INTO tbl_vn_ward (ward_id, district_id, ward_name) VALUES (7771, 222, 'X횄짙 H횈째횈징ng Mai');
INSERT INTO tbl_vn_ward (ward_id, district_id, ward_name) VALUES (7774, 222, 'Ph횈째찼쨩혶ng T찼쨩짹 L찼쨘징n');
INSERT INTO tbl_vn_ward (ward_id, district_id, ward_name) VALUES (7777, 222, 'Ph횈째찼쨩혶ng B횄짯ch 횆혨찼쨩혲ng');
INSERT INTO tbl_vn_ward (ward_id, district_id, ward_name) VALUES (7780, 222, 'X횄짙 Trung S횈징n');
INSERT INTO tbl_vn_ward (ward_id, district_id, ward_name) VALUES (7783, 222, 'Ph횈째찼쨩혶ng H찼쨩혫ng Th횄징i');
INSERT INTO tbl_vn_ward (ward_id, district_id, ward_name) VALUES (7786, 222, 'X횄짙 Ti횄짧n S횈징n');
INSERT INTO tbl_vn_ward (ward_id, district_id, ward_name) VALUES (7789, 222, 'Ph횈째찼쨩혶ng T횆혘ng Ti찼쨘쩔n');
INSERT INTO tbl_vn_ward (ward_id, district_id, ward_name) VALUES (7792, 222, 'Ph횈째찼쨩혶ng Qu찼쨘짙ng Minh');
INSERT INTO tbl_vn_ward (ward_id, district_id, ward_name) VALUES (7795, 222, 'Ph횈째찼쨩혶ng N찼쨘쩔nh');
INSERT INTO tbl_vn_ward (ward_id, district_id, ward_name) VALUES (7798, 222, 'Ph횈째찼쨩혶ng Ninh S횈징n');
INSERT INTO tbl_vn_ward (ward_id, district_id, ward_name) VALUES (7801, 222, 'Ph횈째찼쨩혶ng V횄짖n Trung');
INSERT INTO tbl_vn_ward (ward_id, district_id, ward_name) VALUES (7804, 222, 'X횄짙 V횄짖n H횄혻');
INSERT INTO tbl_vn_ward (ward_id, district_id, ward_name) VALUES (7807, 222, 'Ph횈째찼쨩혶ng Quang Ch횄짖u');
INSERT INTO tbl_vn_district (district_id, province_id, district_name) VALUES (223, 24, 'Huy찼쨩혝n Hi찼쨩혝p H횄짼a');
INSERT INTO tbl_vn_ward (ward_id, district_id, ward_name) VALUES (7816, 223, 'X횄짙 횆혨찼쨩혫ng Ti찼쨘쩔n');
INSERT INTO tbl_vn_ward (ward_id, district_id, ward_name) VALUES (7822, 223, 'X횄짙 Ho횄혻ng V횄짖n');
INSERT INTO tbl_vn_ward (ward_id, district_id, ward_name) VALUES (7825, 223, 'X횄짙 To횄혻n Th찼쨘짱ng');
INSERT INTO tbl_vn_ward (ward_id, district_id, ward_name) VALUES (7831, 223, 'X횄짙 Ng찼쨩혥c S횈징n');
INSERT INTO tbl_vn_ward (ward_id, district_id, ward_name) VALUES (7840, 223, 'Th찼쨩혢 tr찼쨘짜n Th찼쨘짱ng');
INSERT INTO tbl_vn_ward (ward_id, district_id, ward_name) VALUES (7843, 223, 'X횄짙 S횈징n Th찼쨩혢nh');
INSERT INTO tbl_vn_ward (ward_id, district_id, ward_name) VALUES (7846, 223, 'X횄짙 L횈째횈징ng Phong');
INSERT INTO tbl_vn_ward (ward_id, district_id, ward_name) VALUES (7849, 223, 'X횄짙 H횄쨔ng Th횄징i');
INSERT INTO tbl_vn_ward (ward_id, district_id, ward_name) VALUES (7855, 223, 'X횄짙 Th횈째찼쨩혶ng Th찼쨘짱ng');
INSERT INTO tbl_vn_ward (ward_id, district_id, ward_name) VALUES (7858, 223, 'X횄짙 H찼쨩짙p Th찼쨩혢nh');
INSERT INTO tbl_vn_ward (ward_id, district_id, ward_name) VALUES (7861, 223, 'X횄짙 Danh Th찼쨘짱ng');
INSERT INTO tbl_vn_ward (ward_id, district_id, ward_name) VALUES (7864, 223, 'X횄짙 Mai Trung');
INSERT INTO tbl_vn_ward (ward_id, district_id, ward_name) VALUES (7867, 223, 'X횄짙 횆혨oan B횄징i');
INSERT INTO tbl_vn_ward (ward_id, district_id, ward_name) VALUES (7870, 223, 'Th찼쨩혢 tr찼쨘짜n B찼쨘짱c L횄쩍');
INSERT INTO tbl_vn_ward (ward_id, district_id, ward_name) VALUES (7873, 223, 'X횄짙 Xu횄짖n C찼쨘짤m');
INSERT INTO tbl_vn_ward (ward_id, district_id, ward_name) VALUES (7876, 223, 'X횄짙 H횈째횈징ng L횄짖m');
INSERT INTO tbl_vn_ward (ward_id, district_id, ward_name) VALUES (7879, 223, 'X횄짙 횆혨횄쨈ng L찼쨩혰');
INSERT INTO tbl_vn_ward (ward_id, district_id, ward_name) VALUES (7882, 223, 'X횄짙 Ch횄짖u Minh');
INSERT INTO tbl_vn_ward (ward_id, district_id, ward_name) VALUES (7885, 223, 'X횄짙 Mai 횆혨횄짭nh');
INSERT INTO tbl_vn_district (district_id, province_id, district_name) VALUES (224, 24, 'Th찼쨩혢 x횄짙 Ch횇짤');
INSERT INTO tbl_vn_ward (ward_id, district_id, ward_name) VALUES (7525, 224, 'Ph횈째찼쨩혶ng Ch횇짤');
INSERT INTO tbl_vn_ward (ward_id, district_id, ward_name) VALUES (7549, 224, 'Ph횈째찼쨩혶ng Thanh H찼쨘짙i');
INSERT INTO tbl_vn_ward (ward_id, district_id, ward_name) VALUES (7552, 224, 'X횄짙 Ki횄짧n Lao');
INSERT INTO tbl_vn_ward (ward_id, district_id, ward_name) VALUES (7558, 224, 'X횄짙 Ki횄짧n Th횄혻nh');
INSERT INTO tbl_vn_ward (ward_id, district_id, ward_name) VALUES (7561, 224, 'Ph횈째찼쨩혶ng H찼쨩혫ng Giang');
INSERT INTO tbl_vn_ward (ward_id, district_id, ward_name) VALUES (7576, 224, 'X횄짙 Qu횄쩍 S횈징n');
INSERT INTO tbl_vn_ward (ward_id, district_id, ward_name) VALUES (7579, 224, 'Ph횈째찼쨩혶ng Tr횄쨔 H찼쨩짹u');
INSERT INTO tbl_vn_ward (ward_id, district_id, ward_name) VALUES (7600, 224, 'X횄짙 M찼쨩쨔 An');
INSERT INTO tbl_vn_ward (ward_id, district_id, ward_name) VALUES (7603, 224, 'X횄짙 Nam D횈째횈징ng');
INSERT INTO tbl_vn_ward (ward_id, district_id, ward_name) VALUES (7612, 224, 'Ph횈째찼쨩혶ng Ph횈째찼쨩짙ng S횈징n');
INSERT INTO tbl_vn_province (province_id, province_name) VALUES (25, 'T찼쨩혟nh Ph횄쨘 Th찼쨩혥');
INSERT INTO tbl_vn_district (district_id, province_id, district_name) VALUES (227, 25, 'Th횄혻nh ph찼쨩혩 Vi찼쨩혝t Tr횄짭');
INSERT INTO tbl_vn_ward (ward_id, district_id, ward_name) VALUES (7888, 227, 'Ph횈째찼쨩혶ng D찼쨩짱u L횄짖u');
INSERT INTO tbl_vn_ward (ward_id, district_id, ward_name) VALUES (7894, 227, 'Ph횈째찼쨩혶ng N횄쨈ng Trang');
INSERT INTO tbl_vn_ward (ward_id, district_id, ward_name) VALUES (7897, 227, 'Ph횈째찼쨩혶ng T횄짖n D횄짖n');
INSERT INTO tbl_vn_ward (ward_id, district_id, ward_name) VALUES (7900, 227, 'Ph횈째찼쨩혶ng Gia C찼쨘짤m');
INSERT INTO tbl_vn_ward (ward_id, district_id, ward_name) VALUES (7903, 227, 'Ph횈째찼쨩혶ng Ti횄짧n C횄징t');
INSERT INTO tbl_vn_ward (ward_id, district_id, ward_name) VALUES (7906, 227, 'Ph횈째찼쨩혶ng Th찼쨩혥 S횈징n');
INSERT INTO tbl_vn_ward (ward_id, district_id, ward_name) VALUES (7909, 227, 'Ph횈째찼쨩혶ng Thanh Mi찼쨘쩔u');
INSERT INTO tbl_vn_ward (ward_id, district_id, ward_name) VALUES (7912, 227, 'Ph횈째찼쨩혶ng B찼쨘징ch H찼쨘징c');
INSERT INTO tbl_vn_ward (ward_id, district_id, ward_name) VALUES (7918, 227, 'Ph횈째찼쨩혶ng V횄짖n Ph횄쨘');
INSERT INTO tbl_vn_ward (ward_id, district_id, ward_name) VALUES (7921, 227, 'X횄짙 Ph횈째찼쨩짙ng L횄짖u');
INSERT INTO tbl_vn_ward (ward_id, district_id, ward_name) VALUES (7924, 227, 'X횄짙 Th찼쨩짜y V횄짖n');
INSERT INTO tbl_vn_ward (ward_id, district_id, ward_name) VALUES (7927, 227, 'Ph횈째찼쨩혶ng Minh Ph횈째횈징ng');
INSERT INTO tbl_vn_ward (ward_id, district_id, ward_name) VALUES (7930, 227, 'X횄짙 Tr횈째ng V횈째횈징ng');
INSERT INTO tbl_vn_ward (ward_id, district_id, ward_name) VALUES (7933, 227, 'Ph횈째찼쨩혶ng Minh N횄쨈ng');
INSERT INTO tbl_vn_ward (ward_id, district_id, ward_name) VALUES (7936, 227, 'X횄짙 S횄쨈ng L횄쨈');
INSERT INTO tbl_vn_ward (ward_id, district_id, ward_name) VALUES (8281, 227, 'X횄짙 Kim 횆혨찼쨩짤c');
INSERT INTO tbl_vn_ward (ward_id, district_id, ward_name) VALUES (8287, 227, 'X횄짙 H횄쨔ng L횄쨈');
INSERT INTO tbl_vn_ward (ward_id, district_id, ward_name) VALUES (8503, 227, 'X횄짙 Hy C횈째횈징ng');
INSERT INTO tbl_vn_ward (ward_id, district_id, ward_name) VALUES (8506, 227, 'X횄짙 Chu H횄쨀a');
INSERT INTO tbl_vn_ward (ward_id, district_id, ward_name) VALUES (8515, 227, 'X횄짙 Thanh 횆혨횄짭nh');
INSERT INTO tbl_vn_district (district_id, province_id, district_name) VALUES (228, 25, 'Th찼쨩혢 x횄짙 Ph횄쨘 Th찼쨩혥');
INSERT INTO tbl_vn_ward (ward_id, district_id, ward_name) VALUES (7942, 228, 'Ph횈째찼쨩혶ng H횄쨔ng V횈째횈징ng');
INSERT INTO tbl_vn_ward (ward_id, district_id, ward_name) VALUES (7945, 228, 'Ph횈째찼쨩혶ng Phong Ch횄짖u');
INSERT INTO tbl_vn_ward (ward_id, district_id, ward_name) VALUES (7948, 228, 'Ph횈째찼쨩혶ng 횄혗u C횈징');
INSERT INTO tbl_vn_ward (ward_id, district_id, ward_name) VALUES (7951, 228, 'X횄짙 H횄혻 L찼쨩혲c');
INSERT INTO tbl_vn_ward (ward_id, district_id, ward_name) VALUES (7954, 228, 'X횄짙 Ph횄쨘 H찼쨩혲');
INSERT INTO tbl_vn_ward (ward_id, district_id, ward_name) VALUES (7957, 228, 'X횄짙 V횆혘n Lung');
INSERT INTO tbl_vn_ward (ward_id, district_id, ward_name) VALUES (7960, 228, 'X횄짙 Thanh Minh');
INSERT INTO tbl_vn_ward (ward_id, district_id, ward_name) VALUES (7963, 228, 'X횄짙 H횄혻 Th찼쨘징ch');
INSERT INTO tbl_vn_ward (ward_id, district_id, ward_name) VALUES (7966, 228, 'Ph횈째찼쨩혶ng Thanh Vinh');
INSERT INTO tbl_vn_district (district_id, province_id, district_name) VALUES (230, 25, 'Huy찼쨩혝n 횆혨oan H횄쨔ng');
INSERT INTO tbl_vn_ward (ward_id, district_id, ward_name) VALUES (7969, 230, 'Th찼쨩혢 tr찼쨘짜n 횆혨oan H횄쨔ng');
INSERT INTO tbl_vn_ward (ward_id, district_id, ward_name) VALUES (7975, 230, 'X횄짙 H횄쨔ng Xuy횄짧n');
INSERT INTO tbl_vn_ward (ward_id, district_id, ward_name) VALUES (7981, 230, 'X횄짙 B찼쨘짹ng Lu횄짖n');
INSERT INTO tbl_vn_ward (ward_id, district_id, ward_name) VALUES (7987, 230, 'X횄짙 Ph횄쨘 L횄짖m');
INSERT INTO tbl_vn_ward (ward_id, district_id, ward_name) VALUES (7996, 230, 'X횄짙 B찼쨘짹ng Do횄짙n');
INSERT INTO tbl_vn_ward (ward_id, district_id, ward_name) VALUES (7999, 230, 'X횄짙 Ch횄짯 횆혨횄징m');
INSERT INTO tbl_vn_ward (ward_id, district_id, ward_name) VALUES (8005, 230, 'X횄짙 Ph횄쨘c Lai');
INSERT INTO tbl_vn_ward (ward_id, district_id, ward_name) VALUES (8008, 230, 'X횄짙 Ng찼쨩혥c Quan');
INSERT INTO tbl_vn_ward (ward_id, district_id, ward_name) VALUES (8014, 230, 'X횄짙 H찼쨩짙p Nh찼쨘짜t');
INSERT INTO tbl_vn_ward (ward_id, district_id, ward_name) VALUES (8023, 230, 'X횄짙 T횄짖y C찼쨩혩c');
INSERT INTO tbl_vn_ward (ward_id, district_id, ward_name) VALUES (8035, 230, 'X횄짙 H횄쨔ng Long');
INSERT INTO tbl_vn_ward (ward_id, district_id, ward_name) VALUES (8038, 230, 'X횄짙 Y횄짧n Ki찼쨩혝n');
INSERT INTO tbl_vn_ward (ward_id, district_id, ward_name) VALUES (8044, 230, 'X횄짙 Ch횄짖n M찼쨩혲ng');
INSERT INTO tbl_vn_ward (ward_id, district_id, ward_name) VALUES (8050, 230, 'X횄짙 Ca 횆혨횄짭nh');
INSERT INTO tbl_vn_district (district_id, province_id, district_name) VALUES (231, 25, 'Huy찼쨩혝n H찼쨘징 Ho횄혻');
INSERT INTO tbl_vn_ward (ward_id, district_id, ward_name) VALUES (8053, 231, 'Th찼쨩혢 tr찼쨘짜n H찼쨘징 Ho횄혻');
INSERT INTO tbl_vn_ward (ward_id, district_id, ward_name) VALUES (8056, 231, 'X횄짙 횆혨찼쨘징i Ph찼쨘징m');
INSERT INTO tbl_vn_ward (ward_id, district_id, ward_name) VALUES (8062, 231, 'X횄짙 횆혨an Th횈째찼쨩짙ng');
INSERT INTO tbl_vn_ward (ward_id, district_id, ward_name) VALUES (8065, 231, 'X횄짙 H횄혻 L횈째횈징ng');
INSERT INTO tbl_vn_ward (ward_id, district_id, ward_name) VALUES (8071, 231, 'X횄짙 T찼쨩짤 Hi찼쨩혝p');
INSERT INTO tbl_vn_ward (ward_id, district_id, ward_name) VALUES (8080, 231, 'X횄짙 Hi찼쨩혖n L횈째횈징ng');
INSERT INTO tbl_vn_ward (ward_id, district_id, ward_name) VALUES (8089, 231, 'X횄짙 Ph횈째횈징ng Vi횄짧n');
INSERT INTO tbl_vn_ward (ward_id, district_id, ward_name) VALUES (8092, 231, 'X횄짙 Gia 횆혨i찼쨩혖n');
INSERT INTO tbl_vn_ward (ward_id, district_id, ward_name) VALUES (8095, 231, 'X횄짙 찼쨘짚m H찼쨘징');
INSERT INTO tbl_vn_ward (ward_id, district_id, ward_name) VALUES (8104, 231, 'X횄짙 H횈째횈징ng X찼쨘징');
INSERT INTO tbl_vn_ward (ward_id, district_id, ward_name) VALUES (8110, 231, 'X횄짙 Xu횄짖n 횄혖ng');
INSERT INTO tbl_vn_ward (ward_id, district_id, ward_name) VALUES (8113, 231, 'X횄짙 Y횄짧n K찼쨩쨀');
INSERT INTO tbl_vn_ward (ward_id, district_id, ward_name) VALUES (8119, 231, 'X횄짙 Minh H찼쨘징c');
INSERT INTO tbl_vn_ward (ward_id, district_id, ward_name) VALUES (8122, 231, 'X횄짙 Lang S횈징n');
INSERT INTO tbl_vn_ward (ward_id, district_id, ward_name) VALUES (8125, 231, 'X횄짙 B찼쨘짹ng Gi횄짙');
INSERT INTO tbl_vn_ward (ward_id, district_id, ward_name) VALUES (8128, 231, 'X횄짙 Y횄짧n Lu찼쨘짯t');
INSERT INTO tbl_vn_ward (ward_id, district_id, ward_name) VALUES (8131, 231, 'X횄짙 V횄쨈 Tranh');
INSERT INTO tbl_vn_ward (ward_id, district_id, ward_name) VALUES (8134, 231, 'X횄짙 V횆혘n Lang');
INSERT INTO tbl_vn_ward (ward_id, district_id, ward_name) VALUES (8140, 231, 'X횄짙 Minh C횄쨈i');
INSERT INTO tbl_vn_ward (ward_id, district_id, ward_name) VALUES (8143, 231, 'X횄짙 V횆짤nh Ch횄짖n');
INSERT INTO tbl_vn_district (district_id, province_id, district_name) VALUES (232, 25, 'Huy찼쨩혝n Thanh Ba');
INSERT INTO tbl_vn_ward (ward_id, district_id, ward_name) VALUES (8152, 232, 'Th찼쨩혢 tr찼쨘짜n Thanh Ba');
INSERT INTO tbl_vn_ward (ward_id, district_id, ward_name) VALUES (8156, 232, 'X횄짙 V횄짖n L횆짤nh');
INSERT INTO tbl_vn_ward (ward_id, district_id, ward_name) VALUES (8158, 232, 'X횄짙 횆혨횄쨈ng L횆짤nh');
INSERT INTO tbl_vn_ward (ward_id, district_id, ward_name) VALUES (8161, 232, 'X횄짙 횆혨찼쨘징i An');
INSERT INTO tbl_vn_ward (ward_id, district_id, ward_name) VALUES (8164, 232, 'X횄짙 Hanh C횄쨔');
INSERT INTO tbl_vn_ward (ward_id, district_id, ward_name) VALUES (8170, 232, 'X횄짙 횆혨찼쨩혫ng Xu횄짖n');
INSERT INTO tbl_vn_ward (ward_id, district_id, ward_name) VALUES (8173, 232, 'X횄짙 Qu찼쨘짙ng Y횄짧n');
INSERT INTO tbl_vn_ward (ward_id, district_id, ward_name) VALUES (8179, 232, 'X횄짙 Ninh D횄짖n');
INSERT INTO tbl_vn_ward (ward_id, district_id, ward_name) VALUES (8194, 232, 'X횄짙 V횄쨉 Lao');
INSERT INTO tbl_vn_ward (ward_id, district_id, ward_name) VALUES (8197, 232, 'X횄짙 Kh찼쨘짙i Xu횄짖n');
INSERT INTO tbl_vn_ward (ward_id, district_id, ward_name) VALUES (8200, 232, 'X횄짙 M찼쨘징n L찼쨘징n');
INSERT INTO tbl_vn_ward (ward_id, district_id, ward_name) VALUES (8203, 232, 'X횄짙 Ho횄혻ng C횈째횈징ng');
INSERT INTO tbl_vn_ward (ward_id, district_id, ward_name) VALUES (8206, 232, 'X횄짙 Ch횄짯 Ti횄짧n');
INSERT INTO tbl_vn_ward (ward_id, district_id, ward_name) VALUES (8209, 232, 'X횄짙 횆혨횄쨈ng Th횄혻nh');
INSERT INTO tbl_vn_ward (ward_id, district_id, ward_name) VALUES (8215, 232, 'X횄짙 S횈징n C횈째횈징ng');
INSERT INTO tbl_vn_ward (ward_id, district_id, ward_name) VALUES (8218, 232, 'X횄짙 Thanh H횄혻');
INSERT INTO tbl_vn_ward (ward_id, district_id, ward_name) VALUES (8221, 232, 'X횄짙 횆혨찼쨩혰 S횈징n');
INSERT INTO tbl_vn_ward (ward_id, district_id, ward_name) VALUES (8224, 232, 'X횄짙 횆혨찼쨩혰 Xuy횄짧n');
INSERT INTO tbl_vn_ward (ward_id, district_id, ward_name) VALUES (8227, 232, 'X횄짙 L횈째횈징ng L찼쨩혰');
INSERT INTO tbl_vn_district (district_id, province_id, district_name) VALUES (233, 25, 'Huy찼쨩혝n Ph횄쨔 Ninh');
INSERT INTO tbl_vn_ward (ward_id, district_id, ward_name) VALUES (8230, 233, 'Th찼쨩혢 tr찼쨘짜n Phong Ch횄짖u');
INSERT INTO tbl_vn_ward (ward_id, district_id, ward_name) VALUES (8233, 233, 'X횄짙 Ph횄쨘 M찼쨩쨔');
INSERT INTO tbl_vn_ward (ward_id, district_id, ward_name) VALUES (8234, 233, 'X횄짙 L찼쨩혝 M찼쨩쨔');
INSERT INTO tbl_vn_ward (ward_id, district_id, ward_name) VALUES (8236, 233, 'X횄짙 Li횄짧n Hoa');
INSERT INTO tbl_vn_ward (ward_id, district_id, ward_name) VALUES (8239, 233, 'X횄짙 Tr찼쨘징m Th찼쨘짙n');
INSERT INTO tbl_vn_ward (ward_id, district_id, ward_name) VALUES (8242, 233, 'X횄짙 Tr찼쨩혢 Qu찼쨘짯n');
INSERT INTO tbl_vn_ward (ward_id, district_id, ward_name) VALUES (8245, 233, 'X횄짙 Trung Gi횄징p');
INSERT INTO tbl_vn_ward (ward_id, district_id, ward_name) VALUES (8248, 233, 'X횄짙 Ti횄짧n Ph횄쨘');
INSERT INTO tbl_vn_ward (ward_id, district_id, ward_name) VALUES (8251, 233, 'X횄짙 H찼쨘징 Gi횄징p');
INSERT INTO tbl_vn_ward (ward_id, district_id, ward_name) VALUES (8254, 233, 'X횄짙 B찼쨘짙o Thanh');
INSERT INTO tbl_vn_ward (ward_id, district_id, ward_name) VALUES (8257, 233, 'X횄짙 Ph횄쨘 L찼쨩혲c');
INSERT INTO tbl_vn_ward (ward_id, district_id, ward_name) VALUES (8260, 233, 'X횄짙 Gia Thanh');
INSERT INTO tbl_vn_ward (ward_id, district_id, ward_name) VALUES (8263, 233, 'X횄짙 Ti횄짧n Du');
INSERT INTO tbl_vn_ward (ward_id, district_id, ward_name) VALUES (8266, 233, 'X횄짙 Ph횄쨘 Nham');
INSERT INTO tbl_vn_ward (ward_id, district_id, ward_name) VALUES (8272, 233, 'X횄짙 An 횆혨찼쨘징o');
INSERT INTO tbl_vn_ward (ward_id, district_id, ward_name) VALUES (8275, 233, 'X횄짙 B횄짭nh Ph횄쨘');
INSERT INTO tbl_vn_ward (ward_id, district_id, ward_name) VALUES (8278, 233, 'X횄짙 Ph횄쨔 Ninh');
INSERT INTO tbl_vn_district (district_id, province_id, district_name) VALUES (234, 25, 'Huy찼쨩혝n Y횄짧n L찼쨘짯p');
INSERT INTO tbl_vn_ward (ward_id, district_id, ward_name) VALUES (8290, 234, 'Th찼쨩혢 tr찼쨘짜n Y횄짧n L찼쨘짯p');
INSERT INTO tbl_vn_ward (ward_id, district_id, ward_name) VALUES (8293, 234, 'X횄짙 M찼쨩쨔 Lung');
INSERT INTO tbl_vn_ward (ward_id, district_id, ward_name) VALUES (8296, 234, 'X횄짙 M찼쨩쨔 L횈째횈징ng');
INSERT INTO tbl_vn_ward (ward_id, district_id, ward_name) VALUES (8299, 234, 'X횄짙 L횈째횈징ng S횈징n');
INSERT INTO tbl_vn_ward (ward_id, district_id, ward_name) VALUES (8302, 234, 'X횄짙 Xu횄짖n An');
INSERT INTO tbl_vn_ward (ward_id, district_id, ward_name) VALUES (8305, 234, 'X횄짙 Xu횄짖n Vi횄짧n');
INSERT INTO tbl_vn_ward (ward_id, district_id, ward_name) VALUES (8308, 234, 'X횄짙 Xu횄짖n Th찼쨩짠y');
INSERT INTO tbl_vn_ward (ward_id, district_id, ward_name) VALUES (8311, 234, 'X횄짙 Trung S횈징n');
INSERT INTO tbl_vn_ward (ward_id, district_id, ward_name) VALUES (8314, 234, 'X횄짙 H횈째ng Long');
INSERT INTO tbl_vn_ward (ward_id, district_id, ward_name) VALUES (8317, 234, 'X횄짙 Nga Ho횄혻ng');
INSERT INTO tbl_vn_ward (ward_id, district_id, ward_name) VALUES (8320, 234, 'X횄짙 횆혨찼쨩혫ng L찼쨘징c');
INSERT INTO tbl_vn_ward (ward_id, district_id, ward_name) VALUES (8323, 234, 'X횄짙 Th횈째찼쨩짙ng Long');
INSERT INTO tbl_vn_ward (ward_id, district_id, ward_name) VALUES (8326, 234, 'X횄짙 횆혨찼쨩혫ng Th찼쨩혢nh');
INSERT INTO tbl_vn_ward (ward_id, district_id, ward_name) VALUES (8329, 234, 'X횄짙 Ph횄쨘c Kh횄징nh');
INSERT INTO tbl_vn_ward (ward_id, district_id, ward_name) VALUES (8332, 234, 'X횄짙 Minh H횄짼a');
INSERT INTO tbl_vn_ward (ward_id, district_id, ward_name) VALUES (8335, 234, 'X횄짙 Ng찼쨩혥c L찼쨘짯p');
INSERT INTO tbl_vn_ward (ward_id, district_id, ward_name) VALUES (8338, 234, 'X횄짙 Ng찼쨩혥c 횆혨찼쨩혫ng');
INSERT INTO tbl_vn_district (district_id, province_id, district_name) VALUES (235, 25, 'Huy찼쨩혝n C찼쨘짤m Kh횄짧');
INSERT INTO tbl_vn_ward (ward_id, district_id, ward_name) VALUES (8341, 235, 'Th찼쨩혢 tr찼쨘짜n C찼쨘짤m Kh횄짧');
INSERT INTO tbl_vn_ward (ward_id, district_id, ward_name) VALUES (8344, 235, 'X횄짙 Ti횄짧n L횈째횈징ng');
INSERT INTO tbl_vn_ward (ward_id, district_id, ward_name) VALUES (8350, 235, 'X횄짙 Minh Th찼쨘짱ng');
INSERT INTO tbl_vn_ward (ward_id, district_id, ward_name) VALUES (8353, 235, 'X횄짙 Minh T횄짖n');
INSERT INTO tbl_vn_ward (ward_id, district_id, ward_name) VALUES (8356, 235, 'X횄짙 Ph횈째찼쨩짙ng V횆짤');
INSERT INTO tbl_vn_ward (ward_id, district_id, ward_name) VALUES (8374, 235, 'X횄짙 T횄쨔ng Kh횄짧');
INSERT INTO tbl_vn_ward (ward_id, district_id, ward_name) VALUES (8377, 235, 'X횄짙 Tam S횈징n');
INSERT INTO tbl_vn_ward (ward_id, district_id, ward_name) VALUES (8380, 235, 'X횄짙 V횆혘n B횄징n');
INSERT INTO tbl_vn_ward (ward_id, district_id, ward_name) VALUES (8389, 235, 'X횄짙 Phong Th찼쨩혢nh');
INSERT INTO tbl_vn_ward (ward_id, district_id, ward_name) VALUES (8398, 235, 'X횄짙 Ph횄쨘 Kh횄짧');
INSERT INTO tbl_vn_ward (ward_id, district_id, ward_name) VALUES (8401, 235, 'X횄짙 H횈째횈징ng Lung');
INSERT INTO tbl_vn_ward (ward_id, district_id, ward_name) VALUES (8413, 235, 'X횄짙 Nh찼쨘짯t Ti찼쨘쩔n');
INSERT INTO tbl_vn_ward (ward_id, district_id, ward_name) VALUES (8416, 235, 'X횄짙 H횄쨔ng Vi찼쨩혝t');
INSERT INTO tbl_vn_ward (ward_id, district_id, ward_name) VALUES (8422, 235, 'X횄짙 Y횄짧n D횈째찼쨩징ng');
INSERT INTO tbl_vn_ward (ward_id, district_id, ward_name) VALUES (8428, 235, 'X횄짙 횆혨i횄짧u L횈째횈징ng');
INSERT INTO tbl_vn_ward (ward_id, district_id, ward_name) VALUES (8431, 235, 'X횄짙 횆혨찼쨩혫ng L횈째횈징ng');
INSERT INTO tbl_vn_district (district_id, province_id, district_name) VALUES (236, 25, 'Huy찼쨩혝n Tam N횄쨈ng');
INSERT INTO tbl_vn_ward (ward_id, district_id, ward_name) VALUES (8434, 236, 'Th찼쨩혢 tr찼쨘짜n H횈째ng Ho횄징');
INSERT INTO tbl_vn_ward (ward_id, district_id, ward_name) VALUES (8440, 236, 'X횄짙 Hi찼쨩혖n Quan');
INSERT INTO tbl_vn_ward (ward_id, district_id, ward_name) VALUES (8443, 236, 'X횄짙 B찼쨘짱c S횈징n');
INSERT INTO tbl_vn_ward (ward_id, district_id, ward_name) VALUES (8446, 236, 'X횄짙 Thanh Uy횄짧n');
INSERT INTO tbl_vn_ward (ward_id, district_id, ward_name) VALUES (8461, 236, 'X횄짙 Lam S횈징n');
INSERT INTO tbl_vn_ward (ward_id, district_id, ward_name) VALUES (8467, 236, 'X횄짙 V찼쨘징n Xu횄짖n');
INSERT INTO tbl_vn_ward (ward_id, district_id, ward_name) VALUES (8470, 236, 'X횄짙 Quang H횄쨘c');
INSERT INTO tbl_vn_ward (ward_id, district_id, ward_name) VALUES (8473, 236, 'X횄짙 H횈째횈징ng N찼쨩혲n');
INSERT INTO tbl_vn_ward (ward_id, district_id, ward_name) VALUES (8476, 236, 'X횄짙 T찼쨩혖 L찼쨩혚');
INSERT INTO tbl_vn_ward (ward_id, district_id, ward_name) VALUES (8479, 236, 'X횄짙 Th찼쨩혥 V횆혘n');
INSERT INTO tbl_vn_ward (ward_id, district_id, ward_name) VALUES (8482, 236, 'X횄짙 D찼쨩혢 N찼쨘짯u');
INSERT INTO tbl_vn_ward (ward_id, district_id, ward_name) VALUES (8491, 236, 'X횄짙 D횄짖n Quy찼쨩혖n');
INSERT INTO tbl_vn_district (district_id, province_id, district_name) VALUES (237, 25, 'Huy찼쨩혝n L횄짖m Thao');
INSERT INTO tbl_vn_ward (ward_id, district_id, ward_name) VALUES (8494, 237, 'Th찼쨩혢 tr찼쨘짜n L횄짖m Thao');
INSERT INTO tbl_vn_ward (ward_id, district_id, ward_name) VALUES (8497, 237, 'X횄짙 Ti횄짧n Ki횄짧n');
INSERT INTO tbl_vn_ward (ward_id, district_id, ward_name) VALUES (8498, 237, 'Th찼쨩혢 tr찼쨘짜n H횄쨔ng S횈징n');
INSERT INTO tbl_vn_ward (ward_id, district_id, ward_name) VALUES (8500, 237, 'X횄짙 Xu횄짖n L횇짤ng');
INSERT INTO tbl_vn_ward (ward_id, district_id, ward_name) VALUES (8509, 237, 'X횄짙 Xu횄짖n Huy');
INSERT INTO tbl_vn_ward (ward_id, district_id, ward_name) VALUES (8512, 237, 'X횄짙 Th찼쨘징ch S횈징n');
INSERT INTO tbl_vn_ward (ward_id, district_id, ward_name) VALUES (8518, 237, 'X횄짙 S횈징n Vi');
INSERT INTO tbl_vn_ward (ward_id, district_id, ward_name) VALUES (8521, 237, 'X횄짙 Ph횄쨔ng Nguy횄짧n');
INSERT INTO tbl_vn_ward (ward_id, district_id, ward_name) VALUES (8527, 237, 'X횄짙 Cao X횄징');
INSERT INTO tbl_vn_ward (ward_id, district_id, ward_name) VALUES (8533, 237, 'X횄짙 V횆짤nh L찼쨘징i');
INSERT INTO tbl_vn_ward (ward_id, district_id, ward_name) VALUES (8536, 237, 'X횄짙 T찼쨩짤 X횄짙');
INSERT INTO tbl_vn_ward (ward_id, district_id, ward_name) VALUES (8539, 237, 'X횄짙 B찼쨘짙n Nguy횄짧n');
INSERT INTO tbl_vn_district (district_id, province_id, district_name) VALUES (238, 25, 'Huy찼쨩혝n Thanh S횈징n');
INSERT INTO tbl_vn_ward (ward_id, district_id, ward_name) VALUES (8542, 238, 'Th찼쨩혢 tr찼쨘짜n Thanh S횈징n');
INSERT INTO tbl_vn_ward (ward_id, district_id, ward_name) VALUES (8563, 238, 'X횄짙 S횈징n H횄쨔ng');
INSERT INTO tbl_vn_ward (ward_id, district_id, ward_name) VALUES (8572, 238, 'X횄짙 횆혨찼쨩혢ch Qu찼쨘짙');
INSERT INTO tbl_vn_ward (ward_id, district_id, ward_name) VALUES (8575, 238, 'X횄짙 Gi횄징p Lai');
INSERT INTO tbl_vn_ward (ward_id, district_id, ward_name) VALUES (8581, 238, 'X횄짙 Th찼쨩짜c Luy찼쨩혝n');
INSERT INTO tbl_vn_ward (ward_id, district_id, ward_name) VALUES (8584, 238, 'X횄짙 V횄쨉 Mi찼쨘쩔u');
INSERT INTO tbl_vn_ward (ward_id, district_id, ward_name) VALUES (8587, 238, 'X횄짙 Th찼쨘징ch Kho횄징n');
INSERT INTO tbl_vn_ward (ward_id, district_id, ward_name) VALUES (8602, 238, 'X횄짙 C찼쨩짹 Th찼쨘짱ng');
INSERT INTO tbl_vn_ward (ward_id, district_id, ward_name) VALUES (8605, 238, 'X횄짙 T찼쨘짜t Th찼쨘짱ng');
INSERT INTO tbl_vn_ward (ward_id, district_id, ward_name) VALUES (8611, 238, 'X횄짙 V횆혘n Mi찼쨘쩔u');
INSERT INTO tbl_vn_ward (ward_id, district_id, ward_name) VALUES (8614, 238, 'X횄짙 C찼쨩짹 횆혨찼쨩혫ng');
INSERT INTO tbl_vn_ward (ward_id, district_id, ward_name) VALUES (8623, 238, 'X횄짙 Th찼쨘짱ng S횈징n');
INSERT INTO tbl_vn_ward (ward_id, district_id, ward_name) VALUES (8629, 238, 'X횄짙 T횄짖n Minh');
INSERT INTO tbl_vn_ward (ward_id, district_id, ward_name) VALUES (8632, 238, 'X횄짙 H횈째횈징ng C찼쨘짠n');
INSERT INTO tbl_vn_ward (ward_id, district_id, ward_name) VALUES (8635, 238, 'X횄짙 Kh찼쨘짙 C찼쨩짯u');
INSERT INTO tbl_vn_ward (ward_id, district_id, ward_name) VALUES (8638, 238, 'X횄짙 횆혨횄쨈ng C찼쨩짯u');
INSERT INTO tbl_vn_ward (ward_id, district_id, ward_name) VALUES (8641, 238, 'X횄짙 T횄짖n L찼쨘짯p');
INSERT INTO tbl_vn_ward (ward_id, district_id, ward_name) VALUES (8644, 238, 'X횄짙 Y횄짧n L횄짙ng');
INSERT INTO tbl_vn_ward (ward_id, district_id, ward_name) VALUES (8647, 238, 'X횄짙 Y횄짧n L횈째횈징ng');
INSERT INTO tbl_vn_ward (ward_id, district_id, ward_name) VALUES (8650, 238, 'X횄짙 Th횈째찼쨩짙ng C찼쨩짯u');
INSERT INTO tbl_vn_ward (ward_id, district_id, ward_name) VALUES (8653, 238, 'X횄짙 L횈째횈징ng Nha');
INSERT INTO tbl_vn_ward (ward_id, district_id, ward_name) VALUES (8656, 238, 'X횄짙 Y횄짧n S횈징n');
INSERT INTO tbl_vn_ward (ward_id, district_id, ward_name) VALUES (8659, 238, 'X횄짙 Tinh Nhu찼쨩혝');
INSERT INTO tbl_vn_district (district_id, province_id, district_name) VALUES (239, 25, 'Huy찼쨩혝n Thanh Thu찼쨩쨌');
INSERT INTO tbl_vn_ward (ward_id, district_id, ward_name) VALUES (8662, 239, 'X횄짙 횆혨횄혻o X횄징');
INSERT INTO tbl_vn_ward (ward_id, district_id, ward_name) VALUES (8665, 239, 'X횄짙 Th찼쨘징ch 횆혨찼쨩혫ng');
INSERT INTO tbl_vn_ward (ward_id, district_id, ward_name) VALUES (8668, 239, 'X횄짙 Xu횄짖n L찼쨩혲c');
INSERT INTO tbl_vn_ward (ward_id, district_id, ward_name) VALUES (8671, 239, 'X횄짙 T횄짖n Ph횈째횈징ng');
INSERT INTO tbl_vn_ward (ward_id, district_id, ward_name) VALUES (8674, 239, 'Th찼쨩혢 tr찼쨘짜n Thanh Th찼쨩짠y');
INSERT INTO tbl_vn_ward (ward_id, district_id, ward_name) VALUES (8677, 239, 'X횄짙 S횈징n Th찼쨩짠y');
INSERT INTO tbl_vn_ward (ward_id, district_id, ward_name) VALUES (8680, 239, 'X횄짙 B찼쨘짙o Y횄짧n');
INSERT INTO tbl_vn_ward (ward_id, district_id, ward_name) VALUES (8683, 239, 'X횄짙 횆혨oan H찼쨘징');
INSERT INTO tbl_vn_ward (ward_id, district_id, ward_name) VALUES (8686, 239, 'X횄짙 횆혨찼쨩혫ng Trung');
INSERT INTO tbl_vn_ward (ward_id, district_id, ward_name) VALUES (8689, 239, 'X횄짙 Ho횄혻ng X횄징');
INSERT INTO tbl_vn_ward (ward_id, district_id, ward_name) VALUES (8701, 239, 'X횄짙 Tu V횇짤');
INSERT INTO tbl_vn_district (district_id, province_id, district_name) VALUES (240, 25, 'Huy찼쨩혝n T횄짖n S횈징n');
INSERT INTO tbl_vn_ward (ward_id, district_id, ward_name) VALUES (8545, 240, 'X횄짙 Thu C횄쨘c');
INSERT INTO tbl_vn_ward (ward_id, district_id, ward_name) VALUES (8548, 240, 'X횄짙 Th찼쨘징ch Ki찼쨩혝t');
INSERT INTO tbl_vn_ward (ward_id, district_id, ward_name) VALUES (8551, 240, 'X횄짙 Thu Ng찼쨘징c');
INSERT INTO tbl_vn_ward (ward_id, district_id, ward_name) VALUES (8554, 240, 'X횄짙 Ki찼쨩혝t S횈징n');
INSERT INTO tbl_vn_ward (ward_id, district_id, ward_name) VALUES (8557, 240, 'X횄짙 횆혨찼쨩혫ng S횈징n');
INSERT INTO tbl_vn_ward (ward_id, district_id, ward_name) VALUES (8560, 240, 'X횄짙 Lai 횆혨찼쨩혫ng');
INSERT INTO tbl_vn_ward (ward_id, district_id, ward_name) VALUES (8566, 240, 'Th찼쨩혢 tr찼쨘짜n T횄짖n Ph횄쨘');
INSERT INTO tbl_vn_ward (ward_id, district_id, ward_name) VALUES (8569, 240, 'X횄짙 M찼쨩쨔 Thu찼쨘짯n');
INSERT INTO tbl_vn_ward (ward_id, district_id, ward_name) VALUES (8578, 240, 'X횄짙 T횄짖n S횈징n');
INSERT INTO tbl_vn_ward (ward_id, district_id, ward_name) VALUES (8590, 240, 'X횄짙 Xu횄짖n 횆혨횄혻i');
INSERT INTO tbl_vn_ward (ward_id, district_id, ward_name) VALUES (8593, 240, 'X횄짙 Minh 횆혨횄혻i');
INSERT INTO tbl_vn_ward (ward_id, district_id, ward_name) VALUES (8596, 240, 'X횄짙 V횆혘n Lu횄쨈ng');
INSERT INTO tbl_vn_ward (ward_id, district_id, ward_name) VALUES (8599, 240, 'X횄짙 Xu횄짖n S횈징n');
INSERT INTO tbl_vn_ward (ward_id, district_id, ward_name) VALUES (8608, 240, 'X횄짙 Long C찼쨩혩c');
INSERT INTO tbl_vn_ward (ward_id, district_id, ward_name) VALUES (8617, 240, 'X횄짙 Kim Th횈째찼쨩짙ng');
INSERT INTO tbl_vn_ward (ward_id, district_id, ward_name) VALUES (8620, 240, 'X횄짙 Tam Thanh');
INSERT INTO tbl_vn_ward (ward_id, district_id, ward_name) VALUES (8626, 240, 'X횄짙 Vinh Ti찼쨩혖n');
INSERT INTO tbl_vn_province (province_id, province_name) VALUES (26, 'T찼쨩혟nh V횆짤nh Ph횄쨘c');
INSERT INTO tbl_vn_district (district_id, province_id, district_name) VALUES (243, 26, 'Th횄혻nh ph찼쨩혩 V횆짤nh Y횄짧n');
INSERT INTO tbl_vn_ward (ward_id, district_id, ward_name) VALUES (8707, 243, 'Ph횈째찼쨩혶ng T횄짯ch S횈징n');
INSERT INTO tbl_vn_ward (ward_id, district_id, ward_name) VALUES (8710, 243, 'Ph횈째찼쨩혶ng Li횄짧n B찼쨘짙o');
INSERT INTO tbl_vn_ward (ward_id, district_id, ward_name) VALUES (8713, 243, 'Ph횈째찼쨩혶ng H찼쨩혲i H찼쨩짙p');
INSERT INTO tbl_vn_ward (ward_id, district_id, ward_name) VALUES (8716, 243, 'Ph횈째찼쨩혶ng 횆혨찼쨩혩ng 횆혨a');
INSERT INTO tbl_vn_ward (ward_id, district_id, ward_name) VALUES (8719, 243, 'Ph횈째찼쨩혶ng Ng횄쨈 Quy찼쨩혖n');
INSERT INTO tbl_vn_ward (ward_id, district_id, ward_name) VALUES (8722, 243, 'Ph횈째찼쨩혶ng 횆혨찼쨩혫ng T횄짖m');
INSERT INTO tbl_vn_ward (ward_id, district_id, ward_name) VALUES (8725, 243, 'Ph횈째찼쨩혶ng 횆혨찼쨩혢nh Trung');
INSERT INTO tbl_vn_ward (ward_id, district_id, ward_name) VALUES (8728, 243, 'Ph횈째찼쨩혶ng Khai Quang');
INSERT INTO tbl_vn_ward (ward_id, district_id, ward_name) VALUES (8731, 243, 'X횄짙 Thanh Tr횄쨔');
INSERT INTO tbl_vn_district (district_id, province_id, district_name) VALUES (244, 26, 'Th횄혻nh ph찼쨩혩 Ph횄쨘c Y횄짧n');
INSERT INTO tbl_vn_ward (ward_id, district_id, ward_name) VALUES (8737, 244, 'Ph횈째찼쨩혶ng H횄쨔ng V횈째횈징ng');
INSERT INTO tbl_vn_ward (ward_id, district_id, ward_name) VALUES (8740, 244, 'Ph횈째찼쨩혶ng Hai B횄혻 Tr횈째ng');
INSERT INTO tbl_vn_ward (ward_id, district_id, ward_name) VALUES (8743, 244, 'Ph횈째찼쨩혶ng Ph횄쨘c Th찼쨘짱ng');
INSERT INTO tbl_vn_ward (ward_id, district_id, ward_name) VALUES (8746, 244, 'Ph횈째찼쨩혶ng Xu횄짖n Ho횄혻');
INSERT INTO tbl_vn_ward (ward_id, district_id, ward_name) VALUES (8747, 244, 'Ph횈째찼쨩혶ng 횆혨찼쨩혫ng Xu횄짖n');
INSERT INTO tbl_vn_ward (ward_id, district_id, ward_name) VALUES (8749, 244, 'X횄짙 Ng찼쨩혥c Thanh');
INSERT INTO tbl_vn_ward (ward_id, district_id, ward_name) VALUES (8752, 244, 'X횄짙 Cao Minh');
INSERT INTO tbl_vn_ward (ward_id, district_id, ward_name) VALUES (8755, 244, 'Ph횈째찼쨩혶ng Nam Vi횄짧m');
INSERT INTO tbl_vn_ward (ward_id, district_id, ward_name) VALUES (8758, 244, 'Ph횈째찼쨩혶ng Ti찼쨩혖n Ch횄짖u');
INSERT INTO tbl_vn_district (district_id, province_id, district_name) VALUES (246, 26, 'Huy찼쨩혝n L찼쨘짯p Th찼쨘징ch');
INSERT INTO tbl_vn_ward (ward_id, district_id, ward_name) VALUES (8761, 246, 'Th찼쨩혢 tr찼쨘짜n L찼쨘짯p Th찼쨘징ch');
INSERT INTO tbl_vn_ward (ward_id, district_id, ward_name) VALUES (8764, 246, 'X횄짙 Quang S횈징n');
INSERT INTO tbl_vn_ward (ward_id, district_id, ward_name) VALUES (8767, 246, 'X횄짙 Ng찼쨩혥c M찼쨩쨔');
INSERT INTO tbl_vn_ward (ward_id, district_id, ward_name) VALUES (8770, 246, 'X횄짙 H찼쨩짙p L횄쩍');
INSERT INTO tbl_vn_ward (ward_id, district_id, ward_name) VALUES (8785, 246, 'X횄짙 B찼쨘짱c B횄짭nh');
INSERT INTO tbl_vn_ward (ward_id, district_id, ward_name) VALUES (8788, 246, 'X횄짙 Th횄징i H횄짼a');
INSERT INTO tbl_vn_ward (ward_id, district_id, ward_name) VALUES (8789, 246, 'Th찼쨩혢 tr찼쨘짜n Hoa S횈징n');
INSERT INTO tbl_vn_ward (ward_id, district_id, ward_name) VALUES (8791, 246, 'X횄짙 Li찼쨩혚n S횈징n');
INSERT INTO tbl_vn_ward (ward_id, district_id, ward_name) VALUES (8794, 246, 'X횄짙 Xu횄짖n H횄짼a');
INSERT INTO tbl_vn_ward (ward_id, district_id, ward_name) VALUES (8797, 246, 'X횄짙 V횄짖n Tr찼쨩짜c');
INSERT INTO tbl_vn_ward (ward_id, district_id, ward_name) VALUES (8812, 246, 'X횄짙 Li횄짧n H횄짼a');
INSERT INTO tbl_vn_ward (ward_id, district_id, ward_name) VALUES (8815, 246, 'X횄짙 T찼쨩짯 Du');
INSERT INTO tbl_vn_ward (ward_id, district_id, ward_name) VALUES (8833, 246, 'X횄짙 B횄혻n Gi찼쨘짙n');
INSERT INTO tbl_vn_ward (ward_id, district_id, ward_name) VALUES (8836, 246, 'X횄짙 Xu횄짖n L횄쨈i');
INSERT INTO tbl_vn_ward (ward_id, district_id, ward_name) VALUES (8839, 246, 'X횄짙 횆혨찼쨩혫ng 횄혥ch');
INSERT INTO tbl_vn_ward (ward_id, district_id, ward_name) VALUES (8842, 246, 'X횄짙 Ti횄짧n L찼쨩짱');
INSERT INTO tbl_vn_ward (ward_id, district_id, ward_name) VALUES (8845, 246, 'X횄짙 V횆혘n Qu횄징n');
INSERT INTO tbl_vn_ward (ward_id, district_id, ward_name) VALUES (8863, 246, 'X횄짙 T횄짖y S횈징n');
INSERT INTO tbl_vn_ward (ward_id, district_id, ward_name) VALUES (8866, 246, 'X횄짙 S횈징n 횆혨횄쨈ng');
INSERT INTO tbl_vn_district (district_id, province_id, district_name) VALUES (247, 26, 'Huy찼쨩혝n Tam D횈째횈징ng');
INSERT INTO tbl_vn_ward (ward_id, district_id, ward_name) VALUES (8869, 247, 'Th찼쨩혢 tr찼쨘짜n H찼쨩짙p H횄짼a');
INSERT INTO tbl_vn_ward (ward_id, district_id, ward_name) VALUES (8872, 247, 'X횄짙 Ho횄혻ng Hoa');
INSERT INTO tbl_vn_ward (ward_id, district_id, ward_name) VALUES (8875, 247, 'X횄짙 횆혨찼쨩혫ng T횆짤nh');
INSERT INTO tbl_vn_ward (ward_id, district_id, ward_name) VALUES (8878, 247, 'Th찼쨩혢 tr찼쨘짜n Kim Long');
INSERT INTO tbl_vn_ward (ward_id, district_id, ward_name) VALUES (8881, 247, 'X횄짙 H횈째찼쨩혴ng 횆혨찼쨘징o');
INSERT INTO tbl_vn_ward (ward_id, district_id, ward_name) VALUES (8884, 247, 'X횄짙 횆혨찼쨘징o T횄쨘');
INSERT INTO tbl_vn_ward (ward_id, district_id, ward_name) VALUES (8887, 247, 'X횄짙 An H횄짼a');
INSERT INTO tbl_vn_ward (ward_id, district_id, ward_name) VALUES (8890, 247, 'X횄짙 Thanh V횄짖n');
INSERT INTO tbl_vn_ward (ward_id, district_id, ward_name) VALUES (8893, 247, 'X횄짙 Duy Phi횄짧n');
INSERT INTO tbl_vn_ward (ward_id, district_id, ward_name) VALUES (8896, 247, 'X횄짙 Ho횄혻ng 횆혨an');
INSERT INTO tbl_vn_ward (ward_id, district_id, ward_name) VALUES (8899, 247, 'X횄짙 Ho횄혻ng L횄짖u');
INSERT INTO tbl_vn_ward (ward_id, district_id, ward_name) VALUES (8905, 247, 'X횄짙 H찼쨩혲i Th찼쨩혢nh');
INSERT INTO tbl_vn_district (district_id, province_id, district_name) VALUES (248, 26, 'Huy찼쨩혝n Tam 횆혨찼쨘짙o');
INSERT INTO tbl_vn_ward (ward_id, district_id, ward_name) VALUES (8908, 248, 'Th찼쨩혢 tr찼쨘짜n Tam 횆혨찼쨘짙o');
INSERT INTO tbl_vn_ward (ward_id, district_id, ward_name) VALUES (8911, 248, 'Th찼쨩혢 tr찼쨘짜n H찼쨩짙p Ch횄짖u');
INSERT INTO tbl_vn_ward (ward_id, district_id, ward_name) VALUES (8914, 248, 'X횄짙 횆혨찼쨘징o Tr횄쨔');
INSERT INTO tbl_vn_ward (ward_id, district_id, ward_name) VALUES (8917, 248, 'X횄짙 Y횄짧n D횈째횈징ng');
INSERT INTO tbl_vn_ward (ward_id, district_id, ward_name) VALUES (8920, 248, 'X횄짙 B찼쨩혫 L횄쩍');
INSERT INTO tbl_vn_ward (ward_id, district_id, ward_name) VALUES (8923, 248, 'Th찼쨩혢 tr찼쨘짜n 횆혨찼쨘징i 횆혨횄짭nh');
INSERT INTO tbl_vn_ward (ward_id, district_id, ward_name) VALUES (8926, 248, 'X횄짙 Tam Quan');
INSERT INTO tbl_vn_ward (ward_id, district_id, ward_name) VALUES (8929, 248, 'X횄짙 H찼쨩혫 S횈징n');
INSERT INTO tbl_vn_ward (ward_id, district_id, ward_name) VALUES (8932, 248, 'X횄짙 Minh Quang');
INSERT INTO tbl_vn_district (district_id, province_id, district_name) VALUES (249, 26, 'Huy찼쨩혝n B횄짭nh Xuy횄짧n');
INSERT INTO tbl_vn_ward (ward_id, district_id, ward_name) VALUES (8935, 249, 'Th찼쨩혢 tr찼쨘짜n H횈째횈징ng Canh');
INSERT INTO tbl_vn_ward (ward_id, district_id, ward_name) VALUES (8936, 249, 'Th찼쨩혢 tr찼쨘짜n Gia Kh횄징nh');
INSERT INTO tbl_vn_ward (ward_id, district_id, ward_name) VALUES (8938, 249, 'X횄짙 Trung M찼쨩쨔');
INSERT INTO tbl_vn_ward (ward_id, district_id, ward_name) VALUES (8944, 249, 'Th찼쨩혢 tr찼쨘짜n B횄징 Hi찼쨘쩔n');
INSERT INTO tbl_vn_ward (ward_id, district_id, ward_name) VALUES (8947, 249, 'X횄짙 Thi찼쨩혝n K찼쨘쩔');
INSERT INTO tbl_vn_ward (ward_id, district_id, ward_name) VALUES (8950, 249, 'X횄짙 H횈째횈징ng S횈징n');
INSERT INTO tbl_vn_ward (ward_id, district_id, ward_name) VALUES (8953, 249, 'X횄짙 Tam H찼쨩짙p');
INSERT INTO tbl_vn_ward (ward_id, district_id, ward_name) VALUES (8956, 249, 'X횄짙 Qu찼쨘짜t L횈째u');
INSERT INTO tbl_vn_ward (ward_id, district_id, ward_name) VALUES (8959, 249, 'X횄짙 S횈징n L횄쨈i');
INSERT INTO tbl_vn_ward (ward_id, district_id, ward_name) VALUES (8962, 249, 'Th찼쨩혢 tr찼쨘짜n 횆혨찼쨘징o 횆혨찼쨩짤c');
INSERT INTO tbl_vn_ward (ward_id, district_id, ward_name) VALUES (8965, 249, 'X횄짙 T횄짖n Phong');
INSERT INTO tbl_vn_ward (ward_id, district_id, ward_name) VALUES (8968, 249, 'Th찼쨩혢 tr찼쨘짜n Thanh L횄짙ng');
INSERT INTO tbl_vn_ward (ward_id, district_id, ward_name) VALUES (8971, 249, 'X횄짙 Ph횄쨘 Xu횄짖n');
INSERT INTO tbl_vn_district (district_id, province_id, district_name) VALUES (251, 26, 'Huy찼쨩혝n Y횄짧n L찼쨘징c');
INSERT INTO tbl_vn_ward (ward_id, district_id, ward_name) VALUES (9025, 251, 'Th찼쨩혢 tr찼쨘짜n Y횄짧n L찼쨘징c');
INSERT INTO tbl_vn_ward (ward_id, district_id, ward_name) VALUES (9028, 251, 'X횄짙 횆혨찼쨩혫ng C횈째횈징ng');
INSERT INTO tbl_vn_ward (ward_id, district_id, ward_name) VALUES (9031, 251, 'X횄짙 횆혨찼쨩혫ng V횆혘n');
INSERT INTO tbl_vn_ward (ward_id, district_id, ward_name) VALUES (9034, 251, 'X횄짙 B횄짭nh 횆혨찼쨩혢nh');
INSERT INTO tbl_vn_ward (ward_id, district_id, ward_name) VALUES (9037, 251, 'X횄짙 Trung Nguy횄짧n');
INSERT INTO tbl_vn_ward (ward_id, district_id, ward_name) VALUES (9040, 251, 'X횄짙 T찼쨩혖 L찼쨩혰');
INSERT INTO tbl_vn_ward (ward_id, district_id, ward_name) VALUES (9043, 251, 'Th찼쨩혢 tr찼쨘짜n Tam H찼쨩혫ng');
INSERT INTO tbl_vn_ward (ward_id, district_id, ward_name) VALUES (9046, 251, 'X횄짙 Y횄짧n 횆혨찼쨩혫ng');
INSERT INTO tbl_vn_ward (ward_id, district_id, ward_name) VALUES (9049, 251, 'X횄짙 V횆혘n Ti찼쨘쩔n');
INSERT INTO tbl_vn_ward (ward_id, district_id, ward_name) VALUES (9052, 251, 'X횄짙 Nguy찼쨩혝t 횆혨찼쨩짤c');
INSERT INTO tbl_vn_ward (ward_id, district_id, ward_name) VALUES (9055, 251, 'X횄짙 Y횄짧n Ph횈째횈징ng');
INSERT INTO tbl_vn_ward (ward_id, district_id, ward_name) VALUES (9061, 251, 'X횄짙 Trung Ki횄짧n');
INSERT INTO tbl_vn_ward (ward_id, district_id, ward_name) VALUES (9064, 251, 'X횄짙 Li횄짧n Ch횄짖u');
INSERT INTO tbl_vn_ward (ward_id, district_id, ward_name) VALUES (9067, 251, 'X횄짙 횆혨찼쨘징i T찼쨩짹');
INSERT INTO tbl_vn_ward (ward_id, district_id, ward_name) VALUES (9070, 251, 'X횄짙 H찼쨩혫ng Ch횄짖u');
INSERT INTO tbl_vn_ward (ward_id, district_id, ward_name) VALUES (9073, 251, 'X횄짙 Trung H횄혻');
INSERT INTO tbl_vn_district (district_id, province_id, district_name) VALUES (252, 26, 'Huy찼쨩혝n V횆짤nh T횈째찼쨩혶ng');
INSERT INTO tbl_vn_ward (ward_id, district_id, ward_name) VALUES (9076, 252, 'Th찼쨩혢 tr찼쨘짜n V횆짤nh T횈째찼쨩혶ng');
INSERT INTO tbl_vn_ward (ward_id, district_id, ward_name) VALUES (9079, 252, 'X횄짙 Kim X횄징');
INSERT INTO tbl_vn_ward (ward_id, district_id, ward_name) VALUES (9082, 252, 'X횄짙 Y횄짧n B횄짭nh');
INSERT INTO tbl_vn_ward (ward_id, district_id, ward_name) VALUES (9085, 252, 'X횄짙 Ch찼쨘짜n H횈째ng');
INSERT INTO tbl_vn_ward (ward_id, district_id, ward_name) VALUES (9088, 252, 'X횄짙 Ngh횆짤a H횈째ng');
INSERT INTO tbl_vn_ward (ward_id, district_id, ward_name) VALUES (9091, 252, 'X횄짙 Y횄짧n L찼쨘짯p');
INSERT INTO tbl_vn_ward (ward_id, district_id, ward_name) VALUES (9097, 252, 'X횄짙 Sao 횆혨찼쨘징i Vi찼쨩혝t');
INSERT INTO tbl_vn_ward (ward_id, district_id, ward_name) VALUES (9100, 252, 'X횄짙 횆혨찼쨘징i 횆혨찼쨩혫ng');
INSERT INTO tbl_vn_ward (ward_id, district_id, ward_name) VALUES (9106, 252, 'X횄짙 L횇짤ng Ho횄혻');
INSERT INTO tbl_vn_ward (ward_id, district_id, ward_name) VALUES (9112, 252, 'Th찼쨩혢 tr찼쨘짜n Th찼쨩혮 Tang');
INSERT INTO tbl_vn_ward (ward_id, district_id, ward_name) VALUES (9118, 252, 'X횄짙 L횈째횈징ng 횆혨i찼쨩혖n');
INSERT INTO tbl_vn_ward (ward_id, district_id, ward_name) VALUES (9124, 252, 'X횄짙 T횄짖n Ph횄쨘');
INSERT INTO tbl_vn_ward (ward_id, district_id, ward_name) VALUES (9127, 252, 'X횄짙 Th횈째찼쨩짙ng Tr횈째ng');
INSERT INTO tbl_vn_ward (ward_id, district_id, ward_name) VALUES (9130, 252, 'X횄짙 V횇짤 Di');
INSERT INTO tbl_vn_ward (ward_id, district_id, ward_name) VALUES (9136, 252, 'X횄짙 Tu횄짖n Ch횄짯nh');
INSERT INTO tbl_vn_ward (ward_id, district_id, ward_name) VALUES (9145, 252, 'Th찼쨩혢 tr찼쨘짜n T찼쨩짤 Tr횈째ng');
INSERT INTO tbl_vn_ward (ward_id, district_id, ward_name) VALUES (9148, 252, 'X횄짙 Ng횇짤 Ki횄짧n');
INSERT INTO tbl_vn_ward (ward_id, district_id, ward_name) VALUES (9151, 252, 'X횄짙 An Nh횄짖n');
INSERT INTO tbl_vn_ward (ward_id, district_id, ward_name) VALUES (9154, 252, 'X횄짙 V횆짤nh Th찼쨩혢nh');
INSERT INTO tbl_vn_ward (ward_id, district_id, ward_name) VALUES (9157, 252, 'X횄짙 V횆짤nh Ph횄쨘');
INSERT INTO tbl_vn_district (district_id, province_id, district_name) VALUES (253, 26, 'Huy찼쨩혝n S횄쨈ng L횄쨈');
INSERT INTO tbl_vn_ward (ward_id, district_id, ward_name) VALUES (8773, 253, 'X횄짙 L횄짙ng C횄쨈ng');
INSERT INTO tbl_vn_ward (ward_id, district_id, ward_name) VALUES (8776, 253, 'X횄짙 Quang Y횄짧n');
INSERT INTO tbl_vn_ward (ward_id, district_id, ward_name) VALUES (8782, 253, 'X횄짙 H찼쨘짙i L찼쨩짹u');
INSERT INTO tbl_vn_ward (ward_id, district_id, ward_name) VALUES (8800, 253, 'X횄짙 횆혨찼쨩혫ng Qu찼쨘쩔');
INSERT INTO tbl_vn_ward (ward_id, district_id, ward_name) VALUES (8803, 253, 'X횄짙 Nh횄짖n 횆혨찼쨘징o');
INSERT INTO tbl_vn_ward (ward_id, district_id, ward_name) VALUES (8806, 253, 'X횄짙 횆혨횄쨈n Nh횄짖n');
INSERT INTO tbl_vn_ward (ward_id, district_id, ward_name) VALUES (8809, 253, 'X횄짙 Ph횈째횈징ng Khoan');
INSERT INTO tbl_vn_ward (ward_id, district_id, ward_name) VALUES (8818, 253, 'X횄짙 T횄짖n L찼쨘짯p');
INSERT INTO tbl_vn_ward (ward_id, district_id, ward_name) VALUES (8824, 253, 'Th찼쨩혢 tr찼쨘짜n Tam S횈징n');
INSERT INTO tbl_vn_ward (ward_id, district_id, ward_name) VALUES (8830, 253, 'X횄짙 Y횄짧n Th찼쨘징ch');
INSERT INTO tbl_vn_ward (ward_id, district_id, ward_name) VALUES (8848, 253, 'X횄짙 횆혨찼쨩혫ng Th찼쨩혢nh');
INSERT INTO tbl_vn_ward (ward_id, district_id, ward_name) VALUES (8851, 253, 'X횄짙 T찼쨩짤 Y횄짧n');
INSERT INTO tbl_vn_ward (ward_id, district_id, ward_name) VALUES (8854, 253, 'X횄짙 횆혨찼쨩짤c B횄징c');
INSERT INTO tbl_vn_ward (ward_id, district_id, ward_name) VALUES (8860, 253, 'X횄짙 Cao Phong');
INSERT INTO tbl_vn_province (province_id, province_name) VALUES (27, 'T찼쨩혟nh B찼쨘짱c Ninh');
INSERT INTO tbl_vn_district (district_id, province_id, district_name) VALUES (256, 27, 'Th횄혻nh ph찼쨩혩 B찼쨘짱c Ninh');
INSERT INTO tbl_vn_ward (ward_id, district_id, ward_name) VALUES (9163, 256, 'Ph횈째찼쨩혶ng V횇짤 Ninh');
INSERT INTO tbl_vn_ward (ward_id, district_id, ward_name) VALUES (9166, 256, 'Ph횈째찼쨩혶ng 횆혨횄징p C찼쨘짠u');
INSERT INTO tbl_vn_ward (ward_id, district_id, ward_name) VALUES (9169, 256, 'Ph횈째찼쨩혶ng Th찼쨩혢 C찼쨘짠u');
INSERT INTO tbl_vn_ward (ward_id, district_id, ward_name) VALUES (9172, 256, 'Ph횈째찼쨩혶ng Kinh B찼쨘짱c');
INSERT INTO tbl_vn_ward (ward_id, district_id, ward_name) VALUES (9181, 256, 'Ph횈째찼쨩혶ng 횆혨찼쨘징i Ph횄쨘c');
INSERT INTO tbl_vn_ward (ward_id, district_id, ward_name) VALUES (9184, 256, 'Ph횈째찼쨩혶ng Ti찼쨩혖n Ninh V찼쨩혝');
INSERT INTO tbl_vn_ward (ward_id, district_id, ward_name) VALUES (9187, 256, 'Ph횈째찼쨩혶ng Su찼쨩혩i Hoa');
INSERT INTO tbl_vn_ward (ward_id, district_id, ward_name) VALUES (9190, 256, 'Ph횈째찼쨩혶ng V횄쨉 C횈째찼쨩혶ng');
INSERT INTO tbl_vn_ward (ward_id, district_id, ward_name) VALUES (9214, 256, 'Ph횈째찼쨩혶ng H횄짼a Long');
INSERT INTO tbl_vn_ward (ward_id, district_id, ward_name) VALUES (9226, 256, 'Ph횈째찼쨩혶ng V찼쨘징n An');
INSERT INTO tbl_vn_ward (ward_id, district_id, ward_name) VALUES (9235, 256, 'Ph횈째찼쨩혶ng Kh횄쨘c Xuy횄짧n');
INSERT INTO tbl_vn_ward (ward_id, district_id, ward_name) VALUES (9244, 256, 'Ph횈째찼쨩혶ng Phong Kh횄짧');
INSERT INTO tbl_vn_ward (ward_id, district_id, ward_name) VALUES (9256, 256, 'Ph횈째찼쨩혶ng Kim Ch횄짖n');
INSERT INTO tbl_vn_ward (ward_id, district_id, ward_name) VALUES (9271, 256, 'Ph횈째찼쨩혶ng V횄짖n D횈째횈징ng');
INSERT INTO tbl_vn_ward (ward_id, district_id, ward_name) VALUES (9286, 256, 'Ph횈째찼쨩혶ng Nam S횈징n');
INSERT INTO tbl_vn_ward (ward_id, district_id, ward_name) VALUES (9325, 256, 'Ph횈째찼쨩혶ng Kh찼쨘짱c Ni찼쨩혝m');
INSERT INTO tbl_vn_ward (ward_id, district_id, ward_name) VALUES (9331, 256, 'Ph횈째찼쨩혶ng H찼쨘징p L횆짤nh');
INSERT INTO tbl_vn_district (district_id, province_id, district_name) VALUES (258, 27, 'Huy찼쨩혝n Y횄짧n Phong');
INSERT INTO tbl_vn_ward (ward_id, district_id, ward_name) VALUES (9193, 258, 'Th찼쨩혢 tr찼쨘짜n Ch찼쨩혶');
INSERT INTO tbl_vn_ward (ward_id, district_id, ward_name) VALUES (9196, 258, 'X횄짙 D횇짤ng Li찼쨩혝t');
INSERT INTO tbl_vn_ward (ward_id, district_id, ward_name) VALUES (9199, 258, 'X횄짙 Tam 횆혨a');
INSERT INTO tbl_vn_ward (ward_id, district_id, ward_name) VALUES (9202, 258, 'X횄짙 Tam Giang');
INSERT INTO tbl_vn_ward (ward_id, district_id, ward_name) VALUES (9205, 258, 'X횄짙 Y횄짧n Trung');
INSERT INTO tbl_vn_ward (ward_id, district_id, ward_name) VALUES (9208, 258, 'X횄짙 Th찼쨩짜y H횄짼a');
INSERT INTO tbl_vn_ward (ward_id, district_id, ward_name) VALUES (9211, 258, 'X횄짙 H횄짼a Ti찼쨘쩔n');
INSERT INTO tbl_vn_ward (ward_id, district_id, ward_name) VALUES (9217, 258, 'X횄짙 횆혨횄쨈ng Ti찼쨘쩔n');
INSERT INTO tbl_vn_ward (ward_id, district_id, ward_name) VALUES (9220, 258, 'X횄짙 Y횄짧n Ph찼쨩짜');
INSERT INTO tbl_vn_ward (ward_id, district_id, ward_name) VALUES (9223, 258, 'X횄짙 Trung Ngh횆짤a');
INSERT INTO tbl_vn_ward (ward_id, district_id, ward_name) VALUES (9229, 258, 'X횄짙 횆혨횄쨈ng Phong');
INSERT INTO tbl_vn_ward (ward_id, district_id, ward_name) VALUES (9232, 258, 'X횄짙 Long Ch횄짖u');
INSERT INTO tbl_vn_ward (ward_id, district_id, ward_name) VALUES (9238, 258, 'X횄짙 V횆혘n M횄쨈n');
INSERT INTO tbl_vn_ward (ward_id, district_id, ward_name) VALUES (9241, 258, 'X횄짙 횆혨횄쨈ng Th찼쨩혥');
INSERT INTO tbl_vn_district (district_id, province_id, district_name) VALUES (259, 27, 'Th찼쨩혢 x횄짙 Qu찼쨘쩔 V횄쨉');
INSERT INTO tbl_vn_ward (ward_id, district_id, ward_name) VALUES (9247, 259, 'Ph횈째찼쨩혶ng Ph찼쨩혩 M찼쨩혴i');
INSERT INTO tbl_vn_ward (ward_id, district_id, ward_name) VALUES (9250, 259, 'X횄짙 Vi찼쨩혝t Th찼쨩혩ng');
INSERT INTO tbl_vn_ward (ward_id, district_id, ward_name) VALUES (9253, 259, 'Ph횈째찼쨩혶ng 횆혨찼쨘징i Xu횄짖n');
INSERT INTO tbl_vn_ward (ward_id, district_id, ward_name) VALUES (9259, 259, 'Ph횈째찼쨩혶ng Nh횄짖n H횄짼a');
INSERT INTO tbl_vn_ward (ward_id, district_id, ward_name) VALUES (9262, 259, 'Ph횈째찼쨩혶ng B찼쨘짹ng An');
INSERT INTO tbl_vn_ward (ward_id, district_id, ward_name) VALUES (9265, 259, 'Ph횈째찼쨩혶ng Ph횈째횈징ng Li찼쨩혚u');
INSERT INTO tbl_vn_ward (ward_id, district_id, ward_name) VALUES (9268, 259, 'Ph횈째찼쨩혶ng Qu찼쨘쩔 T횄짖n');
INSERT INTO tbl_vn_ward (ward_id, district_id, ward_name) VALUES (9274, 259, 'Ph횈째찼쨩혶ng Ph횄쨔 L횈째횈징ng');
INSERT INTO tbl_vn_ward (ward_id, district_id, ward_name) VALUES (9277, 259, 'X횄짙 Ph횄쨔 L횄짙ng');
INSERT INTO tbl_vn_ward (ward_id, district_id, ward_name) VALUES (9280, 259, 'Ph횈째찼쨩혶ng Ph횈째찼쨩짙ng Mao');
INSERT INTO tbl_vn_ward (ward_id, district_id, ward_name) VALUES (9283, 259, 'Ph횈째찼쨩혶ng Vi찼쨩혝t H횄쨔ng');
INSERT INTO tbl_vn_ward (ward_id, district_id, ward_name) VALUES (9289, 259, 'X횄짙 Ng찼쨩혥c X횄징');
INSERT INTO tbl_vn_ward (ward_id, district_id, ward_name) VALUES (9292, 259, 'X횄짙 Ch횄짖u Phong');
INSERT INTO tbl_vn_ward (ward_id, district_id, ward_name) VALUES (9295, 259, 'Ph횈째찼쨩혶ng B찼쨩혫ng Lai');
INSERT INTO tbl_vn_ward (ward_id, district_id, ward_name) VALUES (9298, 259, 'Ph횈째찼쨩혶ng C횄징ch Bi');
INSERT INTO tbl_vn_ward (ward_id, district_id, ward_name) VALUES (9301, 259, 'X횄짙 횆혨횄혻o Vi횄짧n');
INSERT INTO tbl_vn_ward (ward_id, district_id, ward_name) VALUES (9304, 259, 'X횄짙 Y횄짧n Gi찼쨘짙');
INSERT INTO tbl_vn_ward (ward_id, district_id, ward_name) VALUES (9307, 259, 'X횄짙 M찼쨩혲 횆혨찼쨘징o');
INSERT INTO tbl_vn_ward (ward_id, district_id, ward_name) VALUES (9310, 259, 'X횄짙 횆혨찼쨩짤c Long');
INSERT INTO tbl_vn_ward (ward_id, district_id, ward_name) VALUES (9313, 259, 'X횄짙 Chi L횆혘ng');
INSERT INTO tbl_vn_district (district_id, province_id, district_name) VALUES (260, 27, 'Huy찼쨩혝n Ti횄짧n Du');
INSERT INTO tbl_vn_ward (ward_id, district_id, ward_name) VALUES (9319, 260, 'Th찼쨩혢 tr찼쨘짜n Lim');
INSERT INTO tbl_vn_ward (ward_id, district_id, ward_name) VALUES (9322, 260, 'X횄짙 Ph횄쨘 L횄짖m');
INSERT INTO tbl_vn_ward (ward_id, district_id, ward_name) VALUES (9328, 260, 'X횄짙 N찼쨩혲i Du찼쨩혝');
INSERT INTO tbl_vn_ward (ward_id, district_id, ward_name) VALUES (9334, 260, 'X횄짙 Li횄짧n B횄짙o');
INSERT INTO tbl_vn_ward (ward_id, district_id, ward_name) VALUES (9337, 260, 'X횄짙 Hi횄짧n V횄짖n');
INSERT INTO tbl_vn_ward (ward_id, district_id, ward_name) VALUES (9340, 260, 'X횄짙 Ho횄혻n S횈징n');
INSERT INTO tbl_vn_ward (ward_id, district_id, ward_name) VALUES (9343, 260, 'X횄짙 L찼쨘징c V찼쨩혝');
INSERT INTO tbl_vn_ward (ward_id, district_id, ward_name) VALUES (9346, 260, 'X횄짙 Vi찼쨩혝t 횆혨o횄혻n');
INSERT INTO tbl_vn_ward (ward_id, district_id, ward_name) VALUES (9349, 260, 'X횄짙 Ph찼쨘짯t T횄짯ch');
INSERT INTO tbl_vn_ward (ward_id, district_id, ward_name) VALUES (9352, 260, 'X횄짙 T횄짖n Chi');
INSERT INTO tbl_vn_ward (ward_id, district_id, ward_name) VALUES (9355, 260, 'X횄짙 횆혨찼쨘징i 횆혨찼쨩혫ng');
INSERT INTO tbl_vn_ward (ward_id, district_id, ward_name) VALUES (9358, 260, 'X횄짙 Tri Ph횈째횈징ng');
INSERT INTO tbl_vn_ward (ward_id, district_id, ward_name) VALUES (9361, 260, 'X횄짙 Minh 횆혨찼쨘징o');
INSERT INTO tbl_vn_ward (ward_id, district_id, ward_name) VALUES (9364, 260, 'X횄짙 C찼쨘짙nh H횈째ng');
INSERT INTO tbl_vn_district (district_id, province_id, district_name) VALUES (261, 27, 'Th횄혻nh ph찼쨩혩 T찼쨩짬 S횈징n');
INSERT INTO tbl_vn_ward (ward_id, district_id, ward_name) VALUES (9367, 261, 'Ph횈째찼쨩혶ng 횆혨횄쨈ng Ng횄혻n');
INSERT INTO tbl_vn_ward (ward_id, district_id, ward_name) VALUES (9370, 261, 'Ph횈째찼쨩혶ng Tam S횈징n');
INSERT INTO tbl_vn_ward (ward_id, district_id, ward_name) VALUES (9373, 261, 'Ph횈째찼쨩혶ng H횈째횈징ng M찼쨘징c');
INSERT INTO tbl_vn_ward (ward_id, district_id, ward_name) VALUES (9376, 261, 'Ph횈째찼쨩혶ng T횈째횈징ng Giang');
INSERT INTO tbl_vn_ward (ward_id, district_id, ward_name) VALUES (9379, 261, 'Ph횈째찼쨩혶ng Ph횄쨔 Kh횄짧');
INSERT INTO tbl_vn_ward (ward_id, district_id, ward_name) VALUES (9382, 261, 'Ph횈째찼쨩혶ng 횆혨찼쨩혫ng K찼쨩쨉');
INSERT INTO tbl_vn_ward (ward_id, district_id, ward_name) VALUES (9383, 261, 'Ph횈째찼쨩혶ng Trang H찼쨘징');
INSERT INTO tbl_vn_ward (ward_id, district_id, ward_name) VALUES (9385, 261, 'Ph횈째찼쨩혶ng 횆혨찼쨩혫ng Nguy횄짧n');
INSERT INTO tbl_vn_ward (ward_id, district_id, ward_name) VALUES (9388, 261, 'Ph횈째찼쨩혶ng Ch횄짖u Kh횄짧');
INSERT INTO tbl_vn_ward (ward_id, district_id, ward_name) VALUES (9391, 261, 'Ph횈째찼쨩혶ng T횄짖n H찼쨩혫ng');
INSERT INTO tbl_vn_ward (ward_id, district_id, ward_name) VALUES (9394, 261, 'Ph횈째찼쨩혶ng 횆혨횄짭nh B찼쨘짙ng');
INSERT INTO tbl_vn_ward (ward_id, district_id, ward_name) VALUES (9397, 261, 'Ph횈째찼쨩혶ng Ph횄쨔 Ch찼쨘짤n');
INSERT INTO tbl_vn_district (district_id, province_id, district_name) VALUES (262, 27, 'Th찼쨩혢 x횄짙 Thu찼쨘짯n Th횄혻nh');
INSERT INTO tbl_vn_ward (ward_id, district_id, ward_name) VALUES (9400, 262, 'Ph횈째찼쨩혶ng H찼쨩혫');
INSERT INTO tbl_vn_ward (ward_id, district_id, ward_name) VALUES (9403, 262, 'X횄짙 Ho횄혻i Th횈째찼쨩짙ng');
INSERT INTO tbl_vn_ward (ward_id, district_id, ward_name) VALUES (9406, 262, 'X횄짙 횆혨찼쨘징i 횆혨찼쨩혫ng Th횄혻nh');
INSERT INTO tbl_vn_ward (ward_id, district_id, ward_name) VALUES (9409, 262, 'X횄짙 M횄짙o 횆혨i찼쨩혖n');
INSERT INTO tbl_vn_ward (ward_id, district_id, ward_name) VALUES (9412, 262, 'Ph횈째찼쨩혶ng Song H찼쨩혫');
INSERT INTO tbl_vn_ward (ward_id, district_id, ward_name) VALUES (9415, 262, 'X횄짙 횆혨횄짭nh T찼쨩혮');
INSERT INTO tbl_vn_ward (ward_id, district_id, ward_name) VALUES (9418, 262, 'Ph횈째찼쨩혶ng An B횄짭nh');
INSERT INTO tbl_vn_ward (ward_id, district_id, ward_name) VALUES (9421, 262, 'Ph횈째찼쨩혶ng Tr횄짯 Qu찼쨘짙');
INSERT INTO tbl_vn_ward (ward_id, district_id, ward_name) VALUES (9424, 262, 'Ph횈째찼쨩혶ng Gia 횆혨횄쨈ng');
INSERT INTO tbl_vn_ward (ward_id, district_id, ward_name) VALUES (9427, 262, 'Ph횈째찼쨩혶ng Thanh Kh횈째횈징ng');
INSERT INTO tbl_vn_ward (ward_id, district_id, ward_name) VALUES (9430, 262, 'Ph횈째찼쨩혶ng Tr찼쨘징m L찼쨩혲');
INSERT INTO tbl_vn_ward (ward_id, district_id, ward_name) VALUES (9433, 262, 'Ph횈째찼쨩혶ng Xu횄짖n L횄짖m');
INSERT INTO tbl_vn_ward (ward_id, district_id, ward_name) VALUES (9436, 262, 'Ph횈째찼쨩혶ng H횄혻 M횄짙n');
INSERT INTO tbl_vn_ward (ward_id, district_id, ward_name) VALUES (9439, 262, 'X횄짙 Ng횇짤 Th횄징i');
INSERT INTO tbl_vn_ward (ward_id, district_id, ward_name) VALUES (9442, 262, 'X횄짙 Nguy찼쨩혝t 횆혨찼쨩짤c');
INSERT INTO tbl_vn_ward (ward_id, district_id, ward_name) VALUES (9445, 262, 'Ph횈째찼쨩혶ng Ninh X횄징');
INSERT INTO tbl_vn_ward (ward_id, district_id, ward_name) VALUES (9448, 262, 'X횄짙 Ngh횆짤a 횆혨찼쨘징o');
INSERT INTO tbl_vn_ward (ward_id, district_id, ward_name) VALUES (9451, 262, 'X횄짙 Song Li찼쨩혚u');
INSERT INTO tbl_vn_district (district_id, province_id, district_name) VALUES (263, 27, 'Huy찼쨩혝n Gia B횄짭nh');
INSERT INTO tbl_vn_ward (ward_id, district_id, ward_name) VALUES (9454, 263, 'Th찼쨩혢 tr찼쨘짜n Gia B횄짭nh');
INSERT INTO tbl_vn_ward (ward_id, district_id, ward_name) VALUES (9457, 263, 'X횄짙 V찼쨘징n Ninh');
INSERT INTO tbl_vn_ward (ward_id, district_id, ward_name) VALUES (9460, 263, 'X횄짙 Th횄징i B찼쨘짙o');
INSERT INTO tbl_vn_ward (ward_id, district_id, ward_name) VALUES (9463, 263, 'X횄짙 Giang S횈징n');
INSERT INTO tbl_vn_ward (ward_id, district_id, ward_name) VALUES (9466, 263, 'X횄짙 Cao 횆혨찼쨩짤c');
INSERT INTO tbl_vn_ward (ward_id, district_id, ward_name) VALUES (9469, 263, 'X횄짙 횆혨찼쨘징i Lai');
INSERT INTO tbl_vn_ward (ward_id, district_id, ward_name) VALUES (9472, 263, 'X횄짙 Song Giang');
INSERT INTO tbl_vn_ward (ward_id, district_id, ward_name) VALUES (9475, 263, 'X횄짙 B횄짭nh D횈째횈징ng');
INSERT INTO tbl_vn_ward (ward_id, district_id, ward_name) VALUES (9478, 263, 'X횄짙 L횄짙ng Ng횄짖m');
INSERT INTO tbl_vn_ward (ward_id, district_id, ward_name) VALUES (9481, 263, 'Th찼쨩혢 tr찼쨘짜n Nh횄짖n Th찼쨘짱ng');
INSERT INTO tbl_vn_ward (ward_id, district_id, ward_name) VALUES (9484, 263, 'X횄짙 Xu횄짖n Lai');
INSERT INTO tbl_vn_ward (ward_id, district_id, ward_name) VALUES (9487, 263, 'X횄짙 횆혨횄쨈ng C찼쨩짤u');
INSERT INTO tbl_vn_ward (ward_id, district_id, ward_name) VALUES (9490, 263, 'X횄짙 횆혨찼쨘징i B횄징i');
INSERT INTO tbl_vn_ward (ward_id, district_id, ward_name) VALUES (9493, 263, 'X횄짙 Qu찼쨩쨀nh Ph횄쨘');
INSERT INTO tbl_vn_district (district_id, province_id, district_name) VALUES (264, 27, 'Huy찼쨩혝n L횈째횈징ng T횄혻i');
INSERT INTO tbl_vn_ward (ward_id, district_id, ward_name) VALUES (9496, 264, 'Th찼쨩혢 tr찼쨘짜n Th찼쨩짤a');
INSERT INTO tbl_vn_ward (ward_id, district_id, ward_name) VALUES (9499, 264, 'X횄짙 An Th찼쨩혢nh');
INSERT INTO tbl_vn_ward (ward_id, district_id, ward_name) VALUES (9502, 264, 'X횄짙 Trung K횄짧nh');
INSERT INTO tbl_vn_ward (ward_id, district_id, ward_name) VALUES (9505, 264, 'X횄짙 Ph횄쨘 H횄짼a');
INSERT INTO tbl_vn_ward (ward_id, district_id, ward_name) VALUES (9508, 264, 'X횄짙 An T찼쨘짯p');
INSERT INTO tbl_vn_ward (ward_id, district_id, ward_name) VALUES (9511, 264, 'X횄짙 T횄짖n L횄짙ng');
INSERT INTO tbl_vn_ward (ward_id, district_id, ward_name) VALUES (9514, 264, 'X횄짙 Qu찼쨘짙ng Ph횄쨘');
INSERT INTO tbl_vn_ward (ward_id, district_id, ward_name) VALUES (9517, 264, 'X횄짙 Quang Minh');
INSERT INTO tbl_vn_ward (ward_id, district_id, ward_name) VALUES (9523, 264, 'X횄짙 Trung Ch횄짯nh');
INSERT INTO tbl_vn_ward (ward_id, district_id, ward_name) VALUES (9529, 264, 'X횄짙 B횄짭nh 횆혨찼쨩혢nh');
INSERT INTO tbl_vn_ward (ward_id, district_id, ward_name) VALUES (9532, 264, 'X횄짙 Ph횄쨘 L횈째횈징ng');
INSERT INTO tbl_vn_ward (ward_id, district_id, ward_name) VALUES (9535, 264, 'X횄짙 L횄짖m Thao');
INSERT INTO tbl_vn_province (province_id, province_name) VALUES (30, 'T찼쨩혟nh H찼쨘짙i D횈째횈징ng');
INSERT INTO tbl_vn_district (district_id, province_id, district_name) VALUES (288, 30, 'Th횄혻nh ph찼쨩혩 H찼쨘짙i D횈째횈징ng');
INSERT INTO tbl_vn_ward (ward_id, district_id, ward_name) VALUES (10507, 288, 'Ph횈째찼쨩혶ng C찼쨘짤m Th횈째찼쨩짙ng');
INSERT INTO tbl_vn_ward (ward_id, district_id, ward_name) VALUES (10510, 288, 'Ph횈째찼쨩혶ng B횄짭nh H횄혻n');
INSERT INTO tbl_vn_ward (ward_id, district_id, ward_name) VALUES (10513, 288, 'Ph횈째찼쨩혶ng Ng찼쨩혥c Ch횄짖u');
INSERT INTO tbl_vn_ward (ward_id, district_id, ward_name) VALUES (10514, 288, 'Ph횈째찼쨩혶ng Nh찼쨩혢 Ch횄짖u');
INSERT INTO tbl_vn_ward (ward_id, district_id, ward_name) VALUES (10516, 288, 'Ph횈째찼쨩혶ng Quang Trung');
INSERT INTO tbl_vn_ward (ward_id, district_id, ward_name) VALUES (10519, 288, 'Ph횈째찼쨩혶ng Nguy찼쨩혚n Tr횄짙i');
INSERT INTO tbl_vn_ward (ward_id, district_id, ward_name) VALUES (10525, 288, 'Ph횈째찼쨩혶ng Tr찼쨘짠n H횈째ng 횆혨찼쨘징o');
INSERT INTO tbl_vn_ward (ward_id, district_id, ward_name) VALUES (10528, 288, 'Ph횈째찼쨩혶ng Tr찼쨘짠n Ph횄쨘');
INSERT INTO tbl_vn_ward (ward_id, district_id, ward_name) VALUES (10531, 288, 'Ph횈째찼쨩혶ng Thanh B횄짭nh');
INSERT INTO tbl_vn_ward (ward_id, district_id, ward_name) VALUES (10532, 288, 'Ph횈째찼쨩혶ng T횄짖n B횄짭nh');
INSERT INTO tbl_vn_ward (ward_id, district_id, ward_name) VALUES (10534, 288, 'Ph횈째찼쨩혶ng L횄짧 Thanh Ngh찼쨩혢');
INSERT INTO tbl_vn_ward (ward_id, district_id, ward_name) VALUES (10537, 288, 'Ph횈째찼쨩혶ng H찼쨘짙i T횄짖n');
INSERT INTO tbl_vn_ward (ward_id, district_id, ward_name) VALUES (10540, 288, 'Ph횈째찼쨩혶ng T찼쨩짤 Minh');
INSERT INTO tbl_vn_ward (ward_id, district_id, ward_name) VALUES (10543, 288, 'Ph횈째찼쨩혶ng Vi찼쨩혝t Ho횄혻');
INSERT INTO tbl_vn_ward (ward_id, district_id, ward_name) VALUES (10660, 288, 'Ph횈째찼쨩혶ng 횄혖i Qu찼쨩혩c');
INSERT INTO tbl_vn_ward (ward_id, district_id, ward_name) VALUES (10663, 288, 'X횄짙 An Th횈째찼쨩짙ng');
INSERT INTO tbl_vn_ward (ward_id, district_id, ward_name) VALUES (10672, 288, 'Ph횈째찼쨩혶ng Nam 횆혨찼쨩혫ng');
INSERT INTO tbl_vn_ward (ward_id, district_id, ward_name) VALUES (10822, 288, 'X횄짙 Quy찼쨘쩔t Th찼쨘짱ng');
INSERT INTO tbl_vn_ward (ward_id, district_id, ward_name) VALUES (10837, 288, 'X횄짙 Ti찼쨩혖n Ti찼쨘쩔n');
INSERT INTO tbl_vn_ward (ward_id, district_id, ward_name) VALUES (11002, 288, 'Ph횈째찼쨩혶ng Th찼쨘징ch Kh횄쨈i');
INSERT INTO tbl_vn_ward (ward_id, district_id, ward_name) VALUES (11005, 288, 'X횄짙 Li횄짧n H찼쨩혫ng');
INSERT INTO tbl_vn_ward (ward_id, district_id, ward_name) VALUES (11011, 288, 'Ph횈째찼쨩혶ng T횄짖n H횈째ng');
INSERT INTO tbl_vn_ward (ward_id, district_id, ward_name) VALUES (11017, 288, 'X횄짙 Gia Xuy횄짧n');
INSERT INTO tbl_vn_ward (ward_id, district_id, ward_name) VALUES (11077, 288, 'X횄짙 Ng찼쨩혥c S횈징n');
INSERT INTO tbl_vn_district (district_id, province_id, district_name) VALUES (290, 30, 'Th횄혻nh ph찼쨩혩 Ch횄짯 Linh');
INSERT INTO tbl_vn_ward (ward_id, district_id, ward_name) VALUES (10546, 290, 'Ph횈째찼쨩혶ng Ph찼쨘짙 L찼쨘징i');
INSERT INTO tbl_vn_ward (ward_id, district_id, ward_name) VALUES (10549, 290, 'Ph횈째찼쨩혶ng Sao 횆혨찼쨩혧');
INSERT INTO tbl_vn_ward (ward_id, district_id, ward_name) VALUES (10552, 290, 'Ph횈째찼쨩혶ng B찼쨘쩔n T찼쨘짱m');
INSERT INTO tbl_vn_ward (ward_id, district_id, ward_name) VALUES (10555, 290, 'X횄짙 Ho횄혻ng Hoa Th횄징m');
INSERT INTO tbl_vn_ward (ward_id, district_id, ward_name) VALUES (10558, 290, 'X횄짙 B찼쨘짱c An');
INSERT INTO tbl_vn_ward (ward_id, district_id, ward_name) VALUES (10561, 290, 'X횄짙 H횈째ng 횆혨찼쨘징o');
INSERT INTO tbl_vn_ward (ward_id, district_id, ward_name) VALUES (10564, 290, 'X횄짙 L횄짧 L찼쨩짙i');
INSERT INTO tbl_vn_ward (ward_id, district_id, ward_name) VALUES (10567, 290, 'Ph횈째찼쨩혶ng Ho횄혻ng Ti찼쨘쩔n');
INSERT INTO tbl_vn_ward (ward_id, district_id, ward_name) VALUES (10570, 290, 'Ph횈째찼쨩혶ng C찼쨩혲ng Ho횄혻');
INSERT INTO tbl_vn_ward (ward_id, district_id, ward_name) VALUES (10573, 290, 'Ph횈째찼쨩혶ng Ho횄혻ng T횄짖n');
INSERT INTO tbl_vn_ward (ward_id, district_id, ward_name) VALUES (10576, 290, 'Ph횈째찼쨩혶ng C찼쨩혮 Th횄혻nh');
INSERT INTO tbl_vn_ward (ward_id, district_id, ward_name) VALUES (10579, 290, 'Ph횈째찼쨩혶ng V횆혘n An');
INSERT INTO tbl_vn_ward (ward_id, district_id, ward_name) VALUES (10582, 290, 'Ph횈째찼쨩혶ng Ch횄짯 Minh');
INSERT INTO tbl_vn_ward (ward_id, district_id, ward_name) VALUES (10585, 290, 'Ph횈째찼쨩혶ng V횆혘n 횆혨찼쨩짤c');
INSERT INTO tbl_vn_ward (ward_id, district_id, ward_name) VALUES (10588, 290, 'Ph횈째찼쨩혶ng Th횄징i H찼쨩혥c');
INSERT INTO tbl_vn_ward (ward_id, district_id, ward_name) VALUES (10591, 290, 'X횄짙 Nh횄짖n Hu찼쨩혝');
INSERT INTO tbl_vn_ward (ward_id, district_id, ward_name) VALUES (10594, 290, 'Ph횈째찼쨩혶ng An L찼쨘징c');
INSERT INTO tbl_vn_ward (ward_id, district_id, ward_name) VALUES (10600, 290, 'Ph횈째찼쨩혶ng 횆혨찼쨩혫ng L찼쨘징c');
INSERT INTO tbl_vn_ward (ward_id, district_id, ward_name) VALUES (10603, 290, 'Ph횈째찼쨩혶ng T횄짖n D횄짖n');
INSERT INTO tbl_vn_district (district_id, province_id, district_name) VALUES (291, 30, 'Huy찼쨩혝n Nam S횄징ch');
INSERT INTO tbl_vn_ward (ward_id, district_id, ward_name) VALUES (10606, 291, 'Th찼쨩혢 tr찼쨘짜n Nam S횄징ch');
INSERT INTO tbl_vn_ward (ward_id, district_id, ward_name) VALUES (10609, 291, 'X횄짙 Nam H횈째ng');
INSERT INTO tbl_vn_ward (ward_id, district_id, ward_name) VALUES (10612, 291, 'X횄짙 Nam T횄짖n');
INSERT INTO tbl_vn_ward (ward_id, district_id, ward_name) VALUES (10615, 291, 'X횄짙 H찼쨩짙p Ti찼쨘쩔n');
INSERT INTO tbl_vn_ward (ward_id, district_id, ward_name) VALUES (10618, 291, 'X횄짙 Hi찼쨩혝p C횄징t');
INSERT INTO tbl_vn_ward (ward_id, district_id, ward_name) VALUES (10621, 291, 'X횄짙 Qu찼쨩혩c Tu찼쨘짜n');
INSERT INTO tbl_vn_ward (ward_id, district_id, ward_name) VALUES (10630, 291, 'X횄짙 An B횄짭nh');
INSERT INTO tbl_vn_ward (ward_id, district_id, ward_name) VALUES (10633, 291, 'X횄짙 Tr찼쨘짠n Ph횄쨘');
INSERT INTO tbl_vn_ward (ward_id, district_id, ward_name) VALUES (10636, 291, 'X횄짙 An S횈징n');
INSERT INTO tbl_vn_ward (ward_id, district_id, ward_name) VALUES (10639, 291, 'X횄짙 C찼쨩혲ng H횄짼a');
INSERT INTO tbl_vn_ward (ward_id, district_id, ward_name) VALUES (10642, 291, 'X횄짙 Th횄징i T횄짖n');
INSERT INTO tbl_vn_ward (ward_id, district_id, ward_name) VALUES (10645, 291, 'X횄짙 An Ph횄쨘');
INSERT INTO tbl_vn_ward (ward_id, district_id, ward_name) VALUES (10654, 291, 'X횄짙 H찼쨩혫ng Phong');
INSERT INTO tbl_vn_ward (ward_id, district_id, ward_name) VALUES (10657, 291, 'X횄짙 횆혨찼쨩혫ng L찼쨘징c');
INSERT INTO tbl_vn_ward (ward_id, district_id, ward_name) VALUES (10666, 291, 'X횄짙 Minh T횄짖n');
INSERT INTO tbl_vn_district (district_id, province_id, district_name) VALUES (292, 30, 'Th찼쨩혢 x횄짙 Kinh M횄쨈n');
INSERT INTO tbl_vn_ward (ward_id, district_id, ward_name) VALUES (10675, 292, 'Ph횈째찼쨩혶ng An L횈째u');
INSERT INTO tbl_vn_ward (ward_id, district_id, ward_name) VALUES (10678, 292, 'X횄짙 B찼쨘징ch 횆혨찼쨘짹ng');
INSERT INTO tbl_vn_ward (ward_id, district_id, ward_name) VALUES (10681, 292, 'Ph횈째찼쨩혶ng Th찼쨘짜t H횄쨔ng');
INSERT INTO tbl_vn_ward (ward_id, district_id, ward_name) VALUES (10684, 292, 'X횄짙 L횄짧 Ninh');
INSERT INTO tbl_vn_ward (ward_id, district_id, ward_name) VALUES (10693, 292, 'Ph횈째찼쨩혶ng Ph찼쨘징m Th횄징i');
INSERT INTO tbl_vn_ward (ward_id, district_id, ward_name) VALUES (10696, 292, 'Ph횈째찼쨩혶ng Duy T횄짖n');
INSERT INTO tbl_vn_ward (ward_id, district_id, ward_name) VALUES (10699, 292, 'Ph횈째찼쨩혶ng T횄짖n D횄짖n');
INSERT INTO tbl_vn_ward (ward_id, district_id, ward_name) VALUES (10702, 292, 'Ph횈째찼쨩혶ng Minh T횄짖n');
INSERT INTO tbl_vn_ward (ward_id, district_id, ward_name) VALUES (10705, 292, 'X횄짙 Quang Th횄혻nh');
INSERT INTO tbl_vn_ward (ward_id, district_id, ward_name) VALUES (10708, 292, 'X횄짙 Hi찼쨩혝p H횄짼a');
INSERT INTO tbl_vn_ward (ward_id, district_id, ward_name) VALUES (10714, 292, 'Ph횈째찼쨩혶ng Ph횄쨘 Th찼쨩짤');
INSERT INTO tbl_vn_ward (ward_id, district_id, ward_name) VALUES (10717, 292, 'X횄짙 Th횆혘ng Long');
INSERT INTO tbl_vn_ward (ward_id, district_id, ward_name) VALUES (10720, 292, 'X횄짙 L찼쨘징c Long');
INSERT INTO tbl_vn_ward (ward_id, district_id, ward_name) VALUES (10723, 292, 'Ph횈째찼쨩혶ng An Sinh');
INSERT INTO tbl_vn_ward (ward_id, district_id, ward_name) VALUES (10726, 292, 'Ph횈째찼쨩혶ng Hi찼쨩혝p S횈징n');
INSERT INTO tbl_vn_ward (ward_id, district_id, ward_name) VALUES (10729, 292, 'X횄짙 Th횈째찼쨩짙ng Qu찼쨘짯n');
INSERT INTO tbl_vn_ward (ward_id, district_id, ward_name) VALUES (10732, 292, 'Ph횈째찼쨩혶ng An Ph찼쨩짜');
INSERT INTO tbl_vn_ward (ward_id, district_id, ward_name) VALUES (10735, 292, 'Ph횈째찼쨩혶ng Hi찼쨩혝p An');
INSERT INTO tbl_vn_ward (ward_id, district_id, ward_name) VALUES (10738, 292, 'Ph횈째찼쨩혶ng Long Xuy횄짧n');
INSERT INTO tbl_vn_ward (ward_id, district_id, ward_name) VALUES (10741, 292, 'Ph횈째찼쨩혶ng Th횄징i Th찼쨩혢nh');
INSERT INTO tbl_vn_ward (ward_id, district_id, ward_name) VALUES (10744, 292, 'Ph횈째찼쨩혶ng Hi찼쨘쩔n Th횄혻nh');
INSERT INTO tbl_vn_ward (ward_id, district_id, ward_name) VALUES (10747, 292, 'X횄짙 Minh H횄짼a');
INSERT INTO tbl_vn_district (district_id, province_id, district_name) VALUES (293, 30, 'Huy찼쨩혝n Kim Th횄혻nh');
INSERT INTO tbl_vn_ward (ward_id, district_id, ward_name) VALUES (10750, 293, 'Th찼쨩혢 tr찼쨘짜n Ph횄쨘 Th횄징i');
INSERT INTO tbl_vn_ward (ward_id, district_id, ward_name) VALUES (10756, 293, 'X횄짙 Lai Kh횄짧');
INSERT INTO tbl_vn_ward (ward_id, district_id, ward_name) VALUES (10762, 293, 'X횄짙 V횇짤 D횇짤ng');
INSERT INTO tbl_vn_ward (ward_id, district_id, ward_name) VALUES (10768, 293, 'X횄짙 Tu찼쨘짜n Vi찼쨩혝t');
INSERT INTO tbl_vn_ward (ward_id, district_id, ward_name) VALUES (10771, 293, 'X횄짙 Kim Xuy횄짧n');
INSERT INTO tbl_vn_ward (ward_id, district_id, ward_name) VALUES (10777, 293, 'X횄짙 Ng횇짤 Ph횄쨘c');
INSERT INTO tbl_vn_ward (ward_id, district_id, ward_name) VALUES (10780, 293, 'X횄짙 Kim Anh');
INSERT INTO tbl_vn_ward (ward_id, district_id, ward_name) VALUES (10783, 293, 'X횄짙 Kim Li횄짧n');
INSERT INTO tbl_vn_ward (ward_id, district_id, ward_name) VALUES (10786, 293, 'X횄짙 Kim T횄짖n');
INSERT INTO tbl_vn_ward (ward_id, district_id, ward_name) VALUES (10792, 293, 'X횄짙 Kim 횆혨횄짯nh');
INSERT INTO tbl_vn_ward (ward_id, district_id, ward_name) VALUES (10798, 293, 'X횄짙 H횄짼a B횄짭nh');
INSERT INTO tbl_vn_ward (ward_id, district_id, ward_name) VALUES (10801, 293, 'X횄짙 Tam K찼쨩쨀');
INSERT INTO tbl_vn_ward (ward_id, district_id, ward_name) VALUES (10804, 293, 'X횄짙 횆혨찼쨩혫ng C찼쨘짤m');
INSERT INTO tbl_vn_ward (ward_id, district_id, ward_name) VALUES (10810, 293, 'X횄짙 횆혨찼쨘징i 횆혨찼쨩짤c');
INSERT INTO tbl_vn_district (district_id, province_id, district_name) VALUES (294, 30, 'Huy찼쨩혝n Thanh H횄혻');
INSERT INTO tbl_vn_ward (ward_id, district_id, ward_name) VALUES (10813, 294, 'Th찼쨩혢 tr찼쨘짜n Thanh H횄혻');
INSERT INTO tbl_vn_ward (ward_id, district_id, ward_name) VALUES (10816, 294, 'X횄짙 H찼쨩혫ng L찼쨘징c');
INSERT INTO tbl_vn_ward (ward_id, district_id, ward_name) VALUES (10825, 294, 'X횄짙 T횄짖n Vi찼쨩혝t');
INSERT INTO tbl_vn_ward (ward_id, district_id, ward_name) VALUES (10828, 294, 'X횄짙 C찼쨘짤m Vi찼쨩혝t');
INSERT INTO tbl_vn_ward (ward_id, district_id, ward_name) VALUES (10831, 294, 'X횄짙 Thanh An');
INSERT INTO tbl_vn_ward (ward_id, district_id, ward_name) VALUES (10834, 294, 'X횄짙 Thanh Lang');
INSERT INTO tbl_vn_ward (ward_id, district_id, ward_name) VALUES (10840, 294, 'X횄짙 T횄짖n An');
INSERT INTO tbl_vn_ward (ward_id, district_id, ward_name) VALUES (10843, 294, 'X횄짙 Li횄짧n M찼쨘징c');
INSERT INTO tbl_vn_ward (ward_id, district_id, ward_name) VALUES (10846, 294, 'X횄짙 Thanh H찼쨘짙i');
INSERT INTO tbl_vn_ward (ward_id, district_id, ward_name) VALUES (10855, 294, 'X횄짙 Thanh Xu횄짖n');
INSERT INTO tbl_vn_ward (ward_id, district_id, ward_name) VALUES (10861, 294, 'X횄짙 Thanh T횄짖n');
INSERT INTO tbl_vn_ward (ward_id, district_id, ward_name) VALUES (10864, 294, 'X횄짙 An Ph횈째찼쨩짙ng');
INSERT INTO tbl_vn_ward (ward_id, district_id, ward_name) VALUES (10867, 294, 'X횄짙 Thanh S횈징n');
INSERT INTO tbl_vn_ward (ward_id, district_id, ward_name) VALUES (10876, 294, 'X횄짙 Thanh Quang');
INSERT INTO tbl_vn_ward (ward_id, district_id, ward_name) VALUES (10879, 294, 'X횄짙 Thanh H찼쨩혫ng');
INSERT INTO tbl_vn_ward (ward_id, district_id, ward_name) VALUES (10882, 294, 'X횄짙 V횆짤nh C횈째찼쨩혶ng');
INSERT INTO tbl_vn_district (district_id, province_id, district_name) VALUES (295, 30, 'Huy찼쨩혝n C찼쨘짤m Gi횄혻ng');
INSERT INTO tbl_vn_ward (ward_id, district_id, ward_name) VALUES (10888, 295, 'Th찼쨩혢 tr찼쨘짜n C찼쨘짤m Giang');
INSERT INTO tbl_vn_ward (ward_id, district_id, ward_name) VALUES (10891, 295, 'Th찼쨩혢 tr찼쨘짜n Lai C횄징ch');
INSERT INTO tbl_vn_ward (ward_id, district_id, ward_name) VALUES (10894, 295, 'X횄짙 C찼쨘짤m H횈째ng');
INSERT INTO tbl_vn_ward (ward_id, district_id, ward_name) VALUES (10897, 295, 'X횄짙 C찼쨘짤m Ho횄혻ng');
INSERT INTO tbl_vn_ward (ward_id, district_id, ward_name) VALUES (10900, 295, 'X횄짙 C찼쨘짤m V횆혘n');
INSERT INTO tbl_vn_ward (ward_id, district_id, ward_name) VALUES (10903, 295, 'X횄짙 Ng찼쨩혥c Li횄짧n');
INSERT INTO tbl_vn_ward (ward_id, district_id, ward_name) VALUES (10909, 295, 'X횄짙 C찼쨘짤m V횇짤');
INSERT INTO tbl_vn_ward (ward_id, district_id, ward_name) VALUES (10912, 295, 'X횄짙 횆혨찼쨩짤c Ch횄짯nh');
INSERT INTO tbl_vn_ward (ward_id, district_id, ward_name) VALUES (10918, 295, 'X횄짙 횆혨찼쨩혢nh S횈징n');
INSERT INTO tbl_vn_ward (ward_id, district_id, ward_name) VALUES (10924, 295, 'X횄짙 L횈째횈징ng 횆혨i찼쨩혖n');
INSERT INTO tbl_vn_ward (ward_id, district_id, ward_name) VALUES (10927, 295, 'X횄짙 Cao An');
INSERT INTO tbl_vn_ward (ward_id, district_id, ward_name) VALUES (10930, 295, 'X횄짙 T횄짖n Tr횈째찼쨩혶ng');
INSERT INTO tbl_vn_ward (ward_id, district_id, ward_name) VALUES (10933, 295, 'X횄짙 Ph횄쨘c 횆혨i찼쨩혖n');
INSERT INTO tbl_vn_ward (ward_id, district_id, ward_name) VALUES (10939, 295, 'X횄짙 C찼쨘짤m 횆혨횄쨈ng');
INSERT INTO tbl_vn_ward (ward_id, district_id, ward_name) VALUES (10942, 295, 'X횄짙 C찼쨘짤m 횆혨o횄혻i');
INSERT INTO tbl_vn_district (district_id, province_id, district_name) VALUES (296, 30, 'Huy찼쨩혝n B횄짭nh Giang');
INSERT INTO tbl_vn_ward (ward_id, district_id, ward_name) VALUES (10945, 296, 'Th찼쨩혢 tr찼쨘짜n K찼쨘쨩 S찼쨘쨌t');
INSERT INTO tbl_vn_ward (ward_id, district_id, ward_name) VALUES (10951, 296, 'X횄짙 V횆짤nh H횈째ng');
INSERT INTO tbl_vn_ward (ward_id, district_id, ward_name) VALUES (10954, 296, 'X횄짙 H횄쨔ng Th찼쨘짱ng');
INSERT INTO tbl_vn_ward (ward_id, district_id, ward_name) VALUES (10960, 296, 'X횄짙 V횆짤nh H찼쨩혫ng');
INSERT INTO tbl_vn_ward (ward_id, district_id, ward_name) VALUES (10963, 296, 'X횄짙 Long Xuy횄짧n');
INSERT INTO tbl_vn_ward (ward_id, district_id, ward_name) VALUES (10966, 296, 'X횄짙 T횄짖n Vi찼쨩혝t');
INSERT INTO tbl_vn_ward (ward_id, district_id, ward_name) VALUES (10969, 296, 'X횄짙 Th횄쨘c Kh횄징ng');
INSERT INTO tbl_vn_ward (ward_id, district_id, ward_name) VALUES (10972, 296, 'X횄짙 T횄짖n H찼쨩혫ng');
INSERT INTO tbl_vn_ward (ward_id, district_id, ward_name) VALUES (10978, 296, 'X횄짙 H찼쨩혫ng Kh횄짧');
INSERT INTO tbl_vn_ward (ward_id, district_id, ward_name) VALUES (10981, 296, 'X횄짙 Th횄징i Minh');
INSERT INTO tbl_vn_ward (ward_id, district_id, ward_name) VALUES (10984, 296, 'X횄짙 C찼쨩혮 B횄짭');
INSERT INTO tbl_vn_ward (ward_id, district_id, ward_name) VALUES (10987, 296, 'X횄짙 Nh횄짖n Quy찼쨩혖n');
INSERT INTO tbl_vn_ward (ward_id, district_id, ward_name) VALUES (10990, 296, 'X횄짙 Th횄징i D횈째횈징ng');
INSERT INTO tbl_vn_ward (ward_id, district_id, ward_name) VALUES (10993, 296, 'X횄짙 Th횄징i H횄짼a');
INSERT INTO tbl_vn_ward (ward_id, district_id, ward_name) VALUES (10996, 296, 'X횄짙 B횄짭nh Xuy횄짧n');
INSERT INTO tbl_vn_district (district_id, province_id, district_name) VALUES (297, 30, 'Huy찼쨩혝n Gia L찼쨩혲c');
INSERT INTO tbl_vn_ward (ward_id, district_id, ward_name) VALUES (10999, 297, 'Th찼쨩혢 tr찼쨘짜n Gia L찼쨩혲c');
INSERT INTO tbl_vn_ward (ward_id, district_id, ward_name) VALUES (11008, 297, 'X횄짙 Th찼쨩혩ng Nh찼쨘짜t');
INSERT INTO tbl_vn_ward (ward_id, district_id, ward_name) VALUES (11020, 297, 'X횄짙 Y찼쨘쩔t Ki횄짧u');
INSERT INTO tbl_vn_ward (ward_id, district_id, ward_name) VALUES (11035, 297, 'X횄짙 Gia Ph횄쨘c');
INSERT INTO tbl_vn_ward (ward_id, district_id, ward_name) VALUES (11038, 297, 'X횄짙 Gia Ti찼쨘쩔n');
INSERT INTO tbl_vn_ward (ward_id, district_id, ward_name) VALUES (11041, 297, 'X횄짙 L횄짧 L찼쨩짙i');
INSERT INTO tbl_vn_ward (ward_id, district_id, ward_name) VALUES (11044, 297, 'X횄짙 To횄혻n Th찼쨘짱ng');
INSERT INTO tbl_vn_ward (ward_id, district_id, ward_name) VALUES (11047, 297, 'X횄짙 Ho횄혻ng Di찼쨩혝u');
INSERT INTO tbl_vn_ward (ward_id, district_id, ward_name) VALUES (11050, 297, 'X횄짙 H찼쨩혫ng H횈째ng');
INSERT INTO tbl_vn_ward (ward_id, district_id, ward_name) VALUES (11053, 297, 'X횄짙 Ph찼쨘징m Tr찼쨘짜n');
INSERT INTO tbl_vn_ward (ward_id, district_id, ward_name) VALUES (11056, 297, 'X횄짙 횆혨o횄혻n Th횈째찼쨩짙ng');
INSERT INTO tbl_vn_ward (ward_id, district_id, ward_name) VALUES (11059, 297, 'X횄짙 Th찼쨩혩ng K횄짧nh');
INSERT INTO tbl_vn_ward (ward_id, district_id, ward_name) VALUES (11065, 297, 'X횄짙 Nh찼쨘짯t Quang');
INSERT INTO tbl_vn_ward (ward_id, district_id, ward_name) VALUES (11071, 297, 'X횄짙 Quang 횆혨찼쨩짤c');
INSERT INTO tbl_vn_district (district_id, province_id, district_name) VALUES (298, 30, 'Huy찼쨩혝n T찼쨩짤 K찼쨩쨀');
INSERT INTO tbl_vn_ward (ward_id, district_id, ward_name) VALUES (11074, 298, 'Th찼쨩혢 tr찼쨘짜n T찼쨩짤 K찼쨩쨀');
INSERT INTO tbl_vn_ward (ward_id, district_id, ward_name) VALUES (11083, 298, 'X횄짙 횆혨찼쨘징i S횈징n');
INSERT INTO tbl_vn_ward (ward_id, district_id, ward_name) VALUES (11086, 298, 'X횄짙 H횈째ng 횆혨찼쨘징o');
INSERT INTO tbl_vn_ward (ward_id, district_id, ward_name) VALUES (11092, 298, 'X횄짙 B횄짭nh L횆혘ng');
INSERT INTO tbl_vn_ward (ward_id, district_id, ward_name) VALUES (11095, 298, 'X횄짙 Ch횄짯 Minh');
INSERT INTO tbl_vn_ward (ward_id, district_id, ward_name) VALUES (11098, 298, 'X횄짙 K찼쨩쨀 S횈징n');
INSERT INTO tbl_vn_ward (ward_id, district_id, ward_name) VALUES (11101, 298, 'X횄짙 Quang Ph찼쨩짜c');
INSERT INTO tbl_vn_ward (ward_id, district_id, ward_name) VALUES (11113, 298, 'X횄짙 T횄짖n K찼쨩쨀');
INSERT INTO tbl_vn_ward (ward_id, district_id, ward_name) VALUES (11116, 298, 'X횄짙 Quang Kh찼쨘짙i');
INSERT INTO tbl_vn_ward (ward_id, district_id, ward_name) VALUES (11119, 298, 'X횄짙 횆혨찼쨘징i H찼쨩짙p');
INSERT INTO tbl_vn_ward (ward_id, district_id, ward_name) VALUES (11122, 298, 'X횄짙 D횄짖n An');
INSERT INTO tbl_vn_ward (ward_id, district_id, ward_name) VALUES (11125, 298, 'X횄짙 An Thanh');
INSERT INTO tbl_vn_ward (ward_id, district_id, ward_name) VALUES (11128, 298, 'X횄짙 Minh 횆혨찼쨩짤c');
INSERT INTO tbl_vn_ward (ward_id, district_id, ward_name) VALUES (11131, 298, 'X횄짙 V횆혘n T찼쨩혩');
INSERT INTO tbl_vn_ward (ward_id, district_id, ward_name) VALUES (11134, 298, 'X횄짙 Quang Trung');
INSERT INTO tbl_vn_ward (ward_id, district_id, ward_name) VALUES (11140, 298, 'X횄짙 L찼쨘징c Ph횈째찼쨩짙ng');
INSERT INTO tbl_vn_ward (ward_id, district_id, ward_name) VALUES (11143, 298, 'X횄짙 Ti횄짧n 횆혨찼쨩혲ng');
INSERT INTO tbl_vn_ward (ward_id, district_id, ward_name) VALUES (11146, 298, 'X횄짙 Nguy횄짧n Gi횄징p');
INSERT INTO tbl_vn_ward (ward_id, district_id, ward_name) VALUES (11149, 298, 'X횄짙 H횄혻 K찼쨩쨀');
INSERT INTO tbl_vn_ward (ward_id, district_id, ward_name) VALUES (11152, 298, 'X횄짙 H횄혻 Thanh');
INSERT INTO tbl_vn_district (district_id, province_id, district_name) VALUES (299, 30, 'Huy찼쨩혝n Ninh Giang');
INSERT INTO tbl_vn_ward (ward_id, district_id, ward_name) VALUES (11161, 299, 'X횄짙 찼쨩짢ng Ho횄짢');
INSERT INTO tbl_vn_ward (ward_id, district_id, ward_name) VALUES (11164, 299, 'X횄짙 Ngh횆짤a An');
INSERT INTO tbl_vn_ward (ward_id, district_id, ward_name) VALUES (11167, 299, 'X횄짙 횆혨찼쨩짤c Ph횄쨘c');
INSERT INTO tbl_vn_ward (ward_id, district_id, ward_name) VALUES (11173, 299, 'X횄짙 An 횆혨찼쨩짤c');
INSERT INTO tbl_vn_ward (ward_id, district_id, ward_name) VALUES (11179, 299, 'X횄짙 T횄짖n H횈째횈징ng');
INSERT INTO tbl_vn_ward (ward_id, district_id, ward_name) VALUES (11185, 299, 'X횄짙 V횆짤nh H횄짼a');
INSERT INTO tbl_vn_ward (ward_id, district_id, ward_name) VALUES (11188, 299, 'X횄짙 B횄짭nh Xuy횄짧n');
INSERT INTO tbl_vn_ward (ward_id, district_id, ward_name) VALUES (11197, 299, 'X횄짙 T횄짖n Phong');
INSERT INTO tbl_vn_ward (ward_id, district_id, ward_name) VALUES (11203, 299, 'Th찼쨩혢 tr찼쨘짜n Ninh Giang');
INSERT INTO tbl_vn_ward (ward_id, district_id, ward_name) VALUES (11206, 299, 'X횄짙 T횄짖n Quang');
INSERT INTO tbl_vn_ward (ward_id, district_id, ward_name) VALUES (11215, 299, 'X횄짙 H찼쨩혫ng D찼쨩짜');
INSERT INTO tbl_vn_ward (ward_id, district_id, ward_name) VALUES (11218, 299, 'X횄짙 V횆혘n H찼쨩혲i');
INSERT INTO tbl_vn_ward (ward_id, district_id, ward_name) VALUES (11224, 299, 'X횄짙 H찼쨩혫ng Phong');
INSERT INTO tbl_vn_ward (ward_id, district_id, ward_name) VALUES (11227, 299, 'X횄짙 Hi찼쨩혝p L찼쨩짹c');
INSERT INTO tbl_vn_ward (ward_id, district_id, ward_name) VALUES (11230, 299, 'X횄짙 Ki찼쨘쩔n Ph횄쨘c');
INSERT INTO tbl_vn_ward (ward_id, district_id, ward_name) VALUES (11233, 299, 'X횄짙 H횈째ng Long');
INSERT INTO tbl_vn_district (district_id, province_id, district_name) VALUES (300, 30, 'Huy찼쨩혝n Thanh Mi찼쨩혝n');
INSERT INTO tbl_vn_ward (ward_id, district_id, ward_name) VALUES (11239, 300, 'Th찼쨩혢 tr찼쨘짜n Thanh Mi찼쨩혝n');
INSERT INTO tbl_vn_ward (ward_id, district_id, ward_name) VALUES (11242, 300, 'X횄짙 Thanh T횄쨔ng');
INSERT INTO tbl_vn_ward (ward_id, district_id, ward_name) VALUES (11245, 300, 'X횄짙 Ph찼쨘징m Kha');
INSERT INTO tbl_vn_ward (ward_id, district_id, ward_name) VALUES (11248, 300, 'X횄짙 Ng횄쨈 Quy찼쨩혖n');
INSERT INTO tbl_vn_ward (ward_id, district_id, ward_name) VALUES (11251, 300, 'X횄짙 횆혨o횄혻n T횄쨔ng');
INSERT INTO tbl_vn_ward (ward_id, district_id, ward_name) VALUES (11254, 300, 'X횄짙 H찼쨩혫ng Quang');
INSERT INTO tbl_vn_ward (ward_id, district_id, ward_name) VALUES (11257, 300, 'X횄짙 T횄짖n Tr횄혻o');
INSERT INTO tbl_vn_ward (ward_id, district_id, ward_name) VALUES (11260, 300, 'X횄짙 Lam S횈징n');
INSERT INTO tbl_vn_ward (ward_id, district_id, ward_name) VALUES (11263, 300, 'X횄짙 횆혨o횄혻n K찼쨘쩔t');
INSERT INTO tbl_vn_ward (ward_id, district_id, ward_name) VALUES (11266, 300, 'X횄짙 L횄짧 H찼쨩혫ng');
INSERT INTO tbl_vn_ward (ward_id, district_id, ward_name) VALUES (11269, 300, 'X횄짙 T찼쨩짤 C횈째찼쨩혶ng');
INSERT INTO tbl_vn_ward (ward_id, district_id, ward_name) VALUES (11275, 300, 'X횄짙 Ng횇짤 H횄쨔ng');
INSERT INTO tbl_vn_ward (ward_id, district_id, ward_name) VALUES (11278, 300, 'X횄짙 Cao Th찼쨘짱ng');
INSERT INTO tbl_vn_ward (ward_id, district_id, ward_name) VALUES (11281, 300, 'X횄짙 Chi L횆혘ng B찼쨘짱c');
INSERT INTO tbl_vn_ward (ward_id, district_id, ward_name) VALUES (11284, 300, 'X횄짙 Chi L횆혘ng Nam');
INSERT INTO tbl_vn_ward (ward_id, district_id, ward_name) VALUES (11287, 300, 'X횄짙 Thanh Giang');
INSERT INTO tbl_vn_ward (ward_id, district_id, ward_name) VALUES (11293, 300, 'X횄짙 H찼쨩혫ng Phong');
INSERT INTO tbl_vn_province (province_id, province_name) VALUES (31, 'Th횄혻nh ph찼쨩혩 H찼쨘짙i Ph횄짼ng');
INSERT INTO tbl_vn_district (district_id, province_id, district_name) VALUES (303, 31, 'Qu찼쨘짯n H찼쨩혫ng B횄혻ng');
INSERT INTO tbl_vn_ward (ward_id, district_id, ward_name) VALUES (11296, 303, 'Ph횈째찼쨩혶ng Qu횄징n Toan');
INSERT INTO tbl_vn_ward (ward_id, district_id, ward_name) VALUES (11299, 303, 'Ph횈째찼쨩혶ng H횄쨔ng V횈째횈징ng');
INSERT INTO tbl_vn_ward (ward_id, district_id, ward_name) VALUES (11302, 303, 'Ph횈째찼쨩혶ng S찼쨩혺 D찼쨘짠u');
INSERT INTO tbl_vn_ward (ward_id, district_id, ward_name) VALUES (11305, 303, 'Ph횈째찼쨩혶ng Th횈째찼쨩짙ng L횄쩍');
INSERT INTO tbl_vn_ward (ward_id, district_id, ward_name) VALUES (11311, 303, 'Ph횈째찼쨩혶ng Minh Khai');
INSERT INTO tbl_vn_ward (ward_id, district_id, ward_name) VALUES (11320, 303, 'Ph횈째찼쨩혶ng Ho횄혻ng V횆혘n Th찼쨩짜');
INSERT INTO tbl_vn_ward (ward_id, district_id, ward_name) VALUES (11323, 303, 'Ph횈째찼쨩혶ng Phan B찼쨩혲i Ch횄짖u');
INSERT INTO tbl_vn_ward (ward_id, district_id, ward_name) VALUES (11587, 303, 'Ph횈째찼쨩혶ng 횆혨찼쨘징i B찼쨘짙n');
INSERT INTO tbl_vn_ward (ward_id, district_id, ward_name) VALUES (11599, 303, 'Ph횈째찼쨩혶ng An H횈째ng');
INSERT INTO tbl_vn_ward (ward_id, district_id, ward_name) VALUES (11602, 303, 'Ph횈째찼쨩혶ng An H찼쨩혫ng');
INSERT INTO tbl_vn_district (district_id, province_id, district_name) VALUES (304, 31, 'Qu찼쨘짯n Ng횄쨈 Quy찼쨩혖n');
INSERT INTO tbl_vn_ward (ward_id, district_id, ward_name) VALUES (11329, 304, 'Ph횈째찼쨩혶ng M횄징y Chai');
INSERT INTO tbl_vn_ward (ward_id, district_id, ward_name) VALUES (11335, 304, 'Ph횈째찼쨩혶ng V찼쨘징n M찼쨩쨔');
INSERT INTO tbl_vn_ward (ward_id, district_id, ward_name) VALUES (11338, 304, 'Ph횈째찼쨩혶ng C찼쨘짠u Tre');
INSERT INTO tbl_vn_ward (ward_id, district_id, ward_name) VALUES (11341, 304, 'Ph횈째찼쨩혶ng Gia Vi횄짧n');
INSERT INTO tbl_vn_ward (ward_id, district_id, ward_name) VALUES (11344, 304, 'Ph횈째찼쨩혶ng C찼쨘짠u 횆혨찼쨘짜t');
INSERT INTO tbl_vn_ward (ward_id, district_id, ward_name) VALUES (11350, 304, 'Ph횈째찼쨩혶ng 횆혨횄쨈ng Kh횄짧');
INSERT INTO tbl_vn_ward (ward_id, district_id, ward_name) VALUES (11359, 304, 'Ph횈째찼쨩혶ng 횆혨찼쨘짹ng Giang');
INSERT INTO tbl_vn_ward (ward_id, district_id, ward_name) VALUES (11365, 304, 'Ph횈째찼쨩혶ng L찼쨘징ch Tray');
INSERT INTO tbl_vn_district (district_id, province_id, district_name) VALUES (305, 31, 'Qu찼쨘짯n L횄짧 Ch횄짖n');
INSERT INTO tbl_vn_ward (ward_id, district_id, ward_name) VALUES (11371, 305, 'Ph횈째찼쨩혶ng An Bi횄짧n');
INSERT INTO tbl_vn_ward (ward_id, district_id, ward_name) VALUES (11383, 305, 'Ph횈째찼쨩혶ng Tr찼쨘짠n Nguy횄짧n H횄짙n');
INSERT INTO tbl_vn_ward (ward_id, district_id, ward_name) VALUES (11395, 305, 'Ph횈째찼쨩혶ng H횄혻ng K횄짧nh');
INSERT INTO tbl_vn_ward (ward_id, district_id, ward_name) VALUES (11401, 305, 'Ph횈째찼쨩혶ng An D횈째횈징ng');
INSERT INTO tbl_vn_ward (ward_id, district_id, ward_name) VALUES (11404, 305, 'Ph횈째찼쨩혶ng D횈째 H횄혻ng K횄짧nh');
INSERT INTO tbl_vn_ward (ward_id, district_id, ward_name) VALUES (11405, 305, 'Ph횈째찼쨩혶ng K횄짧nh D횈째횈징ng');
INSERT INTO tbl_vn_ward (ward_id, district_id, ward_name) VALUES (11407, 305, 'Ph횈째찼쨩혶ng V횆짤nh Ni찼쨩혝m');
INSERT INTO tbl_vn_district (district_id, province_id, district_name) VALUES (306, 31, 'Qu찼쨘짯n H찼쨘짙i An');
INSERT INTO tbl_vn_ward (ward_id, district_id, ward_name) VALUES (11410, 306, 'Ph횈째찼쨩혶ng 횆혨횄쨈ng H찼쨘짙i 1');
INSERT INTO tbl_vn_ward (ward_id, district_id, ward_name) VALUES (11411, 306, 'Ph횈째찼쨩혶ng 횆혨횄쨈ng H찼쨘짙i 2');
INSERT INTO tbl_vn_ward (ward_id, district_id, ward_name) VALUES (11413, 306, 'Ph횈째찼쨩혶ng 횆혨찼쨘짹ng L횄짖m');
INSERT INTO tbl_vn_ward (ward_id, district_id, ward_name) VALUES (11414, 306, 'Ph횈째찼쨩혶ng Th횄혻nh T횄쨈');
INSERT INTO tbl_vn_ward (ward_id, district_id, ward_name) VALUES (11416, 306, 'Ph횈째찼쨩혶ng 횆혨찼쨘짹ng H찼쨘짙i');
INSERT INTO tbl_vn_ward (ward_id, district_id, ward_name) VALUES (11419, 306, 'Ph횈째찼쨩혶ng Nam H찼쨘짙i');
INSERT INTO tbl_vn_ward (ward_id, district_id, ward_name) VALUES (11422, 306, 'Ph횈째찼쨩혶ng C횄징t Bi');
INSERT INTO tbl_vn_ward (ward_id, district_id, ward_name) VALUES (11425, 306, 'Ph횈째찼쨩혶ng Tr횄혻ng C횄징t');
INSERT INTO tbl_vn_district (district_id, province_id, district_name) VALUES (307, 31, 'Qu찼쨘짯n Ki찼쨘쩔n An');
INSERT INTO tbl_vn_ward (ward_id, district_id, ward_name) VALUES (11431, 307, 'Ph횈째찼쨩혶ng 횆혨찼쨩혫ng Ho횄혻');
INSERT INTO tbl_vn_ward (ward_id, district_id, ward_name) VALUES (11434, 307, 'Ph횈째찼쨩혶ng B찼쨘짱c S횈징n');
INSERT INTO tbl_vn_ward (ward_id, district_id, ward_name) VALUES (11437, 307, 'Ph횈째찼쨩혶ng Nam S횈징n');
INSERT INTO tbl_vn_ward (ward_id, district_id, ward_name) VALUES (11440, 307, 'Ph횈째찼쨩혶ng Ng찼쨩혥c S횈징n');
INSERT INTO tbl_vn_ward (ward_id, district_id, ward_name) VALUES (11443, 307, 'Ph횈째찼쨩혶ng Tr찼쨘짠n Th횄혻nh Ng찼쨩혥');
INSERT INTO tbl_vn_ward (ward_id, district_id, ward_name) VALUES (11446, 307, 'Ph횈째찼쨩혶ng V횆혘n 횆혨찼쨘짤u');
INSERT INTO tbl_vn_ward (ward_id, district_id, ward_name) VALUES (11449, 307, 'Ph횈째찼쨩혶ng B찼쨘짱c H횄혻');
INSERT INTO tbl_vn_district (district_id, province_id, district_name) VALUES (308, 31, 'Qu찼쨘짯n 횆혨찼쨩혫 S횈징n');
INSERT INTO tbl_vn_ward (ward_id, district_id, ward_name) VALUES (11455, 308, 'Ph횈째찼쨩혶ng Ng찼쨩혥c Xuy횄짧n');
INSERT INTO tbl_vn_ward (ward_id, district_id, ward_name) VALUES (11458, 308, 'Ph횈째찼쨩혶ng H찼쨘짙i S횈징n');
INSERT INTO tbl_vn_ward (ward_id, district_id, ward_name) VALUES (11461, 308, 'Ph횈째찼쨩혶ng V찼쨘징n H횈째횈징ng');
INSERT INTO tbl_vn_ward (ward_id, district_id, ward_name) VALUES (11465, 308, 'Ph횈째찼쨩혶ng Minh 횆혨찼쨩짤c');
INSERT INTO tbl_vn_ward (ward_id, district_id, ward_name) VALUES (11467, 308, 'Ph횈째찼쨩혶ng B횄혻ng La');
INSERT INTO tbl_vn_ward (ward_id, district_id, ward_name) VALUES (11737, 308, 'Ph횈째찼쨩혶ng H찼쨩짙p 횆혨찼쨩짤c');
INSERT INTO tbl_vn_district (district_id, province_id, district_name) VALUES (309, 31, 'Qu찼쨘짯n D횈째횈징ng Kinh');
INSERT INTO tbl_vn_ward (ward_id, district_id, ward_name) VALUES (11683, 309, 'Ph횈째찼쨩혶ng 횆혨a Ph횄쨘c');
INSERT INTO tbl_vn_ward (ward_id, district_id, ward_name) VALUES (11686, 309, 'Ph횈째찼쨩혶ng H횈째ng 횆혨찼쨘징o');
INSERT INTO tbl_vn_ward (ward_id, district_id, ward_name) VALUES (11689, 309, 'Ph횈째찼쨩혶ng Anh D횇짤ng');
INSERT INTO tbl_vn_ward (ward_id, district_id, ward_name) VALUES (11692, 309, 'Ph횈째찼쨩혶ng H찼쨘짙i Th횄혻nh');
INSERT INTO tbl_vn_ward (ward_id, district_id, ward_name) VALUES (11707, 309, 'Ph횈째찼쨩혶ng Ho횄혻 Ngh횆짤a');
INSERT INTO tbl_vn_ward (ward_id, district_id, ward_name) VALUES (11740, 309, 'Ph횈째찼쨩혶ng T횄짖n Th횄혻nh');
INSERT INTO tbl_vn_district (district_id, province_id, district_name) VALUES (311, 31, 'Th횄혻nh ph찼쨩혩 Thu찼쨩쨌 Nguy횄짧n');
INSERT INTO tbl_vn_ward (ward_id, district_id, ward_name) VALUES (11473, 311, 'Ph횈째찼쨩혶ng Minh 횆혨찼쨩짤c');
INSERT INTO tbl_vn_ward (ward_id, district_id, ward_name) VALUES (11485, 311, 'X횄짙 Li횄짧n Xu횄짖n');
INSERT INTO tbl_vn_ward (ward_id, district_id, ward_name) VALUES (11488, 311, 'Ph횈째찼쨩혶ng L횈째u Ki찼쨘쩔m');
INSERT INTO tbl_vn_ward (ward_id, district_id, ward_name) VALUES (11500, 311, 'X횄짙 B찼쨘징ch 횆혨찼쨘짹ng');
INSERT INTO tbl_vn_ward (ward_id, district_id, ward_name) VALUES (11503, 311, 'X횄짙 Ninh S횈징n');
INSERT INTO tbl_vn_ward (ward_id, district_id, ward_name) VALUES (11506, 311, 'Ph횈째찼쨩혶ng Qu찼쨘짙ng Thanh');
INSERT INTO tbl_vn_ward (ward_id, district_id, ward_name) VALUES (11512, 311, 'Ph횈째찼쨩혶ng Tr찼쨘짠n H횈째ng 횆혨찼쨘징o');
INSERT INTO tbl_vn_ward (ward_id, district_id, ward_name) VALUES (11518, 311, 'X횄짙 Quang Trung');
INSERT INTO tbl_vn_ward (ward_id, district_id, ward_name) VALUES (11521, 311, 'Ph횈째찼쨩혶ng L횄짧 H찼쨩혫ng Phong');
INSERT INTO tbl_vn_ward (ward_id, district_id, ward_name) VALUES (11527, 311, 'Ph횈째찼쨩혶ng Ho횄혻 B횄짭nh');
INSERT INTO tbl_vn_ward (ward_id, district_id, ward_name) VALUES (11530, 311, 'Ph횈째찼쨩혶ng Th찼쨩짠y H횄혻');
INSERT INTO tbl_vn_ward (ward_id, district_id, ward_name) VALUES (11533, 311, 'Ph횈째찼쨩혶ng An L횈째');
INSERT INTO tbl_vn_ward (ward_id, district_id, ward_name) VALUES (11539, 311, 'Ph횈째찼쨩혶ng Ph찼쨘징m Ng횇짤 L횄짙o');
INSERT INTO tbl_vn_ward (ward_id, district_id, ward_name) VALUES (11542, 311, 'Ph횈째찼쨩혶ng Nam Tri찼쨩혝u Giang');
INSERT INTO tbl_vn_ward (ward_id, district_id, ward_name) VALUES (11545, 311, 'Ph횈째찼쨩혶ng Tam H횈째ng');
INSERT INTO tbl_vn_ward (ward_id, district_id, ward_name) VALUES (11551, 311, 'Ph횈째찼쨩혶ng L찼쨘짯p L찼쨩혚');
INSERT INTO tbl_vn_ward (ward_id, district_id, ward_name) VALUES (11557, 311, 'Ph횈째찼쨩혶ng Thi횄짧n H횈째횈징ng');
INSERT INTO tbl_vn_ward (ward_id, district_id, ward_name) VALUES (11560, 311, 'Ph횈째찼쨩혶ng Thu찼쨩쨌 횆혨횈째찼쨩혶ng');
INSERT INTO tbl_vn_ward (ward_id, district_id, ward_name) VALUES (11569, 311, 'Ph횈째찼쨩혶ng Ho횄혻ng L횄짖m');
INSERT INTO tbl_vn_ward (ward_id, district_id, ward_name) VALUES (11572, 311, 'Ph횈째찼쨩혶ng Hoa 횆혨찼쨩혲ng');
INSERT INTO tbl_vn_ward (ward_id, district_id, ward_name) VALUES (11578, 311, 'Ph횈째찼쨩혶ng D횈째횈징ng Quan');
INSERT INTO tbl_vn_district (district_id, province_id, district_name) VALUES (312, 31, 'Qu찼쨘짯n An D횈째횈징ng');
INSERT INTO tbl_vn_ward (ward_id, district_id, ward_name) VALUES (11581, 312, 'Ph횈째찼쨩혶ng L횄짧 L찼쨩짙i');
INSERT INTO tbl_vn_ward (ward_id, district_id, ward_name) VALUES (11584, 312, 'Ph횈째찼쨩혶ng L횄짧 Thi찼쨩혝n');
INSERT INTO tbl_vn_ward (ward_id, district_id, ward_name) VALUES (11590, 312, 'Ph횈째찼쨩혶ng An Ho횄혻');
INSERT INTO tbl_vn_ward (ward_id, district_id, ward_name) VALUES (11593, 312, 'Ph횈째찼쨩혶ng H찼쨩혫ng Phong');
INSERT INTO tbl_vn_ward (ward_id, district_id, ward_name) VALUES (11596, 312, 'Ph횈째찼쨩혶ng T횄짖n Ti찼쨘쩔n');
INSERT INTO tbl_vn_ward (ward_id, district_id, ward_name) VALUES (11608, 312, 'Ph횈째찼쨩혶ng Nam S횈징n');
INSERT INTO tbl_vn_ward (ward_id, district_id, ward_name) VALUES (11614, 312, 'Ph횈째찼쨩혶ng An H찼쨘짙i');
INSERT INTO tbl_vn_ward (ward_id, district_id, ward_name) VALUES (11617, 312, 'Ph횈째찼쨩혶ng 횆혨찼쨩혫ng Th횄징i');
INSERT INTO tbl_vn_ward (ward_id, district_id, ward_name) VALUES (11623, 312, 'Ph횈째찼쨩혶ng An 횆혨찼쨩혫ng');
INSERT INTO tbl_vn_ward (ward_id, district_id, ward_name) VALUES (11626, 312, 'Ph횈째찼쨩혶ng H찼쨩혫ng Th횄징i');
INSERT INTO tbl_vn_district (district_id, province_id, district_name) VALUES (313, 31, 'Huy찼쨩혝n An L횄짙o');
INSERT INTO tbl_vn_ward (ward_id, district_id, ward_name) VALUES (11629, 313, 'Th찼쨩혢 tr찼쨘짜n An L횄짙o');
INSERT INTO tbl_vn_ward (ward_id, district_id, ward_name) VALUES (11632, 313, 'X횄짙 B횄징t Trang');
INSERT INTO tbl_vn_ward (ward_id, district_id, ward_name) VALUES (11635, 313, 'X횄짙 Tr횈째찼쨩혶ng Th찼쨩혥');
INSERT INTO tbl_vn_ward (ward_id, district_id, ward_name) VALUES (11638, 313, 'X횄짙 Tr횈째찼쨩혶ng Th횄혻nh');
INSERT INTO tbl_vn_ward (ward_id, district_id, ward_name) VALUES (11641, 313, 'X횄짙 An Ti찼쨘쩔n');
INSERT INTO tbl_vn_ward (ward_id, district_id, ward_name) VALUES (11644, 313, 'X횄짙 Quang H횈째ng');
INSERT INTO tbl_vn_ward (ward_id, district_id, ward_name) VALUES (11647, 313, 'X횄짙 Quang Trung');
INSERT INTO tbl_vn_ward (ward_id, district_id, ward_name) VALUES (11650, 313, 'X횄짙 Qu찼쨩혩c Tu찼쨘짜n');
INSERT INTO tbl_vn_ward (ward_id, district_id, ward_name) VALUES (11653, 313, 'X횄짙 An Th찼쨘짱ng');
INSERT INTO tbl_vn_ward (ward_id, district_id, ward_name) VALUES (11656, 313, 'Th찼쨩혢 tr찼쨘짜n Tr횈째찼쨩혶ng S횈징n');
INSERT INTO tbl_vn_ward (ward_id, district_id, ward_name) VALUES (11659, 313, 'X횄짙 T횄짖n D횄짖n');
INSERT INTO tbl_vn_ward (ward_id, district_id, ward_name) VALUES (11662, 313, 'X횄짙 Th횄징i S횈징n');
INSERT INTO tbl_vn_ward (ward_id, district_id, ward_name) VALUES (11665, 313, 'X횄짙 T횄짖n Vi횄짧n');
INSERT INTO tbl_vn_ward (ward_id, district_id, ward_name) VALUES (11668, 313, 'X횄짙 M찼쨩쨔 횆혨찼쨩짤c');
INSERT INTO tbl_vn_ward (ward_id, district_id, ward_name) VALUES (11671, 313, 'X횄짙 Chi찼쨘쩔n Th찼쨘짱ng');
INSERT INTO tbl_vn_ward (ward_id, district_id, ward_name) VALUES (11674, 313, 'X횄짙 An Th찼쨩혥');
INSERT INTO tbl_vn_ward (ward_id, district_id, ward_name) VALUES (11677, 313, 'X횄짙 An Th횄징i');
INSERT INTO tbl_vn_district (district_id, province_id, district_name) VALUES (314, 31, 'Huy찼쨩혝n Ki찼쨘쩔n Thu찼쨩쨉');
INSERT INTO tbl_vn_ward (ward_id, district_id, ward_name) VALUES (11680, 314, 'Th찼쨩혢 tr찼쨘짜n N횄쨘i 횆혨찼쨩혩i');
INSERT INTO tbl_vn_ward (ward_id, district_id, ward_name) VALUES (11695, 314, 'X횄짙 횆혨횄쨈ng Ph횈째횈징ng');
INSERT INTO tbl_vn_ward (ward_id, district_id, ward_name) VALUES (11698, 314, 'X횄짙 Thu찼쨘짯n Thi횄짧n');
INSERT INTO tbl_vn_ward (ward_id, district_id, ward_name) VALUES (11701, 314, 'X횄짙 H찼쨩짱u B찼쨘짹ng');
INSERT INTO tbl_vn_ward (ward_id, district_id, ward_name) VALUES (11704, 314, 'X횄짙 횆혨찼쨘징i 횆혨찼쨩혫ng');
INSERT INTO tbl_vn_ward (ward_id, district_id, ward_name) VALUES (11710, 314, 'X횄짙 Ng횇짤 Ph횄쨘c');
INSERT INTO tbl_vn_ward (ward_id, district_id, ward_name) VALUES (11713, 314, 'X횄짙 Ki찼쨘쩔n Qu찼쨩혩c');
INSERT INTO tbl_vn_ward (ward_id, district_id, ward_name) VALUES (11716, 314, 'X횄짙 Du L찼쨩혚');
INSERT INTO tbl_vn_ward (ward_id, district_id, ward_name) VALUES (11722, 314, 'X횄짙 Thanh S횈징n');
INSERT INTO tbl_vn_ward (ward_id, district_id, ward_name) VALUES (11725, 314, 'X횄짙 Minh T횄짖n');
INSERT INTO tbl_vn_ward (ward_id, district_id, ward_name) VALUES (11728, 314, 'X횄짙 Ki찼쨘쩔n H횈째ng');
INSERT INTO tbl_vn_ward (ward_id, district_id, ward_name) VALUES (11734, 314, 'X횄짙 T횄짖n Phong');
INSERT INTO tbl_vn_ward (ward_id, district_id, ward_name) VALUES (11743, 314, 'X횄짙 T횄짖n Tr횄혻o');
INSERT INTO tbl_vn_ward (ward_id, district_id, ward_name) VALUES (11746, 314, 'X횄짙 횆혨o횄혻n X횄징');
INSERT INTO tbl_vn_ward (ward_id, district_id, ward_name) VALUES (11749, 314, 'X횄짙 T횄쨘 S횈징n');
INSERT INTO tbl_vn_ward (ward_id, district_id, ward_name) VALUES (11752, 314, 'X횄짙 횆혨찼쨘징i H찼쨩짙p');
INSERT INTO tbl_vn_district (district_id, province_id, district_name) VALUES (315, 31, 'Huy찼쨩혝n Ti횄짧n L횄짙ng');
INSERT INTO tbl_vn_ward (ward_id, district_id, ward_name) VALUES (11755, 315, 'Th찼쨩혢 tr찼쨘짜n Ti횄짧n L횄짙ng');
INSERT INTO tbl_vn_ward (ward_id, district_id, ward_name) VALUES (11758, 315, 'X횄짙 횆혨찼쨘징i Th찼쨘짱ng');
INSERT INTO tbl_vn_ward (ward_id, district_id, ward_name) VALUES (11761, 315, 'X횄짙 Ti횄짧n C횈째찼쨩혶ng');
INSERT INTO tbl_vn_ward (ward_id, district_id, ward_name) VALUES (11764, 315, 'X횄짙 T찼쨩짹 C횈째찼쨩혶ng');
INSERT INTO tbl_vn_ward (ward_id, district_id, ward_name) VALUES (11770, 315, 'X횄짙 Quy찼쨘쩔t Ti찼쨘쩔n');
INSERT INTO tbl_vn_ward (ward_id, district_id, ward_name) VALUES (11773, 315, 'X횄짙 Kh찼쨩혺i Ngh횆짤a');
INSERT INTO tbl_vn_ward (ward_id, district_id, ward_name) VALUES (11776, 315, 'X횄짙 Ti횄짧n Thanh');
INSERT INTO tbl_vn_ward (ward_id, district_id, ward_name) VALUES (11779, 315, 'X횄짙 C찼쨘짜p Ti찼쨘쩔n');
INSERT INTO tbl_vn_ward (ward_id, district_id, ward_name) VALUES (11782, 315, 'X횄짙 Ki찼쨘쩔n Thi찼쨘쩔t');
INSERT INTO tbl_vn_ward (ward_id, district_id, ward_name) VALUES (11785, 315, 'X횄짙 횆혨o횄혻n L찼쨘짯p');
INSERT INTO tbl_vn_ward (ward_id, district_id, ward_name) VALUES (11791, 315, 'X횄짙 T횄짖n Minh');
INSERT INTO tbl_vn_ward (ward_id, district_id, ward_name) VALUES (11797, 315, 'X횄짙 Ti횄짧n Th찼쨘짱ng');
INSERT INTO tbl_vn_ward (ward_id, district_id, ward_name) VALUES (11800, 315, 'X횄짙 Ti횄짧n Minh');
INSERT INTO tbl_vn_ward (ward_id, district_id, ward_name) VALUES (11803, 315, 'X횄짙 B찼쨘짱c H횈째ng');
INSERT INTO tbl_vn_ward (ward_id, district_id, ward_name) VALUES (11806, 315, 'X횄짙 Nam H횈째ng');
INSERT INTO tbl_vn_ward (ward_id, district_id, ward_name) VALUES (11809, 315, 'X횄짙 H횄쨔ng Th찼쨘짱ng');
INSERT INTO tbl_vn_ward (ward_id, district_id, ward_name) VALUES (11812, 315, 'X횄짙 T횄짖y H횈째ng');
INSERT INTO tbl_vn_ward (ward_id, district_id, ward_name) VALUES (11815, 315, 'X횄짙 횆혨횄쨈ng H횈째ng');
INSERT INTO tbl_vn_ward (ward_id, district_id, ward_name) VALUES (11821, 315, 'X횄짙 Vinh Quang');
INSERT INTO tbl_vn_district (district_id, province_id, district_name) VALUES (316, 31, 'Huy찼쨩혝n V횆짤nh B찼쨘짙o');
INSERT INTO tbl_vn_ward (ward_id, district_id, ward_name) VALUES (11824, 316, 'Th찼쨩혢 tr찼쨘짜n V횆짤nh B찼쨘짙o');
INSERT INTO tbl_vn_ward (ward_id, district_id, ward_name) VALUES (11827, 316, 'X횄짙 D횇짤ng Ti찼쨘쩔n');
INSERT INTO tbl_vn_ward (ward_id, district_id, ward_name) VALUES (11830, 316, 'X횄짙 Giang Bi횄짧n');
INSERT INTO tbl_vn_ward (ward_id, district_id, ward_name) VALUES (11833, 316, 'X횄짙 Th찼쨘짱ng Thu찼쨩쨌');
INSERT INTO tbl_vn_ward (ward_id, district_id, ward_name) VALUES (11836, 316, 'X횄짙 Trung L찼쨘짯p');
INSERT INTO tbl_vn_ward (ward_id, district_id, ward_name) VALUES (11839, 316, 'X횄짙 Vi찼쨩혝t Ti찼쨘쩔n');
INSERT INTO tbl_vn_ward (ward_id, district_id, ward_name) VALUES (11842, 316, 'X횄짙 V횆짤nh An');
INSERT INTO tbl_vn_ward (ward_id, district_id, ward_name) VALUES (11848, 316, 'X횄짙 V횆짤nh Ho횄혻');
INSERT INTO tbl_vn_ward (ward_id, district_id, ward_name) VALUES (11851, 316, 'X횄짙 H횄쨔ng Ti찼쨘쩔n');
INSERT INTO tbl_vn_ward (ward_id, district_id, ward_name) VALUES (11857, 316, 'X횄짙 T횄짖n H횈째ng');
INSERT INTO tbl_vn_ward (ward_id, district_id, ward_name) VALUES (11860, 316, 'X횄짙 T횄짖n Li횄짧n');
INSERT INTO tbl_vn_ward (ward_id, district_id, ward_name) VALUES (11866, 316, 'X횄짙 V횆짤nh H횈째ng');
INSERT INTO tbl_vn_ward (ward_id, district_id, ward_name) VALUES (11875, 316, 'X횄짙 V횆짤nh H찼쨘짙i');
INSERT INTO tbl_vn_ward (ward_id, district_id, ward_name) VALUES (11881, 316, 'X횄짙 Li횄짧n Am');
INSERT INTO tbl_vn_ward (ward_id, district_id, ward_name) VALUES (11884, 316, 'X횄짙 L횄쩍 H찼쨩혥c');
INSERT INTO tbl_vn_ward (ward_id, district_id, ward_name) VALUES (11887, 316, 'X횄짙 Tam C횈째찼쨩혶ng');
INSERT INTO tbl_vn_ward (ward_id, district_id, ward_name) VALUES (11890, 316, 'X횄짙 Ho횄혻 B횄짭nh');
INSERT INTO tbl_vn_ward (ward_id, district_id, ward_name) VALUES (11893, 316, 'X횄짙 Ti찼쨩혖n Phong');
INSERT INTO tbl_vn_ward (ward_id, district_id, ward_name) VALUES (11902, 316, 'X횄짙 Cao Minh');
INSERT INTO tbl_vn_ward (ward_id, district_id, ward_name) VALUES (11911, 316, 'X횄짙 Tr찼쨘짜n D횈째횈징ng');
INSERT INTO tbl_vn_district (district_id, province_id, district_name) VALUES (317, 31, 'Huy찼쨩혝n C횄징t H찼쨘짙i');
INSERT INTO tbl_vn_ward (ward_id, district_id, ward_name) VALUES (11914, 317, 'Th찼쨩혢 tr찼쨘짜n C횄징t B횄혻');
INSERT INTO tbl_vn_ward (ward_id, district_id, ward_name) VALUES (11917, 317, 'Th찼쨩혢 tr찼쨘짜n C횄징t H찼쨘짙i');
INSERT INTO tbl_vn_ward (ward_id, district_id, ward_name) VALUES (11920, 317, 'X횄짙 Ngh횆짤a L찼쨩혲');
INSERT INTO tbl_vn_ward (ward_id, district_id, ward_name) VALUES (11923, 317, 'X횄짙 횆혨찼쨩혫ng B횄혻i');
INSERT INTO tbl_vn_ward (ward_id, district_id, ward_name) VALUES (11926, 317, 'X횄짙 Ho횄혻ng Ch횄짖u');
INSERT INTO tbl_vn_ward (ward_id, district_id, ward_name) VALUES (11929, 317, 'X횄짙 V횆혘n Phong');
INSERT INTO tbl_vn_ward (ward_id, district_id, ward_name) VALUES (11932, 317, 'X횄짙 Ph횄쨔 Long');
INSERT INTO tbl_vn_ward (ward_id, district_id, ward_name) VALUES (11935, 317, 'X횄짙 Gia Lu찼쨘짯n');
INSERT INTO tbl_vn_ward (ward_id, district_id, ward_name) VALUES (11938, 317, 'X횄짙 Hi찼쨩혖n H횄혻o');
INSERT INTO tbl_vn_ward (ward_id, district_id, ward_name) VALUES (11941, 317, 'X횄짙 Tr횄짖n Ch횄짖u');
INSERT INTO tbl_vn_ward (ward_id, district_id, ward_name) VALUES (11944, 317, 'X횄짙 Vi찼쨩혝t H찼쨘짙i');
INSERT INTO tbl_vn_ward (ward_id, district_id, ward_name) VALUES (11947, 317, 'X횄짙 Xu횄짖n 횆혨횄징m');
INSERT INTO tbl_vn_district (district_id, province_id, district_name) VALUES (318, 31, 'Huy찼쨩혝n B찼쨘징ch Long V횆짤');
INSERT INTO tbl_vn_province (province_id, province_name) VALUES (33, 'T찼쨩혟nh H횈째ng Y횄짧n');
INSERT INTO tbl_vn_district (district_id, province_id, district_name) VALUES (323, 33, 'Th횄혻nh ph찼쨩혩 H횈째ng Y횄짧n');
INSERT INTO tbl_vn_ward (ward_id, district_id, ward_name) VALUES (11950, 323, 'Ph횈째찼쨩혶ng Lam S횈징n');
INSERT INTO tbl_vn_ward (ward_id, district_id, ward_name) VALUES (11953, 323, 'Ph횈째찼쨩혶ng Hi찼쨘쩔n Nam');
INSERT INTO tbl_vn_ward (ward_id, district_id, ward_name) VALUES (11956, 323, 'Ph횈째찼쨩혶ng An T찼쨘짙o');
INSERT INTO tbl_vn_ward (ward_id, district_id, ward_name) VALUES (11959, 323, 'Ph횈째찼쨩혶ng L횄짧 L찼쨩짙i');
INSERT INTO tbl_vn_ward (ward_id, district_id, ward_name) VALUES (11962, 323, 'Ph횈째찼쨩혶ng Minh Khai');
INSERT INTO tbl_vn_ward (ward_id, district_id, ward_name) VALUES (11968, 323, 'Ph횈째찼쨩혶ng H찼쨩혫ng Ch횄짖u');
INSERT INTO tbl_vn_ward (ward_id, district_id, ward_name) VALUES (11971, 323, 'X횄짙 Trung Ngh횆짤a');
INSERT INTO tbl_vn_ward (ward_id, district_id, ward_name) VALUES (11974, 323, 'X횄짙 Li횄짧n Ph횈째횈징ng');
INSERT INTO tbl_vn_ward (ward_id, district_id, ward_name) VALUES (11977, 323, 'X횄짙 Ph횈째횈징ng Nam');
INSERT INTO tbl_vn_ward (ward_id, district_id, ward_name) VALUES (11980, 323, 'X횄짙 Qu찼쨘짙ng Ch횄짖u');
INSERT INTO tbl_vn_ward (ward_id, district_id, ward_name) VALUES (11983, 323, 'X횄짙 B찼쨘짙o Kh횄짧');
INSERT INTO tbl_vn_ward (ward_id, district_id, ward_name) VALUES (12331, 323, 'X횄짙 Ph횄쨘 C횈째찼쨩혶ng');
INSERT INTO tbl_vn_ward (ward_id, district_id, ward_name) VALUES (12334, 323, 'X횄짙 H횄쨔ng C횈째찼쨩혶ng');
INSERT INTO tbl_vn_ward (ward_id, district_id, ward_name) VALUES (12385, 323, 'X횄짙 T횄짖n H횈째ng');
INSERT INTO tbl_vn_ward (ward_id, district_id, ward_name) VALUES (12388, 323, 'X횄짙 Ho횄혻ng Hanh');
INSERT INTO tbl_vn_district (district_id, province_id, district_name) VALUES (325, 33, 'Huy찼쨩혝n V횆혘n L횄짖m');
INSERT INTO tbl_vn_ward (ward_id, district_id, ward_name) VALUES (11986, 325, 'Th찼쨩혢 tr찼쨘짜n Nh횈째 Qu찼쨩쨀nh');
INSERT INTO tbl_vn_ward (ward_id, district_id, ward_name) VALUES (11989, 325, 'X횄짙 L찼쨘징c 횆혨찼쨘징o');
INSERT INTO tbl_vn_ward (ward_id, district_id, ward_name) VALUES (11992, 325, 'X횄짙 Ch찼쨩혟 횆혨찼쨘징o');
INSERT INTO tbl_vn_ward (ward_id, district_id, ward_name) VALUES (11995, 325, 'X횄짙 횆혨찼쨘징i 횆혨찼쨩혫ng');
INSERT INTO tbl_vn_ward (ward_id, district_id, ward_name) VALUES (11998, 325, 'X횄짙 Vi찼쨩혝t H횈째ng');
INSERT INTO tbl_vn_ward (ward_id, district_id, ward_name) VALUES (12001, 325, 'X횄짙 T횄짖n Quang');
INSERT INTO tbl_vn_ward (ward_id, district_id, ward_name) VALUES (12004, 325, 'X횄짙 횆혨횄짭nh D횄쨔');
INSERT INTO tbl_vn_ward (ward_id, district_id, ward_name) VALUES (12007, 325, 'X횄짙 Minh H찼쨘짙i');
INSERT INTO tbl_vn_ward (ward_id, district_id, ward_name) VALUES (12010, 325, 'X횄짙 L횈째횈징ng T횄혻i');
INSERT INTO tbl_vn_ward (ward_id, district_id, ward_name) VALUES (12013, 325, 'X횄짙 Tr횈째ng Tr찼쨘짱c');
INSERT INTO tbl_vn_ward (ward_id, district_id, ward_name) VALUES (12016, 325, 'X횄짙 L찼쨘징c H찼쨩혫ng');
INSERT INTO tbl_vn_district (district_id, province_id, district_name) VALUES (326, 33, 'Huy찼쨩혝n V횆혘n Giang');
INSERT INTO tbl_vn_ward (ward_id, district_id, ward_name) VALUES (12019, 326, 'Th찼쨩혢 tr찼쨘짜n V횆혘n Giang');
INSERT INTO tbl_vn_ward (ward_id, district_id, ward_name) VALUES (12022, 326, 'X횄짙 Xu횄짖n Quan');
INSERT INTO tbl_vn_ward (ward_id, district_id, ward_name) VALUES (12025, 326, 'X횄짙 C찼쨩짯u Cao');
INSERT INTO tbl_vn_ward (ward_id, district_id, ward_name) VALUES (12028, 326, 'X횄짙 Ph찼쨩짜ng C횄쨈ng');
INSERT INTO tbl_vn_ward (ward_id, district_id, ward_name) VALUES (12031, 326, 'X횄짙 Ngh횆짤a Tr찼쨩짜');
INSERT INTO tbl_vn_ward (ward_id, district_id, ward_name) VALUES (12034, 326, 'X횄짙 Long H횈째ng');
INSERT INTO tbl_vn_ward (ward_id, district_id, ward_name) VALUES (12037, 326, 'X횄짙 V횆짤nh Kh횄쨘c');
INSERT INTO tbl_vn_ward (ward_id, district_id, ward_name) VALUES (12040, 326, 'X횄짙 Li횄짧n Ngh횆짤a');
INSERT INTO tbl_vn_ward (ward_id, district_id, ward_name) VALUES (12043, 326, 'X횄짙 T횄짖n Ti찼쨘쩔n');
INSERT INTO tbl_vn_ward (ward_id, district_id, ward_name) VALUES (12046, 326, 'X횄짙 Th찼쨘짱ng L찼쨩짙i');
INSERT INTO tbl_vn_ward (ward_id, district_id, ward_name) VALUES (12049, 326, 'X횄짙 M찼쨩혚 S찼쨩혺');
INSERT INTO tbl_vn_district (district_id, province_id, district_name) VALUES (327, 33, 'Huy찼쨩혝n Y횄짧n M찼쨩쨔');
INSERT INTO tbl_vn_ward (ward_id, district_id, ward_name) VALUES (12052, 327, 'Th찼쨩혢 tr찼쨘짜n Y횄짧n M찼쨩쨔');
INSERT INTO tbl_vn_ward (ward_id, district_id, ward_name) VALUES (12055, 327, 'X횄짙 Nguy찼쨩혚n V횆혘n Linh');
INSERT INTO tbl_vn_ward (ward_id, district_id, ward_name) VALUES (12061, 327, 'X횄짙 횆혨찼쨩혫ng Than');
INSERT INTO tbl_vn_ward (ward_id, district_id, ward_name) VALUES (12064, 327, 'X횄짙 Ng찼쨩혥c Long');
INSERT INTO tbl_vn_ward (ward_id, district_id, ward_name) VALUES (12067, 327, 'X횄짙 Li횄짧u X횄징');
INSERT INTO tbl_vn_ward (ward_id, district_id, ward_name) VALUES (12070, 327, 'X횄짙 Ho횄혻n Long');
INSERT INTO tbl_vn_ward (ward_id, district_id, ward_name) VALUES (12073, 327, 'X횄짙 T횄짖n L찼쨘짯p');
INSERT INTO tbl_vn_ward (ward_id, district_id, ward_name) VALUES (12076, 327, 'X횄짙 Thanh Long');
INSERT INTO tbl_vn_ward (ward_id, district_id, ward_name) VALUES (12079, 327, 'X횄짙 Y횄짧n Ph횄쨘');
INSERT INTO tbl_vn_ward (ward_id, district_id, ward_name) VALUES (12085, 327, 'X횄짙 Trung H횄짼a');
INSERT INTO tbl_vn_ward (ward_id, district_id, ward_name) VALUES (12091, 327, 'X횄짙 Vi찼쨩혝t Y횄짧n');
INSERT INTO tbl_vn_ward (ward_id, district_id, ward_name) VALUES (12100, 327, 'X횄짙 T횄짖n Minh');
INSERT INTO tbl_vn_district (district_id, province_id, district_name) VALUES (328, 33, 'Th찼쨩혢 x횄짙 M찼쨩쨔 H횄혻o');
INSERT INTO tbl_vn_ward (ward_id, district_id, ward_name) VALUES (12103, 328, 'Ph횈째찼쨩혶ng B찼쨘짠n Y횄짧n Nh횄짖n');
INSERT INTO tbl_vn_ward (ward_id, district_id, ward_name) VALUES (12106, 328, 'Ph횈째찼쨩혶ng Phan 횆혨횄짭nh Ph횄쨔ng');
INSERT INTO tbl_vn_ward (ward_id, district_id, ward_name) VALUES (12109, 328, 'X횄짙 C찼쨘짤m X횄징');
INSERT INTO tbl_vn_ward (ward_id, district_id, ward_name) VALUES (12112, 328, 'X횄짙 D횈째횈징ng Quang');
INSERT INTO tbl_vn_ward (ward_id, district_id, ward_name) VALUES (12115, 328, 'X횄짙 H횄짼a Phong');
INSERT INTO tbl_vn_ward (ward_id, district_id, ward_name) VALUES (12118, 328, 'Ph횈째찼쨩혶ng Nh횄짖n H횄짼a');
INSERT INTO tbl_vn_ward (ward_id, district_id, ward_name) VALUES (12121, 328, 'Ph횈째찼쨩혶ng D찼쨩혢 S찼쨩짯');
INSERT INTO tbl_vn_ward (ward_id, district_id, ward_name) VALUES (12124, 328, 'Ph횈째찼쨩혶ng B찼쨘징ch Sam');
INSERT INTO tbl_vn_ward (ward_id, district_id, ward_name) VALUES (12127, 328, 'Ph횈째찼쨩혶ng Minh 횆혨찼쨩짤c');
INSERT INTO tbl_vn_ward (ward_id, district_id, ward_name) VALUES (12130, 328, 'Ph횈째찼쨩혶ng Ph횄쨔ng Ch횄짯 Ki횄짧n');
INSERT INTO tbl_vn_ward (ward_id, district_id, ward_name) VALUES (12133, 328, 'X횄짙 Xu횄짖n D찼쨩짜c');
INSERT INTO tbl_vn_ward (ward_id, district_id, ward_name) VALUES (12136, 328, 'X횄짙 Ng찼쨩혥c L횄짖m');
INSERT INTO tbl_vn_ward (ward_id, district_id, ward_name) VALUES (12139, 328, 'X횄짙 H횈째ng Long');
INSERT INTO tbl_vn_district (district_id, province_id, district_name) VALUES (329, 33, 'Huy찼쨩혝n 횄혗n Thi');
INSERT INTO tbl_vn_ward (ward_id, district_id, ward_name) VALUES (12142, 329, 'Th찼쨩혢 tr찼쨘짜n 횄혗n Thi');
INSERT INTO tbl_vn_ward (ward_id, district_id, ward_name) VALUES (12145, 329, 'X횄짙 Ph횄쨔 찼쨩짝ng');
INSERT INTO tbl_vn_ward (ward_id, district_id, ward_name) VALUES (12148, 329, 'X횄짙 B찼쨘짱c S횈징n');
INSERT INTO tbl_vn_ward (ward_id, district_id, ward_name) VALUES (12151, 329, 'X횄짙 B횄짙i S찼쨘짯y');
INSERT INTO tbl_vn_ward (ward_id, district_id, ward_name) VALUES (12154, 329, 'X횄짙 횆혨횄혻o D횈째횈징ng');
INSERT INTO tbl_vn_ward (ward_id, district_id, ward_name) VALUES (12157, 329, 'X횄짙 Quang Vinh');
INSERT INTO tbl_vn_ward (ward_id, district_id, ward_name) VALUES (12160, 329, 'X횄짙 V횄짖n Du');
INSERT INTO tbl_vn_ward (ward_id, district_id, ward_name) VALUES (12166, 329, 'X횄짙 Xu횄짖n Tr횄쨘c');
INSERT INTO tbl_vn_ward (ward_id, district_id, ward_name) VALUES (12169, 329, 'X횄짙 Ho횄혻ng Hoa Th횄징m');
INSERT INTO tbl_vn_ward (ward_id, district_id, ward_name) VALUES (12172, 329, 'X횄짙 Qu찼쨘짙ng L횄짙ng');
INSERT INTO tbl_vn_ward (ward_id, district_id, ward_name) VALUES (12175, 329, 'X횄짙 횆혨a L찼쨩혲c');
INSERT INTO tbl_vn_ward (ward_id, district_id, ward_name) VALUES (12178, 329, 'X횄짙 횆혨찼쨘쨌ng L찼쨩혚');
INSERT INTO tbl_vn_ward (ward_id, district_id, ward_name) VALUES (12181, 329, 'X횄짙 C찼쨘짤m Ninh');
INSERT INTO tbl_vn_ward (ward_id, district_id, ward_name) VALUES (12184, 329, 'X횄짙 Nguy찼쨩혚n Tr횄짙i');
INSERT INTO tbl_vn_ward (ward_id, district_id, ward_name) VALUES (12190, 329, 'X횄짙 H찼쨩혫 T횄쨔ng M찼쨘짯u');
INSERT INTO tbl_vn_ward (ward_id, district_id, ward_name) VALUES (12193, 329, 'X횄짙 Ti찼쨩혖n Phong');
INSERT INTO tbl_vn_ward (ward_id, district_id, ward_name) VALUES (12196, 329, 'X횄짙 H찼쨩혫ng Quang');
INSERT INTO tbl_vn_ward (ward_id, district_id, ward_name) VALUES (12202, 329, 'X횄짙 H찼쨘징 L찼쨩혚');
INSERT INTO tbl_vn_district (district_id, province_id, district_name) VALUES (330, 33, 'Huy찼쨩혝n Kho횄징i Ch횄짖u');
INSERT INTO tbl_vn_ward (ward_id, district_id, ward_name) VALUES (12205, 330, 'Th찼쨩혢 tr찼쨘짜n Kho횄징i Ch횄짖u');
INSERT INTO tbl_vn_ward (ward_id, district_id, ward_name) VALUES (12208, 330, 'X횄짙 횆혨횄쨈ng T찼쨘짙o');
INSERT INTO tbl_vn_ward (ward_id, district_id, ward_name) VALUES (12211, 330, 'X횄짙 B횄짭nh Minh');
INSERT INTO tbl_vn_ward (ward_id, district_id, ward_name) VALUES (12214, 330, 'X횄짙 Ph찼쨘징m H찼쨩혫ng Th횄징i');
INSERT INTO tbl_vn_ward (ward_id, district_id, ward_name) VALUES (12220, 330, 'X횄짙 횄혬ng 횆혨횄짭nh');
INSERT INTO tbl_vn_ward (ward_id, district_id, ward_name) VALUES (12223, 330, 'X횄짙 T횄짖n D횄짖n');
INSERT INTO tbl_vn_ward (ward_id, district_id, ward_name) VALUES (12226, 330, 'X횄짙 T찼쨩짤 D횄짖n');
INSERT INTO tbl_vn_ward (ward_id, district_id, ward_name) VALUES (12229, 330, 'X횄짙 An V횆짤');
INSERT INTO tbl_vn_ward (ward_id, district_id, ward_name) VALUES (12232, 330, 'X횄짙 횆혨횄쨈ng K찼쨘쩔t');
INSERT INTO tbl_vn_ward (ward_id, district_id, ward_name) VALUES (12238, 330, 'X횄짙 D횄짖n Ti찼쨘쩔n');
INSERT INTO tbl_vn_ward (ward_id, district_id, ward_name) VALUES (12244, 330, 'X횄짙 횆혨찼쨩혫ng Ti찼쨘쩔n');
INSERT INTO tbl_vn_ward (ward_id, district_id, ward_name) VALUES (12247, 330, 'X횄짙 T횄짖n Ch횄짖u');
INSERT INTO tbl_vn_ward (ward_id, district_id, ward_name) VALUES (12250, 330, 'X횄짙 Li횄짧n Kh횄짧');
INSERT INTO tbl_vn_ward (ward_id, district_id, ward_name) VALUES (12253, 330, 'X횄짙 Ph횄쨔ng H횈째ng');
INSERT INTO tbl_vn_ward (ward_id, district_id, ward_name) VALUES (12256, 330, 'X횄짙 Vi찼쨩혝t H횄짼a');
INSERT INTO tbl_vn_ward (ward_id, district_id, ward_name) VALUES (12259, 330, 'X횄짙 횆혨횄쨈ng Ninh');
INSERT INTO tbl_vn_ward (ward_id, district_id, ward_name) VALUES (12262, 330, 'X횄짙 횆혨찼쨘징i T찼쨘짯p');
INSERT INTO tbl_vn_ward (ward_id, district_id, ward_name) VALUES (12265, 330, 'X횄짙 Ch횄짯 Minh');
INSERT INTO tbl_vn_ward (ward_id, district_id, ward_name) VALUES (12271, 330, 'X횄짙 Thu찼쨘짠n H횈째ng');
INSERT INTO tbl_vn_ward (ward_id, district_id, ward_name) VALUES (12274, 330, 'X횄짙 Nguy찼쨩혚n Hu찼쨩혝');
INSERT INTO tbl_vn_district (district_id, province_id, district_name) VALUES (331, 33, 'Huy찼쨩혝n Kim 횆혨찼쨩혲ng');
INSERT INTO tbl_vn_ward (ward_id, district_id, ward_name) VALUES (12280, 331, 'Th찼쨩혢 tr찼쨘짜n L횈째횈징ng B찼쨘짹ng');
INSERT INTO tbl_vn_ward (ward_id, district_id, ward_name) VALUES (12283, 331, 'X횄짙 Ngh횆짤a D횄짖n');
INSERT INTO tbl_vn_ward (ward_id, district_id, ward_name) VALUES (12286, 331, 'X횄짙 To횄혻n Th찼쨘짱ng');
INSERT INTO tbl_vn_ward (ward_id, district_id, ward_name) VALUES (12289, 331, 'X횄짙 V횆짤nh X횄징');
INSERT INTO tbl_vn_ward (ward_id, district_id, ward_name) VALUES (12292, 331, 'X횄짙 Ph찼쨘징m Ng횇짤 L횄짙o');
INSERT INTO tbl_vn_ward (ward_id, district_id, ward_name) VALUES (12295, 331, 'X횄짙 Ph횄쨘 Th찼쨩혥');
INSERT INTO tbl_vn_ward (ward_id, district_id, ward_name) VALUES (12298, 331, 'X횄짙 횆혨찼쨩혫ng Thanh');
INSERT INTO tbl_vn_ward (ward_id, district_id, ward_name) VALUES (12301, 331, 'X횄짙 Song Mai');
INSERT INTO tbl_vn_ward (ward_id, district_id, ward_name) VALUES (12304, 331, 'X횄짙 Ch횄짯nh Ngh횆짤a');
INSERT INTO tbl_vn_ward (ward_id, district_id, ward_name) VALUES (12313, 331, 'X횄짙 Mai 횆혨찼쨩혲ng');
INSERT INTO tbl_vn_ward (ward_id, district_id, ward_name) VALUES (12316, 331, 'X횄짙 횆혨찼쨩짤c H찼쨩짙p');
INSERT INTO tbl_vn_ward (ward_id, district_id, ward_name) VALUES (12319, 331, 'X횄짙 H횄쨔ng An');
INSERT INTO tbl_vn_ward (ward_id, district_id, ward_name) VALUES (12322, 331, 'X횄짙 Ng찼쨩혥c Thanh');
INSERT INTO tbl_vn_ward (ward_id, district_id, ward_name) VALUES (12325, 331, 'X횄짙 Di횄짧n H찼쨩혫ng');
INSERT INTO tbl_vn_ward (ward_id, district_id, ward_name) VALUES (12328, 331, 'X횄짙 Hi찼쨩혝p C횈째찼쨩혶ng');
INSERT INTO tbl_vn_district (district_id, province_id, district_name) VALUES (332, 33, 'Huy찼쨩혝n Ti횄짧n L찼쨩짱');
INSERT INTO tbl_vn_ward (ward_id, district_id, ward_name) VALUES (12337, 332, 'Th찼쨩혢 tr찼쨘짜n V횈째횈징ng');
INSERT INTO tbl_vn_ward (ward_id, district_id, ward_name) VALUES (12340, 332, 'X횄짙 H횈째ng 횆혨찼쨘징o');
INSERT INTO tbl_vn_ward (ward_id, district_id, ward_name) VALUES (12346, 332, 'X횄짙 Nh찼쨘짯t T횄짖n');
INSERT INTO tbl_vn_ward (ward_id, district_id, ward_name) VALUES (12352, 332, 'X횄짙 L찼쨩혝 X횄징');
INSERT INTO tbl_vn_ward (ward_id, district_id, ward_name) VALUES (12355, 332, 'X횄짙 An Vi횄짧n');
INSERT INTO tbl_vn_ward (ward_id, district_id, ward_name) VALUES (12361, 332, 'X횄짙 Trung D횇짤ng');
INSERT INTO tbl_vn_ward (ward_id, district_id, ward_name) VALUES (12364, 332, 'X횄짙 H찼쨘짙i Th찼쨘짱ng');
INSERT INTO tbl_vn_ward (ward_id, district_id, ward_name) VALUES (12367, 332, 'X횄짙 Th찼쨩짠 S찼쨩쨔');
INSERT INTO tbl_vn_ward (ward_id, district_id, ward_name) VALUES (12370, 332, 'X횄짙 Thi찼쨩혝n Phi찼쨘쩔n');
INSERT INTO tbl_vn_ward (ward_id, district_id, ward_name) VALUES (12373, 332, 'X횄짙 Th찼쨩짜y L횄쨈i');
INSERT INTO tbl_vn_ward (ward_id, district_id, ward_name) VALUES (12376, 332, 'X횄짙 C횈째횈징ng Ch횄짯nh');
INSERT INTO tbl_vn_district (district_id, province_id, district_name) VALUES (333, 33, 'Huy찼쨩혝n Ph횄쨔 C찼쨩짬');
INSERT INTO tbl_vn_ward (ward_id, district_id, ward_name) VALUES (12391, 333, 'Th찼쨩혢 tr찼쨘짜n Tr찼쨘짠n Cao');
INSERT INTO tbl_vn_ward (ward_id, district_id, ward_name) VALUES (12394, 333, 'X횄짙 Minh T횄짖n');
INSERT INTO tbl_vn_ward (ward_id, district_id, ward_name) VALUES (12397, 333, 'X횄짙 Phan S횄혻o Nam');
INSERT INTO tbl_vn_ward (ward_id, district_id, ward_name) VALUES (12400, 333, 'X횄짙 Quang H횈째ng');
INSERT INTO tbl_vn_ward (ward_id, district_id, ward_name) VALUES (12403, 333, 'X횄짙 Minh Ho횄혻ng');
INSERT INTO tbl_vn_ward (ward_id, district_id, ward_name) VALUES (12406, 333, 'X횄짙 횆혨o횄혻n 횆혨횄혻o');
INSERT INTO tbl_vn_ward (ward_id, district_id, ward_name) VALUES (12409, 333, 'X횄짙 T찼쨩혩ng Phan');
INSERT INTO tbl_vn_ward (ward_id, district_id, ward_name) VALUES (12412, 333, 'X횄짙 횆혨횄짭nh Cao');
INSERT INTO tbl_vn_ward (ward_id, district_id, ward_name) VALUES (12415, 333, 'X횄짙 Nh찼쨘짯t Quang');
INSERT INTO tbl_vn_ward (ward_id, district_id, ward_name) VALUES (12421, 333, 'X횄짙 Tam 횆혨a');
INSERT INTO tbl_vn_ward (ward_id, district_id, ward_name) VALUES (12424, 333, 'X횄짙 Ti횄짧n Ti찼쨘쩔n');
INSERT INTO tbl_vn_ward (ward_id, district_id, ward_name) VALUES (12427, 333, 'X횄짙 Nguy횄짧n H횄짼a');
INSERT INTO tbl_vn_ward (ward_id, district_id, ward_name) VALUES (12430, 333, 'X횄짙 T찼쨩혩ng Tr횄짖n');
INSERT INTO tbl_vn_province (province_id, province_name) VALUES (34, 'T찼쨩혟nh Th횄징i B횄짭nh');
INSERT INTO tbl_vn_district (district_id, province_id, district_name) VALUES (336, 34, 'Th횄혻nh ph찼쨩혩 Th횄징i B횄짭nh');
INSERT INTO tbl_vn_ward (ward_id, district_id, ward_name) VALUES (12433, 336, 'Ph횈째찼쨩혶ng L횄짧 H찼쨩혫ng Phong');
INSERT INTO tbl_vn_ward (ward_id, district_id, ward_name) VALUES (12436, 336, 'Ph횈째찼쨩혶ng B찼쨩혫 Xuy횄짧n');
INSERT INTO tbl_vn_ward (ward_id, district_id, ward_name) VALUES (12439, 336, 'Ph횈째찼쨩혶ng 횆혨찼쨩혖 Th횄징m');
INSERT INTO tbl_vn_ward (ward_id, district_id, ward_name) VALUES (12442, 336, 'Ph횈째찼쨩혶ng K찼쨩쨀 B횄징');
INSERT INTO tbl_vn_ward (ward_id, district_id, ward_name) VALUES (12445, 336, 'Ph횈째찼쨩혶ng Quang Trung');
INSERT INTO tbl_vn_ward (ward_id, district_id, ward_name) VALUES (12448, 336, 'Ph횈째찼쨩혶ng Ph횄쨘 Kh횄징nh');
INSERT INTO tbl_vn_ward (ward_id, district_id, ward_name) VALUES (12451, 336, 'Ph횈째찼쨩혶ng Ti찼쨩혖n Phong');
INSERT INTO tbl_vn_ward (ward_id, district_id, ward_name) VALUES (12452, 336, 'Ph횈째찼쨩혶ng Tr찼쨘짠n H횈째ng 횆혨찼쨘징o');
INSERT INTO tbl_vn_ward (ward_id, district_id, ward_name) VALUES (12454, 336, 'Ph횈째찼쨩혶ng Tr찼쨘짠n L횄짙m');
INSERT INTO tbl_vn_ward (ward_id, district_id, ward_name) VALUES (12457, 336, 'X횄짙 횆혨횄쨈ng H횄짼a');
INSERT INTO tbl_vn_ward (ward_id, district_id, ward_name) VALUES (12460, 336, 'Ph횈째찼쨩혶ng Ho횄혻ng Di찼쨩혝u');
INSERT INTO tbl_vn_ward (ward_id, district_id, ward_name) VALUES (12463, 336, 'X횄짙 Ph횄쨘 Xu횄짖n');
INSERT INTO tbl_vn_ward (ward_id, district_id, ward_name) VALUES (12466, 336, 'X횄짙 V횇짤 Ph횄쨘c');
INSERT INTO tbl_vn_ward (ward_id, district_id, ward_name) VALUES (12469, 336, 'X횄짙 V횇짤 Ch횄짯nh');
INSERT INTO tbl_vn_ward (ward_id, district_id, ward_name) VALUES (12817, 336, 'X횄짙 횆혨횄쨈ng M찼쨩쨔');
INSERT INTO tbl_vn_ward (ward_id, district_id, ward_name) VALUES (12820, 336, 'X횄짙 횆혨횄쨈ng Th찼쨩혥');
INSERT INTO tbl_vn_ward (ward_id, district_id, ward_name) VALUES (13084, 336, 'X횄짙 V횇짤 횆혨횄쨈ng');
INSERT INTO tbl_vn_ward (ward_id, district_id, ward_name) VALUES (13108, 336, 'X횄짙 V횇짤 L찼쨘징c');
INSERT INTO tbl_vn_ward (ward_id, district_id, ward_name) VALUES (13225, 336, 'X횄짙 T횄짖n B횄짭nh');
INSERT INTO tbl_vn_district (district_id, province_id, district_name) VALUES (338, 34, 'Huy찼쨩혝n Qu찼쨩쨀nh Ph찼쨩짜');
INSERT INTO tbl_vn_ward (ward_id, district_id, ward_name) VALUES (12472, 338, 'Th찼쨩혢 tr찼쨘짜n Qu찼쨩쨀nh C횄쨈i');
INSERT INTO tbl_vn_ward (ward_id, district_id, ward_name) VALUES (12475, 338, 'X횄짙 An Kh횄짧');
INSERT INTO tbl_vn_ward (ward_id, district_id, ward_name) VALUES (12478, 338, 'X횄짙 An 횆혨찼쨩혫ng');
INSERT INTO tbl_vn_ward (ward_id, district_id, ward_name) VALUES (12481, 338, 'X횄짙 Qu찼쨩쨀nh Hoa');
INSERT INTO tbl_vn_ward (ward_id, district_id, ward_name) VALUES (12484, 338, 'X횄짙 Qu찼쨩쨀nh L횄짖m');
INSERT INTO tbl_vn_ward (ward_id, district_id, ward_name) VALUES (12487, 338, 'X횄짙 Qu찼쨩쨀nh Th찼쨩혥');
INSERT INTO tbl_vn_ward (ward_id, district_id, ward_name) VALUES (12490, 338, 'X횄짙 An Hi찼쨩혝p');
INSERT INTO tbl_vn_ward (ward_id, district_id, ward_name) VALUES (12493, 338, 'X횄짙 Qu찼쨩쨀nh Ho횄혻ng');
INSERT INTO tbl_vn_ward (ward_id, district_id, ward_name) VALUES (12496, 338, 'X횄짙 Qu찼쨩쨀nh Giao');
INSERT INTO tbl_vn_ward (ward_id, district_id, ward_name) VALUES (12499, 338, 'X횄짙 An Th횄징i');
INSERT INTO tbl_vn_ward (ward_id, district_id, ward_name) VALUES (12502, 338, 'X횄짙 An C찼쨘짠u');
INSERT INTO tbl_vn_ward (ward_id, district_id, ward_name) VALUES (12505, 338, 'X횄짙 Qu찼쨩쨀nh H찼쨩혫ng');
INSERT INTO tbl_vn_ward (ward_id, district_id, ward_name) VALUES (12508, 338, 'X횄짙 Qu찼쨩쨀nh Kh횄짧');
INSERT INTO tbl_vn_ward (ward_id, district_id, ward_name) VALUES (12511, 338, 'X횄짙 Qu찼쨩쨀nh Minh');
INSERT INTO tbl_vn_ward (ward_id, district_id, ward_name) VALUES (12514, 338, 'X횄짙 An Ninh');
INSERT INTO tbl_vn_ward (ward_id, district_id, ward_name) VALUES (12517, 338, 'X횄짙 Qu찼쨩쨀nh Ng찼쨩혥c');
INSERT INTO tbl_vn_ward (ward_id, district_id, ward_name) VALUES (12520, 338, 'X횄짙 Qu찼쨩쨀nh H찼쨘짙i');
INSERT INTO tbl_vn_ward (ward_id, district_id, ward_name) VALUES (12523, 338, 'Th찼쨩혢 tr찼쨘짜n An B횄혻i');
INSERT INTO tbl_vn_ward (ward_id, district_id, ward_name) VALUES (12526, 338, 'X횄짙 An 찼쨘짚p');
INSERT INTO tbl_vn_ward (ward_id, district_id, ward_name) VALUES (12529, 338, 'X횄짙 Qu찼쨩쨀nh H찼쨩혲i');
INSERT INTO tbl_vn_ward (ward_id, district_id, ward_name) VALUES (12532, 338, 'X횄짙 Ch횄짖u S횈징n');
INSERT INTO tbl_vn_ward (ward_id, district_id, ward_name) VALUES (12535, 338, 'X횄짙 Qu찼쨩쨀nh M찼쨩쨔');
INSERT INTO tbl_vn_ward (ward_id, district_id, ward_name) VALUES (12538, 338, 'X횄짙 An Qu횄짯');
INSERT INTO tbl_vn_ward (ward_id, district_id, ward_name) VALUES (12541, 338, 'X횄짙 An Thanh');
INSERT INTO tbl_vn_ward (ward_id, district_id, ward_name) VALUES (12547, 338, 'X횄짙 An V횇짤');
INSERT INTO tbl_vn_ward (ward_id, district_id, ward_name) VALUES (12550, 338, 'X횄짙 An L찼쨩혚');
INSERT INTO tbl_vn_ward (ward_id, district_id, ward_name) VALUES (12553, 338, 'X횄짙 Qu찼쨩쨀nh H횈째ng');
INSERT INTO tbl_vn_ward (ward_id, district_id, ward_name) VALUES (12559, 338, 'X횄짙 An M찼쨩쨔');
INSERT INTO tbl_vn_ward (ward_id, district_id, ward_name) VALUES (12562, 338, 'X횄짙 Qu찼쨩쨀nh Nguy횄짧n');
INSERT INTO tbl_vn_ward (ward_id, district_id, ward_name) VALUES (12565, 338, 'X횄짙 An Vinh');
INSERT INTO tbl_vn_ward (ward_id, district_id, ward_name) VALUES (12571, 338, 'X횄짙 An D찼쨩짜c');
INSERT INTO tbl_vn_ward (ward_id, district_id, ward_name) VALUES (12574, 338, 'X횄짙 횆혨횄쨈ng H찼쨘짙i');
INSERT INTO tbl_vn_ward (ward_id, district_id, ward_name) VALUES (12577, 338, 'X횄짙 Trang B찼쨘짙o X횄징');
INSERT INTO tbl_vn_ward (ward_id, district_id, ward_name) VALUES (12580, 338, 'X횄짙 An Tr횄혻ng');
INSERT INTO tbl_vn_ward (ward_id, district_id, ward_name) VALUES (12583, 338, 'X횄짙 횆혨찼쨩혫ng Ti찼쨘쩔n');
INSERT INTO tbl_vn_district (district_id, province_id, district_name) VALUES (339, 34, 'Huy찼쨩혝n H횈째ng H횄혻');
INSERT INTO tbl_vn_ward (ward_id, district_id, ward_name) VALUES (12586, 339, 'Th찼쨩혢 tr찼쨘짜n H횈째ng H횄혻');
INSERT INTO tbl_vn_ward (ward_id, district_id, ward_name) VALUES (12589, 339, 'X횄짙 Quang Trung');
INSERT INTO tbl_vn_ward (ward_id, district_id, ward_name) VALUES (12592, 339, 'X횄짙 T횄짖n L찼쨩혚');
INSERT INTO tbl_vn_ward (ward_id, district_id, ward_name) VALUES (12595, 339, 'X횄짙 C찼쨩혲ng H횄짼a');
INSERT INTO tbl_vn_ward (ward_id, district_id, ward_name) VALUES (12601, 339, 'X횄짙 Canh T횄짖n');
INSERT INTO tbl_vn_ward (ward_id, district_id, ward_name) VALUES (12604, 339, 'X횄짙 H횄짼a Ti찼쨘쩔n');
INSERT INTO tbl_vn_ward (ward_id, district_id, ward_name) VALUES (12610, 339, 'X횄짙 T횄짖n Ti찼쨘쩔n');
INSERT INTO tbl_vn_ward (ward_id, district_id, ward_name) VALUES (12613, 339, 'Th찼쨩혢 tr찼쨘짜n H횈째ng Nh횄짖n');
INSERT INTO tbl_vn_ward (ward_id, district_id, ward_name) VALUES (12616, 339, 'X횄짙 횆혨oan H횄쨔ng');
INSERT INTO tbl_vn_ward (ward_id, district_id, ward_name) VALUES (12619, 339, 'X횄짙 Duy횄짧n H찼쨘짙i');
INSERT INTO tbl_vn_ward (ward_id, district_id, ward_name) VALUES (12622, 339, 'X횄짙 T횄짖n H횄짼a');
INSERT INTO tbl_vn_ward (ward_id, district_id, ward_name) VALUES (12625, 339, 'X횄짙 V횆혘n C찼쨘짤m');
INSERT INTO tbl_vn_ward (ward_id, district_id, ward_name) VALUES (12628, 339, 'X횄짙 B찼쨘짱c S횈징n');
INSERT INTO tbl_vn_ward (ward_id, district_id, ward_name) VALUES (12631, 339, 'X횄짙 횆혨횄쨈ng 횆혨횄쨈');
INSERT INTO tbl_vn_ward (ward_id, district_id, ward_name) VALUES (12634, 339, 'X횄짙 Ph횄쨘c Kh횄징nh');
INSERT INTO tbl_vn_ward (ward_id, district_id, ward_name) VALUES (12637, 339, 'X횄짙 Li횄짧n Hi찼쨩혝p');
INSERT INTO tbl_vn_ward (ward_id, district_id, ward_name) VALUES (12640, 339, 'X횄짙 T횄짖y 횆혨횄쨈');
INSERT INTO tbl_vn_ward (ward_id, district_id, ward_name) VALUES (12643, 339, 'X횄짙 Th찼쨩혩ng Nh찼쨘짜t');
INSERT INTO tbl_vn_ward (ward_id, district_id, ward_name) VALUES (12646, 339, 'X횄짙 Ti찼쨘쩔n 횆혨찼쨩짤c');
INSERT INTO tbl_vn_ward (ward_id, district_id, ward_name) VALUES (12649, 339, 'X횄짙 Th횄징i H횈째ng');
INSERT INTO tbl_vn_ward (ward_id, district_id, ward_name) VALUES (12652, 339, 'X횄짙 Th횄징i Ph횈째횈징ng');
INSERT INTO tbl_vn_ward (ward_id, district_id, ward_name) VALUES (12655, 339, 'X횄짙 H횄짼a B횄짭nh');
INSERT INTO tbl_vn_ward (ward_id, district_id, ward_name) VALUES (12656, 339, 'X횄짙 Chi L횆혘ng');
INSERT INTO tbl_vn_ward (ward_id, district_id, ward_name) VALUES (12658, 339, 'X횄짙 Minh Khai');
INSERT INTO tbl_vn_ward (ward_id, district_id, ward_name) VALUES (12661, 339, 'X횄짙 H찼쨩혫ng An');
INSERT INTO tbl_vn_ward (ward_id, district_id, ward_name) VALUES (12664, 339, 'X횄짙 Kim Chung');
INSERT INTO tbl_vn_ward (ward_id, district_id, ward_name) VALUES (12667, 339, 'X횄짙 H찼쨩혫ng L횆짤nh');
INSERT INTO tbl_vn_ward (ward_id, district_id, ward_name) VALUES (12670, 339, 'X횄짙 Minh T횄짖n');
INSERT INTO tbl_vn_ward (ward_id, district_id, ward_name) VALUES (12673, 339, 'X횄짙 V횆혘n Lang');
INSERT INTO tbl_vn_ward (ward_id, district_id, ward_name) VALUES (12676, 339, 'X횄짙 횆혨찼쨩혲c L찼쨘짯p');
INSERT INTO tbl_vn_ward (ward_id, district_id, ward_name) VALUES (12679, 339, 'X횄짙 Ch횄짯 H횄짼a');
INSERT INTO tbl_vn_ward (ward_id, district_id, ward_name) VALUES (12682, 339, 'X횄짙 Minh H횄짼a');
INSERT INTO tbl_vn_ward (ward_id, district_id, ward_name) VALUES (12685, 339, 'X횄짙 H찼쨩혫ng Minh');
INSERT INTO tbl_vn_district (district_id, province_id, district_name) VALUES (340, 34, 'Huy찼쨩혝n 횆혨횄쨈ng H횈째ng');
INSERT INTO tbl_vn_ward (ward_id, district_id, ward_name) VALUES (12688, 340, 'Th찼쨩혢 tr찼쨘짜n 횆혨횄쨈ng H횈째ng');
INSERT INTO tbl_vn_ward (ward_id, district_id, ward_name) VALUES (12694, 340, 'X횄짙 횆혨횄쨈ng Ph횈째횈징ng');
INSERT INTO tbl_vn_ward (ward_id, district_id, ward_name) VALUES (12700, 340, 'X횄짙 Li횄짧n An 횆혨횄쨈');
INSERT INTO tbl_vn_ward (ward_id, district_id, ward_name) VALUES (12703, 340, 'X횄짙 횆혨횄쨈ng S횈징n');
INSERT INTO tbl_vn_ward (ward_id, district_id, ward_name) VALUES (12706, 340, 'X횄짙 횆혨횄쨈ng C횈째찼쨩혶ng');
INSERT INTO tbl_vn_ward (ward_id, district_id, ward_name) VALUES (12709, 340, 'X횄짙 Ph횄쨘 L횈째횈징ng');
INSERT INTO tbl_vn_ward (ward_id, district_id, ward_name) VALUES (12712, 340, 'X횄짙 M횄짧 Linh');
INSERT INTO tbl_vn_ward (ward_id, district_id, ward_name) VALUES (12715, 340, 'X횄짙 L횄쨈 Giang');
INSERT INTO tbl_vn_ward (ward_id, district_id, ward_name) VALUES (12718, 340, 'X횄짙 횆혨횄쨈ng La');
INSERT INTO tbl_vn_ward (ward_id, district_id, ward_name) VALUES (12721, 340, 'X횄짙 Minh T횄짖n');
INSERT INTO tbl_vn_ward (ward_id, district_id, ward_name) VALUES (12724, 340, 'X횄짙 횆혨횄쨈ng X횄징');
INSERT INTO tbl_vn_ward (ward_id, district_id, ward_name) VALUES (12730, 340, 'X횄짙 Nguy횄짧n X횄징');
INSERT INTO tbl_vn_ward (ward_id, district_id, ward_name) VALUES (12736, 340, 'X횄짙 Phong D횈째횈징ng Ti찼쨘쩔n');
INSERT INTO tbl_vn_ward (ward_id, district_id, ward_name) VALUES (12739, 340, 'X횄짙 H찼쨩혫ng Vi찼쨩혝t');
INSERT INTO tbl_vn_ward (ward_id, district_id, ward_name) VALUES (12745, 340, 'X횄짙 H횄혻 Giang');
INSERT INTO tbl_vn_ward (ward_id, district_id, ward_name) VALUES (12748, 340, 'X횄짙 횆혨횄쨈ng Kinh');
INSERT INTO tbl_vn_ward (ward_id, district_id, ward_name) VALUES (12751, 340, 'X횄짙 횆혨횄쨈ng H찼쨩짙p');
INSERT INTO tbl_vn_ward (ward_id, district_id, ward_name) VALUES (12754, 340, 'X횄짙 Th횆혘ng Long');
INSERT INTO tbl_vn_ward (ward_id, district_id, ward_name) VALUES (12757, 340, 'X횄짙 횆혨횄쨈ng C횄징c');
INSERT INTO tbl_vn_ward (ward_id, district_id, ward_name) VALUES (12760, 340, 'X횄짙 Ph횄쨘 Ch횄짖u');
INSERT INTO tbl_vn_ward (ward_id, district_id, ward_name) VALUES (12763, 340, 'X횄짙 Li횄짧n Hoa');
INSERT INTO tbl_vn_ward (ward_id, district_id, ward_name) VALUES (12769, 340, 'X횄짙 횆혨횄쨈ng T횄짖n');
INSERT INTO tbl_vn_ward (ward_id, district_id, ward_name) VALUES (12772, 340, 'X횄짙 횆혨횄쨈ng Vinh');
INSERT INTO tbl_vn_ward (ward_id, district_id, ward_name) VALUES (12775, 340, 'X횄짙 Xu횄짖n Quang 횆혨찼쨩혲ng');
INSERT INTO tbl_vn_ward (ward_id, district_id, ward_name) VALUES (12778, 340, 'X횄짙 H찼쨩혫ng B찼쨘징ch');
INSERT INTO tbl_vn_ward (ward_id, district_id, ward_name) VALUES (12784, 340, 'X횄짙 Tr찼쨩혥ng Quan');
INSERT INTO tbl_vn_ward (ward_id, district_id, ward_name) VALUES (12790, 340, 'X횄짙 H찼쨩혫ng Giang');
INSERT INTO tbl_vn_ward (ward_id, district_id, ward_name) VALUES (12793, 340, 'X횄짙 횆혨횄쨈ng Quan');
INSERT INTO tbl_vn_ward (ward_id, district_id, ward_name) VALUES (12802, 340, 'X횄짙 횆혨횄쨈ng 횄혖');
INSERT INTO tbl_vn_ward (ward_id, district_id, ward_name) VALUES (12808, 340, 'X횄짙 횆혨횄쨈ng Ho횄혻ng');
INSERT INTO tbl_vn_ward (ward_id, district_id, ward_name) VALUES (12811, 340, 'X횄짙 횆혨횄쨈ng D횈째횈징ng');
INSERT INTO tbl_vn_ward (ward_id, district_id, ward_name) VALUES (12823, 340, 'X횄짙 Minh Ph횄쨘');
INSERT INTO tbl_vn_district (district_id, province_id, district_name) VALUES (341, 34, 'Huy찼쨩혝n Th횄징i Th찼쨩짜y');
INSERT INTO tbl_vn_ward (ward_id, district_id, ward_name) VALUES (12826, 341, 'Th찼쨩혢 tr찼쨘짜n Di횄짧m 횆혨i찼쨩혖n');
INSERT INTO tbl_vn_ward (ward_id, district_id, ward_name) VALUES (12832, 341, 'X횄짙 Th찼쨩짜y Tr횈째찼쨩혶ng');
INSERT INTO tbl_vn_ward (ward_id, district_id, ward_name) VALUES (12841, 341, 'X횄짙 H찼쨩혫ng D횇짤ng');
INSERT INTO tbl_vn_ward (ward_id, district_id, ward_name) VALUES (12844, 341, 'X횄짙 Th찼쨩짜y Qu찼쨩쨀nh');
INSERT INTO tbl_vn_ward (ward_id, district_id, ward_name) VALUES (12847, 341, 'X횄짙 An T횄짖n');
INSERT INTO tbl_vn_ward (ward_id, district_id, ward_name) VALUES (12850, 341, 'X횄짙 Th찼쨩짜y Ninh');
INSERT INTO tbl_vn_ward (ward_id, district_id, ward_name) VALUES (12853, 341, 'X횄짙 Th찼쨩짜y H횈째ng');
INSERT INTO tbl_vn_ward (ward_id, district_id, ward_name) VALUES (12856, 341, 'X횄짙 Th찼쨩짜y Vi찼쨩혝t');
INSERT INTO tbl_vn_ward (ward_id, district_id, ward_name) VALUES (12859, 341, 'X횄짙 Th찼쨩짜y V횆혘n');
INSERT INTO tbl_vn_ward (ward_id, district_id, ward_name) VALUES (12862, 341, 'X횄짙 Th찼쨩짜y Xu횄짖n');
INSERT INTO tbl_vn_ward (ward_id, district_id, ward_name) VALUES (12865, 341, 'X횄짙 D횈째횈징ng Ph횄쨘c');
INSERT INTO tbl_vn_ward (ward_id, district_id, ward_name) VALUES (12868, 341, 'X횄짙 Th찼쨩짜y Tr횄짭nh');
INSERT INTO tbl_vn_ward (ward_id, district_id, ward_name) VALUES (12871, 341, 'X횄짙 Th찼쨩짜y B횄짭nh');
INSERT INTO tbl_vn_ward (ward_id, district_id, ward_name) VALUES (12874, 341, 'X횄짙 Th찼쨩짜y Ch횄짯nh');
INSERT INTO tbl_vn_ward (ward_id, district_id, ward_name) VALUES (12877, 341, 'X횄짙 Th찼쨩짜y D횄짖n');
INSERT INTO tbl_vn_ward (ward_id, district_id, ward_name) VALUES (12880, 341, 'X횄짙 Th찼쨩짜y H찼쨘짙i');
INSERT INTO tbl_vn_ward (ward_id, district_id, ward_name) VALUES (12889, 341, 'X횄짙 Th찼쨩짜y Li횄짧n');
INSERT INTO tbl_vn_ward (ward_id, district_id, ward_name) VALUES (12892, 341, 'X횄짙 Th찼쨩짜y Duy횄짧n');
INSERT INTO tbl_vn_ward (ward_id, district_id, ward_name) VALUES (12898, 341, 'X횄짙 Th찼쨩짜y Thanh');
INSERT INTO tbl_vn_ward (ward_id, district_id, ward_name) VALUES (12901, 341, 'X횄짙 Th찼쨩짜y S횈징n');
INSERT INTO tbl_vn_ward (ward_id, district_id, ward_name) VALUES (12904, 341, 'X횄짙 Th찼쨩짜y Phong');
INSERT INTO tbl_vn_ward (ward_id, district_id, ward_name) VALUES (12907, 341, 'X횄짙 Th횄징i Th횈째찼쨩짙ng');
INSERT INTO tbl_vn_ward (ward_id, district_id, ward_name) VALUES (12910, 341, 'X횄짙 Th횄징i Nguy횄짧n');
INSERT INTO tbl_vn_ward (ward_id, district_id, ward_name) VALUES (12916, 341, 'X횄짙 D횈째횈징ng H찼쨩혫ng Th찼쨩짠y');
INSERT INTO tbl_vn_ward (ward_id, district_id, ward_name) VALUES (12919, 341, 'X횄짙 Th횄징i Giang');
INSERT INTO tbl_vn_ward (ward_id, district_id, ward_name) VALUES (12922, 341, 'X횄짙 H횄짼a An');
INSERT INTO tbl_vn_ward (ward_id, district_id, ward_name) VALUES (12925, 341, 'X횄짙 S횈징n H횄혻');
INSERT INTO tbl_vn_ward (ward_id, district_id, ward_name) VALUES (12934, 341, 'X횄짙 Th횄징i Ph횄쨘c');
INSERT INTO tbl_vn_ward (ward_id, district_id, ward_name) VALUES (12937, 341, 'X횄짙 Th횄징i H횈째ng');
INSERT INTO tbl_vn_ward (ward_id, district_id, ward_name) VALUES (12940, 341, 'X횄짙 Th횄징i 횆혨횄쨈');
INSERT INTO tbl_vn_ward (ward_id, district_id, ward_name) VALUES (12943, 341, 'X횄짙 Th횄징i Xuy횄짧n');
INSERT INTO tbl_vn_ward (ward_id, district_id, ward_name) VALUES (12949, 341, 'X횄짙 M찼쨩쨔 L찼쨩혲c');
INSERT INTO tbl_vn_ward (ward_id, district_id, ward_name) VALUES (12958, 341, 'X횄짙 T횄짖n H찼쨩혥c');
INSERT INTO tbl_vn_ward (ward_id, district_id, ward_name) VALUES (12961, 341, 'X횄짙 Th횄징i Th찼쨩혢nh');
INSERT INTO tbl_vn_ward (ward_id, district_id, ward_name) VALUES (12964, 341, 'X횄짙 Thu찼쨘짠n Th횄혻nh');
INSERT INTO tbl_vn_ward (ward_id, district_id, ward_name) VALUES (12967, 341, 'X횄짙 Th횄징i Th찼쨩혥');
INSERT INTO tbl_vn_district (district_id, province_id, district_name) VALUES (342, 34, 'Huy찼쨩혝n Ti찼쨩혖n H찼쨘짙i');
INSERT INTO tbl_vn_ward (ward_id, district_id, ward_name) VALUES (12970, 342, 'Th찼쨩혢 tr찼쨘짜n Ti찼쨩혖n H찼쨘짙i');
INSERT INTO tbl_vn_ward (ward_id, district_id, ward_name) VALUES (12976, 342, 'X횄짙 횆혨횄쨈ng Tr횄혻');
INSERT INTO tbl_vn_ward (ward_id, district_id, ward_name) VALUES (12979, 342, 'X횄짙 횆혨횄쨈ng Long');
INSERT INTO tbl_vn_ward (ward_id, district_id, ward_name) VALUES (12985, 342, 'X횄짙 V횇짤 L횆혘ng');
INSERT INTO tbl_vn_ward (ward_id, district_id, ward_name) VALUES (12988, 342, 'X횄짙 횆혨횄쨈ng Xuy횄짧n');
INSERT INTO tbl_vn_ward (ward_id, district_id, ward_name) VALUES (12991, 342, 'X횄짙 T횄짖y L횈째횈징ng');
INSERT INTO tbl_vn_ward (ward_id, district_id, ward_name) VALUES (12994, 342, 'X횄짙 T횄짖y Ninh');
INSERT INTO tbl_vn_ward (ward_id, district_id, ward_name) VALUES (12997, 342, 'X횄짙 횆혨횄쨈ng Quang');
INSERT INTO tbl_vn_ward (ward_id, district_id, ward_name) VALUES (13000, 342, 'X횄짙 횆혨횄쨈ng Ho횄혻ng');
INSERT INTO tbl_vn_ward (ward_id, district_id, ward_name) VALUES (13003, 342, 'X횄짙 횆혨횄쨈ng Minh');
INSERT INTO tbl_vn_ward (ward_id, district_id, ward_name) VALUES (13012, 342, 'X횄짙 An Ninh');
INSERT INTO tbl_vn_ward (ward_id, district_id, ward_name) VALUES (13018, 342, 'X횄짙 횆혨횄쨈ng C횈징');
INSERT INTO tbl_vn_ward (ward_id, district_id, ward_name) VALUES (13021, 342, 'X횄짙 T횄짖y Giang');
INSERT INTO tbl_vn_ward (ward_id, district_id, ward_name) VALUES (13024, 342, 'X횄짙 횆혨횄쨈ng L횄짖m');
INSERT INTO tbl_vn_ward (ward_id, district_id, ward_name) VALUES (13027, 342, 'X횄짙 Ph횈째횈징ng C횄쨈ng');
INSERT INTO tbl_vn_ward (ward_id, district_id, ward_name) VALUES (13030, 342, 'X횄짙 횄혖i Qu찼쨩혩c');
INSERT INTO tbl_vn_ward (ward_id, district_id, ward_name) VALUES (13036, 342, 'X횄짙 Nam C횈째찼쨩혶ng');
INSERT INTO tbl_vn_ward (ward_id, district_id, ward_name) VALUES (13039, 342, 'X횄짙 V횄짖n Tr횈째찼쨩혶ng');
INSERT INTO tbl_vn_ward (ward_id, district_id, ward_name) VALUES (13045, 342, 'X횄짙 Nam Ch횄짯nh');
INSERT INTO tbl_vn_ward (ward_id, district_id, ward_name) VALUES (13048, 342, 'X횄짙 B찼쨘짱c H찼쨘짙i');
INSERT INTO tbl_vn_ward (ward_id, district_id, ward_name) VALUES (13051, 342, 'X횄짙 Nam Th찼쨩혢nh');
INSERT INTO tbl_vn_ward (ward_id, district_id, ward_name) VALUES (13054, 342, 'X횄짙 Nam H횄혻');
INSERT INTO tbl_vn_ward (ward_id, district_id, ward_name) VALUES (13057, 342, 'X횄짙 Nam Ti찼쨘쩔n');
INSERT INTO tbl_vn_ward (ward_id, district_id, ward_name) VALUES (13060, 342, 'X횄짙 Nam Trung');
INSERT INTO tbl_vn_ward (ward_id, district_id, ward_name) VALUES (13063, 342, 'X횄짙 Nam H찼쨩혫ng');
INSERT INTO tbl_vn_ward (ward_id, district_id, ward_name) VALUES (13066, 342, 'X횄짙 Nam H횈째ng');
INSERT INTO tbl_vn_ward (ward_id, district_id, ward_name) VALUES (13069, 342, 'X횄짙 Nam H찼쨘짙i');
INSERT INTO tbl_vn_ward (ward_id, district_id, ward_name) VALUES (13072, 342, 'X횄짙 Nam Ph횄쨘');
INSERT INTO tbl_vn_district (district_id, province_id, district_name) VALUES (343, 34, 'Huy찼쨩혝n Ki찼쨘쩔n X횈째횈징ng');
INSERT INTO tbl_vn_ward (ward_id, district_id, ward_name) VALUES (13075, 343, 'Th찼쨩혢 tr찼쨘짜n Ki찼쨘쩔n X횈째횈징ng');
INSERT INTO tbl_vn_ward (ward_id, district_id, ward_name) VALUES (13078, 343, 'X횄짙 Tr횄혻 Giang');
INSERT INTO tbl_vn_ward (ward_id, district_id, ward_name) VALUES (13081, 343, 'X횄짙 Qu찼쨩혩c Tu찼쨘짜n');
INSERT INTO tbl_vn_ward (ward_id, district_id, ward_name) VALUES (13087, 343, 'X횄짙 An B횄짭nh');
INSERT INTO tbl_vn_ward (ward_id, district_id, ward_name) VALUES (13090, 343, 'X횄짙 T횄짖y S횈징n');
INSERT INTO tbl_vn_ward (ward_id, district_id, ward_name) VALUES (13093, 343, 'X횄짙 H찼쨩혫ng Th횄징i');
INSERT INTO tbl_vn_ward (ward_id, district_id, ward_name) VALUES (13096, 343, 'X횄짙 B횄짭nh Nguy횄짧n');
INSERT INTO tbl_vn_ward (ward_id, district_id, ward_name) VALUES (13102, 343, 'X횄짙 L횄짧 L찼쨩짙i');
INSERT INTO tbl_vn_ward (ward_id, district_id, ward_name) VALUES (13111, 343, 'X횄짙 V횇짤 L찼쨩혚');
INSERT INTO tbl_vn_ward (ward_id, district_id, ward_name) VALUES (13114, 343, 'X횄짙 Thanh T횄짖n');
INSERT INTO tbl_vn_ward (ward_id, district_id, ward_name) VALUES (13120, 343, 'X횄짙 Th찼쨩혩ng Nh찼쨘짜t');
INSERT INTO tbl_vn_ward (ward_id, district_id, ward_name) VALUES (13126, 343, 'X횄짙 V횇짤 Ninh');
INSERT INTO tbl_vn_ward (ward_id, district_id, ward_name) VALUES (13129, 343, 'X횄짙 V횇짤 An');
INSERT INTO tbl_vn_ward (ward_id, district_id, ward_name) VALUES (13132, 343, 'X횄짙 Quang L찼쨩혢ch');
INSERT INTO tbl_vn_ward (ward_id, district_id, ward_name) VALUES (13135, 343, 'X횄짙 H횄짼a B횄짭nh');
INSERT INTO tbl_vn_ward (ward_id, district_id, ward_name) VALUES (13138, 343, 'X횄짙 B횄짭nh Minh');
INSERT INTO tbl_vn_ward (ward_id, district_id, ward_name) VALUES (13141, 343, 'X횄짙 V횇짤 Qu횄짯');
INSERT INTO tbl_vn_ward (ward_id, district_id, ward_name) VALUES (13144, 343, 'X횄짙 Quang B횄짭nh');
INSERT INTO tbl_vn_ward (ward_id, district_id, ward_name) VALUES (13150, 343, 'X횄짙 V횇짤 Trung');
INSERT INTO tbl_vn_ward (ward_id, district_id, ward_name) VALUES (13156, 343, 'X횄짙 V횇짤 C횄쨈ng');
INSERT INTO tbl_vn_ward (ward_id, district_id, ward_name) VALUES (13159, 343, 'X횄짙 H찼쨩혫ng V횇짤');
INSERT INTO tbl_vn_ward (ward_id, district_id, ward_name) VALUES (13162, 343, 'X횄짙 Quang Minh');
INSERT INTO tbl_vn_ward (ward_id, district_id, ward_name) VALUES (13165, 343, 'X횄짙 Quang Trung');
INSERT INTO tbl_vn_ward (ward_id, district_id, ward_name) VALUES (13171, 343, 'X횄짙 Minh Quang');
INSERT INTO tbl_vn_ward (ward_id, district_id, ward_name) VALUES (13177, 343, 'X횄짙 Minh T횄짖n');
INSERT INTO tbl_vn_ward (ward_id, district_id, ward_name) VALUES (13180, 343, 'X횄짙 Nam B횄짭nh');
INSERT INTO tbl_vn_ward (ward_id, district_id, ward_name) VALUES (13183, 343, 'X횄짙 B횄짭nh Thanh');
INSERT INTO tbl_vn_ward (ward_id, district_id, ward_name) VALUES (13186, 343, 'X횄짙 B횄짭nh 횆혨찼쨩혢nh');
INSERT INTO tbl_vn_ward (ward_id, district_id, ward_name) VALUES (13189, 343, 'X횄짙 H찼쨩혫ng Ti찼쨘쩔n');
INSERT INTO tbl_vn_district (district_id, province_id, district_name) VALUES (344, 34, 'Huy찼쨩혝n V횇짤 Th횈째');
INSERT INTO tbl_vn_ward (ward_id, district_id, ward_name) VALUES (13192, 344, 'Th찼쨩혢 tr찼쨘짜n V횇짤 Th횈째');
INSERT INTO tbl_vn_ward (ward_id, district_id, ward_name) VALUES (13195, 344, 'X횄짙 H찼쨩혫ng L횄쩍');
INSERT INTO tbl_vn_ward (ward_id, district_id, ward_name) VALUES (13198, 344, 'X횄짙 횆혨찼쨩혫ng Thanh');
INSERT INTO tbl_vn_ward (ward_id, district_id, ward_name) VALUES (13201, 344, 'X횄짙 Xu횄짖n H횄짼a');
INSERT INTO tbl_vn_ward (ward_id, district_id, ward_name) VALUES (13204, 344, 'X횄짙 Hi찼쨩혝p H횄짼a');
INSERT INTO tbl_vn_ward (ward_id, district_id, ward_name) VALUES (13207, 344, 'X횄짙 Ph횄쨘c Th횄혻nh');
INSERT INTO tbl_vn_ward (ward_id, district_id, ward_name) VALUES (13210, 344, 'X횄짙 T횄짖n Phong');
INSERT INTO tbl_vn_ward (ward_id, district_id, ward_name) VALUES (13213, 344, 'X횄짙 Song L횄짙ng');
INSERT INTO tbl_vn_ward (ward_id, district_id, ward_name) VALUES (13216, 344, 'X횄짙 T횄짖n H횄짼a');
INSERT INTO tbl_vn_ward (ward_id, district_id, ward_name) VALUES (13219, 344, 'X횄짙 Vi찼쨩혝t H횄쨔ng');
INSERT INTO tbl_vn_ward (ward_id, district_id, ward_name) VALUES (13222, 344, 'X횄짙 Minh L횄짙ng');
INSERT INTO tbl_vn_ward (ward_id, district_id, ward_name) VALUES (13228, 344, 'X횄짙 Minh Khai');
INSERT INTO tbl_vn_ward (ward_id, district_id, ward_name) VALUES (13231, 344, 'X횄짙 D횇짤ng Ngh횆짤a');
INSERT INTO tbl_vn_ward (ward_id, district_id, ward_name) VALUES (13234, 344, 'X횄짙 Minh Quang');
INSERT INTO tbl_vn_ward (ward_id, district_id, ward_name) VALUES (13237, 344, 'X횄짙 Tam Quang');
INSERT INTO tbl_vn_ward (ward_id, district_id, ward_name) VALUES (13240, 344, 'X횄짙 T횄짖n L찼쨘짯p');
INSERT INTO tbl_vn_ward (ward_id, district_id, ward_name) VALUES (13243, 344, 'X횄짙 B횄징ch Thu찼쨘짯n');
INSERT INTO tbl_vn_ward (ward_id, district_id, ward_name) VALUES (13246, 344, 'X횄짙 T찼쨩짹 T횄짖n');
INSERT INTO tbl_vn_ward (ward_id, district_id, ward_name) VALUES (13249, 344, 'X횄짙 Song An');
INSERT INTO tbl_vn_ward (ward_id, district_id, ward_name) VALUES (13252, 344, 'X횄짙 Trung An');
INSERT INTO tbl_vn_ward (ward_id, district_id, ward_name) VALUES (13255, 344, 'X횄짙 V횇짤 H찼쨩혲i');
INSERT INTO tbl_vn_ward (ward_id, district_id, ward_name) VALUES (13258, 344, 'X횄짙 H횄짼a B횄짭nh');
INSERT INTO tbl_vn_ward (ward_id, district_id, ward_name) VALUES (13261, 344, 'X횄짙 Nguy횄짧n X횄징');
INSERT INTO tbl_vn_ward (ward_id, district_id, ward_name) VALUES (13264, 344, 'X횄짙 Vi찼쨩혝t Thu찼쨘짯n');
INSERT INTO tbl_vn_ward (ward_id, district_id, ward_name) VALUES (13267, 344, 'X횄짙 V횇짤 Vinh');
INSERT INTO tbl_vn_ward (ward_id, district_id, ward_name) VALUES (13270, 344, 'X횄짙 V횇짤 횆혨o횄혻i');
INSERT INTO tbl_vn_ward (ward_id, district_id, ward_name) VALUES (13273, 344, 'X횄짙 V횇짤 Ti찼쨘쩔n');
INSERT INTO tbl_vn_ward (ward_id, district_id, ward_name) VALUES (13276, 344, 'X횄짙 V횇짤 V횄짖n');
INSERT INTO tbl_vn_ward (ward_id, district_id, ward_name) VALUES (13279, 344, 'X횄짙 Duy Nh찼쨘짜t');
INSERT INTO tbl_vn_ward (ward_id, district_id, ward_name) VALUES (13282, 344, 'X횄짙 H찼쨩혫ng Phong');
INSERT INTO tbl_vn_province (province_id, province_name) VALUES (35, 'T찼쨩혟nh H횄혻 Nam');
INSERT INTO tbl_vn_district (district_id, province_id, district_name) VALUES (347, 35, 'Th횄혻nh ph찼쨩혩 Ph찼쨩짠 L횄쩍');
INSERT INTO tbl_vn_ward (ward_id, district_id, ward_name) VALUES (13285, 347, 'Ph횈째찼쨩혶ng Quang Trung');
INSERT INTO tbl_vn_ward (ward_id, district_id, ward_name) VALUES (13291, 347, 'Ph횈째찼쨩혶ng L횄짧 H찼쨩혫ng Phong');
INSERT INTO tbl_vn_ward (ward_id, district_id, ward_name) VALUES (13294, 347, 'Ph횈째찼쨩혶ng Ch횄짖u C찼쨘짠u');
INSERT INTO tbl_vn_ward (ward_id, district_id, ward_name) VALUES (13303, 347, 'Ph횈째찼쨩혶ng Lam H찼쨘징');
INSERT INTO tbl_vn_ward (ward_id, district_id, ward_name) VALUES (13306, 347, 'X횄짙 Ph횄쨔 V횄짖n');
INSERT INTO tbl_vn_ward (ward_id, district_id, ward_name) VALUES (13309, 347, 'Ph횈째찼쨩혶ng Li횄짧m Ch횄짯nh');
INSERT INTO tbl_vn_ward (ward_id, district_id, ward_name) VALUES (13315, 347, 'Ph횈째찼쨩혶ng Thanh Ch횄짖u');
INSERT INTO tbl_vn_ward (ward_id, district_id, ward_name) VALUES (13318, 347, 'Ph횈째찼쨩혶ng Ch횄짖u S횈징n');
INSERT INTO tbl_vn_ward (ward_id, district_id, ward_name) VALUES (13366, 347, 'Ph횈째찼쨩혶ng T횄짖n Hi찼쨩혝p');
INSERT INTO tbl_vn_ward (ward_id, district_id, ward_name) VALUES (13426, 347, 'X횄짙 Kim B횄짭nh');
INSERT INTO tbl_vn_ward (ward_id, district_id, ward_name) VALUES (13444, 347, 'Ph횈째찼쨩혶ng T횄짖n Li횄짧m');
INSERT INTO tbl_vn_ward (ward_id, district_id, ward_name) VALUES (13459, 347, 'Ph횈째찼쨩혶ng Thanh Tuy찼쨩혖n');
INSERT INTO tbl_vn_ward (ward_id, district_id, ward_name) VALUES (13507, 347, 'X횄짙 횆혨inh X횄징');
INSERT INTO tbl_vn_ward (ward_id, district_id, ward_name) VALUES (13513, 347, 'X횄짙 Tr찼쨩혢nh X횄징');
INSERT INTO tbl_vn_district (district_id, province_id, district_name) VALUES (349, 35, 'Th찼쨩혢 x횄짙 Duy Ti횄짧n');
INSERT INTO tbl_vn_ward (ward_id, district_id, ward_name) VALUES (13321, 349, 'Ph횈째찼쨩혶ng 횆혨찼쨩혫ng V횆혘n');
INSERT INTO tbl_vn_ward (ward_id, district_id, ward_name) VALUES (13324, 349, 'Ph횈째찼쨩혶ng H횄짼a M찼쨘징c');
INSERT INTO tbl_vn_ward (ward_id, district_id, ward_name) VALUES (13327, 349, 'X횄짙 M찼쨩혲c Ho횄혻n');
INSERT INTO tbl_vn_ward (ward_id, district_id, ward_name) VALUES (13330, 349, 'Ph횈째찼쨩혶ng Ch횄짖u Giang');
INSERT INTO tbl_vn_ward (ward_id, district_id, ward_name) VALUES (13333, 349, 'Ph횈째찼쨩혶ng B찼쨘징ch Th횈째찼쨩짙ng');
INSERT INTO tbl_vn_ward (ward_id, district_id, ward_name) VALUES (13336, 349, 'Ph횈째찼쨩혶ng Duy Minh');
INSERT INTO tbl_vn_ward (ward_id, district_id, ward_name) VALUES (13342, 349, 'Ph횈째찼쨩혶ng Duy H찼쨘짙i');
INSERT INTO tbl_vn_ward (ward_id, district_id, ward_name) VALUES (13345, 349, 'X횄짙 Chuy횄짧n Ngo찼쨘징i');
INSERT INTO tbl_vn_ward (ward_id, district_id, ward_name) VALUES (13348, 349, 'Ph횈째찼쨩혶ng Y횄짧n B찼쨘짱c');
INSERT INTO tbl_vn_ward (ward_id, district_id, ward_name) VALUES (13351, 349, 'X횄짙 Tr횄징c V횆혘n');
INSERT INTO tbl_vn_ward (ward_id, district_id, ward_name) VALUES (13354, 349, 'Ph횈째찼쨩혶ng Ti횄짧n N찼쨩혲i');
INSERT INTO tbl_vn_ward (ward_id, district_id, ward_name) VALUES (13357, 349, 'Ph횈째찼쨩혶ng Ho횄혻ng 횆혨횄쨈ng');
INSERT INTO tbl_vn_ward (ward_id, district_id, ward_name) VALUES (13360, 349, 'X횄짙 Y횄짧n Nam');
INSERT INTO tbl_vn_ward (ward_id, district_id, ward_name) VALUES (13363, 349, 'X횄짙 Ti횄짧n Ngo찼쨘징i');
INSERT INTO tbl_vn_ward (ward_id, district_id, ward_name) VALUES (13369, 349, 'X횄짙 Ti횄짧n S횈징n');
INSERT INTO tbl_vn_district (district_id, province_id, district_name) VALUES (350, 35, 'Th찼쨩혢 x횄짙 Kim B찼쨘짙ng');
INSERT INTO tbl_vn_ward (ward_id, district_id, ward_name) VALUES (13384, 350, 'Ph횈째찼쨩혶ng Qu찼쨘쩔');
INSERT INTO tbl_vn_ward (ward_id, district_id, ward_name) VALUES (13387, 350, 'X횄짙 Nguy찼쨩혚n 횄혳y');
INSERT INTO tbl_vn_ward (ward_id, district_id, ward_name) VALUES (13390, 350, 'Ph횈째찼쨩혶ng 횆혨찼쨘징i C횈째횈징ng');
INSERT INTO tbl_vn_ward (ward_id, district_id, ward_name) VALUES (13393, 350, 'Ph횈째찼쨩혶ng L횄짧 H찼쨩혫');
INSERT INTO tbl_vn_ward (ward_id, district_id, ward_name) VALUES (13396, 350, 'Ph횈째찼쨩혶ng T횈째찼쨩짙ng L횆짤nh');
INSERT INTO tbl_vn_ward (ward_id, district_id, ward_name) VALUES (13402, 350, 'Ph횈째찼쨩혶ng T횄짖n T찼쨩짹u');
INSERT INTO tbl_vn_ward (ward_id, district_id, ward_name) VALUES (13405, 350, 'Ph횈째찼쨩혶ng 횆혨찼쨩혫ng H횄쨀a');
INSERT INTO tbl_vn_ward (ward_id, district_id, ward_name) VALUES (13408, 350, 'X횄짙 Ho횄혻ng T횄짖y');
INSERT INTO tbl_vn_ward (ward_id, district_id, ward_name) VALUES (13411, 350, 'Ph횈째찼쨩혶ng T횄짖n S횈징n');
INSERT INTO tbl_vn_ward (ward_id, district_id, ward_name) VALUES (13414, 350, 'X횄짙 Th찼쨩짜y L횄쨈i');
INSERT INTO tbl_vn_ward (ward_id, district_id, ward_name) VALUES (13417, 350, 'X횄짙 V횆혘n X횄징');
INSERT INTO tbl_vn_ward (ward_id, district_id, ward_name) VALUES (13420, 350, 'X횄짙 Kh찼쨘짙 Phong');
INSERT INTO tbl_vn_ward (ward_id, district_id, ward_name) VALUES (13423, 350, 'Ph횈째찼쨩혶ng Ng찼쨩혥c S횈징n');
INSERT INTO tbl_vn_ward (ward_id, district_id, ward_name) VALUES (13429, 350, 'Ph횈째찼쨩혶ng Ba Sao');
INSERT INTO tbl_vn_ward (ward_id, district_id, ward_name) VALUES (13432, 350, 'X횄짙 Li횄짧n S횈징n');
INSERT INTO tbl_vn_ward (ward_id, district_id, ward_name) VALUES (13435, 350, 'Ph횈째찼쨩혶ng Thi S횈징n');
INSERT INTO tbl_vn_ward (ward_id, district_id, ward_name) VALUES (13438, 350, 'X횄짙 Thanh S횈징n');
INSERT INTO tbl_vn_district (district_id, province_id, district_name) VALUES (351, 35, 'Huy찼쨩혝n Thanh Li횄짧m');
INSERT INTO tbl_vn_ward (ward_id, district_id, ward_name) VALUES (13441, 351, 'Th찼쨩혢 tr찼쨘짜n Ki찼쨩혝n Kh횄짧');
INSERT INTO tbl_vn_ward (ward_id, district_id, ward_name) VALUES (13450, 351, 'X횄짙 Li횄짧m Phong');
INSERT INTO tbl_vn_ward (ward_id, district_id, ward_name) VALUES (13453, 351, 'X횄짙 Thanh H횄혻');
INSERT INTO tbl_vn_ward (ward_id, district_id, ward_name) VALUES (13456, 351, 'X횄짙 Li횄짧m C찼쨘짠n');
INSERT INTO tbl_vn_ward (ward_id, district_id, ward_name) VALUES (13465, 351, 'X횄짙 Li횄짧m Thu찼쨘짯n');
INSERT INTO tbl_vn_ward (ward_id, district_id, ward_name) VALUES (13468, 351, 'X횄짙 Thanh Th찼쨩짠y');
INSERT INTO tbl_vn_ward (ward_id, district_id, ward_name) VALUES (13471, 351, 'X횄짙 Thanh Phong');
INSERT INTO tbl_vn_ward (ward_id, district_id, ward_name) VALUES (13474, 351, 'Th찼쨩혢 tr찼쨘짜n T횄짖n Thanh');
INSERT INTO tbl_vn_ward (ward_id, district_id, ward_name) VALUES (13477, 351, 'X횄짙 Thanh T횄짖n');
INSERT INTO tbl_vn_ward (ward_id, district_id, ward_name) VALUES (13480, 351, 'X횄짙 Li횄짧m T횄쨘c');
INSERT INTO tbl_vn_ward (ward_id, district_id, ward_name) VALUES (13483, 351, 'X횄짙 Li횄짧m S횈징n');
INSERT INTO tbl_vn_ward (ward_id, district_id, ward_name) VALUES (13486, 351, 'X횄짙 Thanh H횈째횈징ng');
INSERT INTO tbl_vn_ward (ward_id, district_id, ward_name) VALUES (13489, 351, 'X횄짙 Thanh Ngh찼쨩혢');
INSERT INTO tbl_vn_ward (ward_id, district_id, ward_name) VALUES (13492, 351, 'X횄짙 Thanh T횄짖m');
INSERT INTO tbl_vn_ward (ward_id, district_id, ward_name) VALUES (13495, 351, 'X횄짙 Thanh Nguy횄짧n');
INSERT INTO tbl_vn_ward (ward_id, district_id, ward_name) VALUES (13498, 351, 'X횄짙 Thanh H찼쨘짙i');
INSERT INTO tbl_vn_district (district_id, province_id, district_name) VALUES (352, 35, 'Huy찼쨩혝n B횄짭nh L찼쨩짜c');
INSERT INTO tbl_vn_ward (ward_id, district_id, ward_name) VALUES (13501, 352, 'Th찼쨩혢 tr찼쨘짜n B횄짭nh M찼쨩쨔');
INSERT INTO tbl_vn_ward (ward_id, district_id, ward_name) VALUES (13504, 352, 'X횄짙 B횄짭nh Ngh횆짤a');
INSERT INTO tbl_vn_ward (ward_id, district_id, ward_name) VALUES (13510, 352, 'X횄짙 Tr횄혻ng An');
INSERT INTO tbl_vn_ward (ward_id, district_id, ward_name) VALUES (13516, 352, 'X횄짙 횆혨찼쨩혫ng Du');
INSERT INTO tbl_vn_ward (ward_id, district_id, ward_name) VALUES (13519, 352, 'X횄짙 Ng찼쨩혥c L횇짤');
INSERT INTO tbl_vn_ward (ward_id, district_id, ward_name) VALUES (13525, 352, 'X횄짙 횆혨찼쨩혫n X횄징');
INSERT INTO tbl_vn_ward (ward_id, district_id, ward_name) VALUES (13528, 352, 'X횄짙 An Ninh');
INSERT INTO tbl_vn_ward (ward_id, district_id, ward_name) VALUES (13531, 352, 'X횄짙 B찼쨩혫 횆혨찼쨩혖');
INSERT INTO tbl_vn_ward (ward_id, district_id, ward_name) VALUES (13540, 352, 'X횄짙 B횄짭nh An');
INSERT INTO tbl_vn_ward (ward_id, district_id, ward_name) VALUES (13543, 352, 'X횄짙 V횇짤 B찼쨘짙n');
INSERT INTO tbl_vn_ward (ward_id, district_id, ward_name) VALUES (13546, 352, 'X횄짙 Trung L횈째횈징ng');
INSERT INTO tbl_vn_ward (ward_id, district_id, ward_name) VALUES (13552, 352, 'X횄짙 An 횆혨찼쨩혮');
INSERT INTO tbl_vn_ward (ward_id, district_id, ward_name) VALUES (13555, 352, 'X횄짙 La S횈징n');
INSERT INTO tbl_vn_ward (ward_id, district_id, ward_name) VALUES (13558, 352, 'X횄짙 Ti횄짧u 횆혨찼쨩혲ng');
INSERT INTO tbl_vn_ward (ward_id, district_id, ward_name) VALUES (13561, 352, 'X횄짙 An L횄짙o');
INSERT INTO tbl_vn_district (district_id, province_id, district_name) VALUES (353, 35, 'Huy찼쨩혝n L횄쩍 Nh횄짖n');
INSERT INTO tbl_vn_ward (ward_id, district_id, ward_name) VALUES (13567, 353, 'X횄짙 H찼쨩짙p L횄쩍');
INSERT INTO tbl_vn_ward (ward_id, district_id, ward_name) VALUES (13570, 353, 'X횄짙 Nguy횄짧n L횄쩍');
INSERT INTO tbl_vn_ward (ward_id, district_id, ward_name) VALUES (13573, 353, 'X횄짙 Ch횄짯nh L횄쩍');
INSERT INTO tbl_vn_ward (ward_id, district_id, ward_name) VALUES (13576, 353, 'X횄짙 Ch횄짖n L횄쩍');
INSERT INTO tbl_vn_ward (ward_id, district_id, ward_name) VALUES (13579, 353, 'X횄짙 횆혨찼쨘징o L횄쩍');
INSERT INTO tbl_vn_ward (ward_id, district_id, ward_name) VALUES (13582, 353, 'X횄짙 C횄쨈ng L횄쩍');
INSERT INTO tbl_vn_ward (ward_id, district_id, ward_name) VALUES (13585, 353, 'X횄짙 V횆혘n L횄쩍');
INSERT INTO tbl_vn_ward (ward_id, district_id, ward_name) VALUES (13588, 353, 'X횄짙 B찼쨘짱c L횄쩍');
INSERT INTO tbl_vn_ward (ward_id, district_id, ward_name) VALUES (13591, 353, 'X횄짙 횆혨찼쨩짤c L횄쩍');
INSERT INTO tbl_vn_ward (ward_id, district_id, ward_name) VALUES (13594, 353, 'X횄짙 Tr찼쨘짠n H횈째ng 횆혨찼쨘징o');
INSERT INTO tbl_vn_ward (ward_id, district_id, ward_name) VALUES (13597, 353, 'Th찼쨩혢 tr찼쨘짜n V횆짤nh Tr찼쨩짜');
INSERT INTO tbl_vn_ward (ward_id, district_id, ward_name) VALUES (13600, 353, 'X횄짙 Nh횄짖n Th찼쨩혢nh');
INSERT INTO tbl_vn_ward (ward_id, district_id, ward_name) VALUES (13606, 353, 'X횄짙 Nh횄짖n Khang');
INSERT INTO tbl_vn_ward (ward_id, district_id, ward_name) VALUES (13609, 353, 'X횄짙 Nh횄짖n M찼쨩쨔');
INSERT INTO tbl_vn_ward (ward_id, district_id, ward_name) VALUES (13612, 353, 'X횄짙 Nh횄짖n Ngh횆짤a');
INSERT INTO tbl_vn_ward (ward_id, district_id, ward_name) VALUES (13615, 353, 'X횄짙 Nh횄짖n Ch횄짯nh');
INSERT INTO tbl_vn_ward (ward_id, district_id, ward_name) VALUES (13618, 353, 'X횄짙 Nh횄짖n B횄짭nh');
INSERT INTO tbl_vn_ward (ward_id, district_id, ward_name) VALUES (13621, 353, 'X횄짙 Ph횄쨘 Ph횄쨘c');
INSERT INTO tbl_vn_ward (ward_id, district_id, ward_name) VALUES (13624, 353, 'X횄짙 Xu횄짖n Kh횄짧');
INSERT INTO tbl_vn_ward (ward_id, district_id, ward_name) VALUES (13627, 353, 'X횄짙 Ti찼쨘쩔n Th찼쨘짱ng');
INSERT INTO tbl_vn_ward (ward_id, district_id, ward_name) VALUES (13630, 353, 'X횄짙 H횄짼a H찼쨘짯u');
INSERT INTO tbl_vn_province (province_id, province_name) VALUES (36, 'T찼쨩혟nh Nam 횆혨찼쨩혢nh');
INSERT INTO tbl_vn_district (district_id, province_id, district_name) VALUES (356, 36, 'Th횄혻nh ph찼쨩혩 Nam 횆혨찼쨩혢nh');
INSERT INTO tbl_vn_ward (ward_id, district_id, ward_name) VALUES (13636, 356, 'Ph횈째찼쨩혶ng V찼쨩혢 Xuy횄짧n');
INSERT INTO tbl_vn_ward (ward_id, district_id, ward_name) VALUES (13657, 356, 'Ph횈째찼쨩혶ng Tr횈째찼쨩혶ng Thi');
INSERT INTO tbl_vn_ward (ward_id, district_id, ward_name) VALUES (13666, 356, 'Ph횈째찼쨩혶ng Tr찼쨘짠n H횈째ng 횆혨찼쨘징o');
INSERT INTO tbl_vn_ward (ward_id, district_id, ward_name) VALUES (13669, 356, 'Ph횈째찼쨩혶ng C찼쨩짯a B찼쨘짱c');
INSERT INTO tbl_vn_ward (ward_id, district_id, ward_name) VALUES (13678, 356, 'Ph횈째찼쨩혶ng N횆혘ng T횆짤nh');
INSERT INTO tbl_vn_ward (ward_id, district_id, ward_name) VALUES (13681, 356, 'Ph횈째찼쨩혶ng Quang Trung');
INSERT INTO tbl_vn_ward (ward_id, district_id, ward_name) VALUES (13684, 356, 'Ph횈째찼쨩혶ng L찼쨩혲c H찼쨘징');
INSERT INTO tbl_vn_ward (ward_id, district_id, ward_name) VALUES (13687, 356, 'Ph횈째찼쨩혶ng L찼쨩혲c V횈째찼쨩짙ng');
INSERT INTO tbl_vn_ward (ward_id, district_id, ward_name) VALUES (13690, 356, 'Ph횈째찼쨩혶ng C찼쨩짯a Nam');
INSERT INTO tbl_vn_ward (ward_id, district_id, ward_name) VALUES (13693, 356, 'Ph횈째찼쨩혶ng L찼쨩혲c H횄짼a');
INSERT INTO tbl_vn_ward (ward_id, district_id, ward_name) VALUES (13696, 356, 'Ph횈째찼쨩혶ng Nam Phong');
INSERT INTO tbl_vn_ward (ward_id, district_id, ward_name) VALUES (13699, 356, 'Ph횈째찼쨩혶ng M찼쨩쨔 X횄징');
INSERT INTO tbl_vn_ward (ward_id, district_id, ward_name) VALUES (13705, 356, 'Ph횈째찼쨩혶ng Nam V횄짖n');
INSERT INTO tbl_vn_ward (ward_id, district_id, ward_name) VALUES (13708, 356, 'Ph횈째찼쨩혶ng H횈째ng L찼쨩혲c');
INSERT INTO tbl_vn_ward (ward_id, district_id, ward_name) VALUES (13711, 356, 'X횄짙 M찼쨩쨔 H횄혻');
INSERT INTO tbl_vn_ward (ward_id, district_id, ward_name) VALUES (13717, 356, 'X횄짙 M찼쨩쨔 Th찼쨘짱ng');
INSERT INTO tbl_vn_ward (ward_id, district_id, ward_name) VALUES (13720, 356, 'X횄짙 M찼쨩쨔 Trung');
INSERT INTO tbl_vn_ward (ward_id, district_id, ward_name) VALUES (13723, 356, 'X횄짙 M찼쨩쨔 T횄짖n');
INSERT INTO tbl_vn_ward (ward_id, district_id, ward_name) VALUES (13726, 356, 'X횄짙 M찼쨩쨔 Ph횄쨘c');
INSERT INTO tbl_vn_ward (ward_id, district_id, ward_name) VALUES (13732, 356, 'X횄짙 M찼쨩쨔 Thu찼쨘짯n');
INSERT INTO tbl_vn_ward (ward_id, district_id, ward_name) VALUES (13735, 356, 'X횄짙 M찼쨩쨔 L찼쨩혲c');
INSERT INTO tbl_vn_district (district_id, province_id, district_name) VALUES (359, 36, 'Huy찼쨩혝n V찼쨩짜 B찼쨘짙n');
INSERT INTO tbl_vn_ward (ward_id, district_id, ward_name) VALUES (13741, 359, 'Th찼쨩혢 tr찼쨘짜n G횄쨈i');
INSERT INTO tbl_vn_ward (ward_id, district_id, ward_name) VALUES (13747, 359, 'X횄짙 Hi찼쨩혘n Kh횄징nh');
INSERT INTO tbl_vn_ward (ward_id, district_id, ward_name) VALUES (13750, 359, 'X횄짙 Minh T횄짖n');
INSERT INTO tbl_vn_ward (ward_id, district_id, ward_name) VALUES (13753, 359, 'X횄짙 H찼쨩짙p H횈째ng');
INSERT INTO tbl_vn_ward (ward_id, district_id, ward_name) VALUES (13756, 359, 'X횄짙 횆혨찼쨘징i An');
INSERT INTO tbl_vn_ward (ward_id, district_id, ward_name) VALUES (13762, 359, 'X횄짙 C찼쨩혲ng H횄짼a');
INSERT INTO tbl_vn_ward (ward_id, district_id, ward_name) VALUES (13765, 359, 'X횄짙 Trung Th횄혻nh');
INSERT INTO tbl_vn_ward (ward_id, district_id, ward_name) VALUES (13768, 359, 'X횄짙 Quang Trung');
INSERT INTO tbl_vn_ward (ward_id, district_id, ward_name) VALUES (13777, 359, 'X횄짙 Th횄혻nh L찼쨩짙i');
INSERT INTO tbl_vn_ward (ward_id, district_id, ward_name) VALUES (13780, 359, 'X횄짙 Kim Th횄징i');
INSERT INTO tbl_vn_ward (ward_id, district_id, ward_name) VALUES (13783, 359, 'X횄짙 Li횄짧n Minh');
INSERT INTO tbl_vn_ward (ward_id, district_id, ward_name) VALUES (13786, 359, 'X횄짙 횆혨찼쨘징i Th찼쨘짱ng');
INSERT INTO tbl_vn_ward (ward_id, district_id, ward_name) VALUES (13789, 359, 'X횄짙 Tam Thanh');
INSERT INTO tbl_vn_ward (ward_id, district_id, ward_name) VALUES (13792, 359, 'X횄짙 V횆짤nh H횄혻o');
INSERT INTO tbl_vn_district (district_id, province_id, district_name) VALUES (360, 36, 'Huy찼쨩혝n 횄혶 Y횄짧n');
INSERT INTO tbl_vn_ward (ward_id, district_id, ward_name) VALUES (13795, 360, 'Th찼쨩혢 tr찼쨘짜n L횄짖m');
INSERT INTO tbl_vn_ward (ward_id, district_id, ward_name) VALUES (13801, 360, 'X횄짙 Trung Ngh횆짤a');
INSERT INTO tbl_vn_ward (ward_id, district_id, ward_name) VALUES (13807, 360, 'X횄짙 T횄짖n Minh');
INSERT INTO tbl_vn_ward (ward_id, district_id, ward_name) VALUES (13810, 360, 'X횄짙 Y횄짧n Th찼쨩혥');
INSERT INTO tbl_vn_ward (ward_id, district_id, ward_name) VALUES (13819, 360, 'X횄짙 Ph횄쨘 H횈째ng');
INSERT INTO tbl_vn_ward (ward_id, district_id, ward_name) VALUES (13822, 360, 'X횄짙 Y횄짧n Ch횄짯nh');
INSERT INTO tbl_vn_ward (ward_id, district_id, ward_name) VALUES (13825, 360, 'X횄짙 Y횄짧n B횄짭nh');
INSERT INTO tbl_vn_ward (ward_id, district_id, ward_name) VALUES (13831, 360, 'X횄짙 Y횄짧n M찼쨩쨔');
INSERT INTO tbl_vn_ward (ward_id, district_id, ward_name) VALUES (13834, 360, 'X횄짙 Y횄짧n D횈째횈징ng');
INSERT INTO tbl_vn_ward (ward_id, district_id, ward_name) VALUES (13843, 360, 'X횄짙 Y횄짧n Kh횄징nh');
INSERT INTO tbl_vn_ward (ward_id, district_id, ward_name) VALUES (13846, 360, 'X횄짙 Y횄짧n Phong');
INSERT INTO tbl_vn_ward (ward_id, district_id, ward_name) VALUES (13849, 360, 'X횄짙 Y횄짧n Ninh');
INSERT INTO tbl_vn_ward (ward_id, district_id, ward_name) VALUES (13852, 360, 'X횄짙 Y횄짧n L횈째횈징ng');
INSERT INTO tbl_vn_ward (ward_id, district_id, ward_name) VALUES (13861, 360, 'X횄짙 Y횄짧n Ti찼쨘쩔n');
INSERT INTO tbl_vn_ward (ward_id, district_id, ward_name) VALUES (13864, 360, 'X횄짙 Y횄짧n Th찼쨘짱ng');
INSERT INTO tbl_vn_ward (ward_id, district_id, ward_name) VALUES (13867, 360, 'X횄짙 Y횄짧n Ph횄쨘c');
INSERT INTO tbl_vn_ward (ward_id, district_id, ward_name) VALUES (13870, 360, 'X횄짙 Y횄짧n C횈째찼쨩혶ng');
INSERT INTO tbl_vn_ward (ward_id, district_id, ward_name) VALUES (13873, 360, 'X횄짙 Y횄짧n L찼쨩혲c');
INSERT INTO tbl_vn_ward (ward_id, district_id, ward_name) VALUES (13876, 360, 'X횄짙 H찼쨩혫ng Quang');
INSERT INTO tbl_vn_ward (ward_id, district_id, ward_name) VALUES (13879, 360, 'X횄짙 Y횄짧n 횆혨찼쨩혫ng');
INSERT INTO tbl_vn_ward (ward_id, district_id, ward_name) VALUES (13882, 360, 'X횄짙 Y횄짧n Khang');
INSERT INTO tbl_vn_ward (ward_id, district_id, ward_name) VALUES (13885, 360, 'X횄짙 Y횄짧n Nh횄짖n');
INSERT INTO tbl_vn_ward (ward_id, district_id, ward_name) VALUES (13888, 360, 'X횄짙 Y횄짧n Tr찼쨩혢');
INSERT INTO tbl_vn_district (district_id, province_id, district_name) VALUES (361, 36, 'Huy찼쨩혝n Ngh횆짤a H횈째ng');
INSERT INTO tbl_vn_ward (ward_id, district_id, ward_name) VALUES (13891, 361, 'Th찼쨩혢 tr찼쨘짜n Li찼쨩혚u 횆혨찼쨩혖');
INSERT INTO tbl_vn_ward (ward_id, district_id, ward_name) VALUES (13894, 361, 'Th찼쨩혢 tr찼쨘짜n R찼쨘징ng 횆혨횄쨈ng');
INSERT INTO tbl_vn_ward (ward_id, district_id, ward_name) VALUES (13900, 361, 'X횄짙 횆혨찼쨩혫ng Th찼쨩혢nh');
INSERT INTO tbl_vn_ward (ward_id, district_id, ward_name) VALUES (13906, 361, 'X횄짙 Ngh횆짤a Th횄징i');
INSERT INTO tbl_vn_ward (ward_id, district_id, ward_name) VALUES (13909, 361, 'X횄짙 Ho횄혻ng Nam');
INSERT INTO tbl_vn_ward (ward_id, district_id, ward_name) VALUES (13912, 361, 'X횄짙 Ngh횆짤a Ch횄짖u');
INSERT INTO tbl_vn_ward (ward_id, district_id, ward_name) VALUES (13915, 361, 'X횄짙 Ngh횆짤a Trung');
INSERT INTO tbl_vn_ward (ward_id, district_id, ward_name) VALUES (13918, 361, 'X횄짙 Ngh횆짤a S횈징n');
INSERT INTO tbl_vn_ward (ward_id, district_id, ward_name) VALUES (13921, 361, 'X횄짙 Ngh횆짤a L찼쨘징c');
INSERT INTO tbl_vn_ward (ward_id, district_id, ward_name) VALUES (13924, 361, 'X횄짙 Ngh횆짤a H찼쨩혫ng');
INSERT INTO tbl_vn_ward (ward_id, district_id, ward_name) VALUES (13927, 361, 'X횄짙 Ngh횆짤a Phong');
INSERT INTO tbl_vn_ward (ward_id, district_id, ward_name) VALUES (13930, 361, 'X횄짙 Ngh횆짤a Ph횄쨘');
INSERT INTO tbl_vn_ward (ward_id, district_id, ward_name) VALUES (13939, 361, 'Th찼쨩혢 tr찼쨘짜n Qu찼쨩쨔 Nh찼쨘짜t');
INSERT INTO tbl_vn_ward (ward_id, district_id, ward_name) VALUES (13942, 361, 'X횄짙 Ngh횆짤a H횄쨔ng');
INSERT INTO tbl_vn_ward (ward_id, district_id, ward_name) VALUES (13945, 361, 'X횄짙 Ngh횆짤a L횄짖m');
INSERT INTO tbl_vn_ward (ward_id, district_id, ward_name) VALUES (13948, 361, 'X횄짙 Ngh횆짤a Th횄혻nh');
INSERT INTO tbl_vn_ward (ward_id, district_id, ward_name) VALUES (13951, 361, 'X횄짙 Ph횄쨘c Th찼쨘짱ng');
INSERT INTO tbl_vn_ward (ward_id, district_id, ward_name) VALUES (13954, 361, 'X횄짙 Ngh횆짤a L찼쨩짙i');
INSERT INTO tbl_vn_ward (ward_id, district_id, ward_name) VALUES (13957, 361, 'X횄짙 Ngh횆짤a H찼쨘짙i');
INSERT INTO tbl_vn_ward (ward_id, district_id, ward_name) VALUES (13963, 361, 'X횄짙 Nam 횆혨i찼쨩혖n');
INSERT INTO tbl_vn_district (district_id, province_id, district_name) VALUES (362, 36, 'Huy찼쨩혝n Nam Tr찼쨩짹c');
INSERT INTO tbl_vn_ward (ward_id, district_id, ward_name) VALUES (13966, 362, 'Th찼쨩혢 tr찼쨘짜n Nam Giang');
INSERT INTO tbl_vn_ward (ward_id, district_id, ward_name) VALUES (13972, 362, 'X횄짙 Nam 횆혨i찼쨩혖n');
INSERT INTO tbl_vn_ward (ward_id, district_id, ward_name) VALUES (13975, 362, 'X횄짙 Ngh횆짤a An');
INSERT INTO tbl_vn_ward (ward_id, district_id, ward_name) VALUES (13978, 362, 'X횄짙 Nam Th찼쨘짱ng');
INSERT INTO tbl_vn_ward (ward_id, district_id, ward_name) VALUES (13984, 362, 'X횄짙 H찼쨩혫ng Quang');
INSERT INTO tbl_vn_ward (ward_id, district_id, ward_name) VALUES (13987, 362, 'X횄짙 T횄짖n Th찼쨩혢nh');
INSERT INTO tbl_vn_ward (ward_id, district_id, ward_name) VALUES (13990, 362, 'X횄짙 Nam C횈째찼쨩혶ng');
INSERT INTO tbl_vn_ward (ward_id, district_id, ward_name) VALUES (13993, 362, 'X횄짙 Nam H찼쨩혫ng');
INSERT INTO tbl_vn_ward (ward_id, district_id, ward_name) VALUES (13996, 362, 'X횄짙 Nam H횄쨔ng');
INSERT INTO tbl_vn_ward (ward_id, district_id, ward_name) VALUES (13999, 362, 'X횄짙 Nam Hoa');
INSERT INTO tbl_vn_ward (ward_id, district_id, ward_name) VALUES (14002, 362, 'X횄짙 Nam D횈째횈징ng');
INSERT INTO tbl_vn_ward (ward_id, district_id, ward_name) VALUES (14005, 362, 'X횄짙 Nam Thanh');
INSERT INTO tbl_vn_ward (ward_id, district_id, ward_name) VALUES (14008, 362, 'X횄짙 Nam L찼쨩짙i');
INSERT INTO tbl_vn_ward (ward_id, district_id, ward_name) VALUES (14011, 362, 'X횄짙 B횄짭nh Minh');
INSERT INTO tbl_vn_ward (ward_id, district_id, ward_name) VALUES (14014, 362, 'X횄짙 횆혨찼쨩혫ng S횈징n');
INSERT INTO tbl_vn_ward (ward_id, district_id, ward_name) VALUES (14017, 362, 'X횄짙 Nam Ti찼쨘쩔n');
INSERT INTO tbl_vn_ward (ward_id, district_id, ward_name) VALUES (14020, 362, 'X횄짙 Nam H찼쨘짙i');
INSERT INTO tbl_vn_ward (ward_id, district_id, ward_name) VALUES (14023, 362, 'X횄짙 Nam Th횄징i');
INSERT INTO tbl_vn_district (district_id, province_id, district_name) VALUES (363, 36, 'Huy찼쨩혝n Tr찼쨩짹c Ninh');
INSERT INTO tbl_vn_ward (ward_id, district_id, ward_name) VALUES (14026, 363, 'Th찼쨩혢 tr찼쨘짜n C찼쨩혮 L찼쨩혚');
INSERT INTO tbl_vn_ward (ward_id, district_id, ward_name) VALUES (14029, 363, 'X횄짙 Ph횈째횈징ng 횆혨찼쨩혢nh');
INSERT INTO tbl_vn_ward (ward_id, district_id, ward_name) VALUES (14032, 363, 'X횄짙 Tr찼쨩짹c Ch횄짯nh');
INSERT INTO tbl_vn_ward (ward_id, district_id, ward_name) VALUES (14035, 363, 'X횄짙 Trung 횆혨횄쨈ng');
INSERT INTO tbl_vn_ward (ward_id, district_id, ward_name) VALUES (14038, 363, 'X횄짙 Li횄짧m H찼쨘짙i');
INSERT INTO tbl_vn_ward (ward_id, district_id, ward_name) VALUES (14041, 363, 'X횄짙 Tr찼쨩짹c Tu찼쨘짜n');
INSERT INTO tbl_vn_ward (ward_id, district_id, ward_name) VALUES (14044, 363, 'X횄짙 Vi찼쨩혝t H횄쨔ng');
INSERT INTO tbl_vn_ward (ward_id, district_id, ward_name) VALUES (14047, 363, 'X횄짙 Tr찼쨩짹c 횆혨찼쨘징o');
INSERT INTO tbl_vn_ward (ward_id, district_id, ward_name) VALUES (14050, 363, 'X횄짙 Tr찼쨩짹c H횈째ng');
INSERT INTO tbl_vn_ward (ward_id, district_id, ward_name) VALUES (14053, 363, 'X횄짙 Tr찼쨩짹c N찼쨩혲i');
INSERT INTO tbl_vn_ward (ward_id, district_id, ward_name) VALUES (14056, 363, 'Th찼쨩혢 tr찼쨘짜n C횄징t Th횄혻nh');
INSERT INTO tbl_vn_ward (ward_id, district_id, ward_name) VALUES (14059, 363, 'X횄짙 Tr찼쨩짹c Thanh');
INSERT INTO tbl_vn_ward (ward_id, district_id, ward_name) VALUES (14062, 363, 'X횄짙 Tr찼쨩짹c Khang');
INSERT INTO tbl_vn_ward (ward_id, district_id, ward_name) VALUES (14065, 363, 'X횄짙 Tr찼쨩짹c Thu찼쨘짯n');
INSERT INTO tbl_vn_ward (ward_id, district_id, ward_name) VALUES (14068, 363, 'X횄짙 Tr찼쨩짹c M찼쨩쨔');
INSERT INTO tbl_vn_ward (ward_id, district_id, ward_name) VALUES (14071, 363, 'X횄짙 Tr찼쨩짹c 횆혨찼쨘징i');
INSERT INTO tbl_vn_ward (ward_id, district_id, ward_name) VALUES (14074, 363, 'X횄짙 Tr찼쨩짹c C횈째찼쨩혶ng');
INSERT INTO tbl_vn_ward (ward_id, district_id, ward_name) VALUES (14077, 363, 'Th찼쨩혢 tr찼쨘짜n Ninh C횈째찼쨩혶ng');
INSERT INTO tbl_vn_ward (ward_id, district_id, ward_name) VALUES (14080, 363, 'X횄짙 Tr찼쨩짹c Th횄징i');
INSERT INTO tbl_vn_ward (ward_id, district_id, ward_name) VALUES (14083, 363, 'X횄짙 Tr찼쨩짹c H횄쨔ng');
INSERT INTO tbl_vn_ward (ward_id, district_id, ward_name) VALUES (14086, 363, 'X횄짙 Tr찼쨩짹c Th찼쨘짱ng');
INSERT INTO tbl_vn_district (district_id, province_id, district_name) VALUES (364, 36, 'Huy찼쨩혝n Xu횄짖n Tr횈째찼쨩혶ng');
INSERT INTO tbl_vn_ward (ward_id, district_id, ward_name) VALUES (14089, 364, 'Th찼쨩혢 tr찼쨘짜n Xu횄짖n Tr횈째찼쨩혶ng');
INSERT INTO tbl_vn_ward (ward_id, district_id, ward_name) VALUES (14092, 364, 'X횄짙 Xu횄짖n Ch횄짖u');
INSERT INTO tbl_vn_ward (ward_id, district_id, ward_name) VALUES (14095, 364, 'X횄짙 Xu횄짖n H찼쨩혫ng');
INSERT INTO tbl_vn_ward (ward_id, district_id, ward_name) VALUES (14098, 364, 'X횄짙 Xu횄짖n Th횄혻nh');
INSERT INTO tbl_vn_ward (ward_id, district_id, ward_name) VALUES (14101, 364, 'X횄짙 Xu횄짖n Th횈째찼쨩짙ng');
INSERT INTO tbl_vn_ward (ward_id, district_id, ward_name) VALUES (14104, 364, 'X횄짙 Xu횄짖n Giang');
INSERT INTO tbl_vn_ward (ward_id, district_id, ward_name) VALUES (14110, 364, 'X횄짙 Xu횄짖n T횄짖n');
INSERT INTO tbl_vn_ward (ward_id, district_id, ward_name) VALUES (14116, 364, 'X횄짙 Xu횄짖n Ng찼쨩혥c');
INSERT INTO tbl_vn_ward (ward_id, district_id, ward_name) VALUES (14122, 364, 'X횄짙 Tr횄혻 L횇짤');
INSERT INTO tbl_vn_ward (ward_id, district_id, ward_name) VALUES (14125, 364, 'X횄짙 Th찼쨩혥 Nghi찼쨩혝p');
INSERT INTO tbl_vn_ward (ward_id, district_id, ward_name) VALUES (14128, 364, 'X횄짙 Xu횄짖n Ph횄쨘');
INSERT INTO tbl_vn_ward (ward_id, district_id, ward_name) VALUES (14134, 364, 'X횄짙 Xu횄짖n Vinh');
INSERT INTO tbl_vn_ward (ward_id, district_id, ward_name) VALUES (14143, 364, 'X횄짙 Xu횄짖n Ninh');
INSERT INTO tbl_vn_ward (ward_id, district_id, ward_name) VALUES (14146, 364, 'X횄짙 Xu횄짖n Ph횄쨘c');
INSERT INTO tbl_vn_district (district_id, province_id, district_name) VALUES (365, 36, 'Huy찼쨩혝n Giao Th찼쨩짠y');
INSERT INTO tbl_vn_ward (ward_id, district_id, ward_name) VALUES (14152, 365, 'Th찼쨩혢 tr찼쨘짜n Qu찼쨘짜t L횄짖m');
INSERT INTO tbl_vn_ward (ward_id, district_id, ward_name) VALUES (14155, 365, 'X횄짙 Giao H횈째횈징ng');
INSERT INTO tbl_vn_ward (ward_id, district_id, ward_name) VALUES (14158, 365, 'X횄짙 H찼쨩혫ng Thu찼쨘짯n');
INSERT INTO tbl_vn_ward (ward_id, district_id, ward_name) VALUES (14161, 365, 'X횄짙 Giao Thi찼쨩혝n');
INSERT INTO tbl_vn_ward (ward_id, district_id, ward_name) VALUES (14164, 365, 'X횄짙 Giao Thanh');
INSERT INTO tbl_vn_ward (ward_id, district_id, ward_name) VALUES (14167, 365, 'Th찼쨩혢 tr찼쨘짜n Giao Th찼쨩짠y');
INSERT INTO tbl_vn_ward (ward_id, district_id, ward_name) VALUES (14170, 365, 'X횄짙 B횄짭nh H횄짼a');
INSERT INTO tbl_vn_ward (ward_id, district_id, ward_name) VALUES (14176, 365, 'X횄짙 Giao H횄혻');
INSERT INTO tbl_vn_ward (ward_id, district_id, ward_name) VALUES (14179, 365, 'X횄짙 Giao Nh횄짖n');
INSERT INTO tbl_vn_ward (ward_id, district_id, ward_name) VALUES (14182, 365, 'X횄짙 Giao An');
INSERT INTO tbl_vn_ward (ward_id, district_id, ward_name) VALUES (14185, 365, 'X횄짙 Giao L찼쨘징c');
INSERT INTO tbl_vn_ward (ward_id, district_id, ward_name) VALUES (14188, 365, 'X횄짙 Giao Ch횄짖u');
INSERT INTO tbl_vn_ward (ward_id, district_id, ward_name) VALUES (14191, 365, 'X횄짙 Giao T횄짖n');
INSERT INTO tbl_vn_ward (ward_id, district_id, ward_name) VALUES (14194, 365, 'X횄짙 Giao Y찼쨘쩔n');
INSERT INTO tbl_vn_ward (ward_id, district_id, ward_name) VALUES (14197, 365, 'X횄짙 Giao Xu횄짖n');
INSERT INTO tbl_vn_ward (ward_id, district_id, ward_name) VALUES (14200, 365, 'X횄짙 Giao Th찼쨩혢nh');
INSERT INTO tbl_vn_ward (ward_id, district_id, ward_name) VALUES (14203, 365, 'X횄짙 Giao H찼쨘짙i');
INSERT INTO tbl_vn_ward (ward_id, district_id, ward_name) VALUES (14206, 365, 'X횄짙 B찼쨘징ch Long');
INSERT INTO tbl_vn_ward (ward_id, district_id, ward_name) VALUES (14209, 365, 'X횄짙 Giao Long');
INSERT INTO tbl_vn_ward (ward_id, district_id, ward_name) VALUES (14212, 365, 'X횄짙 Giao Phong');
INSERT INTO tbl_vn_district (district_id, province_id, district_name) VALUES (366, 36, 'Huy찼쨩혝n H찼쨘짙i H찼쨘짯u');
INSERT INTO tbl_vn_ward (ward_id, district_id, ward_name) VALUES (14215, 366, 'Th찼쨩혢 tr찼쨘짜n Y횄짧n 횆혨찼쨩혢nh');
INSERT INTO tbl_vn_ward (ward_id, district_id, ward_name) VALUES (14218, 366, 'Th찼쨩혢 tr찼쨘짜n C찼쨩혫n');
INSERT INTO tbl_vn_ward (ward_id, district_id, ward_name) VALUES (14221, 366, 'Th찼쨩혢 tr찼쨘짜n Th찼쨩혢nh Long');
INSERT INTO tbl_vn_ward (ward_id, district_id, ward_name) VALUES (14224, 366, 'X횄짙 H찼쨘짙i Nam');
INSERT INTO tbl_vn_ward (ward_id, district_id, ward_name) VALUES (14227, 366, 'X횄짙 H찼쨘짙i Trung');
INSERT INTO tbl_vn_ward (ward_id, district_id, ward_name) VALUES (14233, 366, 'X횄짙 H찼쨘짙i Minh');
INSERT INTO tbl_vn_ward (ward_id, district_id, ward_name) VALUES (14236, 366, 'X횄짙 H찼쨘짙i Anh');
INSERT INTO tbl_vn_ward (ward_id, district_id, ward_name) VALUES (14248, 366, 'X횄짙 H찼쨘짙i H횈째ng');
INSERT INTO tbl_vn_ward (ward_id, district_id, ward_name) VALUES (14254, 366, 'X횄짙 H찼쨘짙i Long');
INSERT INTO tbl_vn_ward (ward_id, district_id, ward_name) VALUES (14260, 366, 'X횄짙 H찼쨘짙i 횆혨횈째찼쨩혶ng');
INSERT INTO tbl_vn_ward (ward_id, district_id, ward_name) VALUES (14263, 366, 'X횄짙 H찼쨘짙i L찼쨩혲c');
INSERT INTO tbl_vn_ward (ward_id, district_id, ward_name) VALUES (14266, 366, 'X횄짙 H찼쨘짙i Quang');
INSERT INTO tbl_vn_ward (ward_id, district_id, ward_name) VALUES (14269, 366, 'X횄짙 H찼쨘짙i 횆혨횄쨈ng');
INSERT INTO tbl_vn_ward (ward_id, district_id, ward_name) VALUES (14272, 366, 'X횄짙 H찼쨘짙i S횈징n');
INSERT INTO tbl_vn_ward (ward_id, district_id, ward_name) VALUES (14275, 366, 'X횄짙 H찼쨘짙i T횄짖n');
INSERT INTO tbl_vn_ward (ward_id, district_id, ward_name) VALUES (14281, 366, 'X횄짙 H찼쨘짙i Phong');
INSERT INTO tbl_vn_ward (ward_id, district_id, ward_name) VALUES (14284, 366, 'X횄짙 H찼쨘짙i An');
INSERT INTO tbl_vn_ward (ward_id, district_id, ward_name) VALUES (14287, 366, 'X횄짙 H찼쨘짙i T횄짖y');
INSERT INTO tbl_vn_ward (ward_id, district_id, ward_name) VALUES (14293, 366, 'X횄짙 H찼쨘짙i Ph횄쨘');
INSERT INTO tbl_vn_ward (ward_id, district_id, ward_name) VALUES (14296, 366, 'X횄짙 H찼쨘짙i Giang');
INSERT INTO tbl_vn_ward (ward_id, district_id, ward_name) VALUES (14302, 366, 'X횄짙 H찼쨘짙i Ninh');
INSERT INTO tbl_vn_ward (ward_id, district_id, ward_name) VALUES (14308, 366, 'X횄짙 H찼쨘짙i Xu횄짖n');
INSERT INTO tbl_vn_ward (ward_id, district_id, ward_name) VALUES (14311, 366, 'X횄짙 H찼쨘짙i Ch횄짖u');
INSERT INTO tbl_vn_ward (ward_id, district_id, ward_name) VALUES (14317, 366, 'X횄짙 H찼쨘짙i H횄짼a');
INSERT INTO tbl_vn_province (province_id, province_name) VALUES (37, 'T찼쨩혟nh Ninh B횄짭nh');
INSERT INTO tbl_vn_district (district_id, province_id, district_name) VALUES (370, 37, 'Th횄혻nh ph찼쨩혩 Tam 횆혨i찼쨩혝p');
INSERT INTO tbl_vn_ward (ward_id, district_id, ward_name) VALUES (14362, 370, 'Ph횈째찼쨩혶ng B찼쨘짱c S횈징n');
INSERT INTO tbl_vn_ward (ward_id, district_id, ward_name) VALUES (14365, 370, 'Ph횈째찼쨩혶ng Trung S횈징n');
INSERT INTO tbl_vn_ward (ward_id, district_id, ward_name) VALUES (14368, 370, 'Ph횈째찼쨩혶ng Nam S횈징n');
INSERT INTO tbl_vn_ward (ward_id, district_id, ward_name) VALUES (14369, 370, 'Ph횈째찼쨩혶ng T횄짖y S횈징n');
INSERT INTO tbl_vn_ward (ward_id, district_id, ward_name) VALUES (14371, 370, 'X횄짙 Y횄짧n S횈징n');
INSERT INTO tbl_vn_ward (ward_id, district_id, ward_name) VALUES (14374, 370, 'Ph횈째찼쨩혶ng Y횄짧n B횄짭nh');
INSERT INTO tbl_vn_ward (ward_id, district_id, ward_name) VALUES (14375, 370, 'Ph횈째찼쨩혶ng T횄짖n B횄짭nh');
INSERT INTO tbl_vn_ward (ward_id, district_id, ward_name) VALUES (14377, 370, 'X횄짙 Quang S횈징n');
INSERT INTO tbl_vn_ward (ward_id, district_id, ward_name) VALUES (14380, 370, 'X횄짙 횆혨횄쨈ng S횈징n');
INSERT INTO tbl_vn_district (district_id, province_id, district_name) VALUES (372, 37, 'Huy찼쨩혝n Nho Quan');
INSERT INTO tbl_vn_ward (ward_id, district_id, ward_name) VALUES (14386, 372, 'X횄짙 X횄짯ch Th찼쨩혮');
INSERT INTO tbl_vn_ward (ward_id, district_id, ward_name) VALUES (14389, 372, 'X횄짙 Gia L횄짖m');
INSERT INTO tbl_vn_ward (ward_id, district_id, ward_name) VALUES (14392, 372, 'X횄짙 Gia S횈징n');
INSERT INTO tbl_vn_ward (ward_id, district_id, ward_name) VALUES (14395, 372, 'X횄짙 Th찼쨘징ch B횄짭nh');
INSERT INTO tbl_vn_ward (ward_id, district_id, ward_name) VALUES (14398, 372, 'X횄짙 Gia Th찼쨩짠y');
INSERT INTO tbl_vn_ward (ward_id, district_id, ward_name) VALUES (14401, 372, 'X횄짙 Gia T횈째찼쨩혶ng');
INSERT INTO tbl_vn_ward (ward_id, district_id, ward_name) VALUES (14404, 372, 'X횄짙 C횄쨘c Ph횈째횈징ng');
INSERT INTO tbl_vn_ward (ward_id, district_id, ward_name) VALUES (14407, 372, 'X횄짙 Ph횄쨘 S횈징n');
INSERT INTO tbl_vn_ward (ward_id, district_id, ward_name) VALUES (14410, 372, 'X횄짙 횆혨찼쨩짤c Long');
INSERT INTO tbl_vn_ward (ward_id, district_id, ward_name) VALUES (14413, 372, 'X횄짙 L찼쨘징c V횄짖n');
INSERT INTO tbl_vn_ward (ward_id, district_id, ward_name) VALUES (14416, 372, 'X횄짙 횆혨찼쨩혫ng Phong');
INSERT INTO tbl_vn_ward (ward_id, district_id, ward_name) VALUES (14419, 372, 'X횄짙 Y횄짧n Quang');
INSERT INTO tbl_vn_ward (ward_id, district_id, ward_name) VALUES (14425, 372, 'X횄짙 Th횈째찼쨩짙ng H횄짼a');
INSERT INTO tbl_vn_ward (ward_id, district_id, ward_name) VALUES (14428, 372, 'Th찼쨩혢 tr찼쨘짜n Nho Quan');
INSERT INTO tbl_vn_ward (ward_id, district_id, ward_name) VALUES (14431, 372, 'X횄짙 V횆혘n Ph횈째횈징ng');
INSERT INTO tbl_vn_ward (ward_id, district_id, ward_name) VALUES (14434, 372, 'X횄짙 Thanh S횈징n');
INSERT INTO tbl_vn_ward (ward_id, district_id, ward_name) VALUES (14437, 372, 'X횄짙 Ph횄쨘c S횈징n');
INSERT INTO tbl_vn_ward (ward_id, district_id, ward_name) VALUES (14443, 372, 'X횄짙 V횆혘n Ph횄쨘');
INSERT INTO tbl_vn_ward (ward_id, district_id, ward_name) VALUES (14446, 372, 'X횄짙 Ph횄쨘 L찼쨩혲c');
INSERT INTO tbl_vn_ward (ward_id, district_id, ward_name) VALUES (14449, 372, 'X횄짙 K찼쨩쨀 Ph횄쨘');
INSERT INTO tbl_vn_ward (ward_id, district_id, ward_name) VALUES (14452, 372, 'X횄짙 Qu찼쨩쨀nh L횈째u');
INSERT INTO tbl_vn_ward (ward_id, district_id, ward_name) VALUES (14458, 372, 'X횄짙 Ph횄쨘 Long');
INSERT INTO tbl_vn_ward (ward_id, district_id, ward_name) VALUES (14461, 372, 'X횄짙 Qu찼쨘짙ng L찼쨘징c');
INSERT INTO tbl_vn_district (district_id, province_id, district_name) VALUES (373, 37, 'Huy찼쨩혝n Gia Vi찼쨩혚n');
INSERT INTO tbl_vn_ward (ward_id, district_id, ward_name) VALUES (14464, 373, 'Th찼쨩혢 tr찼쨘짜n Th찼쨩혢nh V횈째찼쨩짙ng');
INSERT INTO tbl_vn_ward (ward_id, district_id, ward_name) VALUES (14467, 373, 'X횄짙 Gia H횄짼a');
INSERT INTO tbl_vn_ward (ward_id, district_id, ward_name) VALUES (14470, 373, 'X횄짙 Gia H횈째ng');
INSERT INTO tbl_vn_ward (ward_id, district_id, ward_name) VALUES (14473, 373, 'X횄짙 Li횄짧n S횈징n');
INSERT INTO tbl_vn_ward (ward_id, district_id, ward_name) VALUES (14476, 373, 'X횄짙 Gia Thanh');
INSERT INTO tbl_vn_ward (ward_id, district_id, ward_name) VALUES (14479, 373, 'X횄짙 Gia V횄짖n');
INSERT INTO tbl_vn_ward (ward_id, district_id, ward_name) VALUES (14482, 373, 'X횄짙 Gia Ph횄쨘');
INSERT INTO tbl_vn_ward (ward_id, district_id, ward_name) VALUES (14485, 373, 'X횄짙 Gia Xu횄짖n');
INSERT INTO tbl_vn_ward (ward_id, district_id, ward_name) VALUES (14488, 373, 'X횄짙 Gia L찼쨘짯p');
INSERT INTO tbl_vn_ward (ward_id, district_id, ward_name) VALUES (14494, 373, 'X횄짙 Gia Tr찼쨘짜n');
INSERT INTO tbl_vn_ward (ward_id, district_id, ward_name) VALUES (14500, 373, 'X횄짙 Gia Ph횈째횈징ng');
INSERT INTO tbl_vn_ward (ward_id, district_id, ward_name) VALUES (14503, 373, 'X횄짙 Gia T횄짖n');
INSERT INTO tbl_vn_ward (ward_id, district_id, ward_name) VALUES (14506, 373, 'X횄짙 Ti찼쨘쩔n Th찼쨘짱ng');
INSERT INTO tbl_vn_ward (ward_id, district_id, ward_name) VALUES (14509, 373, 'X횄짙 Gia Trung');
INSERT INTO tbl_vn_ward (ward_id, district_id, ward_name) VALUES (14512, 373, 'X횄짙 Gia Minh');
INSERT INTO tbl_vn_ward (ward_id, district_id, ward_name) VALUES (14515, 373, 'X횄짙 Gia L찼쨘징c');
INSERT INTO tbl_vn_ward (ward_id, district_id, ward_name) VALUES (14521, 373, 'X횄짙 Gia Sinh');
INSERT INTO tbl_vn_ward (ward_id, district_id, ward_name) VALUES (14524, 373, 'X횄짙 Gia Phong');
INSERT INTO tbl_vn_district (district_id, province_id, district_name) VALUES (374, 37, 'Th횄혻nh ph찼쨩혩 Hoa L횈째');
INSERT INTO tbl_vn_ward (ward_id, district_id, ward_name) VALUES (14320, 374, 'Ph횈째찼쨩혶ng 횆혨횄쨈ng Th횄혻nh');
INSERT INTO tbl_vn_ward (ward_id, district_id, ward_name) VALUES (14323, 374, 'Ph횈째찼쨩혶ng T횄짖n Th횄혻nh');
INSERT INTO tbl_vn_ward (ward_id, district_id, ward_name) VALUES (14329, 374, 'Ph횈째찼쨩혶ng V횄짖n Giang');
INSERT INTO tbl_vn_ward (ward_id, district_id, ward_name) VALUES (14332, 374, 'Ph횈째찼쨩혶ng B횄짯ch 횆혨횄혻o');
INSERT INTO tbl_vn_ward (ward_id, district_id, ward_name) VALUES (14338, 374, 'Ph횈째찼쨩혶ng Nam B횄짭nh');
INSERT INTO tbl_vn_ward (ward_id, district_id, ward_name) VALUES (14341, 374, 'Ph횈째찼쨩혶ng Nam Th횄혻nh');
INSERT INTO tbl_vn_ward (ward_id, district_id, ward_name) VALUES (14344, 374, 'Ph횈째찼쨩혶ng Ninh Kh횄징nh');
INSERT INTO tbl_vn_ward (ward_id, district_id, ward_name) VALUES (14347, 374, 'X횄짙 Ninh Nh찼쨘짜t');
INSERT INTO tbl_vn_ward (ward_id, district_id, ward_name) VALUES (14350, 374, 'X횄짙 Ninh Ti찼쨘쩔n');
INSERT INTO tbl_vn_ward (ward_id, district_id, ward_name) VALUES (14353, 374, 'Ph횈째찼쨩혶ng Ninh Ph횄쨘c');
INSERT INTO tbl_vn_ward (ward_id, district_id, ward_name) VALUES (14356, 374, 'Ph횈째찼쨩혶ng Ninh S횈징n');
INSERT INTO tbl_vn_ward (ward_id, district_id, ward_name) VALUES (14359, 374, 'Ph횈째찼쨩혶ng Ninh Phong');
INSERT INTO tbl_vn_ward (ward_id, district_id, ward_name) VALUES (14527, 374, 'Ph횈째찼쨩혶ng Ninh M찼쨩쨔');
INSERT INTO tbl_vn_ward (ward_id, district_id, ward_name) VALUES (14530, 374, 'Ph횈째찼쨩혶ng Ninh Giang');
INSERT INTO tbl_vn_ward (ward_id, district_id, ward_name) VALUES (14533, 374, 'X횄짙 Tr횈째찼쨩혶ng Y횄짧n');
INSERT INTO tbl_vn_ward (ward_id, district_id, ward_name) VALUES (14536, 374, 'X횄짙 Ninh Khang');
INSERT INTO tbl_vn_ward (ward_id, district_id, ward_name) VALUES (14542, 374, 'X횄짙 Ninh H횄짼a');
INSERT INTO tbl_vn_ward (ward_id, district_id, ward_name) VALUES (14551, 374, 'X횄짙 Ninh H찼쨘짙i');
INSERT INTO tbl_vn_ward (ward_id, district_id, ward_name) VALUES (14554, 374, 'X횄짙 Ninh V횄짖n');
INSERT INTO tbl_vn_ward (ward_id, district_id, ward_name) VALUES (14557, 374, 'X횄짙 Ninh An');
INSERT INTO tbl_vn_district (district_id, province_id, district_name) VALUES (375, 37, 'Huy찼쨩혝n Y횄짧n Kh횄징nh');
INSERT INTO tbl_vn_ward (ward_id, district_id, ward_name) VALUES (14560, 375, 'Th찼쨩혢 tr찼쨘짜n Y횄짧n Ninh');
INSERT INTO tbl_vn_ward (ward_id, district_id, ward_name) VALUES (14563, 375, 'X횄짙 Kh횄징nh Thi찼쨩혝n');
INSERT INTO tbl_vn_ward (ward_id, district_id, ward_name) VALUES (14566, 375, 'X횄짙 Kh횄징nh Ph횄쨘');
INSERT INTO tbl_vn_ward (ward_id, district_id, ward_name) VALUES (14569, 375, 'X횄짙 Kh횄징nh H횄짼a');
INSERT INTO tbl_vn_ward (ward_id, district_id, ward_name) VALUES (14572, 375, 'X횄짙 Kh횄징nh L찼쨩짙i');
INSERT INTO tbl_vn_ward (ward_id, district_id, ward_name) VALUES (14575, 375, 'X횄짙 Kh횄징nh An');
INSERT INTO tbl_vn_ward (ward_id, district_id, ward_name) VALUES (14578, 375, 'X횄짙 Kh횄징nh C횈째찼쨩혶ng');
INSERT INTO tbl_vn_ward (ward_id, district_id, ward_name) VALUES (14581, 375, 'X횄짙 Kh횄징nh C횈째');
INSERT INTO tbl_vn_ward (ward_id, district_id, ward_name) VALUES (14587, 375, 'X횄짙 Kh횄징nh H찼쨘짙i');
INSERT INTO tbl_vn_ward (ward_id, district_id, ward_name) VALUES (14590, 375, 'X횄짙 Kh횄징nh Trung');
INSERT INTO tbl_vn_ward (ward_id, district_id, ward_name) VALUES (14593, 375, 'X횄짙 Kh횄징nh M찼쨘짯u');
INSERT INTO tbl_vn_ward (ward_id, district_id, ward_name) VALUES (14596, 375, 'X횄짙 Kh횄징nh V횄짖n');
INSERT INTO tbl_vn_ward (ward_id, district_id, ward_name) VALUES (14599, 375, 'X횄짙 Kh횄징nh H찼쨩혲i');
INSERT INTO tbl_vn_ward (ward_id, district_id, ward_name) VALUES (14602, 375, 'X횄짙 Kh횄징nh C횄쨈ng');
INSERT INTO tbl_vn_ward (ward_id, district_id, ward_name) VALUES (14608, 375, 'X횄짙 Kh횄징nh Th횄혻nh');
INSERT INTO tbl_vn_ward (ward_id, district_id, ward_name) VALUES (14611, 375, 'X횄짙 Kh횄징nh Nh찼쨘징c');
INSERT INTO tbl_vn_ward (ward_id, district_id, ward_name) VALUES (14614, 375, 'X횄짙 Kh횄징nh Th찼쨩짠y');
INSERT INTO tbl_vn_ward (ward_id, district_id, ward_name) VALUES (14617, 375, 'X횄짙 Kh횄징nh H찼쨩혫ng');
INSERT INTO tbl_vn_district (district_id, province_id, district_name) VALUES (376, 37, 'Huy찼쨩혝n Kim S횈징n');
INSERT INTO tbl_vn_ward (ward_id, district_id, ward_name) VALUES (14620, 376, 'Th찼쨩혢 tr찼쨘짜n Ph횄징t Di찼쨩혝m');
INSERT INTO tbl_vn_ward (ward_id, district_id, ward_name) VALUES (14623, 376, 'Th찼쨩혢 tr찼쨘짜n B횄짭nh Minh');
INSERT INTO tbl_vn_ward (ward_id, district_id, ward_name) VALUES (14629, 376, 'X횄짙 H찼쨩혫i Ninh');
INSERT INTO tbl_vn_ward (ward_id, district_id, ward_name) VALUES (14632, 376, 'X횄짙 Xu횄짖n Ch횄짯nh');
INSERT INTO tbl_vn_ward (ward_id, district_id, ward_name) VALUES (14635, 376, 'X횄짙 Kim 횆혨찼쨩혢nh');
INSERT INTO tbl_vn_ward (ward_id, district_id, ward_name) VALUES (14638, 376, 'X횄짙 횄혗n H횄짼a');
INSERT INTO tbl_vn_ward (ward_id, district_id, ward_name) VALUES (14641, 376, 'X횄짙 H횄쨔ng Ti찼쨘쩔n');
INSERT INTO tbl_vn_ward (ward_id, district_id, ward_name) VALUES (14647, 376, 'X횄짙 Quang Thi찼쨩혝n');
INSERT INTO tbl_vn_ward (ward_id, district_id, ward_name) VALUES (14650, 376, 'X횄짙 Nh횈째 H횄짼a');
INSERT INTO tbl_vn_ward (ward_id, district_id, ward_name) VALUES (14653, 376, 'X횄짙 Ch찼쨘짜t B횄짭nh');
INSERT INTO tbl_vn_ward (ward_id, district_id, ward_name) VALUES (14656, 376, 'X횄짙 횆혨찼쨩혫ng H횈째찼쨩혴ng');
INSERT INTO tbl_vn_ward (ward_id, district_id, ward_name) VALUES (14659, 376, 'X횄짙 Kim Ch횄짯nh');
INSERT INTO tbl_vn_ward (ward_id, district_id, ward_name) VALUES (14662, 376, 'X횄짙 Th횈째찼쨩짙ng Ki찼쨩혝m');
INSERT INTO tbl_vn_ward (ward_id, district_id, ward_name) VALUES (14668, 376, 'X횄짙 T횄짖n Th횄혻nh');
INSERT INTO tbl_vn_ward (ward_id, district_id, ward_name) VALUES (14671, 376, 'X횄짙 Y횄짧n L찼쨩혲c');
INSERT INTO tbl_vn_ward (ward_id, district_id, ward_name) VALUES (14674, 376, 'X횄짙 Lai Th횄혻nh');
INSERT INTO tbl_vn_ward (ward_id, district_id, ward_name) VALUES (14677, 376, 'X횄짙 횆혨찼쨩혢nh H횄쨀a');
INSERT INTO tbl_vn_ward (ward_id, district_id, ward_name) VALUES (14680, 376, 'X횄짙 V횆혘n H찼쨘짙i');
INSERT INTO tbl_vn_ward (ward_id, district_id, ward_name) VALUES (14683, 376, 'X횄짙 Kim T횄짖n');
INSERT INTO tbl_vn_ward (ward_id, district_id, ward_name) VALUES (14686, 376, 'X횄짙 Kim M찼쨩쨔');
INSERT INTO tbl_vn_ward (ward_id, district_id, ward_name) VALUES (14689, 376, 'X횄짙 C찼쨩혫n Thoi');
INSERT INTO tbl_vn_ward (ward_id, district_id, ward_name) VALUES (14695, 376, 'X횄짙 Kim Trung');
INSERT INTO tbl_vn_ward (ward_id, district_id, ward_name) VALUES (14698, 376, 'X횄짙 Kim 횆혨횄쨈ng');
INSERT INTO tbl_vn_district (district_id, province_id, district_name) VALUES (377, 37, 'Huy찼쨩혝n Y횄짧n M횄쨈');
INSERT INTO tbl_vn_ward (ward_id, district_id, ward_name) VALUES (14701, 377, 'Th찼쨩혢 tr찼쨘짜n Y횄짧n Th찼쨩혢nh');
INSERT INTO tbl_vn_ward (ward_id, district_id, ward_name) VALUES (14704, 377, 'X횄짙 Kh횄징nh Th횈째찼쨩짙ng');
INSERT INTO tbl_vn_ward (ward_id, district_id, ward_name) VALUES (14707, 377, 'X횄짙 Kh횄징nh D횈째횈징ng');
INSERT INTO tbl_vn_ward (ward_id, district_id, ward_name) VALUES (14719, 377, 'X횄짙 Y횄짧n Phong');
INSERT INTO tbl_vn_ward (ward_id, district_id, ward_name) VALUES (14722, 377, 'X횄짙 Y횄짧n H횄짼a');
INSERT INTO tbl_vn_ward (ward_id, district_id, ward_name) VALUES (14725, 377, 'X횄짙 Y횄짧n Th찼쨘짱ng');
INSERT INTO tbl_vn_ward (ward_id, district_id, ward_name) VALUES (14728, 377, 'X횄짙 Y횄짧n T찼쨩짬');
INSERT INTO tbl_vn_ward (ward_id, district_id, ward_name) VALUES (14734, 377, 'X횄짙 Y횄짧n Th횄혻nh');
INSERT INTO tbl_vn_ward (ward_id, district_id, ward_name) VALUES (14737, 377, 'X횄짙 Y횄짧n Nh횄짖n');
INSERT INTO tbl_vn_ward (ward_id, district_id, ward_name) VALUES (14740, 377, 'X횄짙 Y횄짧n M찼쨩쨔');
INSERT INTO tbl_vn_ward (ward_id, district_id, ward_name) VALUES (14743, 377, 'X횄짙 Y횄짧n M찼쨘징c');
INSERT INTO tbl_vn_ward (ward_id, district_id, ward_name) VALUES (14746, 377, 'X횄짙 Y횄짧n 횆혨찼쨩혫ng');
INSERT INTO tbl_vn_ward (ward_id, district_id, ward_name) VALUES (14749, 377, 'X횄짙 Y횄짧n Th횄징i');
INSERT INTO tbl_vn_ward (ward_id, district_id, ward_name) VALUES (14752, 377, 'X횄짙 Y횄짧n L횄짖m');
INSERT INTO tbl_vn_province (province_id, province_name) VALUES (38, 'T찼쨩혟nh Thanh H횄쨀a');
INSERT INTO tbl_vn_district (district_id, province_id, district_name) VALUES (380, 38, 'Th횄혻nh ph찼쨩혩 Thanh H횄쨀a');
INSERT INTO tbl_vn_ward (ward_id, district_id, ward_name) VALUES (14755, 380, 'Ph횈째찼쨩혶ng H횄혻m R찼쨩혫ng');
INSERT INTO tbl_vn_ward (ward_id, district_id, ward_name) VALUES (14758, 380, 'Ph횈째찼쨩혶ng 횆혨횄쨈ng Th찼쨩혥');
INSERT INTO tbl_vn_ward (ward_id, district_id, ward_name) VALUES (14761, 380, 'Ph횈째찼쨩혶ng Nam Ng찼쨘징n');
INSERT INTO tbl_vn_ward (ward_id, district_id, ward_name) VALUES (14764, 380, 'Ph횈째찼쨩혶ng Tr횈째찼쨩혶ng Thi');
INSERT INTO tbl_vn_ward (ward_id, district_id, ward_name) VALUES (14767, 380, 'Ph횈째찼쨩혶ng 횆혨i찼쨩혝n Bi횄짧n');
INSERT INTO tbl_vn_ward (ward_id, district_id, ward_name) VALUES (14770, 380, 'Ph횈째찼쨩혶ng Ph횄쨘 S횈징n');
INSERT INTO tbl_vn_ward (ward_id, district_id, ward_name) VALUES (14773, 380, 'Ph횈째찼쨩혶ng Lam S횈징n');
INSERT INTO tbl_vn_ward (ward_id, district_id, ward_name) VALUES (14776, 380, 'Ph횈째찼쨩혶ng Ba 횆혨횄짭nh');
INSERT INTO tbl_vn_ward (ward_id, district_id, ward_name) VALUES (14779, 380, 'Ph횈째찼쨩혶ng Ng찼쨩혥c Tr찼쨘징o');
INSERT INTO tbl_vn_ward (ward_id, district_id, ward_name) VALUES (14782, 380, 'Ph횈째찼쨩혶ng 횆혨횄쨈ng V찼쨩혝');
INSERT INTO tbl_vn_ward (ward_id, district_id, ward_name) VALUES (14785, 380, 'Ph횈째찼쨩혶ng 횆혨횄쨈ng S횈징n');
INSERT INTO tbl_vn_ward (ward_id, district_id, ward_name) VALUES (14791, 380, 'Ph횈째찼쨩혶ng 횆혨횄쨈ng C횈째횈징ng');
INSERT INTO tbl_vn_ward (ward_id, district_id, ward_name) VALUES (14794, 380, 'Ph횈째찼쨩혶ng 횆혨횄쨈ng H횈째횈징ng');
INSERT INTO tbl_vn_ward (ward_id, district_id, ward_name) VALUES (14797, 380, 'Ph횈째찼쨩혶ng 횆혨횄쨈ng H찼쨘짙i');
INSERT INTO tbl_vn_ward (ward_id, district_id, ward_name) VALUES (14800, 380, 'Ph횈째찼쨩혶ng Qu찼쨘짙ng H횈째ng');
INSERT INTO tbl_vn_ward (ward_id, district_id, ward_name) VALUES (14803, 380, 'Ph횈째찼쨩혶ng Qu찼쨘짙ng Th찼쨘짱ng');
INSERT INTO tbl_vn_ward (ward_id, district_id, ward_name) VALUES (14806, 380, 'Ph횈째찼쨩혶ng Qu찼쨘짙ng Th횄혻nh');
INSERT INTO tbl_vn_ward (ward_id, district_id, ward_name) VALUES (15850, 380, 'X횄짙 Thi찼쨩혝u V횄짖n');
INSERT INTO tbl_vn_ward (ward_id, district_id, ward_name) VALUES (15856, 380, 'Ph횈째찼쨩혶ng Thi찼쨩혝u Kh횄징nh');
INSERT INTO tbl_vn_ward (ward_id, district_id, ward_name) VALUES (15859, 380, 'Ph횈째찼쨩혶ng Thi찼쨩혝u D횈째횈징ng');
INSERT INTO tbl_vn_ward (ward_id, district_id, ward_name) VALUES (15913, 380, 'Ph횈째찼쨩혶ng T횄혻o Xuy횄짧n');
INSERT INTO tbl_vn_ward (ward_id, district_id, ward_name) VALUES (15922, 380, 'Ph횈째찼쨩혶ng Long Anh');
INSERT INTO tbl_vn_ward (ward_id, district_id, ward_name) VALUES (15925, 380, 'Ph횈째찼쨩혶ng Ho찼쨘짹ng Quang');
INSERT INTO tbl_vn_ward (ward_id, district_id, ward_name) VALUES (15970, 380, 'Ph횈째찼쨩혶ng Ho찼쨘짹ng 횆혨찼쨘징i');
INSERT INTO tbl_vn_ward (ward_id, district_id, ward_name) VALUES (16378, 380, 'Ph횈째찼쨩혶ng R찼쨩짬ng Th횄쨈ng');
INSERT INTO tbl_vn_ward (ward_id, district_id, ward_name) VALUES (16381, 380, 'X횄짙 횆혨횄쨈ng Ho횄혻ng');
INSERT INTO tbl_vn_ward (ward_id, district_id, ward_name) VALUES (16384, 380, 'X횄짙 횆혨횄쨈ng Ninh');
INSERT INTO tbl_vn_ward (ward_id, district_id, ward_name) VALUES (16387, 380, 'X횄짙 횆혨횄쨈ng Kh횄짧');
INSERT INTO tbl_vn_ward (ward_id, district_id, ward_name) VALUES (16390, 380, 'X횄짙 횆혨횄쨈ng H횄짼a');
INSERT INTO tbl_vn_ward (ward_id, district_id, ward_name) VALUES (16393, 380, 'X횄짙 횆혨횄쨈ng Y횄짧n');
INSERT INTO tbl_vn_ward (ward_id, district_id, ward_name) VALUES (16396, 380, 'Ph횈째찼쨩혶ng 횆혨횄쨈ng L횆짤nh');
INSERT INTO tbl_vn_ward (ward_id, district_id, ward_name) VALUES (16399, 380, 'X횄짙 횆혨횄쨈ng Minh');
INSERT INTO tbl_vn_ward (ward_id, district_id, ward_name) VALUES (16402, 380, 'X횄짙 횆혨횄쨈ng Thanh');
INSERT INTO tbl_vn_ward (ward_id, district_id, ward_name) VALUES (16405, 380, 'X횄짙 횆혨횄쨈ng Ti찼쨘쩔n');
INSERT INTO tbl_vn_ward (ward_id, district_id, ward_name) VALUES (16408, 380, 'X횄짙 횆혨횄쨈ng Kh횄짧');
INSERT INTO tbl_vn_ward (ward_id, district_id, ward_name) VALUES (16411, 380, 'X횄짙 횆혨횄쨈ng Xu횄짖n');
INSERT INTO tbl_vn_ward (ward_id, district_id, ward_name) VALUES (16414, 380, 'Ph횈째찼쨩혶ng 횆혨횄쨈ng Th찼쨩혢nh');
INSERT INTO tbl_vn_ward (ward_id, district_id, ward_name) VALUES (16417, 380, 'X횄짙 횆혨횄쨈ng V횆혘n');
INSERT INTO tbl_vn_ward (ward_id, district_id, ward_name) VALUES (16420, 380, 'X횄짙 횆혨횄쨈ng Ph횄쨘');
INSERT INTO tbl_vn_ward (ward_id, district_id, ward_name) VALUES (16423, 380, 'X횄짙 횆혨횄쨈ng Nam');
INSERT INTO tbl_vn_ward (ward_id, district_id, ward_name) VALUES (16426, 380, 'X횄짙 횆혨횄쨈ng Quang');
INSERT INTO tbl_vn_ward (ward_id, district_id, ward_name) VALUES (16429, 380, 'X횄짙 횆혨횄쨈ng Vinh');
INSERT INTO tbl_vn_ward (ward_id, district_id, ward_name) VALUES (16432, 380, 'Ph횈째찼쨩혶ng 횆혨횄쨈ng T횄짖n');
INSERT INTO tbl_vn_ward (ward_id, district_id, ward_name) VALUES (16435, 380, 'Ph횈째찼쨩혶ng An H횈째ng');
INSERT INTO tbl_vn_ward (ward_id, district_id, ward_name) VALUES (16441, 380, 'Ph횈째찼쨩혶ng Qu찼쨘짙ng Th찼쨩혢nh');
INSERT INTO tbl_vn_ward (ward_id, district_id, ward_name) VALUES (16459, 380, 'Ph횈째찼쨩혶ng Qu찼쨘짙ng 횆혨횄쨈ng');
INSERT INTO tbl_vn_ward (ward_id, district_id, ward_name) VALUES (16507, 380, 'Ph횈째찼쨩혶ng Qu찼쨘짙ng C횄징t');
INSERT INTO tbl_vn_ward (ward_id, district_id, ward_name) VALUES (16522, 380, 'Ph횈째찼쨩혶ng Qu찼쨘짙ng Ph횄쨘');
INSERT INTO tbl_vn_ward (ward_id, district_id, ward_name) VALUES (16525, 380, 'Ph횈째찼쨩혶ng Qu찼쨘짙ng T횄짖m');
INSERT INTO tbl_vn_district (district_id, province_id, district_name) VALUES (381, 38, 'Th찼쨩혢 x횄짙 B찼쨩혟m S횈징n');
INSERT INTO tbl_vn_ward (ward_id, district_id, ward_name) VALUES (14809, 381, 'Ph횈째찼쨩혶ng B찼쨘짱c S횈징n');
INSERT INTO tbl_vn_ward (ward_id, district_id, ward_name) VALUES (14812, 381, 'Ph횈째찼쨩혶ng Ba 횆혨횄짭nh');
INSERT INTO tbl_vn_ward (ward_id, district_id, ward_name) VALUES (14815, 381, 'Ph횈째찼쨩혶ng Lam S횈징n');
INSERT INTO tbl_vn_ward (ward_id, district_id, ward_name) VALUES (14818, 381, 'Ph횈째찼쨩혶ng Ng찼쨩혥c Tr찼쨘징o');
INSERT INTO tbl_vn_ward (ward_id, district_id, ward_name) VALUES (14821, 381, 'Ph횈째찼쨩혶ng 횆혨횄쨈ng S횈징n');
INSERT INTO tbl_vn_ward (ward_id, district_id, ward_name) VALUES (14823, 381, 'Ph횈째찼쨩혶ng Ph횄쨘 S횈징n');
INSERT INTO tbl_vn_ward (ward_id, district_id, ward_name) VALUES (14824, 381, 'X횄짙 Quang Trung');
INSERT INTO tbl_vn_district (district_id, province_id, district_name) VALUES (382, 38, 'Th횄혻nh ph찼쨩혩 S찼쨘짠m S횈징n');
INSERT INTO tbl_vn_ward (ward_id, district_id, ward_name) VALUES (14830, 382, 'Ph횈째찼쨩혶ng Trung S횈징n');
INSERT INTO tbl_vn_ward (ward_id, district_id, ward_name) VALUES (14833, 382, 'Ph횈째찼쨩혶ng B찼쨘짱c S횈징n');
INSERT INTO tbl_vn_ward (ward_id, district_id, ward_name) VALUES (14836, 382, 'Ph횈째찼쨩혶ng Tr횈째찼쨩혶ng S횈징n');
INSERT INTO tbl_vn_ward (ward_id, district_id, ward_name) VALUES (14839, 382, 'Ph횈째찼쨩혶ng Qu찼쨘짙ng C횈째');
INSERT INTO tbl_vn_ward (ward_id, district_id, ward_name) VALUES (14842, 382, 'Ph횈째찼쨩혶ng Qu찼쨘짙ng Ti찼쨘쩔n');
INSERT INTO tbl_vn_ward (ward_id, district_id, ward_name) VALUES (16513, 382, 'X횄짙 Qu찼쨘짙ng Minh');
INSERT INTO tbl_vn_ward (ward_id, district_id, ward_name) VALUES (16516, 382, 'X횄짙 횆혨찼쨘징i H횄쨔ng');
INSERT INTO tbl_vn_ward (ward_id, district_id, ward_name) VALUES (16528, 382, 'Ph횈째찼쨩혶ng Qu찼쨘짙ng Th찼쨩혥');
INSERT INTO tbl_vn_ward (ward_id, district_id, ward_name) VALUES (16531, 382, 'Ph횈째찼쨩혶ng Qu찼쨘짙ng Ch횄짖u');
INSERT INTO tbl_vn_ward (ward_id, district_id, ward_name) VALUES (16534, 382, 'Ph횈째찼쨩혶ng Qu찼쨘짙ng Vinh');
INSERT INTO tbl_vn_district (district_id, province_id, district_name) VALUES (384, 38, 'Huy찼쨩혝n M횈째찼쨩혶ng L횄징t');
INSERT INTO tbl_vn_ward (ward_id, district_id, ward_name) VALUES (14845, 384, 'Th찼쨩혢 tr찼쨘짜n M횈째찼쨩혶ng L횄징t');
INSERT INTO tbl_vn_ward (ward_id, district_id, ward_name) VALUES (14848, 384, 'X횄짙 Tam Chung');
INSERT INTO tbl_vn_ward (ward_id, district_id, ward_name) VALUES (14854, 384, 'X횄짙 M횈째찼쨩혶ng L횄쩍');
INSERT INTO tbl_vn_ward (ward_id, district_id, ward_name) VALUES (14857, 384, 'X횄짙 Trung L횄쩍');
INSERT INTO tbl_vn_ward (ward_id, district_id, ward_name) VALUES (14860, 384, 'X횄짙 Quang Chi찼쨩혘u');
INSERT INTO tbl_vn_ward (ward_id, district_id, ward_name) VALUES (14863, 384, 'X횄짙 P횄쨔 Nhi');
INSERT INTO tbl_vn_ward (ward_id, district_id, ward_name) VALUES (14864, 384, 'X횄짙 Nhi S횈징n');
INSERT INTO tbl_vn_ward (ward_id, district_id, ward_name) VALUES (14866, 384, 'X횄짙 M횈째찼쨩혶ng Chanh');
INSERT INTO tbl_vn_district (district_id, province_id, district_name) VALUES (385, 38, 'Huy찼쨩혝n Quan H횄쨀a');
INSERT INTO tbl_vn_ward (ward_id, district_id, ward_name) VALUES (14869, 385, 'Th찼쨩혢 tr찼쨘짜n H찼쨩혫i Xu횄짖n');
INSERT INTO tbl_vn_ward (ward_id, district_id, ward_name) VALUES (14872, 385, 'X횄짙 Th횄혻nh S횈징n');
INSERT INTO tbl_vn_ward (ward_id, district_id, ward_name) VALUES (14875, 385, 'X횄짙 Trung S횈징n');
INSERT INTO tbl_vn_ward (ward_id, district_id, ward_name) VALUES (14878, 385, 'X횄짙 Ph횄쨘 Thanh');
INSERT INTO tbl_vn_ward (ward_id, district_id, ward_name) VALUES (14881, 385, 'X횄짙 Trung Th횄혻nh');
INSERT INTO tbl_vn_ward (ward_id, district_id, ward_name) VALUES (14884, 385, 'X횄짙 Ph횄쨘 L찼쨩혝');
INSERT INTO tbl_vn_ward (ward_id, district_id, ward_name) VALUES (14887, 385, 'X횄짙 Ph횄쨘 S횈징n');
INSERT INTO tbl_vn_ward (ward_id, district_id, ward_name) VALUES (14890, 385, 'X횄짙 Ph횄쨘 Xu횄짖n');
INSERT INTO tbl_vn_ward (ward_id, district_id, ward_name) VALUES (14896, 385, 'X횄짙 Hi찼쨩혖n Chung');
INSERT INTO tbl_vn_ward (ward_id, district_id, ward_name) VALUES (14899, 385, 'X횄짙 Hi찼쨩혖n Ki찼쨩혝t');
INSERT INTO tbl_vn_ward (ward_id, district_id, ward_name) VALUES (14902, 385, 'X횄짙 Nam Ti찼쨘쩔n');
INSERT INTO tbl_vn_ward (ward_id, district_id, ward_name) VALUES (14908, 385, 'X횄짙 Thi횄짧n Ph찼쨩짠');
INSERT INTO tbl_vn_ward (ward_id, district_id, ward_name) VALUES (14911, 385, 'X횄짙 Ph횄쨘 Nghi횄짧m');
INSERT INTO tbl_vn_ward (ward_id, district_id, ward_name) VALUES (14914, 385, 'X횄짙 Nam Xu횄짖n');
INSERT INTO tbl_vn_ward (ward_id, district_id, ward_name) VALUES (14917, 385, 'X횄짙 Nam 횆혨찼쨩혲ng');
INSERT INTO tbl_vn_district (district_id, province_id, district_name) VALUES (386, 38, 'Huy찼쨩혝n B횄징 Th횈째찼쨩혴c');
INSERT INTO tbl_vn_ward (ward_id, district_id, ward_name) VALUES (14923, 386, 'Th찼쨩혢 tr찼쨘짜n C횄혻nh N횄혻ng');
INSERT INTO tbl_vn_ward (ward_id, district_id, ward_name) VALUES (14926, 386, 'X횄짙 횆혨i찼쨩혖n Th횈째찼쨩짙ng');
INSERT INTO tbl_vn_ward (ward_id, district_id, ward_name) VALUES (14929, 386, 'X횄짙 횆혨i찼쨩혖n H찼쨘징');
INSERT INTO tbl_vn_ward (ward_id, district_id, ward_name) VALUES (14932, 386, 'X횄짙 횆혨i찼쨩혖n Quang');
INSERT INTO tbl_vn_ward (ward_id, district_id, ward_name) VALUES (14935, 386, 'X횄짙 횆혨i찼쨩혖n Trung');
INSERT INTO tbl_vn_ward (ward_id, district_id, ward_name) VALUES (14938, 386, 'X횄짙 Th횄혻nh S횈징n');
INSERT INTO tbl_vn_ward (ward_id, district_id, ward_name) VALUES (14941, 386, 'X횄짙 L횈째횈징ng Ngo찼쨘징i');
INSERT INTO tbl_vn_ward (ward_id, district_id, ward_name) VALUES (14944, 386, 'X횄짙 횄혖i Th횈째찼쨩짙ng');
INSERT INTO tbl_vn_ward (ward_id, district_id, ward_name) VALUES (14947, 386, 'X횄짙 L횈째횈징ng N찼쨩혲i');
INSERT INTO tbl_vn_ward (ward_id, district_id, ward_name) VALUES (14950, 386, 'X횄짙 횆혨i찼쨩혖n L횈째');
INSERT INTO tbl_vn_ward (ward_id, district_id, ward_name) VALUES (14953, 386, 'X횄짙 L횈째횈징ng Trung');
INSERT INTO tbl_vn_ward (ward_id, district_id, ward_name) VALUES (14956, 386, 'X횄짙 L횇짤ng Ni횄짧m');
INSERT INTO tbl_vn_ward (ward_id, district_id, ward_name) VALUES (14959, 386, 'X횄짙 L횇짤ng Cao');
INSERT INTO tbl_vn_ward (ward_id, district_id, ward_name) VALUES (14962, 386, 'X횄짙 H찼쨘징 Trung');
INSERT INTO tbl_vn_ward (ward_id, district_id, ward_name) VALUES (14965, 386, 'X횄짙 C찼쨩혮 L횇짤ng');
INSERT INTO tbl_vn_ward (ward_id, district_id, ward_name) VALUES (14968, 386, 'X횄짙 Th횄혻nh L횄짖m');
INSERT INTO tbl_vn_ward (ward_id, district_id, ward_name) VALUES (14971, 386, 'X횄짙 Ban C횄쨈ng');
INSERT INTO tbl_vn_ward (ward_id, district_id, ward_name) VALUES (14974, 386, 'X횄짙 K찼쨩쨀 T횄짖n');
INSERT INTO tbl_vn_ward (ward_id, district_id, ward_name) VALUES (14977, 386, 'X횄짙 V횆혘n Nho');
INSERT INTO tbl_vn_ward (ward_id, district_id, ward_name) VALUES (14980, 386, 'X횄짙 Thi찼쨘쩔t 찼쨩혨ng');
INSERT INTO tbl_vn_ward (ward_id, district_id, ward_name) VALUES (14986, 386, 'X횄짙 Thi찼쨘쩔t K찼쨘쩔');
INSERT INTO tbl_vn_district (district_id, province_id, district_name) VALUES (387, 38, 'Huy찼쨩혝n Quan S횈징n');
INSERT INTO tbl_vn_ward (ward_id, district_id, ward_name) VALUES (14995, 387, 'X횄짙 Trung Xu횄짖n');
INSERT INTO tbl_vn_ward (ward_id, district_id, ward_name) VALUES (14998, 387, 'X횄짙 Trung Th횈째찼쨩짙ng');
INSERT INTO tbl_vn_ward (ward_id, district_id, ward_name) VALUES (14999, 387, 'X횄짙 Trung Ti찼쨘쩔n');
INSERT INTO tbl_vn_ward (ward_id, district_id, ward_name) VALUES (15001, 387, 'X횄짙 Trung H찼쨘징');
INSERT INTO tbl_vn_ward (ward_id, district_id, ward_name) VALUES (15004, 387, 'X횄짙 S횈징n H횄혻');
INSERT INTO tbl_vn_ward (ward_id, district_id, ward_name) VALUES (15007, 387, 'X횄짙 Tam Thanh');
INSERT INTO tbl_vn_ward (ward_id, district_id, ward_name) VALUES (15010, 387, 'X횄짙 S횈징n Th찼쨩짠y');
INSERT INTO tbl_vn_ward (ward_id, district_id, ward_name) VALUES (15013, 387, 'X횄짙 Na M횄짢o');
INSERT INTO tbl_vn_ward (ward_id, district_id, ward_name) VALUES (15016, 387, 'Th찼쨩혢 tr찼쨘짜n S횈징n L횈째');
INSERT INTO tbl_vn_ward (ward_id, district_id, ward_name) VALUES (15019, 387, 'X횄짙 Tam L횈째');
INSERT INTO tbl_vn_ward (ward_id, district_id, ward_name) VALUES (15022, 387, 'X횄짙 S횈징n 횆혨i찼쨩혝n');
INSERT INTO tbl_vn_ward (ward_id, district_id, ward_name) VALUES (15025, 387, 'X횄짙 M횈째찼쨩혶ng M횄짭n');
INSERT INTO tbl_vn_district (district_id, province_id, district_name) VALUES (388, 38, 'Huy찼쨩혝n Lang Ch횄징nh');
INSERT INTO tbl_vn_ward (ward_id, district_id, ward_name) VALUES (15031, 388, 'X횄짙 Y횄짧n Kh횈째횈징ng');
INSERT INTO tbl_vn_ward (ward_id, district_id, ward_name) VALUES (15034, 388, 'X횄짙 Y횄짧n Th찼쨘짱ng');
INSERT INTO tbl_vn_ward (ward_id, district_id, ward_name) VALUES (15037, 388, 'X횄짙 Tr횄짯 Nang');
INSERT INTO tbl_vn_ward (ward_id, district_id, ward_name) VALUES (15040, 388, 'X횄짙 Giao An');
INSERT INTO tbl_vn_ward (ward_id, district_id, ward_name) VALUES (15043, 388, 'X횄짙 Giao Thi찼쨩혝n');
INSERT INTO tbl_vn_ward (ward_id, district_id, ward_name) VALUES (15046, 388, 'X횄짙 T횄짖n Ph횄쨘c');
INSERT INTO tbl_vn_ward (ward_id, district_id, ward_name) VALUES (15049, 388, 'X횄짙 Tam V횆혘n');
INSERT INTO tbl_vn_ward (ward_id, district_id, ward_name) VALUES (15052, 388, 'X횄짙 L횄짖m Ph횄쨘');
INSERT INTO tbl_vn_ward (ward_id, district_id, ward_name) VALUES (15055, 388, 'Th찼쨩혢 tr찼쨘짜n Lang Ch횄징nh');
INSERT INTO tbl_vn_ward (ward_id, district_id, ward_name) VALUES (15058, 388, 'X횄짙 횆혨찼쨩혫ng L횈째횈징ng');
INSERT INTO tbl_vn_district (district_id, province_id, district_name) VALUES (389, 38, 'Huy찼쨩혝n Ng찼쨩혥c L찼쨘쨌c');
INSERT INTO tbl_vn_ward (ward_id, district_id, ward_name) VALUES (15061, 389, 'Th찼쨩혢 tr찼쨘짜n Ng찼쨩혥c L찼쨘쨌c');
INSERT INTO tbl_vn_ward (ward_id, district_id, ward_name) VALUES (15064, 389, 'X횄짙 Lam S횈징n');
INSERT INTO tbl_vn_ward (ward_id, district_id, ward_name) VALUES (15067, 389, 'X횄짙 M찼쨩쨔 T횄짖n');
INSERT INTO tbl_vn_ward (ward_id, district_id, ward_name) VALUES (15070, 389, 'X횄짙 Th횄쨘y S횈징n');
INSERT INTO tbl_vn_ward (ward_id, district_id, ward_name) VALUES (15073, 389, 'X횄짙 Th찼쨘징ch L찼쨘짯p');
INSERT INTO tbl_vn_ward (ward_id, district_id, ward_name) VALUES (15076, 389, 'X횄짙 V횄짖n 횄혗m');
INSERT INTO tbl_vn_ward (ward_id, district_id, ward_name) VALUES (15079, 389, 'X횄짙 Cao Ng찼쨩혥c');
INSERT INTO tbl_vn_ward (ward_id, district_id, ward_name) VALUES (15085, 389, 'X횄짙 Quang Trung');
INSERT INTO tbl_vn_ward (ward_id, district_id, ward_name) VALUES (15088, 389, 'X횄짙 횆혨찼쨩혫ng Th찼쨩혢nh');
INSERT INTO tbl_vn_ward (ward_id, district_id, ward_name) VALUES (15091, 389, 'X횄짙 Ng찼쨩혥c Li횄짧n');
INSERT INTO tbl_vn_ward (ward_id, district_id, ward_name) VALUES (15094, 389, 'X횄짙 Ng찼쨩혥c S횈징n');
INSERT INTO tbl_vn_ward (ward_id, district_id, ward_name) VALUES (15097, 389, 'X횄짙 L찼쨩혲c Th찼쨩혢nh');
INSERT INTO tbl_vn_ward (ward_id, district_id, ward_name) VALUES (15100, 389, 'X횄짙 Cao Th찼쨩혢nh');
INSERT INTO tbl_vn_ward (ward_id, district_id, ward_name) VALUES (15103, 389, 'X횄짙 Ng찼쨩혥c Trung');
INSERT INTO tbl_vn_ward (ward_id, district_id, ward_name) VALUES (15106, 389, 'X횄짙 Ph횄쨔ng Gi횄징o');
INSERT INTO tbl_vn_ward (ward_id, district_id, ward_name) VALUES (15109, 389, 'X횄짙 Ph횄쨔ng Minh');
INSERT INTO tbl_vn_ward (ward_id, district_id, ward_name) VALUES (15112, 389, 'X횄짙 Ph횄쨘c Th찼쨩혢nh');
INSERT INTO tbl_vn_ward (ward_id, district_id, ward_name) VALUES (15115, 389, 'X횄짙 Nguy찼쨩혝t 찼쨘짚n');
INSERT INTO tbl_vn_ward (ward_id, district_id, ward_name) VALUES (15118, 389, 'X횄짙 Ki횄짧n Th찼쨩혥');
INSERT INTO tbl_vn_ward (ward_id, district_id, ward_name) VALUES (15121, 389, 'X횄짙 Minh Ti찼쨘쩔n');
INSERT INTO tbl_vn_ward (ward_id, district_id, ward_name) VALUES (15124, 389, 'X횄짙 Minh S횈징n');
INSERT INTO tbl_vn_district (district_id, province_id, district_name) VALUES (390, 38, 'Huy찼쨩혝n C찼쨘짤m Th찼쨩짠y');
INSERT INTO tbl_vn_ward (ward_id, district_id, ward_name) VALUES (15127, 390, 'Th찼쨩혢 tr찼쨘짜n Phong S횈징n');
INSERT INTO tbl_vn_ward (ward_id, district_id, ward_name) VALUES (15133, 390, 'X횄짙 C찼쨘짤m Th횄혻nh');
INSERT INTO tbl_vn_ward (ward_id, district_id, ward_name) VALUES (15136, 390, 'X횄짙 C찼쨘짤m Qu횄쩍');
INSERT INTO tbl_vn_ward (ward_id, district_id, ward_name) VALUES (15139, 390, 'X횄짙 C찼쨘짤m L횈째횈징ng');
INSERT INTO tbl_vn_ward (ward_id, district_id, ward_name) VALUES (15142, 390, 'X횄짙 C찼쨘짤m Th찼쨘징ch');
INSERT INTO tbl_vn_ward (ward_id, district_id, ward_name) VALUES (15145, 390, 'X횄짙 C찼쨘짤m Li횄짧n');
INSERT INTO tbl_vn_ward (ward_id, district_id, ward_name) VALUES (15148, 390, 'X횄짙 C찼쨘짤m Giang');
INSERT INTO tbl_vn_ward (ward_id, district_id, ward_name) VALUES (15151, 390, 'X횄짙 C찼쨘짤m B횄짭nh');
INSERT INTO tbl_vn_ward (ward_id, district_id, ward_name) VALUES (15154, 390, 'X횄짙 C찼쨘짤m T횄쨘');
INSERT INTO tbl_vn_ward (ward_id, district_id, ward_name) VALUES (15160, 390, 'X횄짙 C찼쨘짤m Ch횄짖u');
INSERT INTO tbl_vn_ward (ward_id, district_id, ward_name) VALUES (15163, 390, 'X횄짙 C찼쨘짤m T횄짖m');
INSERT INTO tbl_vn_ward (ward_id, district_id, ward_name) VALUES (15169, 390, 'X횄짙 C찼쨘짤m Ng찼쨩혥c');
INSERT INTO tbl_vn_ward (ward_id, district_id, ward_name) VALUES (15172, 390, 'X횄짙 C찼쨘짤m Long');
INSERT INTO tbl_vn_ward (ward_id, district_id, ward_name) VALUES (15175, 390, 'X횄짙 C찼쨘짤m Y횄짧n');
INSERT INTO tbl_vn_ward (ward_id, district_id, ward_name) VALUES (15178, 390, 'X횄짙 C찼쨘짤m T횄짖n');
INSERT INTO tbl_vn_ward (ward_id, district_id, ward_name) VALUES (15181, 390, 'X횄짙 C찼쨘짤m Ph횄쨘');
INSERT INTO tbl_vn_ward (ward_id, district_id, ward_name) VALUES (15184, 390, 'X횄짙 C찼쨘짤m V횄짖n');
INSERT INTO tbl_vn_district (district_id, province_id, district_name) VALUES (391, 38, 'Huy찼쨩혝n Th찼쨘징ch Th횄혻nh');
INSERT INTO tbl_vn_ward (ward_id, district_id, ward_name) VALUES (15187, 391, 'Th찼쨩혢 tr찼쨘짜n Kim T횄짖n');
INSERT INTO tbl_vn_ward (ward_id, district_id, ward_name) VALUES (15190, 391, 'Th찼쨩혢 tr찼쨘짜n V횄짖n Du');
INSERT INTO tbl_vn_ward (ward_id, district_id, ward_name) VALUES (15196, 391, 'X횄짙 Th찼쨘징ch L횄짖m');
INSERT INTO tbl_vn_ward (ward_id, district_id, ward_name) VALUES (15199, 391, 'X횄짙 Th찼쨘징ch Qu찼쨘짙ng');
INSERT INTO tbl_vn_ward (ward_id, district_id, ward_name) VALUES (15202, 391, 'X횄짙 Th찼쨘징ch T횈째찼쨩짙ng');
INSERT INTO tbl_vn_ward (ward_id, district_id, ward_name) VALUES (15205, 391, 'X횄짙 Th찼쨘징ch C찼쨘짤m');
INSERT INTO tbl_vn_ward (ward_id, district_id, ward_name) VALUES (15208, 391, 'X횄짙 Th찼쨘징ch S횈징n');
INSERT INTO tbl_vn_ward (ward_id, district_id, ward_name) VALUES (15211, 391, 'X횄짙 Th찼쨘징ch B횄짭nh');
INSERT INTO tbl_vn_ward (ward_id, district_id, ward_name) VALUES (15214, 391, 'X횄짙 Th찼쨘징ch 횆혨찼쨩혢nh');
INSERT INTO tbl_vn_ward (ward_id, district_id, ward_name) VALUES (15220, 391, 'X횄짙 Th찼쨘징ch Long');
INSERT INTO tbl_vn_ward (ward_id, district_id, ward_name) VALUES (15223, 391, 'X횄짙 Th횄혻nh M찼쨩쨔');
INSERT INTO tbl_vn_ward (ward_id, district_id, ward_name) VALUES (15226, 391, 'X횄짙 Th횄혻nh Y횄짧n');
INSERT INTO tbl_vn_ward (ward_id, district_id, ward_name) VALUES (15229, 391, 'X횄짙 Th횄혻nh Vinh');
INSERT INTO tbl_vn_ward (ward_id, district_id, ward_name) VALUES (15232, 391, 'X횄짙 Th횄혻nh Minh');
INSERT INTO tbl_vn_ward (ward_id, district_id, ward_name) VALUES (15235, 391, 'X횄짙 Th횄혻nh C횄쨈ng');
INSERT INTO tbl_vn_ward (ward_id, district_id, ward_name) VALUES (15238, 391, 'X횄짙 Th횄혻nh T횄짖n');
INSERT INTO tbl_vn_ward (ward_id, district_id, ward_name) VALUES (15241, 391, 'X횄짙 Th횄혻nh Tr찼쨩짹c');
INSERT INTO tbl_vn_ward (ward_id, district_id, ward_name) VALUES (15247, 391, 'X횄짙 Th횄혻nh T횄짖m');
INSERT INTO tbl_vn_ward (ward_id, district_id, ward_name) VALUES (15250, 391, 'X횄짙 Th횄혻nh An');
INSERT INTO tbl_vn_ward (ward_id, district_id, ward_name) VALUES (15253, 391, 'X횄짙 Th횄혻nh Th찼쨩혥');
INSERT INTO tbl_vn_ward (ward_id, district_id, ward_name) VALUES (15256, 391, 'X횄짙 Th횄혻nh Ti찼쨘쩔n');
INSERT INTO tbl_vn_ward (ward_id, district_id, ward_name) VALUES (15259, 391, 'X횄짙 Th횄혻nh Long');
INSERT INTO tbl_vn_ward (ward_id, district_id, ward_name) VALUES (15265, 391, 'X횄짙 Th횄혻nh H횈째ng');
INSERT INTO tbl_vn_ward (ward_id, district_id, ward_name) VALUES (15268, 391, 'X횄짙 Ng찼쨩혥c Tr찼쨘징o');
INSERT INTO tbl_vn_district (district_id, province_id, district_name) VALUES (392, 38, 'Huy찼쨩혝n H횄혻 Trung');
INSERT INTO tbl_vn_ward (ward_id, district_id, ward_name) VALUES (15271, 392, 'Th찼쨩혢 tr찼쨘짜n H횄혻 Trung');
INSERT INTO tbl_vn_ward (ward_id, district_id, ward_name) VALUES (15274, 392, 'Th찼쨩혢 tr찼쨘짜n H횄혻 Long');
INSERT INTO tbl_vn_ward (ward_id, district_id, ward_name) VALUES (15277, 392, 'X횄짙 H횄혻 Vinh');
INSERT INTO tbl_vn_ward (ward_id, district_id, ward_name) VALUES (15280, 392, 'X횄짙 H횄혻 B찼쨘짱c');
INSERT INTO tbl_vn_ward (ward_id, district_id, ward_name) VALUES (15283, 392, 'X횄짙 Ho찼쨘징t Giang');
INSERT INTO tbl_vn_ward (ward_id, district_id, ward_name) VALUES (15286, 392, 'X횄짙 Y횄짧n D횈째횈징ng');
INSERT INTO tbl_vn_ward (ward_id, district_id, ward_name) VALUES (15292, 392, 'X횄짙 H횄혻 Giang');
INSERT INTO tbl_vn_ward (ward_id, district_id, ward_name) VALUES (15298, 392, 'X횄짙 L횆짤nh To찼쨘징i');
INSERT INTO tbl_vn_ward (ward_id, district_id, ward_name) VALUES (15304, 392, 'X횄짙 H횄혻 Ng찼쨩혥c');
INSERT INTO tbl_vn_ward (ward_id, district_id, ward_name) VALUES (15307, 392, 'X횄짙 Y찼쨘쩔n S횈징n');
INSERT INTO tbl_vn_ward (ward_id, district_id, ward_name) VALUES (15313, 392, 'X횄짙 H횄혻 S횈징n');
INSERT INTO tbl_vn_ward (ward_id, district_id, ward_name) VALUES (15316, 392, 'Th찼쨩혢 tr찼쨘짜n H횄혻 L횆짤nh');
INSERT INTO tbl_vn_ward (ward_id, district_id, ward_name) VALUES (15319, 392, 'X횄짙 H횄혻 횆혨횄쨈ng');
INSERT INTO tbl_vn_ward (ward_id, district_id, ward_name) VALUES (15322, 392, 'X횄짙 H횄혻 T횄짖n');
INSERT INTO tbl_vn_ward (ward_id, district_id, ward_name) VALUES (15325, 392, 'X횄짙 H횄혻 Ti찼쨘쩔n');
INSERT INTO tbl_vn_ward (ward_id, district_id, ward_name) VALUES (15328, 392, 'X횄짙 H횄혻 B횄짭nh');
INSERT INTO tbl_vn_ward (ward_id, district_id, ward_name) VALUES (15331, 392, 'X횄짙 Th횄징i Lai');
INSERT INTO tbl_vn_ward (ward_id, district_id, ward_name) VALUES (15334, 392, 'X횄짙 H횄혻 Ch횄짖u');
INSERT INTO tbl_vn_ward (ward_id, district_id, ward_name) VALUES (15343, 392, 'X횄짙 H횄혻 H찼쨘짙i');
INSERT INTO tbl_vn_district (district_id, province_id, district_name) VALUES (393, 38, 'Huy찼쨩혝n V횆짤nh L찼쨩혲c');
INSERT INTO tbl_vn_ward (ward_id, district_id, ward_name) VALUES (15349, 393, 'Th찼쨩혢 tr찼쨘짜n V횆짤nh L찼쨩혲c');
INSERT INTO tbl_vn_ward (ward_id, district_id, ward_name) VALUES (15352, 393, 'X횄짙 V횆짤nh Quang');
INSERT INTO tbl_vn_ward (ward_id, district_id, ward_name) VALUES (15355, 393, 'X횄짙 V횆짤nh Y횄짧n');
INSERT INTO tbl_vn_ward (ward_id, district_id, ward_name) VALUES (15358, 393, 'X횄짙 V횆짤nh Ti찼쨘쩔n');
INSERT INTO tbl_vn_ward (ward_id, district_id, ward_name) VALUES (15361, 393, 'X횄짙 V횆짤nh Long');
INSERT INTO tbl_vn_ward (ward_id, district_id, ward_name) VALUES (15364, 393, 'X횄짙 V횆짤nh Ph횄쨘c');
INSERT INTO tbl_vn_ward (ward_id, district_id, ward_name) VALUES (15367, 393, 'X횄짙 V횆짤nh H횈째ng');
INSERT INTO tbl_vn_ward (ward_id, district_id, ward_name) VALUES (15376, 393, 'X횄짙 V횆짤nh H횄짼a');
INSERT INTO tbl_vn_ward (ward_id, district_id, ward_name) VALUES (15379, 393, 'X횄짙 V횆짤nh H횄쨔ng');
INSERT INTO tbl_vn_ward (ward_id, district_id, ward_name) VALUES (15382, 393, 'X횄짙 Minh T횄짖n');
INSERT INTO tbl_vn_ward (ward_id, district_id, ward_name) VALUES (15385, 393, 'X횄짙 Ninh Khang');
INSERT INTO tbl_vn_ward (ward_id, district_id, ward_name) VALUES (15388, 393, 'X횄짙 V횆짤nh Th찼쨩혢nh');
INSERT INTO tbl_vn_ward (ward_id, district_id, ward_name) VALUES (15391, 393, 'X횄짙 V횆짤nh An');
INSERT INTO tbl_vn_district (district_id, province_id, district_name) VALUES (394, 38, 'Huy찼쨩혝n Y횄짧n 횆혨찼쨩혢nh');
INSERT INTO tbl_vn_ward (ward_id, district_id, ward_name) VALUES (15397, 394, 'Th찼쨩혢 tr찼쨘짜n Th찼쨩혩ng Nh찼쨘짜t');
INSERT INTO tbl_vn_ward (ward_id, district_id, ward_name) VALUES (15403, 394, 'Th찼쨩혢 tr찼쨘짜n Y횄짧n L횄짖m');
INSERT INTO tbl_vn_ward (ward_id, district_id, ward_name) VALUES (15406, 394, 'X횄짙 Y횄짧n T횄짖m');
INSERT INTO tbl_vn_ward (ward_id, district_id, ward_name) VALUES (15409, 394, 'X횄짙 Y횄짧n Ph횄쨘');
INSERT INTO tbl_vn_ward (ward_id, district_id, ward_name) VALUES (15412, 394, 'Th찼쨩혢 tr찼쨘짜n Qu횄쩍 L찼쨩혲c');
INSERT INTO tbl_vn_ward (ward_id, district_id, ward_name) VALUES (15415, 394, 'X횄짙 Y횄짧n Th찼쨩혥');
INSERT INTO tbl_vn_ward (ward_id, district_id, ward_name) VALUES (15418, 394, 'X횄짙 Y횄짧n Trung');
INSERT INTO tbl_vn_ward (ward_id, district_id, ward_name) VALUES (15421, 394, 'X횄짙 Y횄짧n Tr횈째찼쨩혶ng');
INSERT INTO tbl_vn_ward (ward_id, district_id, ward_name) VALUES (15427, 394, 'X횄짙 Y횄짧n Phong');
INSERT INTO tbl_vn_ward (ward_id, district_id, ward_name) VALUES (15430, 394, 'X횄짙 Y횄짧n Th횄징i');
INSERT INTO tbl_vn_ward (ward_id, district_id, ward_name) VALUES (15433, 394, 'X횄짙 Y횄짧n H횄쨔ng');
INSERT INTO tbl_vn_ward (ward_id, district_id, ward_name) VALUES (15436, 394, 'X횄짙 Y횄짧n Th찼쨩혢nh');
INSERT INTO tbl_vn_ward (ward_id, district_id, ward_name) VALUES (15442, 394, 'X횄짙 Y횄짧n Ninh');
INSERT INTO tbl_vn_ward (ward_id, district_id, ward_name) VALUES (15445, 394, 'X횄짙 횆혨찼쨩혢nh T횆혘ng');
INSERT INTO tbl_vn_ward (ward_id, district_id, ward_name) VALUES (15448, 394, 'X횄짙 횆혨찼쨩혢nh H횄짼a');
INSERT INTO tbl_vn_ward (ward_id, district_id, ward_name) VALUES (15451, 394, 'X횄짙 횆혨찼쨩혢nh Th횄혻nh');
INSERT INTO tbl_vn_ward (ward_id, district_id, ward_name) VALUES (15454, 394, 'X횄짙 횆혨찼쨩혢nh C횄쨈ng');
INSERT INTO tbl_vn_ward (ward_id, district_id, ward_name) VALUES (15457, 394, 'X횄짙 횆혨찼쨩혢nh T횄짖n');
INSERT INTO tbl_vn_ward (ward_id, district_id, ward_name) VALUES (15460, 394, 'X횄짙 횆혨찼쨩혢nh Ti찼쨘쩔n');
INSERT INTO tbl_vn_ward (ward_id, district_id, ward_name) VALUES (15463, 394, 'X횄짙 횆혨찼쨩혢nh Long');
INSERT INTO tbl_vn_ward (ward_id, district_id, ward_name) VALUES (15466, 394, 'X횄짙 횆혨찼쨩혢nh Li횄짧n');
INSERT INTO tbl_vn_ward (ward_id, district_id, ward_name) VALUES (15469, 394, 'Th찼쨩혢 tr찼쨘짜n Qu횄징n L횄혻o');
INSERT INTO tbl_vn_ward (ward_id, district_id, ward_name) VALUES (15472, 394, 'X횄짙 횆혨찼쨩혢nh H횈째ng');
INSERT INTO tbl_vn_ward (ward_id, district_id, ward_name) VALUES (15475, 394, 'X횄짙 횆혨찼쨩혢nh H찼쨘짙i');
INSERT INTO tbl_vn_ward (ward_id, district_id, ward_name) VALUES (15478, 394, 'X횄짙 횆혨찼쨩혢nh B횄짭nh');
INSERT INTO tbl_vn_district (district_id, province_id, district_name) VALUES (395, 38, 'Huy찼쨩혝n Th찼쨩혥 Xu횄짖n');
INSERT INTO tbl_vn_ward (ward_id, district_id, ward_name) VALUES (15493, 395, 'X횄짙 Xu횄짖n H찼쨩혫ng');
INSERT INTO tbl_vn_ward (ward_id, district_id, ward_name) VALUES (15499, 395, 'Th찼쨩혢 tr찼쨘짜n Th찼쨩혥 Xu횄짖n');
INSERT INTO tbl_vn_ward (ward_id, district_id, ward_name) VALUES (15502, 395, 'X횄짙 B찼쨘짱c L횈째횈징ng');
INSERT INTO tbl_vn_ward (ward_id, district_id, ward_name) VALUES (15505, 395, 'X횄짙 Nam Giang');
INSERT INTO tbl_vn_ward (ward_id, district_id, ward_name) VALUES (15508, 395, 'X횄짙 Xu횄짖n Phong');
INSERT INTO tbl_vn_ward (ward_id, district_id, ward_name) VALUES (15511, 395, 'X횄짙 Th찼쨩혥 L찼쨩혲c');
INSERT INTO tbl_vn_ward (ward_id, district_id, ward_name) VALUES (15514, 395, 'X횄짙 Xu횄짖n Tr횈째찼쨩혶ng');
INSERT INTO tbl_vn_ward (ward_id, district_id, ward_name) VALUES (15517, 395, 'X횄짙 Xu횄짖n H횄짼a');
INSERT INTO tbl_vn_ward (ward_id, district_id, ward_name) VALUES (15520, 395, 'X횄짙 Th찼쨩혥 H찼쨘짙i');
INSERT INTO tbl_vn_ward (ward_id, district_id, ward_name) VALUES (15523, 395, 'X횄짙 T횄짖y H찼쨩혫');
INSERT INTO tbl_vn_ward (ward_id, district_id, ward_name) VALUES (15526, 395, 'X횄짙 Xu횄짖n Giang');
INSERT INTO tbl_vn_ward (ward_id, district_id, ward_name) VALUES (15532, 395, 'X횄짙 Xu횄짖n Sinh');
INSERT INTO tbl_vn_ward (ward_id, district_id, ward_name) VALUES (15535, 395, 'X횄짙 Xu횄짖n H횈째ng');
INSERT INTO tbl_vn_ward (ward_id, district_id, ward_name) VALUES (15538, 395, 'X횄짙 Th찼쨩혥 Di횄짧n');
INSERT INTO tbl_vn_ward (ward_id, district_id, ward_name) VALUES (15541, 395, 'X횄짙 Th찼쨩혥 L횄짖m');
INSERT INTO tbl_vn_ward (ward_id, district_id, ward_name) VALUES (15544, 395, 'X횄짙 Th찼쨩혥 X횈째횈징ng');
INSERT INTO tbl_vn_ward (ward_id, district_id, ward_name) VALUES (15547, 395, 'X횄짙 Xu횄짖n B횄징i');
INSERT INTO tbl_vn_ward (ward_id, district_id, ward_name) VALUES (15550, 395, 'X횄짙 Xu횄짖n Ph횄쨘');
INSERT INTO tbl_vn_ward (ward_id, district_id, ward_name) VALUES (15553, 395, 'Th찼쨩혢 tr찼쨘짜n Sao V횄혻ng');
INSERT INTO tbl_vn_ward (ward_id, district_id, ward_name) VALUES (15556, 395, 'Th찼쨩혢 tr찼쨘짜n Lam S횈징n');
INSERT INTO tbl_vn_ward (ward_id, district_id, ward_name) VALUES (15559, 395, 'X횄짙 Xu횄짖n Thi횄짧n');
INSERT INTO tbl_vn_ward (ward_id, district_id, ward_name) VALUES (15565, 395, 'X횄짙 Thu찼쨘짯n Minh');
INSERT INTO tbl_vn_ward (ward_id, district_id, ward_name) VALUES (15568, 395, 'X횄짙 Th찼쨩혥 L찼쨘짯p');
INSERT INTO tbl_vn_ward (ward_id, district_id, ward_name) VALUES (15571, 395, 'X횄짙 Qu찼쨘짙ng Ph횄쨘');
INSERT INTO tbl_vn_ward (ward_id, district_id, ward_name) VALUES (15574, 395, 'X횄짙 Xu횄짖n T횄짯n');
INSERT INTO tbl_vn_ward (ward_id, district_id, ward_name) VALUES (15577, 395, 'X횄짙 Ph횄쨘 Xu횄짖n');
INSERT INTO tbl_vn_ward (ward_id, district_id, ward_name) VALUES (15583, 395, 'X횄짙 Xu횄짖n Lai');
INSERT INTO tbl_vn_ward (ward_id, district_id, ward_name) VALUES (15586, 395, 'X횄짙 Xu횄짖n L찼쨘짯p');
INSERT INTO tbl_vn_ward (ward_id, district_id, ward_name) VALUES (15592, 395, 'X횄짙 Xu횄짖n Minh');
INSERT INTO tbl_vn_ward (ward_id, district_id, ward_name) VALUES (15598, 395, 'X횄짙 Tr횈째찼쨩혶ng Xu횄짖n');
INSERT INTO tbl_vn_district (district_id, province_id, district_name) VALUES (396, 38, 'Huy찼쨩혝n Th횈째찼쨩혶ng Xu횄짖n');
INSERT INTO tbl_vn_ward (ward_id, district_id, ward_name) VALUES (15607, 396, 'X횄짙 B횄징t M찼쨩혥t');
INSERT INTO tbl_vn_ward (ward_id, district_id, ward_name) VALUES (15610, 396, 'X횄짙 Y횄짧n Nh횄짖n');
INSERT INTO tbl_vn_ward (ward_id, district_id, ward_name) VALUES (15619, 396, 'X횄짙 Xu횄짖n L찼쨘쨔');
INSERT INTO tbl_vn_ward (ward_id, district_id, ward_name) VALUES (15622, 396, 'X횄짙 V찼쨘징n Xu횄짖n');
INSERT INTO tbl_vn_ward (ward_id, district_id, ward_name) VALUES (15628, 396, 'X횄짙 L횈째횈징ng S횈징n');
INSERT INTO tbl_vn_ward (ward_id, district_id, ward_name) VALUES (15631, 396, 'X횄짙 Xu횄짖n Cao');
INSERT INTO tbl_vn_ward (ward_id, district_id, ward_name) VALUES (15634, 396, 'X횄짙 Lu찼쨘짯n Th횄혻nh');
INSERT INTO tbl_vn_ward (ward_id, district_id, ward_name) VALUES (15637, 396, 'X횄짙 Lu찼쨘짯n Kh횄짧');
INSERT INTO tbl_vn_ward (ward_id, district_id, ward_name) VALUES (15640, 396, 'X횄짙 Xu횄짖n Th찼쨘짱ng');
INSERT INTO tbl_vn_ward (ward_id, district_id, ward_name) VALUES (15643, 396, 'X횄짙 Xu횄짖n L찼쨩혲c');
INSERT INTO tbl_vn_ward (ward_id, district_id, ward_name) VALUES (15646, 396, 'Th찼쨩혢 tr찼쨘짜n Th횈째찼쨩혶ng Xu횄짖n');
INSERT INTO tbl_vn_ward (ward_id, district_id, ward_name) VALUES (15649, 396, 'X횄짙 Xu횄짖n D횈째횈징ng');
INSERT INTO tbl_vn_ward (ward_id, district_id, ward_name) VALUES (15652, 396, 'X횄짙 Th찼쨩혥 Thanh');
INSERT INTO tbl_vn_ward (ward_id, district_id, ward_name) VALUES (15655, 396, 'X횄짙 Ng찼쨩혥c Ph찼쨩짜ng');
INSERT INTO tbl_vn_ward (ward_id, district_id, ward_name) VALUES (15658, 396, 'X횄짙 Xu횄짖n Chinh');
INSERT INTO tbl_vn_ward (ward_id, district_id, ward_name) VALUES (15661, 396, 'X횄짙 T횄짖n Th횄혻nh');
INSERT INTO tbl_vn_district (district_id, province_id, district_name) VALUES (397, 38, 'Huy찼쨩혝n Tri찼쨩혝u S횈징n');
INSERT INTO tbl_vn_ward (ward_id, district_id, ward_name) VALUES (15664, 397, 'Th찼쨩혢 tr찼쨘짜n Tri찼쨩혝u S횈징n');
INSERT INTO tbl_vn_ward (ward_id, district_id, ward_name) VALUES (15667, 397, 'X횄짙 Th찼쨩혥 S횈징n');
INSERT INTO tbl_vn_ward (ward_id, district_id, ward_name) VALUES (15670, 397, 'X횄짙 Th찼쨩혥 B횄짭nh');
INSERT INTO tbl_vn_ward (ward_id, district_id, ward_name) VALUES (15673, 397, 'X횄짙 Th찼쨩혥 Ti찼쨘쩔n');
INSERT INTO tbl_vn_ward (ward_id, district_id, ward_name) VALUES (15676, 397, 'X횄짙 H찼쨩짙p L횄쩍');
INSERT INTO tbl_vn_ward (ward_id, district_id, ward_name) VALUES (15679, 397, 'X횄짙 H찼쨩짙p Ti찼쨘쩔n');
INSERT INTO tbl_vn_ward (ward_id, district_id, ward_name) VALUES (15682, 397, 'X횄짙 H찼쨩짙p Th횄혻nh');
INSERT INTO tbl_vn_ward (ward_id, district_id, ward_name) VALUES (15685, 397, 'X횄짙 Tri찼쨩혝u Th횄혻nh');
INSERT INTO tbl_vn_ward (ward_id, district_id, ward_name) VALUES (15688, 397, 'X횄짙 H찼쨩짙p Th찼쨘짱ng');
INSERT INTO tbl_vn_ward (ward_id, district_id, ward_name) VALUES (15691, 397, 'X횄짙 Minh S횈징n');
INSERT INTO tbl_vn_ward (ward_id, district_id, ward_name) VALUES (15700, 397, 'X횄짙 D횄짖n L찼쨩짹c');
INSERT INTO tbl_vn_ward (ward_id, district_id, ward_name) VALUES (15703, 397, 'X횄짙 D횄짖n L횄쩍');
INSERT INTO tbl_vn_ward (ward_id, district_id, ward_name) VALUES (15706, 397, 'X횄짙 D횄짖n Quy찼쨩혖n');
INSERT INTO tbl_vn_ward (ward_id, district_id, ward_name) VALUES (15709, 397, 'X횄짙 An N횄쨈ng');
INSERT INTO tbl_vn_ward (ward_id, district_id, ward_name) VALUES (15712, 397, 'X횄짙 V횆혘n S횈징n');
INSERT INTO tbl_vn_ward (ward_id, district_id, ward_name) VALUES (15715, 397, 'X횄짙 Th횄징i H횄짼a');
INSERT INTO tbl_vn_ward (ward_id, district_id, ward_name) VALUES (15718, 397, 'Th찼쨩혢 tr찼쨘짜n N횈째a');
INSERT INTO tbl_vn_ward (ward_id, district_id, ward_name) VALUES (15721, 397, 'X횄짙 횆혨찼쨩혫ng L찼쨩짙i');
INSERT INTO tbl_vn_ward (ward_id, district_id, ward_name) VALUES (15724, 397, 'X횄짙 횆혨찼쨩혫ng Ti찼쨘쩔n');
INSERT INTO tbl_vn_ward (ward_id, district_id, ward_name) VALUES (15727, 397, 'X횄짙 횆혨찼쨩혫ng Th찼쨘짱ng');
INSERT INTO tbl_vn_ward (ward_id, district_id, ward_name) VALUES (15730, 397, 'X횄짙 Ti찼쨘쩔n N횄쨈ng');
INSERT INTO tbl_vn_ward (ward_id, district_id, ward_name) VALUES (15733, 397, 'X횄짙 Khuy찼쨘쩔n N횄쨈ng');
INSERT INTO tbl_vn_ward (ward_id, district_id, ward_name) VALUES (15736, 397, 'X횄짙 Xu횄짖n L찼쨩혲c');
INSERT INTO tbl_vn_ward (ward_id, district_id, ward_name) VALUES (15742, 397, 'X횄짙 Th찼쨩혥 D횄짖n');
INSERT INTO tbl_vn_ward (ward_id, district_id, ward_name) VALUES (15745, 397, 'X횄짙 Xu횄짖n Th찼쨩혥');
INSERT INTO tbl_vn_ward (ward_id, district_id, ward_name) VALUES (15748, 397, 'X횄짙 Th찼쨩혥 T횄짖n');
INSERT INTO tbl_vn_ward (ward_id, district_id, ward_name) VALUES (15751, 397, 'X횄짙 Th찼쨩혥 Ng찼쨩혥c');
INSERT INTO tbl_vn_ward (ward_id, district_id, ward_name) VALUES (15754, 397, 'X횄짙 Th찼쨩혥 C횈째찼쨩혶ng');
INSERT INTO tbl_vn_ward (ward_id, district_id, ward_name) VALUES (15760, 397, 'X횄짙 Th찼쨩혥 Ph횄쨘');
INSERT INTO tbl_vn_ward (ward_id, district_id, ward_name) VALUES (15763, 397, 'X횄짙 Th찼쨩혥 Th찼쨘쩔');
INSERT INTO tbl_vn_ward (ward_id, district_id, ward_name) VALUES (15766, 397, 'X횄짙 N횄쨈ng Tr횈째찼쨩혶ng');
INSERT INTO tbl_vn_ward (ward_id, district_id, ward_name) VALUES (15769, 397, 'X횄짙 B횄짭nh S횈징n');
INSERT INTO tbl_vn_district (district_id, province_id, district_name) VALUES (398, 38, 'Huy찼쨩혝n Thi찼쨩혝u H횄쨀a');
INSERT INTO tbl_vn_ward (ward_id, district_id, ward_name) VALUES (15772, 398, 'Th찼쨩혢 tr찼쨘짜n Thi찼쨩혝u H횄쨀a');
INSERT INTO tbl_vn_ward (ward_id, district_id, ward_name) VALUES (15775, 398, 'X횄짙 Thi찼쨩혝u Ng찼쨩혥c');
INSERT INTO tbl_vn_ward (ward_id, district_id, ward_name) VALUES (15778, 398, 'X횄짙 Thi찼쨩혝u V횇짤');
INSERT INTO tbl_vn_ward (ward_id, district_id, ward_name) VALUES (15781, 398, 'X횄짙 Thi찼쨩혝u Ph횄쨘c');
INSERT INTO tbl_vn_ward (ward_id, district_id, ward_name) VALUES (15784, 398, 'X횄짙 Thi찼쨩혝u Ti찼쨘쩔n');
INSERT INTO tbl_vn_ward (ward_id, district_id, ward_name) VALUES (15787, 398, 'X횄짙 Thi찼쨩혝u C횄쨈ng');
INSERT INTO tbl_vn_ward (ward_id, district_id, ward_name) VALUES (15793, 398, 'X횄짙 Thi찼쨩혝u Long');
INSERT INTO tbl_vn_ward (ward_id, district_id, ward_name) VALUES (15796, 398, 'X횄짙 Thi찼쨩혝u Giang');
INSERT INTO tbl_vn_ward (ward_id, district_id, ward_name) VALUES (15799, 398, 'X횄짙 Thi찼쨩혝u Duy');
INSERT INTO tbl_vn_ward (ward_id, district_id, ward_name) VALUES (15802, 398, 'X횄짙 Thi찼쨩혝u Nguy횄짧n');
INSERT INTO tbl_vn_ward (ward_id, district_id, ward_name) VALUES (15805, 398, 'X횄짙 Thi찼쨩혝u H찼쨩짙p');
INSERT INTO tbl_vn_ward (ward_id, district_id, ward_name) VALUES (15808, 398, 'X횄짙 Thi찼쨩혝u Th찼쨩혢nh');
INSERT INTO tbl_vn_ward (ward_id, district_id, ward_name) VALUES (15811, 398, 'X횄짙 Thi찼쨩혝u Quang');
INSERT INTO tbl_vn_ward (ward_id, district_id, ward_name) VALUES (15814, 398, 'X횄짙 Thi찼쨩혝u Th횄혻nh');
INSERT INTO tbl_vn_ward (ward_id, district_id, ward_name) VALUES (15817, 398, 'X횄짙 Thi찼쨩혝u To횄징n');
INSERT INTO tbl_vn_ward (ward_id, district_id, ward_name) VALUES (15820, 398, 'X횄짙 Thi찼쨩혝u Ch횄짯nh');
INSERT INTO tbl_vn_ward (ward_id, district_id, ward_name) VALUES (15823, 398, 'X횄짙 Thi찼쨩혝u H횄짼a');
INSERT INTO tbl_vn_ward (ward_id, district_id, ward_name) VALUES (15829, 398, 'Th찼쨩혢 tr찼쨘짜n H찼쨘짯u Hi찼쨩혖n');
INSERT INTO tbl_vn_ward (ward_id, district_id, ward_name) VALUES (15832, 398, 'X횄짙 Thi찼쨩혝u Vi횄짧n');
INSERT INTO tbl_vn_ward (ward_id, district_id, ward_name) VALUES (15835, 398, 'X횄짙 Thi찼쨩혝u L횄쩍');
INSERT INTO tbl_vn_ward (ward_id, district_id, ward_name) VALUES (15838, 398, 'X횄짙 Thi찼쨩혝u V찼쨘짯n');
INSERT INTO tbl_vn_ward (ward_id, district_id, ward_name) VALUES (15841, 398, 'X횄짙 Thi찼쨩혝u Trung');
INSERT INTO tbl_vn_ward (ward_id, district_id, ward_name) VALUES (15847, 398, 'X횄짙 T횄짖n Ch횄짖u');
INSERT INTO tbl_vn_ward (ward_id, district_id, ward_name) VALUES (15853, 398, 'X횄짙 Thi찼쨩혝u Giao');
INSERT INTO tbl_vn_district (district_id, province_id, district_name) VALUES (399, 38, 'Huy찼쨩혝n Ho찼쨘짹ng H횄쨀a');
INSERT INTO tbl_vn_ward (ward_id, district_id, ward_name) VALUES (15865, 399, 'Th찼쨩혢 tr찼쨘짜n B횄쨘t S횈징n');
INSERT INTO tbl_vn_ward (ward_id, district_id, ward_name) VALUES (15877, 399, 'X횄짙 Ho찼쨘짹ng Xu횄짖n');
INSERT INTO tbl_vn_ward (ward_id, district_id, ward_name) VALUES (15880, 399, 'X횄짙 Ho찼쨘짹ng Giang');
INSERT INTO tbl_vn_ward (ward_id, district_id, ward_name) VALUES (15883, 399, 'X횄짙 Ho찼쨘짹ng Ph횄쨘');
INSERT INTO tbl_vn_ward (ward_id, district_id, ward_name) VALUES (15886, 399, 'X횄짙 Ho찼쨘짹ng Qu찼쨩쨀');
INSERT INTO tbl_vn_ward (ward_id, district_id, ward_name) VALUES (15889, 399, 'X횄짙 Ho찼쨘짹ng Kim');
INSERT INTO tbl_vn_ward (ward_id, district_id, ward_name) VALUES (15892, 399, 'X횄짙 Ho찼쨘짹ng Trung');
INSERT INTO tbl_vn_ward (ward_id, district_id, ward_name) VALUES (15895, 399, 'X횄짙 Ho찼쨘짹ng Trinh');
INSERT INTO tbl_vn_ward (ward_id, district_id, ward_name) VALUES (15901, 399, 'X횄짙 Ho찼쨘짹ng S횈징n');
INSERT INTO tbl_vn_ward (ward_id, district_id, ward_name) VALUES (15907, 399, 'X횄짙 Ho찼쨘짹ng C횄징t');
INSERT INTO tbl_vn_ward (ward_id, district_id, ward_name) VALUES (15910, 399, 'X횄짙 Ho찼쨘짹ng Xuy횄짧n');
INSERT INTO tbl_vn_ward (ward_id, district_id, ward_name) VALUES (15916, 399, 'X횄짙 Ho찼쨘짹ng Qu횄쩍');
INSERT INTO tbl_vn_ward (ward_id, district_id, ward_name) VALUES (15919, 399, 'X횄짙 Ho찼쨘짹ng H찼쨩짙p');
INSERT INTO tbl_vn_ward (ward_id, district_id, ward_name) VALUES (15928, 399, 'X횄짙 Ho찼쨘짹ng 횆혨찼쨩짤c');
INSERT INTO tbl_vn_ward (ward_id, district_id, ward_name) VALUES (15937, 399, 'X횄짙 Ho찼쨘짹ng H횄혻');
INSERT INTO tbl_vn_ward (ward_id, district_id, ward_name) VALUES (15940, 399, 'X횄짙 Ho찼쨘짹ng 횆혨찼쨘징t');
INSERT INTO tbl_vn_ward (ward_id, district_id, ward_name) VALUES (15946, 399, 'X횄짙 Ho찼쨘짹ng 횆혨찼쨘징o');
INSERT INTO tbl_vn_ward (ward_id, district_id, ward_name) VALUES (15949, 399, 'X횄짙 Ho찼쨘짹ng Th찼쨘짱ng');
INSERT INTO tbl_vn_ward (ward_id, district_id, ward_name) VALUES (15952, 399, 'X횄짙 Ho찼쨘짹ng 횆혨찼쨩혫ng');
INSERT INTO tbl_vn_ward (ward_id, district_id, ward_name) VALUES (15955, 399, 'X횄짙 Ho찼쨘짹ng Th횄징i');
INSERT INTO tbl_vn_ward (ward_id, district_id, ward_name) VALUES (15958, 399, 'X횄짙 Ho찼쨘짹ng Th찼쨩혢nh');
INSERT INTO tbl_vn_ward (ward_id, district_id, ward_name) VALUES (15961, 399, 'X횄짙 Ho찼쨘짹ng Th횄혻nh');
INSERT INTO tbl_vn_ward (ward_id, district_id, ward_name) VALUES (15964, 399, 'X횄짙 Ho찼쨘짹ng L찼쨩혲c');
INSERT INTO tbl_vn_ward (ward_id, district_id, ward_name) VALUES (15967, 399, 'X횄짙 Ho찼쨘짹ng Tr찼쨘징ch');
INSERT INTO tbl_vn_ward (ward_id, district_id, ward_name) VALUES (15973, 399, 'X횄짙 Ho찼쨘짹ng Phong');
INSERT INTO tbl_vn_ward (ward_id, district_id, ward_name) VALUES (15976, 399, 'X횄짙 Ho찼쨘짹ng L횈째u');
INSERT INTO tbl_vn_ward (ward_id, district_id, ward_name) VALUES (15979, 399, 'X횄짙 Ho찼쨘짹ng Ch횄짖u');
INSERT INTO tbl_vn_ward (ward_id, district_id, ward_name) VALUES (15982, 399, 'X횄짙 Ho찼쨘짹ng T횄짖n');
INSERT INTO tbl_vn_ward (ward_id, district_id, ward_name) VALUES (15985, 399, 'X횄짙 Ho찼쨘짹ng Y찼쨘쩔n');
INSERT INTO tbl_vn_ward (ward_id, district_id, ward_name) VALUES (15988, 399, 'X횄짙 Ho찼쨘짹ng Ti찼쨘쩔n');
INSERT INTO tbl_vn_ward (ward_id, district_id, ward_name) VALUES (15991, 399, 'X횄짙 Ho찼쨘짹ng H찼쨘짙i');
INSERT INTO tbl_vn_ward (ward_id, district_id, ward_name) VALUES (15994, 399, 'X횄짙 Ho찼쨘짹ng Ng찼쨩혥c');
INSERT INTO tbl_vn_ward (ward_id, district_id, ward_name) VALUES (15997, 399, 'X횄짙 Ho찼쨘짹ng 횆혨횄쨈ng');
INSERT INTO tbl_vn_ward (ward_id, district_id, ward_name) VALUES (16000, 399, 'X횄짙 Ho찼쨘짹ng Thanh');
INSERT INTO tbl_vn_ward (ward_id, district_id, ward_name) VALUES (16003, 399, 'X횄짙 Ho찼쨘짹ng Ph찼쨩짜');
INSERT INTO tbl_vn_ward (ward_id, district_id, ward_name) VALUES (16006, 399, 'X횄짙 Ho찼쨘짹ng Tr횈째찼쨩혶ng');
INSERT INTO tbl_vn_district (district_id, province_id, district_name) VALUES (400, 38, 'Huy찼쨩혝n H찼쨘짯u L찼쨩혲c');
INSERT INTO tbl_vn_ward (ward_id, district_id, ward_name) VALUES (16012, 400, 'Th찼쨩혢 tr찼쨘짜n H찼쨘짯u L찼쨩혲c');
INSERT INTO tbl_vn_ward (ward_id, district_id, ward_name) VALUES (16015, 400, 'X횄짙 횆혨찼쨩혫ng L찼쨩혲c');
INSERT INTO tbl_vn_ward (ward_id, district_id, ward_name) VALUES (16018, 400, 'X횄짙 횆혨찼쨘징i L찼쨩혲c');
INSERT INTO tbl_vn_ward (ward_id, district_id, ward_name) VALUES (16021, 400, 'X횄짙 Tri찼쨩혝u L찼쨩혲c');
INSERT INTO tbl_vn_ward (ward_id, district_id, ward_name) VALUES (16027, 400, 'X횄짙 Ti찼쨘쩔n L찼쨩혲c');
INSERT INTO tbl_vn_ward (ward_id, district_id, ward_name) VALUES (16030, 400, 'X횄짙 L찼쨩혲c S횈징n');
INSERT INTO tbl_vn_ward (ward_id, district_id, ward_name) VALUES (16033, 400, 'X횄짙 C찼쨘짠u L찼쨩혲c');
INSERT INTO tbl_vn_ward (ward_id, district_id, ward_name) VALUES (16036, 400, 'X횄짙 Th횄혻nh L찼쨩혲c');
INSERT INTO tbl_vn_ward (ward_id, district_id, ward_name) VALUES (16042, 400, 'X횄짙 Tuy L찼쨩혲c');
INSERT INTO tbl_vn_ward (ward_id, district_id, ward_name) VALUES (16045, 400, 'X횄짙 M찼쨩쨔 L찼쨩혲c');
INSERT INTO tbl_vn_ward (ward_id, district_id, ward_name) VALUES (16048, 400, 'X횄짙 Thu찼쨘짠n L찼쨩혲c');
INSERT INTO tbl_vn_ward (ward_id, district_id, ward_name) VALUES (16057, 400, 'X횄짙 Xu횄짖n L찼쨩혲c');
INSERT INTO tbl_vn_ward (ward_id, district_id, ward_name) VALUES (16063, 400, 'X횄짙 Hoa L찼쨩혲c');
INSERT INTO tbl_vn_ward (ward_id, district_id, ward_name) VALUES (16066, 400, 'X횄짙 Li횄짧n L찼쨩혲c');
INSERT INTO tbl_vn_ward (ward_id, district_id, ward_name) VALUES (16069, 400, 'X횄짙 Quang L찼쨩혲c');
INSERT INTO tbl_vn_ward (ward_id, district_id, ward_name) VALUES (16072, 400, 'X횄짙 Ph횄쨘 L찼쨩혲c');
INSERT INTO tbl_vn_ward (ward_id, district_id, ward_name) VALUES (16075, 400, 'X횄짙 H횄짼a L찼쨩혲c');
INSERT INTO tbl_vn_ward (ward_id, district_id, ward_name) VALUES (16078, 400, 'X횄짙 Minh L찼쨩혲c');
INSERT INTO tbl_vn_ward (ward_id, district_id, ward_name) VALUES (16081, 400, 'X횄짙 H횈째ng L찼쨩혲c');
INSERT INTO tbl_vn_ward (ward_id, district_id, ward_name) VALUES (16084, 400, 'X횄짙 H찼쨘짙i L찼쨩혲c');
INSERT INTO tbl_vn_ward (ward_id, district_id, ward_name) VALUES (16087, 400, 'X횄짙 횆혨a L찼쨩혲c');
INSERT INTO tbl_vn_ward (ward_id, district_id, ward_name) VALUES (16090, 400, 'X횄짙 Ng횈째 L찼쨩혲c');
INSERT INTO tbl_vn_district (district_id, province_id, district_name) VALUES (401, 38, 'Huy찼쨩혝n Nga S횈징n');
INSERT INTO tbl_vn_ward (ward_id, district_id, ward_name) VALUES (16093, 401, 'Th찼쨩혢 tr찼쨘짜n Nga S횈징n');
INSERT INTO tbl_vn_ward (ward_id, district_id, ward_name) VALUES (16096, 401, 'X횄짙 Ba 횆혨횄짭nh');
INSERT INTO tbl_vn_ward (ward_id, district_id, ward_name) VALUES (16099, 401, 'X횄짙 Nga V찼쨩혢nh');
INSERT INTO tbl_vn_ward (ward_id, district_id, ward_name) VALUES (16102, 401, 'X횄짙 Nga V횆혘n');
INSERT INTO tbl_vn_ward (ward_id, district_id, ward_name) VALUES (16105, 401, 'X횄짙 Nga Thi찼쨩혝n');
INSERT INTO tbl_vn_ward (ward_id, district_id, ward_name) VALUES (16108, 401, 'X횄짙 Nga Ti찼쨘쩔n');
INSERT INTO tbl_vn_ward (ward_id, district_id, ward_name) VALUES (16114, 401, 'X횄짙 Nga Ph횈째찼쨩짙ng');
INSERT INTO tbl_vn_ward (ward_id, district_id, ward_name) VALUES (16120, 401, 'X횄짙 Nga Hi찼쨩혝p');
INSERT INTO tbl_vn_ward (ward_id, district_id, ward_name) VALUES (16123, 401, 'X횄짙 Nga Thanh');
INSERT INTO tbl_vn_ward (ward_id, district_id, ward_name) VALUES (16132, 401, 'X횄짙 Nga Y횄짧n');
INSERT INTO tbl_vn_ward (ward_id, district_id, ward_name) VALUES (16135, 401, 'X횄짙 Nga Gi횄징p');
INSERT INTO tbl_vn_ward (ward_id, district_id, ward_name) VALUES (16138, 401, 'X횄짙 Nga H찼쨘짙i');
INSERT INTO tbl_vn_ward (ward_id, district_id, ward_name) VALUES (16141, 401, 'X횄짙 Nga Th횄혻nh');
INSERT INTO tbl_vn_ward (ward_id, district_id, ward_name) VALUES (16144, 401, 'X횄짙 Nga An');
INSERT INTO tbl_vn_ward (ward_id, district_id, ward_name) VALUES (16147, 401, 'X횄짙 Nga Ph횄쨘');
INSERT INTO tbl_vn_ward (ward_id, district_id, ward_name) VALUES (16150, 401, 'X횄짙 Nga 횆혨i찼쨩혖n');
INSERT INTO tbl_vn_ward (ward_id, district_id, ward_name) VALUES (16153, 401, 'X횄짙 Nga T횄짖n');
INSERT INTO tbl_vn_ward (ward_id, district_id, ward_name) VALUES (16156, 401, 'X횄짙 Nga Th찼쨩짠y');
INSERT INTO tbl_vn_ward (ward_id, district_id, ward_name) VALUES (16159, 401, 'X횄짙 Nga Li횄짧n');
INSERT INTO tbl_vn_ward (ward_id, district_id, ward_name) VALUES (16162, 401, 'X횄짙 Nga Th횄징i');
INSERT INTO tbl_vn_ward (ward_id, district_id, ward_name) VALUES (16165, 401, 'X횄짙 Nga Th찼쨘징ch');
INSERT INTO tbl_vn_ward (ward_id, district_id, ward_name) VALUES (16168, 401, 'X횄짙 Nga Th찼쨘짱ng');
INSERT INTO tbl_vn_ward (ward_id, district_id, ward_name) VALUES (16171, 401, 'X횄짙 Nga Tr횈째찼쨩혶ng');
INSERT INTO tbl_vn_district (district_id, province_id, district_name) VALUES (402, 38, 'Huy찼쨩혝n Nh횈째 Xu횄짖n');
INSERT INTO tbl_vn_ward (ward_id, district_id, ward_name) VALUES (16174, 402, 'Th찼쨩혢 tr찼쨘짜n Y횄짧n C횄징t');
INSERT INTO tbl_vn_ward (ward_id, district_id, ward_name) VALUES (16177, 402, 'X횄짙 B횄짙i Tr횄혻nh');
INSERT INTO tbl_vn_ward (ward_id, district_id, ward_name) VALUES (16180, 402, 'X횄짙 Xu횄짖n H횄짼a');
INSERT INTO tbl_vn_ward (ward_id, district_id, ward_name) VALUES (16183, 402, 'X횄짙 Xu횄짖n B횄짭nh');
INSERT INTO tbl_vn_ward (ward_id, district_id, ward_name) VALUES (16186, 402, 'X횄짙 H횄쨀a Qu찼쨩쨀');
INSERT INTO tbl_vn_ward (ward_id, district_id, ward_name) VALUES (16195, 402, 'X횄짙 C횄징t V횄짖n');
INSERT INTO tbl_vn_ward (ward_id, district_id, ward_name) VALUES (16198, 402, 'X횄짙 C횄징t T횄짖n');
INSERT INTO tbl_vn_ward (ward_id, district_id, ward_name) VALUES (16201, 402, 'X횄짙 T횄짖n B횄짭nh');
INSERT INTO tbl_vn_ward (ward_id, district_id, ward_name) VALUES (16204, 402, 'X횄짙 B횄짭nh L횈째횈징ng');
INSERT INTO tbl_vn_ward (ward_id, district_id, ward_name) VALUES (16207, 402, 'X횄짙 Thanh Qu횄짖n');
INSERT INTO tbl_vn_ward (ward_id, district_id, ward_name) VALUES (16210, 402, 'X횄짙 Thanh Xu횄짖n');
INSERT INTO tbl_vn_ward (ward_id, district_id, ward_name) VALUES (16213, 402, 'X횄짙 Thanh H횄짼a');
INSERT INTO tbl_vn_ward (ward_id, district_id, ward_name) VALUES (16216, 402, 'X횄짙 Thanh Phong');
INSERT INTO tbl_vn_ward (ward_id, district_id, ward_name) VALUES (16219, 402, 'X횄짙 Thanh L횄짖m');
INSERT INTO tbl_vn_ward (ward_id, district_id, ward_name) VALUES (16222, 402, 'X횄짙 Thanh S횈징n');
INSERT INTO tbl_vn_ward (ward_id, district_id, ward_name) VALUES (16225, 402, 'X횄짙 Th횈째찼쨩짙ng Ninh');
INSERT INTO tbl_vn_district (district_id, province_id, district_name) VALUES (403, 38, 'Huy찼쨩혝n Nh횈째 Thanh');
INSERT INTO tbl_vn_ward (ward_id, district_id, ward_name) VALUES (16228, 403, 'Th찼쨩혢 tr찼쨘짜n B찼쨘쩔n Sung');
INSERT INTO tbl_vn_ward (ward_id, district_id, ward_name) VALUES (16231, 403, 'X횄짙 C횄징n Kh횄짧');
INSERT INTO tbl_vn_ward (ward_id, district_id, ward_name) VALUES (16234, 403, 'X횄짙 Xu횄짖n Du');
INSERT INTO tbl_vn_ward (ward_id, district_id, ward_name) VALUES (16240, 403, 'X횄짙 Ph횈째찼쨩짙ng Nghi');
INSERT INTO tbl_vn_ward (ward_id, district_id, ward_name) VALUES (16243, 403, 'X횄짙 M찼쨘짯u L횄짖m');
INSERT INTO tbl_vn_ward (ward_id, district_id, ward_name) VALUES (16246, 403, 'X횄짙 Xu횄짖n Khang');
INSERT INTO tbl_vn_ward (ward_id, district_id, ward_name) VALUES (16249, 403, 'X횄짙 Ph횄쨘 Nhu찼쨘짯n');
INSERT INTO tbl_vn_ward (ward_id, district_id, ward_name) VALUES (16252, 403, 'X횄짙 H찼쨘짙i Long');
INSERT INTO tbl_vn_ward (ward_id, district_id, ward_name) VALUES (16258, 403, 'X횄짙 Xu횄짖n Th횄징i');
INSERT INTO tbl_vn_ward (ward_id, district_id, ward_name) VALUES (16261, 403, 'X횄짙 Xu횄짖n Ph횄쨘c');
INSERT INTO tbl_vn_ward (ward_id, district_id, ward_name) VALUES (16264, 403, 'X횄짙 Y횄짧n Th찼쨩혥');
INSERT INTO tbl_vn_ward (ward_id, district_id, ward_name) VALUES (16267, 403, 'X횄짙 Y횄짧n L찼쨘징c');
INSERT INTO tbl_vn_ward (ward_id, district_id, ward_name) VALUES (16273, 403, 'X횄짙 Thanh T횄짖n');
INSERT INTO tbl_vn_ward (ward_id, district_id, ward_name) VALUES (16276, 403, 'X횄짙 Thanh K찼쨩쨀');
INSERT INTO tbl_vn_district (district_id, province_id, district_name) VALUES (404, 38, 'Huy찼쨩혝n N횄쨈ng C찼쨩혩ng');
INSERT INTO tbl_vn_ward (ward_id, district_id, ward_name) VALUES (16279, 404, 'Th찼쨩혢 tr찼쨘짜n N횄쨈ng C찼쨩혩ng');
INSERT INTO tbl_vn_ward (ward_id, district_id, ward_name) VALUES (16282, 404, 'X횄짙 T횄짖n Ph횄쨘c');
INSERT INTO tbl_vn_ward (ward_id, district_id, ward_name) VALUES (16285, 404, 'X횄짙 T횄짖n Th찼쨩혥');
INSERT INTO tbl_vn_ward (ward_id, district_id, ward_name) VALUES (16288, 404, 'X횄짙 Ho횄혻ng S횈징n');
INSERT INTO tbl_vn_ward (ward_id, district_id, ward_name) VALUES (16291, 404, 'X횄짙 T횄짖n Khang');
INSERT INTO tbl_vn_ward (ward_id, district_id, ward_name) VALUES (16294, 404, 'X횄짙 Ho횄혻ng Giang');
INSERT INTO tbl_vn_ward (ward_id, district_id, ward_name) VALUES (16297, 404, 'X횄짙 Trung Ch횄짯nh');
INSERT INTO tbl_vn_ward (ward_id, district_id, ward_name) VALUES (16303, 404, 'X횄짙 Trung Th횄혻nh');
INSERT INTO tbl_vn_ward (ward_id, district_id, ward_name) VALUES (16309, 404, 'X횄짙 T찼쨘쩔 Th찼쨘짱ng');
INSERT INTO tbl_vn_ward (ward_id, district_id, ward_name) VALUES (16315, 404, 'X횄짙 T찼쨘쩔 L찼쨩짙i');
INSERT INTO tbl_vn_ward (ward_id, district_id, ward_name) VALUES (16318, 404, 'X횄짙 T찼쨘쩔 N횄쨈ng');
INSERT INTO tbl_vn_ward (ward_id, district_id, ward_name) VALUES (16321, 404, 'X횄짙 Minh Ngh횆짤a');
INSERT INTO tbl_vn_ward (ward_id, district_id, ward_name) VALUES (16324, 404, 'X횄짙 Minh Kh횄쨈i');
INSERT INTO tbl_vn_ward (ward_id, district_id, ward_name) VALUES (16327, 404, 'X횄짙 V찼쨘징n H횄짼a');
INSERT INTO tbl_vn_ward (ward_id, district_id, ward_name) VALUES (16330, 404, 'X횄짙 Tr횈째찼쨩혶ng Trung');
INSERT INTO tbl_vn_ward (ward_id, district_id, ward_name) VALUES (16333, 404, 'X횄짙 V찼쨘징n Th찼쨘짱ng');
INSERT INTO tbl_vn_ward (ward_id, district_id, ward_name) VALUES (16336, 404, 'X횄짙 Tr횈째찼쨩혶ng Giang');
INSERT INTO tbl_vn_ward (ward_id, district_id, ward_name) VALUES (16339, 404, 'X횄짙 V찼쨘징n Thi찼쨩혝n');
INSERT INTO tbl_vn_ward (ward_id, district_id, ward_name) VALUES (16342, 404, 'X횄짙 Th횆혘ng Long');
INSERT INTO tbl_vn_ward (ward_id, district_id, ward_name) VALUES (16345, 404, 'X횄짙 Tr횈째찼쨩혶ng Minh');
INSERT INTO tbl_vn_ward (ward_id, district_id, ward_name) VALUES (16348, 404, 'X횄짙 Tr횈째찼쨩혶ng S횈징n');
INSERT INTO tbl_vn_ward (ward_id, district_id, ward_name) VALUES (16351, 404, 'X횄짙 Th횆혘ng B횄짭nh');
INSERT INTO tbl_vn_ward (ward_id, district_id, ward_name) VALUES (16354, 404, 'X횄짙 C횄쨈ng Li횄짧m');
INSERT INTO tbl_vn_ward (ward_id, district_id, ward_name) VALUES (16357, 404, 'X횄짙 T횈째찼쨩짙ng V횆혘n');
INSERT INTO tbl_vn_ward (ward_id, district_id, ward_name) VALUES (16360, 404, 'X횄짙 Th횆혘ng Th찼쨩혥');
INSERT INTO tbl_vn_ward (ward_id, district_id, ward_name) VALUES (16363, 404, 'X횄짙 T횈째찼쨩짙ng L횆짤nh');
INSERT INTO tbl_vn_ward (ward_id, district_id, ward_name) VALUES (16366, 404, 'X횄짙 T횈째찼쨩짙ng S횈징n');
INSERT INTO tbl_vn_ward (ward_id, district_id, ward_name) VALUES (16369, 404, 'X횄짙 C횄쨈ng Ch횄짯nh');
INSERT INTO tbl_vn_ward (ward_id, district_id, ward_name) VALUES (16375, 404, 'X횄짙 Y횄짧n M찼쨩쨔');
INSERT INTO tbl_vn_district (district_id, province_id, district_name) VALUES (406, 38, 'Huy찼쨩혝n Qu찼쨘짙ng X횈째횈징ng');
INSERT INTO tbl_vn_ward (ward_id, district_id, ward_name) VALUES (16438, 406, 'Th찼쨩혢 tr찼쨘짜n T횄짖n Phong');
INSERT INTO tbl_vn_ward (ward_id, district_id, ward_name) VALUES (16447, 406, 'X횄짙 Qu찼쨘짙ng Tr찼쨘징ch');
INSERT INTO tbl_vn_ward (ward_id, district_id, ward_name) VALUES (16453, 406, 'X횄짙 Qu찼쨘짙ng 횆혨찼쨩짤c');
INSERT INTO tbl_vn_ward (ward_id, district_id, ward_name) VALUES (16456, 406, 'X횄짙 Qu찼쨘짙ng 횆혨찼쨩혢nh');
INSERT INTO tbl_vn_ward (ward_id, district_id, ward_name) VALUES (16462, 406, 'X횄짙 Qu찼쨘짙ng Nh횄짖n');
INSERT INTO tbl_vn_ward (ward_id, district_id, ward_name) VALUES (16465, 406, 'X횄짙 Qu찼쨘짙ng Ninh');
INSERT INTO tbl_vn_ward (ward_id, district_id, ward_name) VALUES (16468, 406, 'X횄짙 Qu찼쨘짙ng B횄짭nh');
INSERT INTO tbl_vn_ward (ward_id, district_id, ward_name) VALUES (16471, 406, 'X횄짙 Qu찼쨘짙ng H찼쨩짙p');
INSERT INTO tbl_vn_ward (ward_id, district_id, ward_name) VALUES (16474, 406, 'X횄짙 Qu찼쨘짙ng V횆혘n');
INSERT INTO tbl_vn_ward (ward_id, district_id, ward_name) VALUES (16477, 406, 'X횄짙 Qu찼쨘짙ng Long');
INSERT INTO tbl_vn_ward (ward_id, district_id, ward_name) VALUES (16480, 406, 'X횄짙 Qu찼쨘짙ng Y횄짧n');
INSERT INTO tbl_vn_ward (ward_id, district_id, ward_name) VALUES (16483, 406, 'X횄짙 Qu찼쨘짙ng H횄짼a');
INSERT INTO tbl_vn_ward (ward_id, district_id, ward_name) VALUES (16489, 406, 'X횄짙 Qu찼쨘짙ng Kh횄짧');
INSERT INTO tbl_vn_ward (ward_id, district_id, ward_name) VALUES (16492, 406, 'X횄짙 Qu찼쨘짙ng Trung');
INSERT INTO tbl_vn_ward (ward_id, district_id, ward_name) VALUES (16495, 406, 'X횄짙 Qu찼쨘짙ng Ch횄짯nh');
INSERT INTO tbl_vn_ward (ward_id, district_id, ward_name) VALUES (16498, 406, 'X횄짙 Qu찼쨘짙ng Ng찼쨩혥c');
INSERT INTO tbl_vn_ward (ward_id, district_id, ward_name) VALUES (16501, 406, 'X횄짙 Qu찼쨘짙ng Tr횈째찼쨩혶ng');
INSERT INTO tbl_vn_ward (ward_id, district_id, ward_name) VALUES (16510, 406, 'X횄짙 Qu찼쨘짙ng Ph횄쨘c');
INSERT INTO tbl_vn_ward (ward_id, district_id, ward_name) VALUES (16519, 406, 'X횄짙 Qu찼쨘짙ng Giao');
INSERT INTO tbl_vn_ward (ward_id, district_id, ward_name) VALUES (16540, 406, 'X횄짙 Qu찼쨘짙ng H찼쨘짙i');
INSERT INTO tbl_vn_ward (ward_id, district_id, ward_name) VALUES (16543, 406, 'X횄짙 Qu찼쨘짙ng L횈째u');
INSERT INTO tbl_vn_ward (ward_id, district_id, ward_name) VALUES (16546, 406, 'X횄짙 Qu찼쨘짙ng L찼쨩혲c');
INSERT INTO tbl_vn_ward (ward_id, district_id, ward_name) VALUES (16549, 406, 'X횄짙 Ti횄짧n Trang');
INSERT INTO tbl_vn_ward (ward_id, district_id, ward_name) VALUES (16552, 406, 'X횄짙 Qu찼쨘짙ng Nham');
INSERT INTO tbl_vn_ward (ward_id, district_id, ward_name) VALUES (16555, 406, 'X횄짙 Qu찼쨘짙ng Th찼쨘징ch');
INSERT INTO tbl_vn_ward (ward_id, district_id, ward_name) VALUES (16558, 406, 'X횄짙 Qu찼쨘짙ng Th횄징i');
INSERT INTO tbl_vn_district (district_id, province_id, district_name) VALUES (407, 38, 'Th찼쨩혢 x횄짙 Nghi S횈징n');
INSERT INTO tbl_vn_ward (ward_id, district_id, ward_name) VALUES (16561, 407, 'Ph횈째찼쨩혶ng H찼쨘짙i H횄짼a');
INSERT INTO tbl_vn_ward (ward_id, district_id, ward_name) VALUES (16564, 407, 'Ph횈째찼쨩혶ng H찼쨘짙i Ch횄짖u');
INSERT INTO tbl_vn_ward (ward_id, district_id, ward_name) VALUES (16567, 407, 'X횄짙 Thanh Th찼쨩짠y');
INSERT INTO tbl_vn_ward (ward_id, district_id, ward_name) VALUES (16570, 407, 'X횄짙 Thanh S횈징n');
INSERT INTO tbl_vn_ward (ward_id, district_id, ward_name) VALUES (16576, 407, 'Ph횈째찼쨩혶ng H찼쨘짙i Ninh');
INSERT INTO tbl_vn_ward (ward_id, district_id, ward_name) VALUES (16579, 407, 'X횄짙 Anh S횈징n');
INSERT INTO tbl_vn_ward (ward_id, district_id, ward_name) VALUES (16582, 407, 'X횄짙 Ng찼쨩혥c L횆짤nh');
INSERT INTO tbl_vn_ward (ward_id, district_id, ward_name) VALUES (16585, 407, 'Ph횈째찼쨩혶ng H찼쨘짙i An');
INSERT INTO tbl_vn_ward (ward_id, district_id, ward_name) VALUES (16591, 407, 'X횄짙 C횄징c S횈징n');
INSERT INTO tbl_vn_ward (ward_id, district_id, ward_name) VALUES (16594, 407, 'Ph횈째찼쨩혶ng T횄짖n D횄짖n');
INSERT INTO tbl_vn_ward (ward_id, district_id, ward_name) VALUES (16597, 407, 'Ph횈째찼쨩혶ng H찼쨘짙i L횆짤nh');
INSERT INTO tbl_vn_ward (ward_id, district_id, ward_name) VALUES (16600, 407, 'X횄짙 횆혨찼쨩혢nh H찼쨘짙i');
INSERT INTO tbl_vn_ward (ward_id, district_id, ward_name) VALUES (16603, 407, 'X횄짙 Ph횄쨘 S횈징n');
INSERT INTO tbl_vn_ward (ward_id, district_id, ward_name) VALUES (16606, 407, 'Ph횈째찼쨩혶ng Ninh H찼쨘짙i');
INSERT INTO tbl_vn_ward (ward_id, district_id, ward_name) VALUES (16609, 407, 'Ph횈째찼쨩혶ng Nguy횄짧n B횄짭nh');
INSERT INTO tbl_vn_ward (ward_id, district_id, ward_name) VALUES (16612, 407, 'X횄짙 H찼쨘짙i Nh횄짖n');
INSERT INTO tbl_vn_ward (ward_id, district_id, ward_name) VALUES (16618, 407, 'Ph횈째찼쨩혶ng B횄짭nh Minh');
INSERT INTO tbl_vn_ward (ward_id, district_id, ward_name) VALUES (16621, 407, 'Ph횈째찼쨩혶ng H찼쨘짙i Thanh');
INSERT INTO tbl_vn_ward (ward_id, district_id, ward_name) VALUES (16624, 407, 'X횄짙 Ph횄쨘 L횄짖m');
INSERT INTO tbl_vn_ward (ward_id, district_id, ward_name) VALUES (16627, 407, 'Ph횈째찼쨩혶ng Xu횄짖n L횄짖m');
INSERT INTO tbl_vn_ward (ward_id, district_id, ward_name) VALUES (16630, 407, 'Ph횈째찼쨩혶ng Tr횄쨘c L횄짖m');
INSERT INTO tbl_vn_ward (ward_id, district_id, ward_name) VALUES (16633, 407, 'Ph횈째찼쨩혶ng H찼쨘짙i B횄짭nh');
INSERT INTO tbl_vn_ward (ward_id, district_id, ward_name) VALUES (16636, 407, 'X횄짙 T횄짖n Tr횈째찼쨩혶ng');
INSERT INTO tbl_vn_ward (ward_id, district_id, ward_name) VALUES (16639, 407, 'X횄짙 T횄쨔ng L횄짖m');
INSERT INTO tbl_vn_ward (ward_id, district_id, ward_name) VALUES (16642, 407, 'Ph횈째찼쨩혶ng T횆짤nh H찼쨘짙i');
INSERT INTO tbl_vn_ward (ward_id, district_id, ward_name) VALUES (16645, 407, 'Ph횈째찼쨩혶ng Mai L횄짖m');
INSERT INTO tbl_vn_ward (ward_id, district_id, ward_name) VALUES (16648, 407, 'X횄짙 Tr횈째찼쨩혶ng L횄짖m');
INSERT INTO tbl_vn_ward (ward_id, district_id, ward_name) VALUES (16654, 407, 'Ph횈째찼쨩혶ng H찼쨘짙i Th횈째찼쨩짙ng');
INSERT INTO tbl_vn_ward (ward_id, district_id, ward_name) VALUES (16657, 407, 'X횄짙 Nghi S횈징n');
INSERT INTO tbl_vn_ward (ward_id, district_id, ward_name) VALUES (16660, 407, 'X횄짙 H찼쨘짙i H횄혻');
INSERT INTO tbl_vn_province (province_id, province_name) VALUES (40, 'T찼쨩혟nh Ngh찼쨩혝 An');
INSERT INTO tbl_vn_district (district_id, province_id, district_name) VALUES (412, 40, 'Th횄혻nh ph찼쨩혩 Vinh');
INSERT INTO tbl_vn_ward (ward_id, district_id, ward_name) VALUES (16663, 412, 'Ph횈째찼쨩혶ng 횆혨횄쨈ng V횆짤nh');
INSERT INTO tbl_vn_ward (ward_id, district_id, ward_name) VALUES (16666, 412, 'Ph횈째찼쨩혶ng H횄혻 Huy T찼쨘짯p');
INSERT INTO tbl_vn_ward (ward_id, district_id, ward_name) VALUES (16669, 412, 'Ph횈째찼쨩혶ng L횄짧 L찼쨩짙i');
INSERT INTO tbl_vn_ward (ward_id, district_id, ward_name) VALUES (16670, 412, 'Ph횈째찼쨩혶ng Qu횄징n B횄혻u');
INSERT INTO tbl_vn_ward (ward_id, district_id, ward_name) VALUES (16672, 412, 'Ph횈째찼쨩혶ng H횈째ng B횄짭nh');
INSERT INTO tbl_vn_ward (ward_id, district_id, ward_name) VALUES (16673, 412, 'Ph횈째찼쨩혶ng H횈째ng Ph횄쨘c');
INSERT INTO tbl_vn_ward (ward_id, district_id, ward_name) VALUES (16675, 412, 'Ph횈째찼쨩혶ng H횈째ng D횇짤ng');
INSERT INTO tbl_vn_ward (ward_id, district_id, ward_name) VALUES (16678, 412, 'Ph횈째찼쨩혶ng C찼쨩짯a Nam');
INSERT INTO tbl_vn_ward (ward_id, district_id, ward_name) VALUES (16681, 412, 'Ph횈째찼쨩혶ng Quang Trung');
INSERT INTO tbl_vn_ward (ward_id, district_id, ward_name) VALUES (16690, 412, 'Ph횈째찼쨩혶ng Tr횈째찼쨩혶ng Thi');
INSERT INTO tbl_vn_ward (ward_id, district_id, ward_name) VALUES (16693, 412, 'Ph횈째찼쨩혶ng B찼쨘쩔n Th찼쨩짠y');
INSERT INTO tbl_vn_ward (ward_id, district_id, ward_name) VALUES (16699, 412, 'Ph횈째찼쨩혶ng Trung 횆혨횄쨈');
INSERT INTO tbl_vn_ward (ward_id, district_id, ward_name) VALUES (16702, 412, 'Ph횈째찼쨩혶ng Nghi Ph횄쨘');
INSERT INTO tbl_vn_ward (ward_id, district_id, ward_name) VALUES (16705, 412, 'Ph횈째찼쨩혶ng H횈째ng 횆혨횄쨈ng');
INSERT INTO tbl_vn_ward (ward_id, district_id, ward_name) VALUES (16708, 412, 'Ph횈째찼쨩혶ng H횈째ng L찼쨩혲c');
INSERT INTO tbl_vn_ward (ward_id, district_id, ward_name) VALUES (16711, 412, 'X횄짙 H횈째ng H횄짼a');
INSERT INTO tbl_vn_ward (ward_id, district_id, ward_name) VALUES (16714, 412, 'Ph횈째찼쨩혶ng Vinh T횄짖n');
INSERT INTO tbl_vn_ward (ward_id, district_id, ward_name) VALUES (16717, 412, 'Ph횈째찼쨩혶ng Nghi Thu찼쨩쨌');
INSERT INTO tbl_vn_ward (ward_id, district_id, ward_name) VALUES (16720, 412, 'Ph횈째찼쨩혶ng Nghi T횄짖n');
INSERT INTO tbl_vn_ward (ward_id, district_id, ward_name) VALUES (16723, 412, 'Ph횈째찼쨩혶ng Thu Thu찼쨩쨌');
INSERT INTO tbl_vn_ward (ward_id, district_id, ward_name) VALUES (16726, 412, 'Ph횈째찼쨩혶ng Nghi H횄짼a');
INSERT INTO tbl_vn_ward (ward_id, district_id, ward_name) VALUES (16729, 412, 'Ph횈째찼쨩혶ng Nghi H찼쨘짙i');
INSERT INTO tbl_vn_ward (ward_id, district_id, ward_name) VALUES (16732, 412, 'Ph횈째찼쨩혶ng Nghi H횈째횈징ng');
INSERT INTO tbl_vn_ward (ward_id, district_id, ward_name) VALUES (16735, 412, 'Ph횈째찼쨩혶ng Nghi Thu');
INSERT INTO tbl_vn_ward (ward_id, district_id, ward_name) VALUES (17902, 412, 'X횄짙 Nghi Phong');
INSERT INTO tbl_vn_ward (ward_id, district_id, ward_name) VALUES (17905, 412, 'X횄짙 Nghi Xu횄짖n');
INSERT INTO tbl_vn_ward (ward_id, district_id, ward_name) VALUES (17908, 412, 'X횄짙 Nghi Li횄짧n');
INSERT INTO tbl_vn_ward (ward_id, district_id, ward_name) VALUES (17914, 412, 'X횄짙 Nghi 횄혗n');
INSERT INTO tbl_vn_ward (ward_id, district_id, ward_name) VALUES (17917, 412, 'X횄짙 Ph횄쨘c Th찼쨩혥');
INSERT INTO tbl_vn_ward (ward_id, district_id, ward_name) VALUES (17920, 412, 'X횄짙 Nghi Kim');
INSERT INTO tbl_vn_ward (ward_id, district_id, ward_name) VALUES (17923, 412, 'Ph횈째찼쨩혶ng Nghi 횆혨찼쨩짤c');
INSERT INTO tbl_vn_ward (ward_id, district_id, ward_name) VALUES (17926, 412, 'X횄짙 Nghi Th횄징i');
INSERT INTO tbl_vn_ward (ward_id, district_id, ward_name) VALUES (18013, 412, 'X횄짙 H횈째ng Ch횄짯nh');
INSERT INTO tbl_vn_district (district_id, province_id, district_name) VALUES (414, 40, 'Th찼쨩혢 x횄짙 Th횄징i Ho횄혻');
INSERT INTO tbl_vn_ward (ward_id, district_id, ward_name) VALUES (16939, 414, 'Ph횈째찼쨩혶ng Ho횄혻 Hi찼쨘쩔u');
INSERT INTO tbl_vn_ward (ward_id, district_id, ward_name) VALUES (16993, 414, 'Ph횈째찼쨩혶ng Quang Phong');
INSERT INTO tbl_vn_ward (ward_id, district_id, ward_name) VALUES (16994, 414, 'Ph횈째찼쨩혶ng Quang Ti찼쨘쩔n');
INSERT INTO tbl_vn_ward (ward_id, district_id, ward_name) VALUES (17003, 414, 'Ph횈째찼쨩혶ng Long S횈징n');
INSERT INTO tbl_vn_ward (ward_id, district_id, ward_name) VALUES (17005, 414, 'X횄짙 Ngh횆짤a Ti찼쨘쩔n');
INSERT INTO tbl_vn_ward (ward_id, district_id, ward_name) VALUES (17008, 414, 'X횄짙 Ngh횆짤a M찼쨩쨔');
INSERT INTO tbl_vn_ward (ward_id, district_id, ward_name) VALUES (17011, 414, 'X횄짙 T횄짖y Hi찼쨘쩔u');
INSERT INTO tbl_vn_ward (ward_id, district_id, ward_name) VALUES (17014, 414, 'X횄짙 Ngh횆짤a Thu찼쨘짯n');
INSERT INTO tbl_vn_ward (ward_id, district_id, ward_name) VALUES (17017, 414, 'X횄짙 횆혨횄쨈ng Hi찼쨘쩔u');
INSERT INTO tbl_vn_district (district_id, province_id, district_name) VALUES (415, 40, 'Huy찼쨩혝n Qu찼쨘쩔 Phong');
INSERT INTO tbl_vn_ward (ward_id, district_id, ward_name) VALUES (16738, 415, 'Th찼쨩혢 tr찼쨘짜n Kim S횈징n');
INSERT INTO tbl_vn_ward (ward_id, district_id, ward_name) VALUES (16741, 415, 'X횄짙 Th횄쨈ng Th찼쨩짜');
INSERT INTO tbl_vn_ward (ward_id, district_id, ward_name) VALUES (16744, 415, 'X횄짙 횆혨찼쨩혫ng V횆혘n');
INSERT INTO tbl_vn_ward (ward_id, district_id, ward_name) VALUES (16747, 415, 'X횄짙 H찼쨘징nh D찼쨩혢ch');
INSERT INTO tbl_vn_ward (ward_id, district_id, ward_name) VALUES (16750, 415, 'X횄짙 Ti찼쨩혖n Phong');
INSERT INTO tbl_vn_ward (ward_id, district_id, ward_name) VALUES (16753, 415, 'X횄짙 N찼쨘짯m Gi찼쨘짙i');
INSERT INTO tbl_vn_ward (ward_id, district_id, ward_name) VALUES (16756, 415, 'X횄짙 Tri L찼쨩혚');
INSERT INTO tbl_vn_ward (ward_id, district_id, ward_name) VALUES (16759, 415, 'X횄짙 Ch횄짖u Kim');
INSERT INTO tbl_vn_ward (ward_id, district_id, ward_name) VALUES (16763, 415, 'X횄짙 M횈째찼쨩혶ng N찼쨩혥c');
INSERT INTO tbl_vn_ward (ward_id, district_id, ward_name) VALUES (16765, 415, 'X횄짙 Ch횄짖u Th횄쨈n');
INSERT INTO tbl_vn_ward (ward_id, district_id, ward_name) VALUES (16768, 415, 'X횄짙 N찼쨘짯m Nho횄쨀ng');
INSERT INTO tbl_vn_ward (ward_id, district_id, ward_name) VALUES (16771, 415, 'X횄짙 Quang Phong');
INSERT INTO tbl_vn_ward (ward_id, district_id, ward_name) VALUES (16774, 415, 'X횄짙 C횆혘m Mu찼쨩혲n');
INSERT INTO tbl_vn_district (district_id, province_id, district_name) VALUES (416, 40, 'Huy찼쨩혝n Qu찼쨩쨀 Ch횄짖u');
INSERT INTO tbl_vn_ward (ward_id, district_id, ward_name) VALUES (16777, 416, 'Th찼쨩혢 tr찼쨘짜n T횄짖n L찼쨘징c');
INSERT INTO tbl_vn_ward (ward_id, district_id, ward_name) VALUES (16780, 416, 'X횄짙 Ch횄짖u B횄짯nh');
INSERT INTO tbl_vn_ward (ward_id, district_id, ward_name) VALUES (16783, 416, 'X횄짙 Ch횄짖u Thu찼쨘짯n');
INSERT INTO tbl_vn_ward (ward_id, district_id, ward_name) VALUES (16786, 416, 'X횄짙 Ch횄짖u H찼쨩혲i');
INSERT INTO tbl_vn_ward (ward_id, district_id, ward_name) VALUES (16789, 416, 'X횄짙 Ch횄짖u Nga');
INSERT INTO tbl_vn_ward (ward_id, district_id, ward_name) VALUES (16792, 416, 'X횄짙 Ch횄짖u Ti찼쨘쩔n');
INSERT INTO tbl_vn_ward (ward_id, district_id, ward_name) VALUES (16795, 416, 'X횄짙 Ch횄짖u H찼쨘징nh');
INSERT INTO tbl_vn_ward (ward_id, district_id, ward_name) VALUES (16798, 416, 'X횄짙 Ch횄짖u Th찼쨘짱ng');
INSERT INTO tbl_vn_ward (ward_id, district_id, ward_name) VALUES (16801, 416, 'X횄짙 Ch횄짖u Phong');
INSERT INTO tbl_vn_ward (ward_id, district_id, ward_name) VALUES (16804, 416, 'X횄짙 Ch횄짖u B횄짭nh');
INSERT INTO tbl_vn_ward (ward_id, district_id, ward_name) VALUES (16807, 416, 'X횄짙 Ch횄짖u Ho횄혻n');
INSERT INTO tbl_vn_ward (ward_id, district_id, ward_name) VALUES (16810, 416, 'X횄짙 Di횄짧n L횄짙m');
INSERT INTO tbl_vn_district (district_id, province_id, district_name) VALUES (417, 40, 'Huy찼쨩혝n K찼쨩쨀 S횈징n');
INSERT INTO tbl_vn_ward (ward_id, district_id, ward_name) VALUES (16813, 417, 'Th찼쨩혢 tr찼쨘짜n M횈째찼쨩혶ng X횄짤n');
INSERT INTO tbl_vn_ward (ward_id, district_id, ward_name) VALUES (16816, 417, 'X횄짙 M찼쨩쨔 L횄쩍');
INSERT INTO tbl_vn_ward (ward_id, district_id, ward_name) VALUES (16819, 417, 'X횄짙 B찼쨘짱c L횄쩍');
INSERT INTO tbl_vn_ward (ward_id, district_id, ward_name) VALUES (16822, 417, 'X횄짙 Keng 횆혨u');
INSERT INTO tbl_vn_ward (ward_id, district_id, ward_name) VALUES (16825, 417, 'X횄짙 횆혨o찼쨩혥c M찼쨘징y');
INSERT INTO tbl_vn_ward (ward_id, district_id, ward_name) VALUES (16828, 417, 'X횄짙 Hu찼쨩혫i T찼쨩짜');
INSERT INTO tbl_vn_ward (ward_id, district_id, ward_name) VALUES (16831, 417, 'X횄짙 M횈째찼쨩혶ng L찼쨩혩ng');
INSERT INTO tbl_vn_ward (ward_id, district_id, ward_name) VALUES (16834, 417, 'X횄짙 Na Loi');
INSERT INTO tbl_vn_ward (ward_id, district_id, ward_name) VALUES (16837, 417, 'X횄짙 N찼쨘짯m C찼쨘짱n');
INSERT INTO tbl_vn_ward (ward_id, district_id, ward_name) VALUES (16840, 417, 'X횄짙 B찼쨘짙o Nam');
INSERT INTO tbl_vn_ward (ward_id, district_id, ward_name) VALUES (16843, 417, 'X횄짙 Ph횄혻 횆혨횄징nh');
INSERT INTO tbl_vn_ward (ward_id, district_id, ward_name) VALUES (16846, 417, 'X횄짙 B찼쨘짙o Th찼쨘짱ng');
INSERT INTO tbl_vn_ward (ward_id, district_id, ward_name) VALUES (16849, 417, 'X횄짙 H찼쨩짱u L찼쨘짯p');
INSERT INTO tbl_vn_ward (ward_id, district_id, ward_name) VALUES (16852, 417, 'X횄짙 T횄혻 C찼쨘징');
INSERT INTO tbl_vn_ward (ward_id, district_id, ward_name) VALUES (16855, 417, 'X횄짙 Chi횄짧u L횈째u');
INSERT INTO tbl_vn_ward (ward_id, district_id, ward_name) VALUES (16858, 417, 'X횄짙 M횈째찼쨩혶ng T횄짯p');
INSERT INTO tbl_vn_ward (ward_id, district_id, ward_name) VALUES (16861, 417, 'X횄짙 H찼쨩짱u Ki찼쨩혝m');
INSERT INTO tbl_vn_ward (ward_id, district_id, ward_name) VALUES (16864, 417, 'X횄짙 T횄짖y S횈징n');
INSERT INTO tbl_vn_ward (ward_id, district_id, ward_name) VALUES (16867, 417, 'X횄짙 M횈째찼쨩혶ng 찼쨘짖i');
INSERT INTO tbl_vn_ward (ward_id, district_id, ward_name) VALUES (16870, 417, 'X횄짙 Na Ngoi');
INSERT INTO tbl_vn_ward (ward_id, district_id, ward_name) VALUES (16873, 417, 'X횄짙 N찼쨘짯m C횄혻n');
INSERT INTO tbl_vn_district (district_id, province_id, district_name) VALUES (418, 40, 'Huy찼쨩혝n T횈째횈징ng D횈째횈징ng');
INSERT INTO tbl_vn_ward (ward_id, district_id, ward_name) VALUES (16876, 418, 'Th찼쨩혢 tr찼쨘짜n Th찼쨘징ch Gi횄징m');
INSERT INTO tbl_vn_ward (ward_id, district_id, ward_name) VALUES (16879, 418, 'X횄짙 Mai S횈징n');
INSERT INTO tbl_vn_ward (ward_id, district_id, ward_name) VALUES (16882, 418, 'X횄짙 Nh횄쨈n Mai');
INSERT INTO tbl_vn_ward (ward_id, district_id, ward_name) VALUES (16885, 418, 'X횄짙 H찼쨩짱u Khu횄쨈ng');
INSERT INTO tbl_vn_ward (ward_id, district_id, ward_name) VALUES (16900, 418, 'X횄짙 Y횄짧n T횆짤nh');
INSERT INTO tbl_vn_ward (ward_id, district_id, ward_name) VALUES (16903, 418, 'X횄짙 Nga My');
INSERT INTO tbl_vn_ward (ward_id, district_id, ward_name) VALUES (16904, 418, 'X횄짙 Xi횄짧ng My');
INSERT INTO tbl_vn_ward (ward_id, district_id, ward_name) VALUES (16906, 418, 'X횄짙 L횈째찼쨩징ng Minh');
INSERT INTO tbl_vn_ward (ward_id, district_id, ward_name) VALUES (16909, 418, 'X횄짙 Y횄짧n H횄짼a');
INSERT INTO tbl_vn_ward (ward_id, district_id, ward_name) VALUES (16912, 418, 'X횄짙 Y횄짧n Na');
INSERT INTO tbl_vn_ward (ward_id, district_id, ward_name) VALUES (16915, 418, 'X횄짙 L횈째u Ki찼쨩혖n');
INSERT INTO tbl_vn_ward (ward_id, district_id, ward_name) VALUES (16921, 418, 'X횄짙 X횄징 L횈째찼쨩짙ng');
INSERT INTO tbl_vn_ward (ward_id, district_id, ward_name) VALUES (16924, 418, 'X횄짙 Tam Th횄징i');
INSERT INTO tbl_vn_ward (ward_id, district_id, ward_name) VALUES (16927, 418, 'X횄짙 Tam 횆혨횄짭nh');
INSERT INTO tbl_vn_ward (ward_id, district_id, ward_name) VALUES (16930, 418, 'X횄짙 Y횄짧n Th찼쨘짱ng');
INSERT INTO tbl_vn_ward (ward_id, district_id, ward_name) VALUES (16933, 418, 'X횄짙 Tam Quang');
INSERT INTO tbl_vn_ward (ward_id, district_id, ward_name) VALUES (16936, 418, 'X횄짙 Tam H찼쨩짙p');
INSERT INTO tbl_vn_district (district_id, province_id, district_name) VALUES (419, 40, 'Huy찼쨩혝n Ngh횆짤a 횆혨횄혻n');
INSERT INTO tbl_vn_ward (ward_id, district_id, ward_name) VALUES (16941, 419, 'Th찼쨩혢 tr찼쨘짜n Ngh횆짤a 횆혨횄혻n');
INSERT INTO tbl_vn_ward (ward_id, district_id, ward_name) VALUES (16942, 419, 'X횄짙 Ngh횆짤a Mai');
INSERT INTO tbl_vn_ward (ward_id, district_id, ward_name) VALUES (16945, 419, 'X횄짙 Ngh횆짤a Y횄짧n');
INSERT INTO tbl_vn_ward (ward_id, district_id, ward_name) VALUES (16948, 419, 'X횄짙 Ngh횆짤a L찼쨘징c');
INSERT INTO tbl_vn_ward (ward_id, district_id, ward_name) VALUES (16951, 419, 'X횄짙 Ngh횆짤a L횄짖m');
INSERT INTO tbl_vn_ward (ward_id, district_id, ward_name) VALUES (16954, 419, 'X횄짙 Ngh횆짤a S횈징n');
INSERT INTO tbl_vn_ward (ward_id, district_id, ward_name) VALUES (16957, 419, 'X횄짙 Ngh횆짤a L찼쨩짙i');
INSERT INTO tbl_vn_ward (ward_id, district_id, ward_name) VALUES (16960, 419, 'X횄짙 Ngh횆짤a B횄짭nh');
INSERT INTO tbl_vn_ward (ward_id, district_id, ward_name) VALUES (16966, 419, 'X횄짙 Ngh횆짤a Minh');
INSERT INTO tbl_vn_ward (ward_id, district_id, ward_name) VALUES (16969, 419, 'X횄짙 Ngh횆짤a Th찼쨩혥');
INSERT INTO tbl_vn_ward (ward_id, district_id, ward_name) VALUES (16972, 419, 'X횄짙 Ngh횆짤a H횈째ng');
INSERT INTO tbl_vn_ward (ward_id, district_id, ward_name) VALUES (16975, 419, 'X횄짙 Ngh횆짤a H찼쨩혫ng');
INSERT INTO tbl_vn_ward (ward_id, district_id, ward_name) VALUES (16981, 419, 'X횄짙 Ngh횆짤a Trung');
INSERT INTO tbl_vn_ward (ward_id, district_id, ward_name) VALUES (16984, 419, 'X횄짙 Ngh횆짤a H찼쨩혲i');
INSERT INTO tbl_vn_ward (ward_id, district_id, ward_name) VALUES (16987, 419, 'X횄짙 Ngh횆짤a Th횄혻nh');
INSERT INTO tbl_vn_ward (ward_id, district_id, ward_name) VALUES (17020, 419, 'X횄짙 Ngh횆짤a 횆혨찼쨩짤c');
INSERT INTO tbl_vn_ward (ward_id, district_id, ward_name) VALUES (17023, 419, 'X횄짙 Ngh횆짤a An');
INSERT INTO tbl_vn_ward (ward_id, district_id, ward_name) VALUES (17026, 419, 'X횄짙 Ngh횆짤a Long');
INSERT INTO tbl_vn_ward (ward_id, district_id, ward_name) VALUES (17029, 419, 'X횄짙 Ngh횆짤a L찼쨩혲c');
INSERT INTO tbl_vn_ward (ward_id, district_id, ward_name) VALUES (17032, 419, 'X횄짙 Ngh횆짤a Kh횄징nh');
INSERT INTO tbl_vn_district (district_id, province_id, district_name) VALUES (420, 40, 'Huy찼쨩혝n Qu찼쨩쨀 H찼쨩짙p');
INSERT INTO tbl_vn_ward (ward_id, district_id, ward_name) VALUES (17035, 420, 'Th찼쨩혢 tr찼쨘짜n Qu찼쨩쨀 H찼쨩짙p');
INSERT INTO tbl_vn_ward (ward_id, district_id, ward_name) VALUES (17038, 420, 'X횄짙 Y횄짧n H찼쨩짙p');
INSERT INTO tbl_vn_ward (ward_id, district_id, ward_name) VALUES (17041, 420, 'X횄짙 Ch횄짖u Ti찼쨘쩔n');
INSERT INTO tbl_vn_ward (ward_id, district_id, ward_name) VALUES (17044, 420, 'X횄짙 Ch횄짖u H찼쨩혫ng');
INSERT INTO tbl_vn_ward (ward_id, district_id, ward_name) VALUES (17047, 420, 'X횄짙 횆혨찼쨩혫ng H찼쨩짙p');
INSERT INTO tbl_vn_ward (ward_id, district_id, ward_name) VALUES (17050, 420, 'X횄짙 Ch횄짖u Th횄혻nh');
INSERT INTO tbl_vn_ward (ward_id, district_id, ward_name) VALUES (17053, 420, 'X횄짙 Li횄짧n H찼쨩짙p');
INSERT INTO tbl_vn_ward (ward_id, district_id, ward_name) VALUES (17056, 420, 'X횄짙 Ch횄짖u L찼쨩혲c');
INSERT INTO tbl_vn_ward (ward_id, district_id, ward_name) VALUES (17059, 420, 'X횄짙 Tam H찼쨩짙p');
INSERT INTO tbl_vn_ward (ward_id, district_id, ward_name) VALUES (17062, 420, 'X횄짙 Ch횄짖u C횈째찼쨩혶ng');
INSERT INTO tbl_vn_ward (ward_id, district_id, ward_name) VALUES (17065, 420, 'X횄짙 Ch횄짖u Quang');
INSERT INTO tbl_vn_ward (ward_id, district_id, ward_name) VALUES (17068, 420, 'X횄짙 Th찼쨩혥 H찼쨩짙p');
INSERT INTO tbl_vn_ward (ward_id, district_id, ward_name) VALUES (17071, 420, 'X횄짙 Minh H찼쨩짙p');
INSERT INTO tbl_vn_ward (ward_id, district_id, ward_name) VALUES (17074, 420, 'X횄짙 Ngh횆짤a Xu횄짖n');
INSERT INTO tbl_vn_ward (ward_id, district_id, ward_name) VALUES (17077, 420, 'X횄짙 Ch횄짖u Th횄징i');
INSERT INTO tbl_vn_ward (ward_id, district_id, ward_name) VALUES (17080, 420, 'X횄짙 Ch횄짖u 횆혨횄짭nh');
INSERT INTO tbl_vn_ward (ward_id, district_id, ward_name) VALUES (17083, 420, 'X횄짙 V횆혘n L찼쨩짙i');
INSERT INTO tbl_vn_ward (ward_id, district_id, ward_name) VALUES (17086, 420, 'X횄짙 Nam S횈징n');
INSERT INTO tbl_vn_ward (ward_id, district_id, ward_name) VALUES (17089, 420, 'X횄짙 Ch횄짖u L횄쩍');
INSERT INTO tbl_vn_ward (ward_id, district_id, ward_name) VALUES (17092, 420, 'X횄짙 H찼쨘징 S횈징n');
INSERT INTO tbl_vn_ward (ward_id, district_id, ward_name) VALUES (17095, 420, 'X횄짙 B찼쨘짱c S횈징n');
INSERT INTO tbl_vn_district (district_id, province_id, district_name) VALUES (421, 40, 'Huy찼쨩혝n Qu찼쨩쨀nh L횈째u');
INSERT INTO tbl_vn_ward (ward_id, district_id, ward_name) VALUES (17101, 421, 'X횄짙 Qu찼쨩쨀nh Th찼쨘짱ng');
INSERT INTO tbl_vn_ward (ward_id, district_id, ward_name) VALUES (17119, 421, 'X횄짙 Qu찼쨩쨀nh T횄짖n');
INSERT INTO tbl_vn_ward (ward_id, district_id, ward_name) VALUES (17122, 421, 'X횄짙 Qu찼쨩쨀nh Ch횄짖u');
INSERT INTO tbl_vn_ward (ward_id, district_id, ward_name) VALUES (17140, 421, 'X횄짙 T횄짖n S횈징n');
INSERT INTO tbl_vn_ward (ward_id, district_id, ward_name) VALUES (17143, 421, 'X횄짙 Qu찼쨩쨀nh V횆혘n');
INSERT INTO tbl_vn_ward (ward_id, district_id, ward_name) VALUES (17146, 421, 'X횄짙 Ng찼쨩혥c S횈징n');
INSERT INTO tbl_vn_ward (ward_id, district_id, ward_name) VALUES (17149, 421, 'X횄짙 Qu찼쨩쨀nh Tam');
INSERT INTO tbl_vn_ward (ward_id, district_id, ward_name) VALUES (17152, 421, 'X횄짙 Qu찼쨩쨀nh S횈징n');
INSERT INTO tbl_vn_ward (ward_id, district_id, ward_name) VALUES (17155, 421, 'X횄짙 Qu찼쨩쨀nh Th찼쨘징ch');
INSERT INTO tbl_vn_ward (ward_id, district_id, ward_name) VALUES (17158, 421, 'X횄짙 Qu찼쨩쨀nh B찼쨘짙ng');
INSERT INTO tbl_vn_ward (ward_id, district_id, ward_name) VALUES (17164, 421, 'X횄짙 Qu찼쨩쨀nh Thanh');
INSERT INTO tbl_vn_ward (ward_id, district_id, ward_name) VALUES (17167, 421, 'X횄짙 Qu찼쨩쨀nh H찼쨘짯u');
INSERT INTO tbl_vn_ward (ward_id, district_id, ward_name) VALUES (17170, 421, 'X횄짙 Qu찼쨩쨀nh L횄짖m');
INSERT INTO tbl_vn_ward (ward_id, district_id, ward_name) VALUES (17173, 421, 'X횄짙 Qu찼쨩쨀nh 횆혨횄쨈i');
INSERT INTO tbl_vn_ward (ward_id, district_id, ward_name) VALUES (17176, 421, 'X횄짙 Minh L횈째횈징ng');
INSERT INTO tbl_vn_ward (ward_id, district_id, ward_name) VALUES (17179, 421, 'Th찼쨩혢 tr찼쨘짜n C찼쨘짠u Gi횄징t');
INSERT INTO tbl_vn_ward (ward_id, district_id, ward_name) VALUES (17182, 421, 'X횄짙 Qu찼쨩쨀nh Y횄짧n');
INSERT INTO tbl_vn_ward (ward_id, district_id, ward_name) VALUES (17185, 421, 'X횄짙 B횄짭nh S횈징n');
INSERT INTO tbl_vn_ward (ward_id, district_id, ward_name) VALUES (17191, 421, 'X횄짙 Qu찼쨩쨀nh Di찼쨩혚n');
INSERT INTO tbl_vn_ward (ward_id, district_id, ward_name) VALUES (17197, 421, 'X횄짙 Qu찼쨩쨀nh Giang');
INSERT INTO tbl_vn_ward (ward_id, district_id, ward_name) VALUES (17206, 421, 'X횄짙 An H횄짼a');
INSERT INTO tbl_vn_ward (ward_id, district_id, ward_name) VALUES (17209, 421, 'X횄짙 Ph횄쨘 Ngh횆짤a');
INSERT INTO tbl_vn_ward (ward_id, district_id, ward_name) VALUES (17212, 421, 'X횄짙 V횆혘n H찼쨘짙i');
INSERT INTO tbl_vn_ward (ward_id, district_id, ward_name) VALUES (17218, 421, 'X횄짙 Thu찼쨘짯n Long');
INSERT INTO tbl_vn_ward (ward_id, district_id, ward_name) VALUES (17224, 421, 'X횄짙 T횄짖n Th찼쨘짱ng');
INSERT INTO tbl_vn_district (district_id, province_id, district_name) VALUES (422, 40, 'Huy찼쨩혝n Con Cu횄쨈ng');
INSERT INTO tbl_vn_ward (ward_id, district_id, ward_name) VALUES (17230, 422, 'X횄짙 B횄짭nh Chu찼쨘짤n');
INSERT INTO tbl_vn_ward (ward_id, district_id, ward_name) VALUES (17233, 422, 'X횄짙 L찼쨘징ng Kh횄짧');
INSERT INTO tbl_vn_ward (ward_id, district_id, ward_name) VALUES (17236, 422, 'X횄짙 Cam L횄짖m');
INSERT INTO tbl_vn_ward (ward_id, district_id, ward_name) VALUES (17239, 422, 'X횄짙 Th찼쨘징ch Ng횄혻n');
INSERT INTO tbl_vn_ward (ward_id, district_id, ward_name) VALUES (17242, 422, 'X횄짙 횆혨횄쨈n Ph찼쨩짜c');
INSERT INTO tbl_vn_ward (ward_id, district_id, ward_name) VALUES (17245, 422, 'X횄짙 M찼쨘짯u 횆혨찼쨩짤c');
INSERT INTO tbl_vn_ward (ward_id, district_id, ward_name) VALUES (17248, 422, 'X횄짙 Ch횄짖u Kh횄짧');
INSERT INTO tbl_vn_ward (ward_id, district_id, ward_name) VALUES (17251, 422, 'X횄짙 Chi Kh횄짧');
INSERT INTO tbl_vn_ward (ward_id, district_id, ward_name) VALUES (17254, 422, 'Th찼쨩혢 tr찼쨘짜n Tr횄혻 L횄짖n');
INSERT INTO tbl_vn_ward (ward_id, district_id, ward_name) VALUES (17257, 422, 'X횄짙 Y횄짧n Kh횄짧');
INSERT INTO tbl_vn_ward (ward_id, district_id, ward_name) VALUES (17260, 422, 'X횄짙 L찼쨩짜c D찼쨘징');
INSERT INTO tbl_vn_ward (ward_id, district_id, ward_name) VALUES (17263, 422, 'X횄짙 M횄쨈n S횈징n');
INSERT INTO tbl_vn_district (district_id, province_id, district_name) VALUES (423, 40, 'Huy찼쨩혝n T횄짖n K찼쨩쨀');
INSERT INTO tbl_vn_ward (ward_id, district_id, ward_name) VALUES (17266, 423, 'Th찼쨩혢 tr찼쨘짜n T횄짖n K찼쨩쨀');
INSERT INTO tbl_vn_ward (ward_id, district_id, ward_name) VALUES (17269, 423, 'X횄짙 T횄짖n H찼쨩짙p');
INSERT INTO tbl_vn_ward (ward_id, district_id, ward_name) VALUES (17272, 423, 'X횄짙 T횄짖n Ph횄쨘');
INSERT INTO tbl_vn_ward (ward_id, district_id, ward_name) VALUES (17275, 423, 'X횄짙 T횄짖n Xu횄짖n');
INSERT INTO tbl_vn_ward (ward_id, district_id, ward_name) VALUES (17278, 423, 'X횄짙 Giai Xu횄짖n');
INSERT INTO tbl_vn_ward (ward_id, district_id, ward_name) VALUES (17281, 423, 'X횄짙 B횄짭nh H찼쨩짙p');
INSERT INTO tbl_vn_ward (ward_id, district_id, ward_name) VALUES (17284, 423, 'X횄짙 Ngh횆짤a 횆혨찼쨩혫ng');
INSERT INTO tbl_vn_ward (ward_id, district_id, ward_name) VALUES (17287, 423, 'X횄짙 횆혨찼쨩혫ng V횆혘n');
INSERT INTO tbl_vn_ward (ward_id, district_id, ward_name) VALUES (17290, 423, 'X횄짙 Ngh횆짤a Th횄징i');
INSERT INTO tbl_vn_ward (ward_id, district_id, ward_name) VALUES (17296, 423, 'X횄짙 Ho횄혻n Long');
INSERT INTO tbl_vn_ward (ward_id, district_id, ward_name) VALUES (17299, 423, 'X횄짙 Ngh횆짤a Ph횄쨘c');
INSERT INTO tbl_vn_ward (ward_id, district_id, ward_name) VALUES (17302, 423, 'X횄짙 Ti횄짧n K찼쨩쨀');
INSERT INTO tbl_vn_ward (ward_id, district_id, ward_name) VALUES (17305, 423, 'X횄짙 T횄짖n An');
INSERT INTO tbl_vn_ward (ward_id, district_id, ward_name) VALUES (17308, 423, 'X횄짙 Ngh횆짤a D횇짤ng');
INSERT INTO tbl_vn_ward (ward_id, district_id, ward_name) VALUES (17314, 423, 'X횄짙 K찼쨩쨀 S횈징n');
INSERT INTO tbl_vn_ward (ward_id, district_id, ward_name) VALUES (17317, 423, 'X횄짙 H횈째횈징ng S횈징n');
INSERT INTO tbl_vn_ward (ward_id, district_id, ward_name) VALUES (17320, 423, 'X횄짙 K찼쨩쨀 T횄짖n');
INSERT INTO tbl_vn_ward (ward_id, district_id, ward_name) VALUES (17323, 423, 'X횄짙 Ph횄쨘 S횈징n');
INSERT INTO tbl_vn_ward (ward_id, district_id, ward_name) VALUES (17325, 423, 'X횄짙 T횄짖n H횈째횈징ng');
INSERT INTO tbl_vn_ward (ward_id, district_id, ward_name) VALUES (17326, 423, 'X횄짙 Ngh횆짤a H횄혻nh');
INSERT INTO tbl_vn_district (district_id, province_id, district_name) VALUES (424, 40, 'Huy찼쨩혝n Anh S횈징n');
INSERT INTO tbl_vn_ward (ward_id, district_id, ward_name) VALUES (17329, 424, 'Th찼쨩혢 tr찼쨘짜n Kim Nhan');
INSERT INTO tbl_vn_ward (ward_id, district_id, ward_name) VALUES (17332, 424, 'X횄짙 Th찼쨩혥 S횈징n');
INSERT INTO tbl_vn_ward (ward_id, district_id, ward_name) VALUES (17335, 424, 'X횄짙 Th횄혻nh S횈징n');
INSERT INTO tbl_vn_ward (ward_id, district_id, ward_name) VALUES (17338, 424, 'X횄짙 B횄짭nh S횈징n');
INSERT INTO tbl_vn_ward (ward_id, district_id, ward_name) VALUES (17344, 424, 'X횄짙 Tam 횆혨찼쨩혟nh');
INSERT INTO tbl_vn_ward (ward_id, district_id, ward_name) VALUES (17347, 424, 'X횄짙 H횄쨔ng S횈징n');
INSERT INTO tbl_vn_ward (ward_id, district_id, ward_name) VALUES (17350, 424, 'X횄짙 C찼쨘짤m S횈징n');
INSERT INTO tbl_vn_ward (ward_id, district_id, ward_name) VALUES (17353, 424, 'X횄짙 횆혨찼쨩짤c S횈징n');
INSERT INTO tbl_vn_ward (ward_id, district_id, ward_name) VALUES (17356, 424, 'X횄짙 T횈째찼쨩혶ng S횈징n');
INSERT INTO tbl_vn_ward (ward_id, district_id, ward_name) VALUES (17357, 424, 'X횄짙 Hoa S횈징n');
INSERT INTO tbl_vn_ward (ward_id, district_id, ward_name) VALUES (17359, 424, 'X횄짙 T횄혻o S횈징n');
INSERT INTO tbl_vn_ward (ward_id, district_id, ward_name) VALUES (17362, 424, 'X횄짙 V횆짤nh S횈징n');
INSERT INTO tbl_vn_ward (ward_id, district_id, ward_name) VALUES (17365, 424, 'X횄짙 L찼쨘징ng S횈징n');
INSERT INTO tbl_vn_ward (ward_id, district_id, ward_name) VALUES (17368, 424, 'X횄짙 H찼쨩혲i S횈징n');
INSERT INTO tbl_vn_ward (ward_id, district_id, ward_name) VALUES (17374, 424, 'X횄짙 Ph횄쨘c S횈징n');
INSERT INTO tbl_vn_ward (ward_id, district_id, ward_name) VALUES (17377, 424, 'X횄짙 Long S횈징n');
INSERT INTO tbl_vn_ward (ward_id, district_id, ward_name) VALUES (17380, 424, 'X횄짙 Khai S횈징n');
INSERT INTO tbl_vn_ward (ward_id, district_id, ward_name) VALUES (17383, 424, 'X횄짙 L횆짤nh S횈징n');
INSERT INTO tbl_vn_ward (ward_id, district_id, ward_name) VALUES (17386, 424, 'X횄짙 Cao S횈징n');
INSERT INTO tbl_vn_district (district_id, province_id, district_name) VALUES (425, 40, 'Huy찼쨩혝n Di찼쨩혚n Ch횄짖u');
INSERT INTO tbl_vn_ward (ward_id, district_id, ward_name) VALUES (17392, 425, 'X횄짙 Di찼쨩혚n L횄짖m');
INSERT INTO tbl_vn_ward (ward_id, district_id, ward_name) VALUES (17395, 425, 'X횄짙 Di찼쨩혚n 횆혨o횄혻i');
INSERT INTO tbl_vn_ward (ward_id, district_id, ward_name) VALUES (17398, 425, 'X횄짙 Di찼쨩혚n Tr횈째찼쨩혶ng');
INSERT INTO tbl_vn_ward (ward_id, district_id, ward_name) VALUES (17401, 425, 'X횄짙 Di찼쨩혚n Y횄짧n');
INSERT INTO tbl_vn_ward (ward_id, district_id, ward_name) VALUES (17404, 425, 'X횄짙 Di찼쨩혚n Ho횄혻ng');
INSERT INTO tbl_vn_ward (ward_id, district_id, ward_name) VALUES (17410, 425, 'X횄짙 Di찼쨩혚n M찼쨩쨔');
INSERT INTO tbl_vn_ward (ward_id, district_id, ward_name) VALUES (17413, 425, 'X횄짙 Di찼쨩혚n H찼쨩혫ng');
INSERT INTO tbl_vn_ward (ward_id, district_id, ward_name) VALUES (17416, 425, 'X횄짙 Di찼쨩혚n Phong');
INSERT INTO tbl_vn_ward (ward_id, district_id, ward_name) VALUES (17419, 425, 'X횄짙 H횄쨔ng H찼쨘짙i');
INSERT INTO tbl_vn_ward (ward_id, district_id, ward_name) VALUES (17425, 425, 'X횄짙 Di찼쨩혚n Li횄짧n');
INSERT INTO tbl_vn_ward (ward_id, district_id, ward_name) VALUES (17428, 425, 'X횄짙 Di찼쨩혚n V찼쨘징n');
INSERT INTO tbl_vn_ward (ward_id, district_id, ward_name) VALUES (17431, 425, 'X횄짙 Di찼쨩혚n Kim');
INSERT INTO tbl_vn_ward (ward_id, district_id, ward_name) VALUES (17434, 425, 'X횄짙 Di찼쨩혚n K찼쨩쨌');
INSERT INTO tbl_vn_ward (ward_id, district_id, ward_name) VALUES (17437, 425, 'X횄짙 Xu횄짖n Th횄징p');
INSERT INTO tbl_vn_ward (ward_id, district_id, ward_name) VALUES (17440, 425, 'X횄짙 Di찼쨩혚n Th횄징i');
INSERT INTO tbl_vn_ward (ward_id, district_id, ward_name) VALUES (17443, 425, 'X횄짙 Di찼쨩혚n 횆혨찼쨩혫ng');
INSERT INTO tbl_vn_ward (ward_id, district_id, ward_name) VALUES (17449, 425, 'X횄짙 H찼쨘징nh Qu찼쨘짙ng');
INSERT INTO tbl_vn_ward (ward_id, district_id, ward_name) VALUES (17452, 425, 'X횄짙 Ng찼쨩혥c B횄짯ch');
INSERT INTO tbl_vn_ward (ward_id, district_id, ward_name) VALUES (17458, 425, 'X횄짙 Di찼쨩혚n Nguy횄짧n');
INSERT INTO tbl_vn_ward (ward_id, district_id, ward_name) VALUES (17461, 425, 'X횄짙 Di찼쨩혚n Hoa');
INSERT INTO tbl_vn_ward (ward_id, district_id, ward_name) VALUES (17464, 425, 'Th찼쨩혢 tr찼쨘짜n Di찼쨩혚n Th횄혻nh');
INSERT INTO tbl_vn_ward (ward_id, district_id, ward_name) VALUES (17467, 425, 'X횄짙 Di찼쨩혚n Ph횄쨘c');
INSERT INTO tbl_vn_ward (ward_id, district_id, ward_name) VALUES (17476, 425, 'X횄짙 Di찼쨩혚n C횄징t');
INSERT INTO tbl_vn_ward (ward_id, district_id, ward_name) VALUES (17479, 425, 'X횄짙 Di찼쨩혚n Th찼쨩혢nh');
INSERT INTO tbl_vn_ward (ward_id, district_id, ward_name) VALUES (17482, 425, 'X횄짙 Di찼쨩혚n T횄짖n');
INSERT INTO tbl_vn_ward (ward_id, district_id, ward_name) VALUES (17485, 425, 'X횄짙 Minh Ch횄짖u');
INSERT INTO tbl_vn_ward (ward_id, district_id, ward_name) VALUES (17488, 425, 'X횄짙 Di찼쨩혚n Th찼쨩혥');
INSERT INTO tbl_vn_ward (ward_id, district_id, ward_name) VALUES (17491, 425, 'X횄짙 Di찼쨩혚n L찼쨩짙i');
INSERT INTO tbl_vn_ward (ward_id, district_id, ward_name) VALUES (17494, 425, 'X횄짙 Di찼쨩혚n L찼쨩혲c');
INSERT INTO tbl_vn_ward (ward_id, district_id, ward_name) VALUES (17497, 425, 'X횄짙 Di찼쨩혚n Trung');
INSERT INTO tbl_vn_ward (ward_id, district_id, ward_name) VALUES (17500, 425, 'X횄짙 Di찼쨩혚n An');
INSERT INTO tbl_vn_ward (ward_id, district_id, ward_name) VALUES (17503, 425, 'X횄짙 Di찼쨩혚n Ph횄쨘');
INSERT INTO tbl_vn_district (district_id, province_id, district_name) VALUES (426, 40, 'Huy찼쨩혝n Y횄짧n Th횄혻nh');
INSERT INTO tbl_vn_ward (ward_id, district_id, ward_name) VALUES (17506, 426, 'Th찼쨩혢 tr찼쨘짜n Hoa Th횄혻nh');
INSERT INTO tbl_vn_ward (ward_id, district_id, ward_name) VALUES (17509, 426, 'X횄짙 M횄짙 Th횄혻nh');
INSERT INTO tbl_vn_ward (ward_id, district_id, ward_name) VALUES (17510, 426, 'X횄짙 Ti찼쨘쩔n Th횄혻nh');
INSERT INTO tbl_vn_ward (ward_id, district_id, ward_name) VALUES (17512, 426, 'X횄짙 L횆혘ng Th횄혻nh');
INSERT INTO tbl_vn_ward (ward_id, district_id, ward_name) VALUES (17515, 426, 'X횄짙 T횄짖n Th횄혻nh');
INSERT INTO tbl_vn_ward (ward_id, district_id, ward_name) VALUES (17518, 426, 'X횄짙 횆혨찼쨩짤c Th횄혻nh');
INSERT INTO tbl_vn_ward (ward_id, district_id, ward_name) VALUES (17521, 426, 'X횄짙 Kim Th횄혻nh');
INSERT INTO tbl_vn_ward (ward_id, district_id, ward_name) VALUES (17524, 426, 'X횄짙 H찼쨘짯u Th횄혻nh');
INSERT INTO tbl_vn_ward (ward_id, district_id, ward_name) VALUES (17527, 426, 'X횄짙 횆혨횄쨈 Th횄혻nh');
INSERT INTO tbl_vn_ward (ward_id, district_id, ward_name) VALUES (17530, 426, 'X횄짙 Th찼쨩혥 Th횄혻nh');
INSERT INTO tbl_vn_ward (ward_id, district_id, ward_name) VALUES (17533, 426, 'X횄짙 Quang Th횄혻nh');
INSERT INTO tbl_vn_ward (ward_id, district_id, ward_name) VALUES (17536, 426, 'X횄짙 T횄짖y Th횄혻nh');
INSERT INTO tbl_vn_ward (ward_id, district_id, ward_name) VALUES (17539, 426, 'X횄짙 Ph횄쨘c Th횄혻nh');
INSERT INTO tbl_vn_ward (ward_id, district_id, ward_name) VALUES (17542, 426, 'X횄짙 Ph횄쨘 Th횄혻nh');
INSERT INTO tbl_vn_ward (ward_id, district_id, ward_name) VALUES (17545, 426, 'X횄짙 횆혨찼쨩혫ng Th횄혻nh');
INSERT INTO tbl_vn_ward (ward_id, district_id, ward_name) VALUES (17554, 426, 'X횄짙 T횆혘ng Th횄혻nh');
INSERT INTO tbl_vn_ward (ward_id, district_id, ward_name) VALUES (17557, 426, 'X횄짙 V횆혘n Th횄혻nh');
INSERT INTO tbl_vn_ward (ward_id, district_id, ward_name) VALUES (17560, 426, 'X횄짙 Th찼쨩혢nh Th횄혻nh');
INSERT INTO tbl_vn_ward (ward_id, district_id, ward_name) VALUES (17566, 426, 'X횄짙 Xu횄짖n Th횄혻nh');
INSERT INTO tbl_vn_ward (ward_id, district_id, ward_name) VALUES (17569, 426, 'X횄짙 B찼쨘짱c Th횄혻nh');
INSERT INTO tbl_vn_ward (ward_id, district_id, ward_name) VALUES (17572, 426, 'X횄짙 횆혨횄쨈ng Th횄혻nh');
INSERT INTO tbl_vn_ward (ward_id, district_id, ward_name) VALUES (17575, 426, 'X횄짙 Trung Th횄혻nh');
INSERT INTO tbl_vn_ward (ward_id, district_id, ward_name) VALUES (17578, 426, 'X횄짙 Long Th횄혻nh');
INSERT INTO tbl_vn_ward (ward_id, district_id, ward_name) VALUES (17581, 426, 'X횄짙 Minh Th횄혻nh');
INSERT INTO tbl_vn_ward (ward_id, district_id, ward_name) VALUES (17584, 426, 'X횄짙 Nam Th횄혻nh');
INSERT INTO tbl_vn_ward (ward_id, district_id, ward_name) VALUES (17587, 426, 'X횄짙 V횆짤nh Th횄혻nh');
INSERT INTO tbl_vn_ward (ward_id, district_id, ward_name) VALUES (17596, 426, 'X횄짙 Vi횄짧n Th횄혻nh');
INSERT INTO tbl_vn_ward (ward_id, district_id, ward_name) VALUES (17602, 426, 'X횄짙 Li횄짧n Th횄혻nh');
INSERT INTO tbl_vn_ward (ward_id, district_id, ward_name) VALUES (17605, 426, 'X횄짙 B찼쨘짙o Th횄혻nh');
INSERT INTO tbl_vn_ward (ward_id, district_id, ward_name) VALUES (17608, 426, 'X횄짙 M찼쨩쨔 Th횄혻nh');
INSERT INTO tbl_vn_ward (ward_id, district_id, ward_name) VALUES (17611, 426, 'X횄짙 V횄짖n T찼쨩짜');
INSERT INTO tbl_vn_ward (ward_id, district_id, ward_name) VALUES (17614, 426, 'X횄짙 S횈징n Th횄혻nh');
INSERT INTO tbl_vn_district (district_id, province_id, district_name) VALUES (427, 40, 'Huy찼쨩혝n 횆혨횄쨈 L횈째횈징ng');
INSERT INTO tbl_vn_ward (ward_id, district_id, ward_name) VALUES (17617, 427, 'Th찼쨩혢 tr찼쨘짜n 횆혨횄쨈 L횈째횈징ng');
INSERT INTO tbl_vn_ward (ward_id, district_id, ward_name) VALUES (17619, 427, 'X횄짙 Giang S횈징n 횆혨횄쨈ng');
INSERT INTO tbl_vn_ward (ward_id, district_id, ward_name) VALUES (17620, 427, 'X횄짙 Giang S횈징n T횄짖y');
INSERT INTO tbl_vn_ward (ward_id, district_id, ward_name) VALUES (17623, 427, 'X횄짙 B찼쨘징ch Ng찼쨩혥c');
INSERT INTO tbl_vn_ward (ward_id, district_id, ward_name) VALUES (17626, 427, 'X횄짙 B찼쨩혫i S횈징n');
INSERT INTO tbl_vn_ward (ward_id, district_id, ward_name) VALUES (17629, 427, 'X횄짙 H찼쨩혫ng S횈징n');
INSERT INTO tbl_vn_ward (ward_id, district_id, ward_name) VALUES (17632, 427, 'X횄짙 B횄혻i S횈징n');
INSERT INTO tbl_vn_ward (ward_id, district_id, ward_name) VALUES (17638, 427, 'X횄짙 B찼쨘짱c S횈징n');
INSERT INTO tbl_vn_ward (ward_id, district_id, ward_name) VALUES (17641, 427, 'X횄짙 Tr횄혻ng S횈징n');
INSERT INTO tbl_vn_ward (ward_id, district_id, ward_name) VALUES (17644, 427, 'X횄짙 Th횈째찼쨩짙ng S횈징n');
INSERT INTO tbl_vn_ward (ward_id, district_id, ward_name) VALUES (17647, 427, 'X횄짙 H횄짼a S횈징n');
INSERT INTO tbl_vn_ward (ward_id, district_id, ward_name) VALUES (17650, 427, 'X횄짙 횆혨찼쨘쨌ng S횈징n');
INSERT INTO tbl_vn_ward (ward_id, district_id, ward_name) VALUES (17653, 427, 'X횄짙 횆혨횄쨈ng S횈징n');
INSERT INTO tbl_vn_ward (ward_id, district_id, ward_name) VALUES (17656, 427, 'X횄짙 Nam S횈징n');
INSERT INTO tbl_vn_ward (ward_id, district_id, ward_name) VALUES (17659, 427, 'X횄짙 L횈째u S횈징n');
INSERT INTO tbl_vn_ward (ward_id, district_id, ward_name) VALUES (17662, 427, 'X횄짙 Y횄짧n S횈징n');
INSERT INTO tbl_vn_ward (ward_id, district_id, ward_name) VALUES (17665, 427, 'X횄짙 V횆혘n S횈징n');
INSERT INTO tbl_vn_ward (ward_id, district_id, ward_name) VALUES (17668, 427, 'X횄짙 횆혨횄혻 S횈징n');
INSERT INTO tbl_vn_ward (ward_id, district_id, ward_name) VALUES (17671, 427, 'X횄짙 L찼쨘징c S횈징n');
INSERT INTO tbl_vn_ward (ward_id, district_id, ward_name) VALUES (17674, 427, 'X횄짙 T횄짖n S횈징n');
INSERT INTO tbl_vn_ward (ward_id, district_id, ward_name) VALUES (17677, 427, 'X횄짙 Th횄징i S횈징n');
INSERT INTO tbl_vn_ward (ward_id, district_id, ward_name) VALUES (17680, 427, 'X횄짙 Quang S횈징n');
INSERT INTO tbl_vn_ward (ward_id, district_id, ward_name) VALUES (17683, 427, 'X횄짙 Th찼쨩혢nh S횈징n');
INSERT INTO tbl_vn_ward (ward_id, district_id, ward_name) VALUES (17686, 427, 'X횄짙 Trung S횈징n');
INSERT INTO tbl_vn_ward (ward_id, district_id, ward_name) VALUES (17689, 427, 'X횄짙 Xu횄짖n S횈징n');
INSERT INTO tbl_vn_ward (ward_id, district_id, ward_name) VALUES (17692, 427, 'X횄짙 Minh S횈징n');
INSERT INTO tbl_vn_ward (ward_id, district_id, ward_name) VALUES (17695, 427, 'X횄짙 Thu찼쨘짯n S횈징n');
INSERT INTO tbl_vn_ward (ward_id, district_id, ward_name) VALUES (17698, 427, 'X횄짙 Nh횄짖n S횈징n');
INSERT INTO tbl_vn_ward (ward_id, district_id, ward_name) VALUES (17701, 427, 'X횄짙 Hi찼쨘쩔n S횈징n');
INSERT INTO tbl_vn_ward (ward_id, district_id, ward_name) VALUES (17704, 427, 'X횄짙 M찼쨩쨔 S횈징n');
INSERT INTO tbl_vn_ward (ward_id, district_id, ward_name) VALUES (17707, 427, 'X횄짙 Tr횄쨔 S횈징n');
INSERT INTO tbl_vn_ward (ward_id, district_id, ward_name) VALUES (17710, 427, 'X횄짙 횆혨찼쨘징i S횈징n');
INSERT INTO tbl_vn_district (district_id, province_id, district_name) VALUES (428, 40, 'Huy찼쨩혝n Thanh Ch횈째횈징ng');
INSERT INTO tbl_vn_ward (ward_id, district_id, ward_name) VALUES (17713, 428, 'Th찼쨩혢 tr찼쨘짜n D횄쨔ng');
INSERT INTO tbl_vn_ward (ward_id, district_id, ward_name) VALUES (17716, 428, 'X횄짙 C횄징t V횆혘n');
INSERT INTO tbl_vn_ward (ward_id, district_id, ward_name) VALUES (17719, 428, 'X횄짙 Minh S횈징n');
INSERT INTO tbl_vn_ward (ward_id, district_id, ward_name) VALUES (17722, 428, 'X횄짙 H찼쨘징nh L횄짖m');
INSERT INTO tbl_vn_ward (ward_id, district_id, ward_name) VALUES (17723, 428, 'X횄짙 Thanh S횈징n');
INSERT INTO tbl_vn_ward (ward_id, district_id, ward_name) VALUES (17728, 428, 'X횄짙 Phong Th찼쨩혢nh');
INSERT INTO tbl_vn_ward (ward_id, district_id, ward_name) VALUES (17731, 428, 'X횄짙 Thanh Phong');
INSERT INTO tbl_vn_ward (ward_id, district_id, ward_name) VALUES (17734, 428, 'X횄짙 Thanh M찼쨩쨔');
INSERT INTO tbl_vn_ward (ward_id, district_id, ward_name) VALUES (17737, 428, 'X횄짙 Thanh Ti횄짧n');
INSERT INTO tbl_vn_ward (ward_id, district_id, ward_name) VALUES (17743, 428, 'X횄짙 Thanh Li횄짧n');
INSERT INTO tbl_vn_ward (ward_id, district_id, ward_name) VALUES (17749, 428, 'X횄짙 횆혨찼쨘징i 횆혨찼쨩혫ng');
INSERT INTO tbl_vn_ward (ward_id, district_id, ward_name) VALUES (17755, 428, 'X횄짙 Thanh Ng찼쨩혥c');
INSERT INTO tbl_vn_ward (ward_id, district_id, ward_name) VALUES (17758, 428, 'X횄짙 Thanh H횈째횈징ng');
INSERT INTO tbl_vn_ward (ward_id, district_id, ward_name) VALUES (17759, 428, 'X횄짙 Ng찼쨩혥c L횄짖m');
INSERT INTO tbl_vn_ward (ward_id, district_id, ward_name) VALUES (17764, 428, 'X횄짙 횆혨찼쨩혫ng V횆혘n');
INSERT INTO tbl_vn_ward (ward_id, district_id, ward_name) VALUES (17767, 428, 'X횄짙 Ng찼쨩혥c S횈징n');
INSERT INTO tbl_vn_ward (ward_id, district_id, ward_name) VALUES (17770, 428, 'X횄짙 Thanh Th찼쨩혢nh');
INSERT INTO tbl_vn_ward (ward_id, district_id, ward_name) VALUES (17773, 428, 'X횄짙 Thanh An');
INSERT INTO tbl_vn_ward (ward_id, district_id, ward_name) VALUES (17776, 428, 'X횄짙 Thanh Qu찼쨘짙');
INSERT INTO tbl_vn_ward (ward_id, district_id, ward_name) VALUES (17779, 428, 'X횄짙 Xu횄짖n D횈째횈징ng');
INSERT INTO tbl_vn_ward (ward_id, district_id, ward_name) VALUES (17785, 428, 'X횄짙 Minh Ti찼쨘쩔n');
INSERT INTO tbl_vn_ward (ward_id, district_id, ward_name) VALUES (17791, 428, 'X횄짙 Kim B찼쨘짙ng');
INSERT INTO tbl_vn_ward (ward_id, district_id, ward_name) VALUES (17797, 428, 'X횄짙 Thanh Th찼쨩짠y');
INSERT INTO tbl_vn_ward (ward_id, district_id, ward_name) VALUES (17806, 428, 'X횄짙 Thanh H횄혻');
INSERT INTO tbl_vn_ward (ward_id, district_id, ward_name) VALUES (17812, 428, 'X횄짙 Thanh T횄쨔ng');
INSERT INTO tbl_vn_ward (ward_id, district_id, ward_name) VALUES (17815, 428, 'X횄짙 Thanh L횄짖m');
INSERT INTO tbl_vn_ward (ward_id, district_id, ward_name) VALUES (17818, 428, 'X횄짙 Mai Giang');
INSERT INTO tbl_vn_ward (ward_id, district_id, ward_name) VALUES (17821, 428, 'X횄짙 Thanh Xu횄짖n');
INSERT INTO tbl_vn_ward (ward_id, district_id, ward_name) VALUES (17824, 428, 'X횄짙 Thanh 횆혨찼쨩짤c');
INSERT INTO tbl_vn_district (district_id, province_id, district_name) VALUES (429, 40, 'Huy찼쨩혝n Nghi L찼쨩혲c');
INSERT INTO tbl_vn_ward (ward_id, district_id, ward_name) VALUES (17827, 429, 'Th찼쨩혢 tr찼쨘짜n Qu횄징n H횄혻nh');
INSERT INTO tbl_vn_ward (ward_id, district_id, ward_name) VALUES (17830, 429, 'X횄짙 Nghi V횆혘n');
INSERT INTO tbl_vn_ward (ward_id, district_id, ward_name) VALUES (17833, 429, 'X횄짙 Nghi Y횄짧n');
INSERT INTO tbl_vn_ward (ward_id, district_id, ward_name) VALUES (17836, 429, 'X횄짙 Nghi Ti찼쨘쩔n');
INSERT INTO tbl_vn_ward (ward_id, district_id, ward_name) VALUES (17839, 429, 'X횄짙 Nghi H횈째ng');
INSERT INTO tbl_vn_ward (ward_id, district_id, ward_name) VALUES (17842, 429, 'X횄짙 Nghi 횆혨찼쨩혫ng');
INSERT INTO tbl_vn_ward (ward_id, district_id, ward_name) VALUES (17845, 429, 'X횄짙 Nghi Thi찼쨘쩔t');
INSERT INTO tbl_vn_ward (ward_id, district_id, ward_name) VALUES (17848, 429, 'X횄짙 Nghi L횄짖m');
INSERT INTO tbl_vn_ward (ward_id, district_id, ward_name) VALUES (17851, 429, 'X횄짙 Nghi Quang');
INSERT INTO tbl_vn_ward (ward_id, district_id, ward_name) VALUES (17854, 429, 'X횄짙 Nghi Ki찼쨩혖u');
INSERT INTO tbl_vn_ward (ward_id, district_id, ward_name) VALUES (17857, 429, 'X횄짙 Nghi M찼쨩쨔');
INSERT INTO tbl_vn_ward (ward_id, district_id, ward_name) VALUES (17860, 429, 'X횄짙 Nghi Ph횈째횈징ng');
INSERT INTO tbl_vn_ward (ward_id, district_id, ward_name) VALUES (17863, 429, 'X횄짙 Nghi Thu찼쨘짯n');
INSERT INTO tbl_vn_ward (ward_id, district_id, ward_name) VALUES (17866, 429, 'X횄짙 Nghi Long');
INSERT INTO tbl_vn_ward (ward_id, district_id, ward_name) VALUES (17869, 429, 'X횄짙 Nghi X횄징');
INSERT INTO tbl_vn_ward (ward_id, district_id, ward_name) VALUES (17878, 429, 'X횄짙 Kh횄징nh H찼쨩짙p');
INSERT INTO tbl_vn_ward (ward_id, district_id, ward_name) VALUES (17884, 429, 'X횄짙 Nghi C횄쨈ng B찼쨘짱c');
INSERT INTO tbl_vn_ward (ward_id, district_id, ward_name) VALUES (17887, 429, 'X횄짙 Nghi C횄쨈ng Nam');
INSERT INTO tbl_vn_ward (ward_id, district_id, ward_name) VALUES (17890, 429, 'X횄짙 Nghi Th찼쨘징ch');
INSERT INTO tbl_vn_ward (ward_id, district_id, ward_name) VALUES (17893, 429, 'X횄짙 Nghi Trung');
INSERT INTO tbl_vn_ward (ward_id, district_id, ward_name) VALUES (17896, 429, 'X횄짙 Th찼쨩혢nh Tr횈째찼쨩혶ng');
INSERT INTO tbl_vn_ward (ward_id, district_id, ward_name) VALUES (17899, 429, 'X횄짙 Di횄짧n Hoa');
INSERT INTO tbl_vn_ward (ward_id, district_id, ward_name) VALUES (17911, 429, 'X횄짙 Nghi V찼쨘징n');
INSERT INTO tbl_vn_district (district_id, province_id, district_name) VALUES (430, 40, 'Huy찼쨩혝n Nam 횆혨횄혻n');
INSERT INTO tbl_vn_ward (ward_id, district_id, ward_name) VALUES (17932, 430, 'X횄짙 Nam H횈째ng');
INSERT INTO tbl_vn_ward (ward_id, district_id, ward_name) VALUES (17935, 430, 'X횄짙 Ngh횆짤a Th횄징i');
INSERT INTO tbl_vn_ward (ward_id, district_id, ward_name) VALUES (17938, 430, 'X횄짙 Nam Thanh');
INSERT INTO tbl_vn_ward (ward_id, district_id, ward_name) VALUES (17941, 430, 'X횄짙 Nam Anh');
INSERT INTO tbl_vn_ward (ward_id, district_id, ward_name) VALUES (17944, 430, 'X횄짙 Nam Xu횄짖n');
INSERT INTO tbl_vn_ward (ward_id, district_id, ward_name) VALUES (17950, 430, 'Th찼쨩혢 tr찼쨘짜n Nam 횆혨횄혻n');
INSERT INTO tbl_vn_ward (ward_id, district_id, ward_name) VALUES (17953, 430, 'X횄짙 Nam L횆짤nh');
INSERT INTO tbl_vn_ward (ward_id, district_id, ward_name) VALUES (17956, 430, 'X횄짙 Nam Giang');
INSERT INTO tbl_vn_ward (ward_id, district_id, ward_name) VALUES (17959, 430, 'X횄짙 Xu횄짖n H횄짼a');
INSERT INTO tbl_vn_ward (ward_id, district_id, ward_name) VALUES (17962, 430, 'X횄짙 H횄쨔ng Ti찼쨘쩔n');
INSERT INTO tbl_vn_ward (ward_id, district_id, ward_name) VALUES (17968, 430, 'X횄짙 Th횈째찼쨩짙ng T횄짖n L찼쨩혲c');
INSERT INTO tbl_vn_ward (ward_id, district_id, ward_name) VALUES (17971, 430, 'X횄짙 Kim Li횄짧n');
INSERT INTO tbl_vn_ward (ward_id, district_id, ward_name) VALUES (17980, 430, 'X횄짙 Xu횄짖n H찼쨩혫ng');
INSERT INTO tbl_vn_ward (ward_id, district_id, ward_name) VALUES (17983, 430, 'X횄짙 Nam C횄징t');
INSERT INTO tbl_vn_ward (ward_id, district_id, ward_name) VALUES (17986, 430, 'X횄짙 Kh횄징nh S횈징n');
INSERT INTO tbl_vn_ward (ward_id, district_id, ward_name) VALUES (17989, 430, 'X횄짙 Trung Ph횄쨘c C횈째찼쨩혶ng');
INSERT INTO tbl_vn_ward (ward_id, district_id, ward_name) VALUES (17998, 430, 'X횄짙 Nam Kim');
INSERT INTO tbl_vn_district (district_id, province_id, district_name) VALUES (431, 40, 'Huy찼쨩혝n H횈째ng Nguy횄짧n');
INSERT INTO tbl_vn_ward (ward_id, district_id, ward_name) VALUES (18001, 431, 'Th찼쨩혢 tr찼쨘짜n H횈째ng Nguy횄짧n');
INSERT INTO tbl_vn_ward (ward_id, district_id, ward_name) VALUES (18004, 431, 'X횄짙 H횈째ng Trung');
INSERT INTO tbl_vn_ward (ward_id, district_id, ward_name) VALUES (18007, 431, 'X횄짙 H횈째ng Y횄짧n');
INSERT INTO tbl_vn_ward (ward_id, district_id, ward_name) VALUES (18008, 431, 'X횄짙 H횈째ng Y횄짧n B찼쨘짱c');
INSERT INTO tbl_vn_ward (ward_id, district_id, ward_name) VALUES (18010, 431, 'X횄짙 H횈째ng T횄짖y');
INSERT INTO tbl_vn_ward (ward_id, district_id, ward_name) VALUES (18016, 431, 'X횄짙 H횈째ng 횆혨찼쨘징o');
INSERT INTO tbl_vn_ward (ward_id, district_id, ward_name) VALUES (18022, 431, 'X횄짙 Th찼쨩혢nh M찼쨩쨔');
INSERT INTO tbl_vn_ward (ward_id, district_id, ward_name) VALUES (18025, 431, 'X횄짙 H횈째ng L횆짤nh');
INSERT INTO tbl_vn_ward (ward_id, district_id, ward_name) VALUES (18028, 431, 'X횄짙 Th횄쨈ng T횄짖n');
INSERT INTO tbl_vn_ward (ward_id, district_id, ward_name) VALUES (18037, 431, 'X횄짙 H횈째ng Ngh횆짤a');
INSERT INTO tbl_vn_ward (ward_id, district_id, ward_name) VALUES (18040, 431, 'X횄짙 Ph횄쨘c L찼쨩짙i');
INSERT INTO tbl_vn_ward (ward_id, district_id, ward_name) VALUES (18043, 431, 'X횄짙 Long X횄징');
INSERT INTO tbl_vn_ward (ward_id, district_id, ward_name) VALUES (18052, 431, 'X횄짙 Ch횄짖u Nh횄짖n');
INSERT INTO tbl_vn_ward (ward_id, district_id, ward_name) VALUES (18055, 431, 'X횄짙 Xu횄짖n Lam');
INSERT INTO tbl_vn_ward (ward_id, district_id, ward_name) VALUES (18064, 431, 'X횄짙 H횈째ng Th횄혻nh');
INSERT INTO tbl_vn_district (district_id, province_id, district_name) VALUES (432, 40, 'Th찼쨩혢 x횄짙 Ho횄혻ng Mai');
INSERT INTO tbl_vn_ward (ward_id, district_id, ward_name) VALUES (17104, 432, 'X횄짙 Qu찼쨩쨀nh Vinh');
INSERT INTO tbl_vn_ward (ward_id, district_id, ward_name) VALUES (17107, 432, 'X횄짙 Qu찼쨩쨀nh L찼쨩혲c');
INSERT INTO tbl_vn_ward (ward_id, district_id, ward_name) VALUES (17110, 432, 'Ph횈째찼쨩혶ng Qu찼쨩쨀nh Thi찼쨩혝n');
INSERT INTO tbl_vn_ward (ward_id, district_id, ward_name) VALUES (17113, 432, 'X횄짙 Qu찼쨩쨀nh L찼쨘짯p');
INSERT INTO tbl_vn_ward (ward_id, district_id, ward_name) VALUES (17116, 432, 'X횄짙 Qu찼쨩쨀nh Trang');
INSERT INTO tbl_vn_ward (ward_id, district_id, ward_name) VALUES (17125, 432, 'Ph횈째찼쨩혶ng Mai H횄쨔ng');
INSERT INTO tbl_vn_ward (ward_id, district_id, ward_name) VALUES (17128, 432, 'Ph횈째찼쨩혶ng Qu찼쨩쨀nh D찼쨩혢');
INSERT INTO tbl_vn_ward (ward_id, district_id, ward_name) VALUES (17131, 432, 'Ph횈째찼쨩혶ng Qu찼쨩쨀nh Xu횄짖n');
INSERT INTO tbl_vn_ward (ward_id, district_id, ward_name) VALUES (17134, 432, 'Ph횈째찼쨩혶ng Qu찼쨩쨀nh Ph횈째횈징ng');
INSERT INTO tbl_vn_ward (ward_id, district_id, ward_name) VALUES (17137, 432, 'X횄짙 Qu찼쨩쨀nh Li횄짧n');
INSERT INTO tbl_vn_province (province_id, province_name) VALUES (42, 'T찼쨩혟nh H횄혻 T횆짤nh');
INSERT INTO tbl_vn_district (district_id, province_id, district_name) VALUES (436, 42, 'Th횄혻nh ph찼쨩혩 H횄혻 T횆짤nh');
INSERT INTO tbl_vn_ward (ward_id, district_id, ward_name) VALUES (18073, 436, 'Ph횈째찼쨩혶ng Nam H횄혻');
INSERT INTO tbl_vn_ward (ward_id, district_id, ward_name) VALUES (18077, 436, 'Ph횈째찼쨩혶ng B찼쨘짱c H횄혻');
INSERT INTO tbl_vn_ward (ward_id, district_id, ward_name) VALUES (18079, 436, 'Ph횈째찼쨩혶ng T횄짖n Giang');
INSERT INTO tbl_vn_ward (ward_id, district_id, ward_name) VALUES (18082, 436, 'Ph횈째찼쨩혶ng 횆혨찼쨘징i N횄혻i');
INSERT INTO tbl_vn_ward (ward_id, district_id, ward_name) VALUES (18085, 436, 'Ph횈째찼쨩혶ng H횄혻 Huy T찼쨘짯p');
INSERT INTO tbl_vn_ward (ward_id, district_id, ward_name) VALUES (18088, 436, 'Ph횈째찼쨩혶ng Th찼쨘징ch Trung');
INSERT INTO tbl_vn_ward (ward_id, district_id, ward_name) VALUES (18091, 436, 'Ph횈째찼쨩혶ng Th찼쨘징ch Qu횄쩍');
INSERT INTO tbl_vn_ward (ward_id, district_id, ward_name) VALUES (18094, 436, 'Ph횈째찼쨩혶ng Tr찼쨘짠n Ph횄쨘');
INSERT INTO tbl_vn_ward (ward_id, district_id, ward_name) VALUES (18097, 436, 'Ph횈째찼쨩혶ng V횆혘n Y횄짧n');
INSERT INTO tbl_vn_ward (ward_id, district_id, ward_name) VALUES (18100, 436, 'Ph횈째찼쨩혶ng Th찼쨘징ch H찼쨘징');
INSERT INTO tbl_vn_ward (ward_id, district_id, ward_name) VALUES (18103, 436, 'Ph횈째찼쨩혶ng 횆혨찼쨩혫ng M횄쨈n');
INSERT INTO tbl_vn_ward (ward_id, district_id, ward_name) VALUES (18109, 436, 'Ph횈째찼쨩혶ng Th찼쨘징ch H횈째ng');
INSERT INTO tbl_vn_ward (ward_id, district_id, ward_name) VALUES (18112, 436, 'X횄짙 Th찼쨘징ch B횄짭nh');
INSERT INTO tbl_vn_ward (ward_id, district_id, ward_name) VALUES (18571, 436, 'X횄짙 Th찼쨘징ch H찼쨘짙i');
INSERT INTO tbl_vn_ward (ward_id, district_id, ward_name) VALUES (18595, 436, 'X횄짙 횆혨찼쨩혟nh B횄혻n');
INSERT INTO tbl_vn_ward (ward_id, district_id, ward_name) VALUES (18598, 436, 'X횄짙 H찼쨩혲 횆혨찼쨩혲');
INSERT INTO tbl_vn_ward (ward_id, district_id, ward_name) VALUES (18604, 436, 'X횄짙 Th찼쨘징ch Kh횄짧');
INSERT INTO tbl_vn_ward (ward_id, district_id, ward_name) VALUES (18619, 436, 'X횄짙 Th찼쨘징ch Tr찼쨩혢');
INSERT INTO tbl_vn_ward (ward_id, district_id, ward_name) VALUES (18622, 436, 'X횄짙 Th찼쨘징ch L찼쨘징c');
INSERT INTO tbl_vn_ward (ward_id, district_id, ward_name) VALUES (18628, 436, 'X횄짙 T횈째찼쨩짙ng S횈징n');
INSERT INTO tbl_vn_ward (ward_id, district_id, ward_name) VALUES (18631, 436, 'X횄짙 Th찼쨘징ch V횆혘n');
INSERT INTO tbl_vn_ward (ward_id, district_id, ward_name) VALUES (18637, 436, 'X횄짙 Th찼쨘징ch Th찼쨘짱ng');
INSERT INTO tbl_vn_ward (ward_id, district_id, ward_name) VALUES (18643, 436, 'X횄짙 Th찼쨘징ch 횆혨횄혻i');
INSERT INTO tbl_vn_ward (ward_id, district_id, ward_name) VALUES (18649, 436, 'X횄짙 Th찼쨘징ch H찼쨩혲i');
INSERT INTO tbl_vn_ward (ward_id, district_id, ward_name) VALUES (18652, 436, 'X횄짙 T횄짖n L횄짖m H횈째횈징ng');
INSERT INTO tbl_vn_ward (ward_id, district_id, ward_name) VALUES (18685, 436, 'X횄짙 C찼쨘짤m B횄짭nh');
INSERT INTO tbl_vn_ward (ward_id, district_id, ward_name) VALUES (18691, 436, 'X횄짙 C찼쨘짤m V찼쨩혢nh');
INSERT INTO tbl_vn_district (district_id, province_id, district_name) VALUES (437, 42, 'Th찼쨩혢 x횄짙 H찼쨩혫ng L횆짤nh');
INSERT INTO tbl_vn_ward (ward_id, district_id, ward_name) VALUES (18115, 437, 'Ph횈째찼쨩혶ng B찼쨘짱c H찼쨩혫ng');
INSERT INTO tbl_vn_ward (ward_id, district_id, ward_name) VALUES (18118, 437, 'Ph횈째찼쨩혶ng Nam H찼쨩혫ng');
INSERT INTO tbl_vn_ward (ward_id, district_id, ward_name) VALUES (18121, 437, 'Ph횈째찼쨩혶ng Trung L횈째횈징ng');
INSERT INTO tbl_vn_ward (ward_id, district_id, ward_name) VALUES (18124, 437, 'Ph횈째찼쨩혶ng 횆혨찼쨩짤c Thu찼쨘짯n');
INSERT INTO tbl_vn_ward (ward_id, district_id, ward_name) VALUES (18127, 437, 'Ph횈째찼쨩혶ng 횆혨찼쨘짯u Li횄짧u');
INSERT INTO tbl_vn_ward (ward_id, district_id, ward_name) VALUES (18130, 437, 'X횄짙 Thu찼쨘짯n L찼쨩혲c');
INSERT INTO tbl_vn_district (district_id, province_id, district_name) VALUES (439, 42, 'Huy찼쨩혝n H횈째횈징ng S횈징n');
INSERT INTO tbl_vn_ward (ward_id, district_id, ward_name) VALUES (18133, 439, 'Th찼쨩혢 tr찼쨘짜n Ph찼쨩혩 Ch횄짖u');
INSERT INTO tbl_vn_ward (ward_id, district_id, ward_name) VALUES (18136, 439, 'Th찼쨩혢 tr찼쨘짜n T횄짖y S횈징n');
INSERT INTO tbl_vn_ward (ward_id, district_id, ward_name) VALUES (18139, 439, 'X횄짙 S횈징n H찼쨩혫ng');
INSERT INTO tbl_vn_ward (ward_id, district_id, ward_name) VALUES (18142, 439, 'X횄짙 S횈징n Ti찼쨘쩔n');
INSERT INTO tbl_vn_ward (ward_id, district_id, ward_name) VALUES (18145, 439, 'X횄짙 S횈징n L횄짖m');
INSERT INTO tbl_vn_ward (ward_id, district_id, ward_name) VALUES (18148, 439, 'X횄짙 S횈징n L찼쨩혚');
INSERT INTO tbl_vn_ward (ward_id, district_id, ward_name) VALUES (18157, 439, 'X횄짙 S횈징n Giang');
INSERT INTO tbl_vn_ward (ward_id, district_id, ward_name) VALUES (18160, 439, 'X횄짙 S횈징n L횆짤nh');
INSERT INTO tbl_vn_ward (ward_id, district_id, ward_name) VALUES (18163, 439, 'X횄짙 An H횄짼a Th찼쨩혢nh');
INSERT INTO tbl_vn_ward (ward_id, district_id, ward_name) VALUES (18172, 439, 'X횄짙 S횈징n T횄짖y');
INSERT INTO tbl_vn_ward (ward_id, district_id, ward_name) VALUES (18175, 439, 'X횄짙 S횈징n Ninh');
INSERT INTO tbl_vn_ward (ward_id, district_id, ward_name) VALUES (18178, 439, 'X횄짙 Ch횄짖u B횄짭nh');
INSERT INTO tbl_vn_ward (ward_id, district_id, ward_name) VALUES (18181, 439, 'X횄짙 T횄짖n M찼쨩쨔 H횄혻');
INSERT INTO tbl_vn_ward (ward_id, district_id, ward_name) VALUES (18184, 439, 'X횄짙 Quang Di찼쨩혝m');
INSERT INTO tbl_vn_ward (ward_id, district_id, ward_name) VALUES (18187, 439, 'X횄짙 S횈징n Trung');
INSERT INTO tbl_vn_ward (ward_id, district_id, ward_name) VALUES (18190, 439, 'X횄짙 S횈징n B찼쨘짹ng');
INSERT INTO tbl_vn_ward (ward_id, district_id, ward_name) VALUES (18196, 439, 'X횄짙 S횈징n Kim 1');
INSERT INTO tbl_vn_ward (ward_id, district_id, ward_name) VALUES (18199, 439, 'X횄짙 S횈징n Kim 2');
INSERT INTO tbl_vn_ward (ward_id, district_id, ward_name) VALUES (18202, 439, 'X횄짙 M찼쨩쨔 Long');
INSERT INTO tbl_vn_ward (ward_id, district_id, ward_name) VALUES (18211, 439, 'X횄짙 Kim Hoa');
INSERT INTO tbl_vn_ward (ward_id, district_id, ward_name) VALUES (18217, 439, 'X횄짙 S횈징n Ph횄쨘');
INSERT INTO tbl_vn_ward (ward_id, district_id, ward_name) VALUES (18223, 439, 'X횄짙 H횄혻m Tr횈째찼쨩혶ng');
INSERT INTO tbl_vn_district (district_id, province_id, district_name) VALUES (440, 42, 'Huy찼쨩혝n 횆혨찼쨩짤c Th찼쨩혥');
INSERT INTO tbl_vn_ward (ward_id, district_id, ward_name) VALUES (18229, 440, 'Th찼쨩혢 tr찼쨘짜n 횆혨찼쨩짤c Th찼쨩혥');
INSERT INTO tbl_vn_ward (ward_id, district_id, ward_name) VALUES (18235, 440, 'X횄짙 Quang V횆짤nh');
INSERT INTO tbl_vn_ward (ward_id, district_id, ward_name) VALUES (18241, 440, 'X횄짙 T횄쨔ng Ch횄짖u');
INSERT INTO tbl_vn_ward (ward_id, district_id, ward_name) VALUES (18244, 440, 'X횄짙 Tr횈째찼쨩혶ng S횈징n');
INSERT INTO tbl_vn_ward (ward_id, district_id, ward_name) VALUES (18247, 440, 'X횄짙 Li횄짧n Minh');
INSERT INTO tbl_vn_ward (ward_id, district_id, ward_name) VALUES (18253, 440, 'X횄짙 Y횄짧n H찼쨩혫');
INSERT INTO tbl_vn_ward (ward_id, district_id, ward_name) VALUES (18259, 440, 'X횄짙 T횄쨔ng 찼쨘짖nh');
INSERT INTO tbl_vn_ward (ward_id, district_id, ward_name) VALUES (18262, 440, 'X횄짙 B횄쨔i La Nh횄짖n');
INSERT INTO tbl_vn_ward (ward_id, district_id, ward_name) VALUES (18274, 440, 'X횄짙 Thanh B횄짭nh Th찼쨩혢nh');
INSERT INTO tbl_vn_ward (ward_id, district_id, ward_name) VALUES (18277, 440, 'X횄짙 L횄짖m Trung Th찼쨩짠y');
INSERT INTO tbl_vn_ward (ward_id, district_id, ward_name) VALUES (18280, 440, 'X횄짙 H횄짼a L찼쨘징c');
INSERT INTO tbl_vn_ward (ward_id, district_id, ward_name) VALUES (18283, 440, 'X횄짙 T횄짖n D횄짖n');
INSERT INTO tbl_vn_ward (ward_id, district_id, ward_name) VALUES (18298, 440, 'X횄짙 An D횇짤ng');
INSERT INTO tbl_vn_ward (ward_id, district_id, ward_name) VALUES (18304, 440, 'X횄짙 횆혨찼쨩짤c 횆혨찼쨩혫ng');
INSERT INTO tbl_vn_ward (ward_id, district_id, ward_name) VALUES (18307, 440, 'X횄짙 횆혨찼쨩짤c L찼쨘징ng');
INSERT INTO tbl_vn_ward (ward_id, district_id, ward_name) VALUES (18310, 440, 'X횄짙 T횄짖n H횈째횈징ng');
INSERT INTO tbl_vn_district (district_id, province_id, district_name) VALUES (441, 42, 'Huy찼쨩혝n V횇짤 Quang');
INSERT INTO tbl_vn_ward (ward_id, district_id, ward_name) VALUES (18313, 441, 'Th찼쨩혢 tr찼쨘짜n V횇짤 Quang');
INSERT INTO tbl_vn_ward (ward_id, district_id, ward_name) VALUES (18316, 441, 'X횄짙 횄혗n Ph횄쨘');
INSERT INTO tbl_vn_ward (ward_id, district_id, ward_name) VALUES (18319, 441, 'X횄짙 횆혨찼쨩짤c Giang');
INSERT INTO tbl_vn_ward (ward_id, district_id, ward_name) VALUES (18322, 441, 'X횄짙 횆혨찼쨩짤c L횆짤nh');
INSERT INTO tbl_vn_ward (ward_id, district_id, ward_name) VALUES (18325, 441, 'X횄짙 Th찼쨩혥 횆혨i찼쨩혖n');
INSERT INTO tbl_vn_ward (ward_id, district_id, ward_name) VALUES (18328, 441, 'X횄짙 횆혨찼쨩짤c H횈째횈징ng');
INSERT INTO tbl_vn_ward (ward_id, district_id, ward_name) VALUES (18331, 441, 'X횄짙 횆혨찼쨩짤c B찼쨩혫ng');
INSERT INTO tbl_vn_ward (ward_id, district_id, ward_name) VALUES (18334, 441, 'X횄짙 횆혨찼쨩짤c Li횄짧n');
INSERT INTO tbl_vn_ward (ward_id, district_id, ward_name) VALUES (18340, 441, 'X횄짙 H횈째횈징ng Minh');
INSERT INTO tbl_vn_ward (ward_id, district_id, ward_name) VALUES (18343, 441, 'X횄짙 Quang Th찼쨩혥');
INSERT INTO tbl_vn_district (district_id, province_id, district_name) VALUES (442, 42, 'Huy찼쨩혝n Nghi Xu횄짖n');
INSERT INTO tbl_vn_ward (ward_id, district_id, ward_name) VALUES (18352, 442, 'Th찼쨩혢 tr찼쨘짜n Xu횄짖n An');
INSERT INTO tbl_vn_ward (ward_id, district_id, ward_name) VALUES (18355, 442, 'X횄짙 Xu횄짖n H찼쨩혲i');
INSERT INTO tbl_vn_ward (ward_id, district_id, ward_name) VALUES (18358, 442, 'X횄짙 횆혨an Tr횈째찼쨩혶ng');
INSERT INTO tbl_vn_ward (ward_id, district_id, ward_name) VALUES (18364, 442, 'X횄짙 Xu횄짖n Ph찼쨩혮');
INSERT INTO tbl_vn_ward (ward_id, district_id, ward_name) VALUES (18367, 442, 'X횄짙 Xu횄짖n H찼쨘짙i');
INSERT INTO tbl_vn_ward (ward_id, district_id, ward_name) VALUES (18370, 442, 'X횄짙 Xu횄짖n Giang');
INSERT INTO tbl_vn_ward (ward_id, district_id, ward_name) VALUES (18373, 442, 'Th찼쨩혢 tr찼쨘짜n Ti횄짧n 횆혨i찼쨩혖n');
INSERT INTO tbl_vn_ward (ward_id, district_id, ward_name) VALUES (18376, 442, 'X횄짙 Xu횄짖n Y횄짧n');
INSERT INTO tbl_vn_ward (ward_id, district_id, ward_name) VALUES (18379, 442, 'X횄짙 Xu횄짖n M찼쨩쨔');
INSERT INTO tbl_vn_ward (ward_id, district_id, ward_name) VALUES (18382, 442, 'X횄짙 Xu횄짖n Th횄혻nh');
INSERT INTO tbl_vn_ward (ward_id, district_id, ward_name) VALUES (18385, 442, 'X횄짙 Xu횄짖n Vi횄짧n');
INSERT INTO tbl_vn_ward (ward_id, district_id, ward_name) VALUES (18388, 442, 'X횄짙 Xu횄짖n H찼쨩혫ng');
INSERT INTO tbl_vn_ward (ward_id, district_id, ward_name) VALUES (18391, 442, 'X횄짙 C찼쨩혰 횆혨찼쨘징m');
INSERT INTO tbl_vn_ward (ward_id, district_id, ward_name) VALUES (18394, 442, 'X횄짙 Xu횄짖n Li횄짧n');
INSERT INTO tbl_vn_ward (ward_id, district_id, ward_name) VALUES (18397, 442, 'X횄짙 Xu횄짖n L횆짤nh');
INSERT INTO tbl_vn_ward (ward_id, district_id, ward_name) VALUES (18400, 442, 'X횄짙 Xu횄짖n Lam');
INSERT INTO tbl_vn_ward (ward_id, district_id, ward_name) VALUES (18403, 442, 'X횄짙 C횈째횈징ng Gi횄징n');
INSERT INTO tbl_vn_district (district_id, province_id, district_name) VALUES (443, 42, 'Huy찼쨩혝n Can L찼쨩혲c');
INSERT INTO tbl_vn_ward (ward_id, district_id, ward_name) VALUES (18406, 443, 'Th찼쨩혢 tr찼쨘짜n Ngh횄짢n');
INSERT INTO tbl_vn_ward (ward_id, district_id, ward_name) VALUES (18415, 443, 'X횄짙 Thi횄짧n L찼쨩혲c');
INSERT INTO tbl_vn_ward (ward_id, district_id, ward_name) VALUES (18418, 443, 'X횄짙 Thu찼쨘짠n Thi찼쨩혝n');
INSERT INTO tbl_vn_ward (ward_id, district_id, ward_name) VALUES (18427, 443, 'X횄짙 V횈째찼쨩짙ng L찼쨩혲c');
INSERT INTO tbl_vn_ward (ward_id, district_id, ward_name) VALUES (18433, 443, 'X횄짙 Thanh L찼쨩혲c');
INSERT INTO tbl_vn_ward (ward_id, district_id, ward_name) VALUES (18436, 443, 'X횄짙 Kim Song Tr횈째찼쨩혶ng');
INSERT INTO tbl_vn_ward (ward_id, district_id, ward_name) VALUES (18439, 443, 'X횄짙 Th횈째찼쨩혶ng Nga');
INSERT INTO tbl_vn_ward (ward_id, district_id, ward_name) VALUES (18445, 443, 'X횄짙 T횄쨔ng L찼쨩혲c');
INSERT INTO tbl_vn_ward (ward_id, district_id, ward_name) VALUES (18454, 443, 'X횄짙 Ph횄쨘 L찼쨩혲c');
INSERT INTO tbl_vn_ward (ward_id, district_id, ward_name) VALUES (18463, 443, 'X횄짙 Gia Hanh');
INSERT INTO tbl_vn_ward (ward_id, district_id, ward_name) VALUES (18466, 443, 'X횄짙 Kh횄징nh V횆짤nh Y횄짧n');
INSERT INTO tbl_vn_ward (ward_id, district_id, ward_name) VALUES (18475, 443, 'X횄짙 Xu횄짖n L찼쨩혲c');
INSERT INTO tbl_vn_ward (ward_id, district_id, ward_name) VALUES (18478, 443, 'X횄짙 Th횈째찼쨩짙ng L찼쨩혲c');
INSERT INTO tbl_vn_ward (ward_id, district_id, ward_name) VALUES (18481, 443, 'X횄짙 Quang L찼쨩혲c');
INSERT INTO tbl_vn_ward (ward_id, district_id, ward_name) VALUES (18484, 443, 'Th찼쨩혢 tr찼쨘짜n 횆혨찼쨩혫ng L찼쨩혲c');
INSERT INTO tbl_vn_ward (ward_id, district_id, ward_name) VALUES (18487, 443, 'X횄짙 M찼쨩쨔 L찼쨩혲c');
INSERT INTO tbl_vn_ward (ward_id, district_id, ward_name) VALUES (18490, 443, 'X횄짙 S횈징n L찼쨩혲c');
INSERT INTO tbl_vn_district (district_id, province_id, district_name) VALUES (444, 42, 'Huy찼쨩혝n H횈째횈징ng Kh횄짧');
INSERT INTO tbl_vn_ward (ward_id, district_id, ward_name) VALUES (18496, 444, 'Th찼쨩혢 tr찼쨘짜n H횈째횈징ng Kh횄짧');
INSERT INTO tbl_vn_ward (ward_id, district_id, ward_name) VALUES (18499, 444, 'X횄짙 횆혨i찼쨩혖n M찼쨩쨔');
INSERT INTO tbl_vn_ward (ward_id, district_id, ward_name) VALUES (18502, 444, 'X횄짙 H횄혻 Linh');
INSERT INTO tbl_vn_ward (ward_id, district_id, ward_name) VALUES (18505, 444, 'X횄짙 H횈째횈징ng Th찼쨩짠y');
INSERT INTO tbl_vn_ward (ward_id, district_id, ward_name) VALUES (18508, 444, 'X횄짙 H횄짼a H찼쨘짙i');
INSERT INTO tbl_vn_ward (ward_id, district_id, ward_name) VALUES (18514, 444, 'X횄짙 Ph횄쨘c 횆혨찼쨩혫ng');
INSERT INTO tbl_vn_ward (ward_id, district_id, ward_name) VALUES (18517, 444, 'X횄짙 H횈째횈징ng Giang');
INSERT INTO tbl_vn_ward (ward_id, district_id, ward_name) VALUES (18520, 444, 'X횄짙 L찼쨩혲c Y횄짧n');
INSERT INTO tbl_vn_ward (ward_id, district_id, ward_name) VALUES (18523, 444, 'X횄짙 H횈째횈징ng B횄짭nh');
INSERT INTO tbl_vn_ward (ward_id, district_id, ward_name) VALUES (18526, 444, 'X횄짙 H횈째횈징ng Long');
INSERT INTO tbl_vn_ward (ward_id, district_id, ward_name) VALUES (18529, 444, 'X횄짙 Ph횄쨘 Gia');
INSERT INTO tbl_vn_ward (ward_id, district_id, ward_name) VALUES (18532, 444, 'X횄짙 Gia Ph찼쨩혩');
INSERT INTO tbl_vn_ward (ward_id, district_id, ward_name) VALUES (18538, 444, 'X횄짙 H횈째횈징ng 횆혨횄쨈');
INSERT INTO tbl_vn_ward (ward_id, district_id, ward_name) VALUES (18541, 444, 'X횄짙 H횈째횈징ng V횆짤nh');
INSERT INTO tbl_vn_ward (ward_id, district_id, ward_name) VALUES (18544, 444, 'X횄짙 H횈째횈징ng Xu횄짖n');
INSERT INTO tbl_vn_ward (ward_id, district_id, ward_name) VALUES (18547, 444, 'X횄짙 Ph횄쨘c Tr찼쨘징ch');
INSERT INTO tbl_vn_ward (ward_id, district_id, ward_name) VALUES (18550, 444, 'X횄짙 H횈째횈징ng Tr횄혻');
INSERT INTO tbl_vn_ward (ward_id, district_id, ward_name) VALUES (18553, 444, 'X횄짙 H횈째횈징ng Tr찼쨘징ch');
INSERT INTO tbl_vn_ward (ward_id, district_id, ward_name) VALUES (18556, 444, 'X횄짙 H횈째횈징ng L횄짖m');
INSERT INTO tbl_vn_ward (ward_id, district_id, ward_name) VALUES (18559, 444, 'X횄짙 H횈째횈징ng Li횄짧n');
INSERT INTO tbl_vn_district (district_id, province_id, district_name) VALUES (445, 42, 'Huy찼쨩혝n Th찼쨘징ch H횄혻');
INSERT INTO tbl_vn_ward (ward_id, district_id, ward_name) VALUES (18409, 445, 'X횄짙 T횄짖n L찼쨩혲c');
INSERT INTO tbl_vn_ward (ward_id, district_id, ward_name) VALUES (18412, 445, 'X횄짙 H찼쨩혫ng L찼쨩혲c');
INSERT INTO tbl_vn_ward (ward_id, district_id, ward_name) VALUES (18421, 445, 'X횄짙 Th찼쨩혢nh L찼쨩혲c');
INSERT INTO tbl_vn_ward (ward_id, district_id, ward_name) VALUES (18430, 445, 'X횄짙 B횄짭nh An');
INSERT INTO tbl_vn_ward (ward_id, district_id, ward_name) VALUES (18448, 445, 'X횄짙 B횄짭nh L찼쨩혲c');
INSERT INTO tbl_vn_ward (ward_id, district_id, ward_name) VALUES (18457, 445, 'X횄짙 횄혥ch H찼쨘짯u');
INSERT INTO tbl_vn_ward (ward_id, district_id, ward_name) VALUES (18493, 445, 'X횄짙 Ph횄쨔 L횈째u');
INSERT INTO tbl_vn_ward (ward_id, district_id, ward_name) VALUES (18562, 445, 'Th찼쨩혢 tr찼쨘짜n Th찼쨘징ch H횄혻');
INSERT INTO tbl_vn_ward (ward_id, district_id, ward_name) VALUES (18565, 445, 'X횄짙 Ng찼쨩혥c S횈징n');
INSERT INTO tbl_vn_ward (ward_id, district_id, ward_name) VALUES (18568, 445, 'Th찼쨩혢 tr찼쨘짜n L찼쨩혲c H횄혻');
INSERT INTO tbl_vn_ward (ward_id, district_id, ward_name) VALUES (18577, 445, 'X횄짙 Th찼쨘징ch M찼쨩쨔');
INSERT INTO tbl_vn_ward (ward_id, district_id, ward_name) VALUES (18580, 445, 'X횄짙 Th찼쨘징ch Kim');
INSERT INTO tbl_vn_ward (ward_id, district_id, ward_name) VALUES (18583, 445, 'X횄짙 Th찼쨘징ch Ch횄짖u');
INSERT INTO tbl_vn_ward (ward_id, district_id, ward_name) VALUES (18586, 445, 'X횄짙 Th찼쨘징ch K횄짧nh');
INSERT INTO tbl_vn_ward (ward_id, district_id, ward_name) VALUES (18589, 445, 'X횄짙 Th찼쨘징ch S횈징n');
INSERT INTO tbl_vn_ward (ward_id, district_id, ward_name) VALUES (18592, 445, 'X횄짙 Th찼쨘징ch Li횄짧n');
INSERT INTO tbl_vn_ward (ward_id, district_id, ward_name) VALUES (18601, 445, 'X횄짙 Vi찼쨩혝t Ti찼쨘쩔n');
INSERT INTO tbl_vn_ward (ward_id, district_id, ward_name) VALUES (18607, 445, 'X횄짙 Th찼쨘징ch Long');
INSERT INTO tbl_vn_ward (ward_id, district_id, ward_name) VALUES (18625, 445, 'X횄짙 Th찼쨘징ch Ng찼쨩혥c');
INSERT INTO tbl_vn_ward (ward_id, district_id, ward_name) VALUES (18634, 445, 'X횄짙 L횈째u V횆짤nh S횈징n');
INSERT INTO tbl_vn_ward (ward_id, district_id, ward_name) VALUES (18658, 445, 'X횄짙 Th찼쨘징ch Xu횄짖n');
INSERT INTO tbl_vn_ward (ward_id, district_id, ward_name) VALUES (18667, 445, 'X횄짙 Nam 횆혨i찼쨩혖n');
INSERT INTO tbl_vn_ward (ward_id, district_id, ward_name) VALUES (18670, 445, 'X횄짙 Mai Ph찼쨩짜');
INSERT INTO tbl_vn_district (district_id, province_id, district_name) VALUES (446, 42, 'Huy찼쨩혝n C찼쨘짤m Xuy횄짧n');
INSERT INTO tbl_vn_ward (ward_id, district_id, ward_name) VALUES (18673, 446, 'Th찼쨩혢 tr찼쨘짜n C찼쨘짤m Xuy횄짧n');
INSERT INTO tbl_vn_ward (ward_id, district_id, ward_name) VALUES (18676, 446, 'Th찼쨩혢 tr찼쨘짜n Thi횄짧n C찼쨘짠m');
INSERT INTO tbl_vn_ward (ward_id, district_id, ward_name) VALUES (18679, 446, 'X횄짙 Y횄짧n H횄짼a');
INSERT INTO tbl_vn_ward (ward_id, district_id, ward_name) VALUES (18682, 446, 'X횄짙 C찼쨘짤m D횈째횈징ng');
INSERT INTO tbl_vn_ward (ward_id, district_id, ward_name) VALUES (18694, 446, 'X횄짙 C찼쨘짤m Th횄혻nh');
INSERT INTO tbl_vn_ward (ward_id, district_id, ward_name) VALUES (18697, 446, 'X횄짙 C찼쨘짤m Quang');
INSERT INTO tbl_vn_ward (ward_id, district_id, ward_name) VALUES (18706, 446, 'X횄짙 C찼쨘짤m Th찼쨘징ch');
INSERT INTO tbl_vn_ward (ward_id, district_id, ward_name) VALUES (18709, 446, 'X횄짙 C찼쨘짤m Nh횈째찼쨩짙ng');
INSERT INTO tbl_vn_ward (ward_id, district_id, ward_name) VALUES (18712, 446, 'X횄짙 Nam Ph횄쨘c Th횆혘ng');
INSERT INTO tbl_vn_ward (ward_id, district_id, ward_name) VALUES (18715, 446, 'X횄짙 C찼쨘짤m Du찼쨩혝');
INSERT INTO tbl_vn_ward (ward_id, district_id, ward_name) VALUES (18721, 446, 'X횄짙 C찼쨘짤m L횆짤nh');
INSERT INTO tbl_vn_ward (ward_id, district_id, ward_name) VALUES (18724, 446, 'X횄짙 C찼쨘짤m Quan');
INSERT INTO tbl_vn_ward (ward_id, district_id, ward_name) VALUES (18727, 446, 'X횄짙 C찼쨘짤m H횄혻');
INSERT INTO tbl_vn_ward (ward_id, district_id, ward_name) VALUES (18730, 446, 'X횄짙 C찼쨘짤m L찼쨩혲c');
INSERT INTO tbl_vn_ward (ward_id, district_id, ward_name) VALUES (18733, 446, 'X횄짙 C찼쨘짤m H횈째ng');
INSERT INTO tbl_vn_ward (ward_id, district_id, ward_name) VALUES (18736, 446, 'X횄짙 C찼쨘짤m Th찼쨩혢nh');
INSERT INTO tbl_vn_ward (ward_id, district_id, ward_name) VALUES (18739, 446, 'X횄짙 C찼쨘짤m M찼쨩쨔');
INSERT INTO tbl_vn_ward (ward_id, district_id, ward_name) VALUES (18742, 446, 'X횄짙 C찼쨘짤m Trung');
INSERT INTO tbl_vn_ward (ward_id, district_id, ward_name) VALUES (18745, 446, 'X횄짙 C찼쨘짤m S횈징n');
INSERT INTO tbl_vn_ward (ward_id, district_id, ward_name) VALUES (18748, 446, 'X횄짙 C찼쨘짤m L찼쨘징c');
INSERT INTO tbl_vn_ward (ward_id, district_id, ward_name) VALUES (18751, 446, 'X횄짙 C찼쨘짤m Minh');
INSERT INTO tbl_vn_district (district_id, province_id, district_name) VALUES (447, 42, 'Huy찼쨩혝n K찼쨩쨀 Anh');
INSERT INTO tbl_vn_ward (ward_id, district_id, ward_name) VALUES (18757, 447, 'X횄짙 K찼쨩쨀 Xu횄짖n');
INSERT INTO tbl_vn_ward (ward_id, district_id, ward_name) VALUES (18760, 447, 'X횄짙 K찼쨩쨀 B찼쨘짱c');
INSERT INTO tbl_vn_ward (ward_id, district_id, ward_name) VALUES (18763, 447, 'X횄짙 K찼쨩쨀 Ph횄쨘');
INSERT INTO tbl_vn_ward (ward_id, district_id, ward_name) VALUES (18766, 447, 'X횄짙 K찼쨩쨀 Phong');
INSERT INTO tbl_vn_ward (ward_id, district_id, ward_name) VALUES (18769, 447, 'X횄짙 K찼쨩쨀 Ti찼쨘쩔n');
INSERT INTO tbl_vn_ward (ward_id, district_id, ward_name) VALUES (18772, 447, 'X횄짙 K찼쨩쨀 Giang');
INSERT INTO tbl_vn_ward (ward_id, district_id, ward_name) VALUES (18775, 447, 'Th찼쨩혢 tr찼쨘짜n K찼쨩쨀 횆혨찼쨩혫ng');
INSERT INTO tbl_vn_ward (ward_id, district_id, ward_name) VALUES (18778, 447, 'X횄짙 K찼쨩쨀 Khang');
INSERT INTO tbl_vn_ward (ward_id, district_id, ward_name) VALUES (18784, 447, 'X횄짙 K찼쨩쨀 V횆혘n');
INSERT INTO tbl_vn_ward (ward_id, district_id, ward_name) VALUES (18787, 447, 'X횄짙 K찼쨩쨀 Trung');
INSERT INTO tbl_vn_ward (ward_id, district_id, ward_name) VALUES (18790, 447, 'X횄짙 K찼쨩쨀 Th찼쨩혥');
INSERT INTO tbl_vn_ward (ward_id, district_id, ward_name) VALUES (18793, 447, 'X횄짙 K찼쨩쨀 T횄짖y');
INSERT INTO tbl_vn_ward (ward_id, district_id, ward_name) VALUES (18799, 447, 'X횄짙 K찼쨩쨀 Th횈째찼쨩짙ng');
INSERT INTO tbl_vn_ward (ward_id, district_id, ward_name) VALUES (18802, 447, 'X횄짙 K찼쨩쨀 H찼쨘짙i');
INSERT INTO tbl_vn_ward (ward_id, district_id, ward_name) VALUES (18805, 447, 'X횄짙 K찼쨩쨀 Th횈째');
INSERT INTO tbl_vn_ward (ward_id, district_id, ward_name) VALUES (18811, 447, 'X횄짙 K찼쨩쨀 Ch횄짖u');
INSERT INTO tbl_vn_ward (ward_id, district_id, ward_name) VALUES (18814, 447, 'X횄짙 K찼쨩쨀 T횄짖n');
INSERT INTO tbl_vn_ward (ward_id, district_id, ward_name) VALUES (18838, 447, 'X횄짙 L횄짖m H찼쨩짙p');
INSERT INTO tbl_vn_ward (ward_id, district_id, ward_name) VALUES (18844, 447, 'X횄짙 K찼쨩쨀 S횈징n');
INSERT INTO tbl_vn_ward (ward_id, district_id, ward_name) VALUES (18850, 447, 'X횄짙 K찼쨩쨀 L찼쨘징c');
INSERT INTO tbl_vn_district (district_id, province_id, district_name) VALUES (449, 42, 'Th찼쨩혢 x횄짙 K찼쨩쨀 Anh');
INSERT INTO tbl_vn_ward (ward_id, district_id, ward_name) VALUES (18754, 449, 'Ph횈째찼쨩혶ng H횈째ng Tr횄짯');
INSERT INTO tbl_vn_ward (ward_id, district_id, ward_name) VALUES (18781, 449, 'Ph횈째찼쨩혶ng K찼쨩쨀 Ninh');
INSERT INTO tbl_vn_ward (ward_id, district_id, ward_name) VALUES (18796, 449, 'X횄짙 K찼쨩쨀 L찼쨩짙i');
INSERT INTO tbl_vn_ward (ward_id, district_id, ward_name) VALUES (18808, 449, 'X횄짙 K찼쨩쨀 H횄혻');
INSERT INTO tbl_vn_ward (ward_id, district_id, ward_name) VALUES (18820, 449, 'Ph횈째찼쨩혶ng K찼쨩쨀 Trinh');
INSERT INTO tbl_vn_ward (ward_id, district_id, ward_name) VALUES (18823, 449, 'Ph횈째찼쨩혶ng K찼쨩쨀 Th찼쨩혢nh');
INSERT INTO tbl_vn_ward (ward_id, district_id, ward_name) VALUES (18829, 449, 'X횄짙 K찼쨩쨀 Hoa');
INSERT INTO tbl_vn_ward (ward_id, district_id, ward_name) VALUES (18832, 449, 'Ph횈째찼쨩혶ng K찼쨩쨀 Ph횈째횈징ng');
INSERT INTO tbl_vn_ward (ward_id, district_id, ward_name) VALUES (18835, 449, 'Ph횈째찼쨩혶ng K찼쨩쨀 Long');
INSERT INTO tbl_vn_ward (ward_id, district_id, ward_name) VALUES (18841, 449, 'Ph횈째찼쨩혶ng K찼쨩쨀 Li횄짧n');
INSERT INTO tbl_vn_ward (ward_id, district_id, ward_name) VALUES (18847, 449, 'Ph횈째찼쨩혶ng K찼쨩쨀 Nam');
INSERT INTO tbl_vn_province (province_id, province_name) VALUES (44, 'T찼쨩혟nh Qu찼쨘짙ng B횄짭nh');
INSERT INTO tbl_vn_district (district_id, province_id, district_name) VALUES (450, 44, 'Th횄혻nh Ph찼쨩혩 횆혨찼쨩혫ng H찼쨩혴i');
INSERT INTO tbl_vn_ward (ward_id, district_id, ward_name) VALUES (18853, 450, 'Ph횈째찼쨩혶ng H찼쨘짙i Th횄혻nh');
INSERT INTO tbl_vn_ward (ward_id, district_id, ward_name) VALUES (18856, 450, 'Ph횈째찼쨩혶ng 횆혨찼쨩혫ng Ph횄쨘');
INSERT INTO tbl_vn_ward (ward_id, district_id, ward_name) VALUES (18859, 450, 'Ph횈째찼쨩혶ng B찼쨘짱c L횄쩍');
INSERT INTO tbl_vn_ward (ward_id, district_id, ward_name) VALUES (18865, 450, 'Ph횈째찼쨩혶ng Nam L횄쩍');
INSERT INTO tbl_vn_ward (ward_id, district_id, ward_name) VALUES (18868, 450, 'Ph횈째찼쨩혶ng 횆혨찼쨩혫ng H찼쨘짙i');
INSERT INTO tbl_vn_ward (ward_id, district_id, ward_name) VALUES (18871, 450, 'Ph횈째찼쨩혶ng 횆혨찼쨩혫ng S횈징n');
INSERT INTO tbl_vn_ward (ward_id, district_id, ward_name) VALUES (18874, 450, 'Ph횈째찼쨩혶ng Ph횄쨘 H찼쨘짙i');
INSERT INTO tbl_vn_ward (ward_id, district_id, ward_name) VALUES (18877, 450, 'Ph횈째찼쨩혶ng B찼쨘짱c Ngh횆짤a');
INSERT INTO tbl_vn_ward (ward_id, district_id, ward_name) VALUES (18880, 450, 'Ph횈째찼쨩혶ng 횆혨찼쨩짤c Ninh 횆혨횄쨈ng');
INSERT INTO tbl_vn_ward (ward_id, district_id, ward_name) VALUES (18883, 450, 'X횄짙 Quang Ph횄쨘');
INSERT INTO tbl_vn_ward (ward_id, district_id, ward_name) VALUES (18886, 450, 'X횄짙 L찼쨩혲c Ninh');
INSERT INTO tbl_vn_ward (ward_id, district_id, ward_name) VALUES (18889, 450, 'X횄짙 B찼쨘짙o Ninh');
INSERT INTO tbl_vn_ward (ward_id, district_id, ward_name) VALUES (18892, 450, 'X횄짙 Ngh횆짤a Ninh');
INSERT INTO tbl_vn_ward (ward_id, district_id, ward_name) VALUES (18895, 450, 'X횄짙 Thu찼쨘짯n 횆혨찼쨩짤c');
INSERT INTO tbl_vn_ward (ward_id, district_id, ward_name) VALUES (18898, 450, 'X횄짙 횆혨찼쨩짤c Ninh');
INSERT INTO tbl_vn_district (district_id, province_id, district_name) VALUES (452, 44, 'Huy찼쨩혝n Minh H횄쨀a');
INSERT INTO tbl_vn_ward (ward_id, district_id, ward_name) VALUES (18901, 452, 'Th찼쨩혢 tr찼쨘짜n Quy 횆혨찼쨘징t');
INSERT INTO tbl_vn_ward (ward_id, district_id, ward_name) VALUES (18904, 452, 'X횄짙 D횄짖n H횄쨀a');
INSERT INTO tbl_vn_ward (ward_id, district_id, ward_name) VALUES (18907, 452, 'X횄짙 Tr찼쨩혥ng H횄쨀a');
INSERT INTO tbl_vn_ward (ward_id, district_id, ward_name) VALUES (18913, 452, 'X횄짙 H찼쨩혫ng H횄쨀a');
INSERT INTO tbl_vn_ward (ward_id, district_id, ward_name) VALUES (18919, 452, 'X횄짙 T횄짖n Th횄혻nh');
INSERT INTO tbl_vn_ward (ward_id, district_id, ward_name) VALUES (18922, 452, 'X횄짙 H횄쨀a H찼쨩짙p');
INSERT INTO tbl_vn_ward (ward_id, district_id, ward_name) VALUES (18925, 452, 'X횄짙 Xu횄짖n H횄쨀a');
INSERT INTO tbl_vn_ward (ward_id, district_id, ward_name) VALUES (18928, 452, 'X횄짙 Y횄짧n H횄쨀a');
INSERT INTO tbl_vn_ward (ward_id, district_id, ward_name) VALUES (18931, 452, 'X횄짙 Minh H횄쨀a');
INSERT INTO tbl_vn_ward (ward_id, district_id, ward_name) VALUES (18934, 452, 'X횄짙 T횄짖n H횄쨀a');
INSERT INTO tbl_vn_ward (ward_id, district_id, ward_name) VALUES (18937, 452, 'X횄짙 H횄쨀a S횈징n');
INSERT INTO tbl_vn_ward (ward_id, district_id, ward_name) VALUES (18943, 452, 'X횄짙 Trung H횄쨀a');
INSERT INTO tbl_vn_ward (ward_id, district_id, ward_name) VALUES (18946, 452, 'X횄짙 Th횈째찼쨩짙ng H횄쨀a');
INSERT INTO tbl_vn_district (district_id, province_id, district_name) VALUES (453, 44, 'Huy찼쨩혝n Tuy횄짧n H횄쨀a');
INSERT INTO tbl_vn_ward (ward_id, district_id, ward_name) VALUES (18949, 453, 'Th찼쨩혢 tr찼쨘짜n 횆혨찼쨩혫ng L횄짧');
INSERT INTO tbl_vn_ward (ward_id, district_id, ward_name) VALUES (18952, 453, 'X횄짙 H횈째횈징ng H횄쨀a');
INSERT INTO tbl_vn_ward (ward_id, district_id, ward_name) VALUES (18955, 453, 'X횄짙 Kim H횄쨀a');
INSERT INTO tbl_vn_ward (ward_id, district_id, ward_name) VALUES (18958, 453, 'X횄짙 Thanh H횄쨀a');
INSERT INTO tbl_vn_ward (ward_id, district_id, ward_name) VALUES (18961, 453, 'X횄짙 Thanh Th찼쨘징ch');
INSERT INTO tbl_vn_ward (ward_id, district_id, ward_name) VALUES (18964, 453, 'X횄짙 Thu찼쨘짯n H횄쨀a');
INSERT INTO tbl_vn_ward (ward_id, district_id, ward_name) VALUES (18967, 453, 'X횄짙 L횄짖m H횄쨀a');
INSERT INTO tbl_vn_ward (ward_id, district_id, ward_name) VALUES (18970, 453, 'X횄짙 L횄짧 H횄쨀a');
INSERT INTO tbl_vn_ward (ward_id, district_id, ward_name) VALUES (18973, 453, 'X횄짙 S횈징n H횄쨀a');
INSERT INTO tbl_vn_ward (ward_id, district_id, ward_name) VALUES (18976, 453, 'X횄짙 횆혨찼쨩혫ng H횄쨀a');
INSERT INTO tbl_vn_ward (ward_id, district_id, ward_name) VALUES (18979, 453, 'X횄짙 Ng횈째 H횄쨀a');
INSERT INTO tbl_vn_ward (ward_id, district_id, ward_name) VALUES (18985, 453, 'X횄짙 Th찼쨘징ch H횄쨀a');
INSERT INTO tbl_vn_ward (ward_id, district_id, ward_name) VALUES (18988, 453, 'X횄짙 횆혨찼쨩짤c H횄쨀a');
INSERT INTO tbl_vn_ward (ward_id, district_id, ward_name) VALUES (18991, 453, 'X횄짙 Phong H횄쨀a');
INSERT INTO tbl_vn_ward (ward_id, district_id, ward_name) VALUES (18994, 453, 'X횄짙 Mai H횄쨀a');
INSERT INTO tbl_vn_ward (ward_id, district_id, ward_name) VALUES (18997, 453, 'X횄짙 Ti찼쨘쩔n H횄쨀a');
INSERT INTO tbl_vn_ward (ward_id, district_id, ward_name) VALUES (19000, 453, 'X횄짙 Ch횄짖u H횄쨀a');
INSERT INTO tbl_vn_ward (ward_id, district_id, ward_name) VALUES (19003, 453, 'X횄짙 Cao Qu찼쨘짙ng');
INSERT INTO tbl_vn_ward (ward_id, district_id, ward_name) VALUES (19006, 453, 'X횄짙 V횆혘n H횄쨀a');
INSERT INTO tbl_vn_district (district_id, province_id, district_name) VALUES (454, 44, 'Huy찼쨩혝n Qu찼쨘짙ng Tr찼쨘징ch');
INSERT INTO tbl_vn_ward (ward_id, district_id, ward_name) VALUES (19012, 454, 'X횄짙 Qu찼쨘짙ng H찼쨩짙p');
INSERT INTO tbl_vn_ward (ward_id, district_id, ward_name) VALUES (19015, 454, 'X횄짙 Qu찼쨘짙ng Kim');
INSERT INTO tbl_vn_ward (ward_id, district_id, ward_name) VALUES (19018, 454, 'X횄짙 Qu찼쨘짙ng 횆혨횄쨈ng');
INSERT INTO tbl_vn_ward (ward_id, district_id, ward_name) VALUES (19021, 454, 'X횄짙 Qu찼쨘짙ng Ph횄쨘');
INSERT INTO tbl_vn_ward (ward_id, district_id, ward_name) VALUES (19024, 454, 'X횄짙 Qu찼쨘짙ng Ch횄짖u');
INSERT INTO tbl_vn_ward (ward_id, district_id, ward_name) VALUES (19027, 454, 'X횄짙 Qu찼쨘짙ng Th찼쨘징ch');
INSERT INTO tbl_vn_ward (ward_id, district_id, ward_name) VALUES (19030, 454, 'X횄짙 Qu찼쨘짙ng L횈째u');
INSERT INTO tbl_vn_ward (ward_id, district_id, ward_name) VALUES (19033, 454, 'X횄짙 Qu찼쨘짙ng T횄쨔ng');
INSERT INTO tbl_vn_ward (ward_id, district_id, ward_name) VALUES (19036, 454, 'X횄짙 C찼쨘짙nh D횈째횈징ng');
INSERT INTO tbl_vn_ward (ward_id, district_id, ward_name) VALUES (19039, 454, 'X횄짙 Qu찼쨘짙ng Ti찼쨘쩔n');
INSERT INTO tbl_vn_ward (ward_id, district_id, ward_name) VALUES (19042, 454, 'X횄짙 Qu찼쨘짙ng H횈째ng');
INSERT INTO tbl_vn_ward (ward_id, district_id, ward_name) VALUES (19045, 454, 'X횄짙 Qu찼쨘짙ng Xu횄짖n');
INSERT INTO tbl_vn_ward (ward_id, district_id, ward_name) VALUES (19051, 454, 'X횄짙 Li횄짧n Tr횈째찼쨩혶ng');
INSERT INTO tbl_vn_ward (ward_id, district_id, ward_name) VALUES (19057, 454, 'X횄짙 Qu찼쨘짙ng Ph횈째횈징ng');
INSERT INTO tbl_vn_ward (ward_id, district_id, ward_name) VALUES (19063, 454, 'X횄짙 Ph횄쨔 C찼쨘짙nh');
INSERT INTO tbl_vn_ward (ward_id, district_id, ward_name) VALUES (19072, 454, 'X횄짙 Qu찼쨘짙ng Thanh');
INSERT INTO tbl_vn_district (district_id, province_id, district_name) VALUES (455, 44, 'Huy찼쨩혝n B찼쨩혩 Tr찼쨘징ch');
INSERT INTO tbl_vn_ward (ward_id, district_id, ward_name) VALUES (19111, 455, 'Th찼쨩혢 tr찼쨘짜n Ho횄혻n L횄짙o');
INSERT INTO tbl_vn_ward (ward_id, district_id, ward_name) VALUES (19114, 455, 'Th찼쨩혢 tr찼쨘짜n NT Vi찼쨩혝t Trung');
INSERT INTO tbl_vn_ward (ward_id, district_id, ward_name) VALUES (19117, 455, 'X횄짙 Xu횄짖n Tr찼쨘징ch');
INSERT INTO tbl_vn_ward (ward_id, district_id, ward_name) VALUES (19123, 455, 'X횄짙 H찼쨘징 M찼쨩쨔');
INSERT INTO tbl_vn_ward (ward_id, district_id, ward_name) VALUES (19126, 455, 'X횄짙 B찼쨘짱c Tr찼쨘징ch');
INSERT INTO tbl_vn_ward (ward_id, district_id, ward_name) VALUES (19129, 455, 'X횄짙 L횄짖m Tr찼쨘징ch');
INSERT INTO tbl_vn_ward (ward_id, district_id, ward_name) VALUES (19132, 455, 'X횄짙 Thanh Tr찼쨘징ch');
INSERT INTO tbl_vn_ward (ward_id, district_id, ward_name) VALUES (19135, 455, 'X횄짙 Li횄짧n Tr찼쨘징ch');
INSERT INTO tbl_vn_ward (ward_id, district_id, ward_name) VALUES (19138, 455, 'X횄짙 Ph횄쨘c Tr찼쨘징ch');
INSERT INTO tbl_vn_ward (ward_id, district_id, ward_name) VALUES (19141, 455, 'X횄짙 C찼쨩짹 N찼쨘짬m');
INSERT INTO tbl_vn_ward (ward_id, district_id, ward_name) VALUES (19144, 455, 'X횄짙 H찼쨘짙i Ph횄쨘');
INSERT INTO tbl_vn_ward (ward_id, district_id, ward_name) VALUES (19147, 455, 'X횄짙 Th횈째찼쨩짙ng Tr찼쨘징ch');
INSERT INTO tbl_vn_ward (ward_id, district_id, ward_name) VALUES (19150, 455, 'X횄짙 S횈징n L찼쨩혲c');
INSERT INTO tbl_vn_ward (ward_id, district_id, ward_name) VALUES (19156, 455, 'X횄짙 H횈째ng Tr찼쨘징ch');
INSERT INTO tbl_vn_ward (ward_id, district_id, ward_name) VALUES (19159, 455, 'X횄짙 횆혨찼쨩혫ng Tr찼쨘징ch');
INSERT INTO tbl_vn_ward (ward_id, district_id, ward_name) VALUES (19162, 455, 'X횄짙 횆혨찼쨩짤c Tr찼쨘징ch');
INSERT INTO tbl_vn_ward (ward_id, district_id, ward_name) VALUES (19165, 455, 'Th찼쨩혢 tr찼쨘짜n Phong Nha');
INSERT INTO tbl_vn_ward (ward_id, district_id, ward_name) VALUES (19168, 455, 'X횄짙 V찼쨘징n Tr찼쨘징ch');
INSERT INTO tbl_vn_ward (ward_id, district_id, ward_name) VALUES (19174, 455, 'X횄짙 Ph횄쨘 횆혨찼쨩혢nh');
INSERT INTO tbl_vn_ward (ward_id, district_id, ward_name) VALUES (19177, 455, 'X횄짙 Trung Tr찼쨘징ch');
INSERT INTO tbl_vn_ward (ward_id, district_id, ward_name) VALUES (19180, 455, 'X횄짙 T횄짖y Tr찼쨘징ch');
INSERT INTO tbl_vn_ward (ward_id, district_id, ward_name) VALUES (19183, 455, 'X횄짙 H횄짼a Tr찼쨘징ch');
INSERT INTO tbl_vn_ward (ward_id, district_id, ward_name) VALUES (19186, 455, 'X횄짙 횆혨찼쨘징i Tr찼쨘징ch');
INSERT INTO tbl_vn_ward (ward_id, district_id, ward_name) VALUES (19189, 455, 'X횄짙 Nh횄짖n Tr찼쨘징ch');
INSERT INTO tbl_vn_ward (ward_id, district_id, ward_name) VALUES (19192, 455, 'X횄짙 T횄짖n Tr찼쨘징ch');
INSERT INTO tbl_vn_ward (ward_id, district_id, ward_name) VALUES (19198, 455, 'X횄짙 L횄쩍 Nam');
INSERT INTO tbl_vn_district (district_id, province_id, district_name) VALUES (456, 44, 'Huy찼쨩혝n Qu찼쨘짙ng Ninh');
INSERT INTO tbl_vn_ward (ward_id, district_id, ward_name) VALUES (19204, 456, 'X횄짙 Tr횈째찼쨩혶ng S횈징n');
INSERT INTO tbl_vn_ward (ward_id, district_id, ward_name) VALUES (19207, 456, 'Th찼쨩혢 tr찼쨘짜n Qu횄징n H횄혻u');
INSERT INTO tbl_vn_ward (ward_id, district_id, ward_name) VALUES (19210, 456, 'X횄짙 V횆짤nh Ninh');
INSERT INTO tbl_vn_ward (ward_id, district_id, ward_name) VALUES (19213, 456, 'X횄짙 V횄쨉 Ninh');
INSERT INTO tbl_vn_ward (ward_id, district_id, ward_name) VALUES (19216, 456, 'X횄짙 H찼쨘짙i Ninh');
INSERT INTO tbl_vn_ward (ward_id, district_id, ward_name) VALUES (19219, 456, 'X횄짙 H횄혻m Ninh');
INSERT INTO tbl_vn_ward (ward_id, district_id, ward_name) VALUES (19222, 456, 'X횄짙 Duy Ninh');
INSERT INTO tbl_vn_ward (ward_id, district_id, ward_name) VALUES (19225, 456, 'X횄짙 Gia Ninh');
INSERT INTO tbl_vn_ward (ward_id, district_id, ward_name) VALUES (19228, 456, 'X횄짙 Tr횈째찼쨩혶ng Xu횄짖n');
INSERT INTO tbl_vn_ward (ward_id, district_id, ward_name) VALUES (19231, 456, 'X횄짙 Hi찼쨩혖n Ninh');
INSERT INTO tbl_vn_ward (ward_id, district_id, ward_name) VALUES (19234, 456, 'X횄짙 T횄짖n Ninh');
INSERT INTO tbl_vn_ward (ward_id, district_id, ward_name) VALUES (19237, 456, 'X횄짙 Xu횄짖n Ninh');
INSERT INTO tbl_vn_ward (ward_id, district_id, ward_name) VALUES (19240, 456, 'X횄짙 An Ninh');
INSERT INTO tbl_vn_ward (ward_id, district_id, ward_name) VALUES (19243, 456, 'X횄짙 V찼쨘징n Ninh');
INSERT INTO tbl_vn_district (district_id, province_id, district_name) VALUES (457, 44, 'Huy찼쨩혝n L찼쨩혝 Th찼쨩짠y');
INSERT INTO tbl_vn_ward (ward_id, district_id, ward_name) VALUES (19246, 457, 'Th찼쨩혢 tr찼쨘짜n NT L찼쨩혝 Ninh');
INSERT INTO tbl_vn_ward (ward_id, district_id, ward_name) VALUES (19249, 457, 'Th찼쨩혢 tr찼쨘짜n Ki찼쨘쩔n Giang');
INSERT INTO tbl_vn_ward (ward_id, district_id, ward_name) VALUES (19252, 457, 'X횄짙 H찼쨩혫ng Th찼쨩짠y');
INSERT INTO tbl_vn_ward (ward_id, district_id, ward_name) VALUES (19255, 457, 'X횄짙 Ng횈째 Th찼쨩짠y B찼쨘짱c');
INSERT INTO tbl_vn_ward (ward_id, district_id, ward_name) VALUES (19258, 457, 'X횄짙 Hoa Th찼쨩짠y');
INSERT INTO tbl_vn_ward (ward_id, district_id, ward_name) VALUES (19261, 457, 'X횄짙 Thanh Th찼쨩짠y');
INSERT INTO tbl_vn_ward (ward_id, district_id, ward_name) VALUES (19264, 457, 'X횄짙 An Th찼쨩짠y');
INSERT INTO tbl_vn_ward (ward_id, district_id, ward_name) VALUES (19267, 457, 'X횄짙 Phong Th찼쨩짠y');
INSERT INTO tbl_vn_ward (ward_id, district_id, ward_name) VALUES (19270, 457, 'X횄짙 Cam Th찼쨩짠y');
INSERT INTO tbl_vn_ward (ward_id, district_id, ward_name) VALUES (19273, 457, 'X횄짙 Ng횄짖n Th찼쨩짠y');
INSERT INTO tbl_vn_ward (ward_id, district_id, ward_name) VALUES (19276, 457, 'X횄짙 S횈징n Th찼쨩짠y');
INSERT INTO tbl_vn_ward (ward_id, district_id, ward_name) VALUES (19279, 457, 'X횄짙 L찼쨩혲c Th찼쨩짠y');
INSERT INTO tbl_vn_ward (ward_id, district_id, ward_name) VALUES (19285, 457, 'X횄짙 Li횄짧n Th찼쨩짠y');
INSERT INTO tbl_vn_ward (ward_id, district_id, ward_name) VALUES (19288, 457, 'X횄짙 H횈째ng Th찼쨩짠y');
INSERT INTO tbl_vn_ward (ward_id, district_id, ward_name) VALUES (19291, 457, 'X횄짙 D횈째횈징ng Th찼쨩짠y');
INSERT INTO tbl_vn_ward (ward_id, district_id, ward_name) VALUES (19294, 457, 'X횄짙 T횄짖n Th찼쨩짠y');
INSERT INTO tbl_vn_ward (ward_id, district_id, ward_name) VALUES (19297, 457, 'X횄짙 Ph횄쨘 Th찼쨩짠y');
INSERT INTO tbl_vn_ward (ward_id, district_id, ward_name) VALUES (19300, 457, 'X횄짙 Xu횄짖n Th찼쨩짠y');
INSERT INTO tbl_vn_ward (ward_id, district_id, ward_name) VALUES (19303, 457, 'X횄짙 M찼쨩쨔 Th찼쨩짠y');
INSERT INTO tbl_vn_ward (ward_id, district_id, ward_name) VALUES (19306, 457, 'X횄짙 Ng횈째 Th찼쨩짠y');
INSERT INTO tbl_vn_ward (ward_id, district_id, ward_name) VALUES (19309, 457, 'X횄짙 Mai Th찼쨩짠y');
INSERT INTO tbl_vn_ward (ward_id, district_id, ward_name) VALUES (19312, 457, 'X횄짙 Sen Th찼쨩짠y');
INSERT INTO tbl_vn_ward (ward_id, district_id, ward_name) VALUES (19315, 457, 'X횄짙 Th횄징i Th찼쨩짠y');
INSERT INTO tbl_vn_ward (ward_id, district_id, ward_name) VALUES (19318, 457, 'X횄짙 Kim Th찼쨩짠y');
INSERT INTO tbl_vn_ward (ward_id, district_id, ward_name) VALUES (19321, 457, 'X횄짙 Tr횈째찼쨩혶ng Th찼쨩짠y');
INSERT INTO tbl_vn_ward (ward_id, district_id, ward_name) VALUES (19327, 457, 'X횄짙 L횄짖m Th찼쨩짠y');
INSERT INTO tbl_vn_district (district_id, province_id, district_name) VALUES (458, 44, 'Th찼쨩혢 x횄짙 Ba 횆혨찼쨩혫n');
INSERT INTO tbl_vn_ward (ward_id, district_id, ward_name) VALUES (19009, 458, 'Ph횈째찼쨩혶ng Ba 횆혨찼쨩혫n');
INSERT INTO tbl_vn_ward (ward_id, district_id, ward_name) VALUES (19060, 458, 'Ph횈째찼쨩혶ng Qu찼쨘짙ng Long');
INSERT INTO tbl_vn_ward (ward_id, district_id, ward_name) VALUES (19066, 458, 'Ph횈째찼쨩혶ng Qu찼쨘짙ng Th찼쨩혥');
INSERT INTO tbl_vn_ward (ward_id, district_id, ward_name) VALUES (19069, 458, 'X횄짙 Qu찼쨘짙ng Ti횄짧n');
INSERT INTO tbl_vn_ward (ward_id, district_id, ward_name) VALUES (19075, 458, 'X횄짙 Qu찼쨘짙ng Trung');
INSERT INTO tbl_vn_ward (ward_id, district_id, ward_name) VALUES (19078, 458, 'Ph횈째찼쨩혶ng Qu찼쨘짙ng Phong');
INSERT INTO tbl_vn_ward (ward_id, district_id, ward_name) VALUES (19081, 458, 'Ph횈째찼쨩혶ng Qu찼쨘짙ng Thu찼쨘짯n');
INSERT INTO tbl_vn_ward (ward_id, district_id, ward_name) VALUES (19084, 458, 'X횄짙 Qu찼쨘짙ng T횄짖n');
INSERT INTO tbl_vn_ward (ward_id, district_id, ward_name) VALUES (19087, 458, 'X횄짙 Qu찼쨘짙ng H찼쨘짙i');
INSERT INTO tbl_vn_ward (ward_id, district_id, ward_name) VALUES (19090, 458, 'X횄짙 Qu찼쨘짙ng S횈징n');
INSERT INTO tbl_vn_ward (ward_id, district_id, ward_name) VALUES (19093, 458, 'X횄짙 Qu찼쨘짙ng L찼쨩혲c');
INSERT INTO tbl_vn_ward (ward_id, district_id, ward_name) VALUES (19096, 458, 'X횄짙 Qu찼쨘짙ng Th찼쨩짠y');
INSERT INTO tbl_vn_ward (ward_id, district_id, ward_name) VALUES (19099, 458, 'X횄짙 Qu찼쨘짙ng V횆혘n');
INSERT INTO tbl_vn_ward (ward_id, district_id, ward_name) VALUES (19102, 458, 'Ph횈째찼쨩혶ng Qu찼쨘짙ng Ph횄쨘c');
INSERT INTO tbl_vn_ward (ward_id, district_id, ward_name) VALUES (19105, 458, 'X횄짙 Qu찼쨘짙ng H횄짼a');
INSERT INTO tbl_vn_ward (ward_id, district_id, ward_name) VALUES (19108, 458, 'X횄짙 Qu찼쨘짙ng Minh');
INSERT INTO tbl_vn_province (province_id, province_name) VALUES (45, 'T찼쨩혟nh Qu찼쨘짙ng Tr찼쨩혢');
INSERT INTO tbl_vn_district (district_id, province_id, district_name) VALUES (461, 45, 'Th횄혻nh ph찼쨩혩 횆혨횄쨈ng H횄혻');
INSERT INTO tbl_vn_ward (ward_id, district_id, ward_name) VALUES (19330, 461, 'Ph횈째찼쨩혶ng 횆혨횄쨈ng Giang');
INSERT INTO tbl_vn_ward (ward_id, district_id, ward_name) VALUES (19333, 461, 'Ph횈째찼쨩혶ng 1');
INSERT INTO tbl_vn_ward (ward_id, district_id, ward_name) VALUES (19336, 461, 'Ph횈째찼쨩혶ng 횆혨횄쨈ng L찼쨩혚');
INSERT INTO tbl_vn_ward (ward_id, district_id, ward_name) VALUES (19339, 461, 'Ph횈째찼쨩혶ng 횆혨횄쨈ng Thanh');
INSERT INTO tbl_vn_ward (ward_id, district_id, ward_name) VALUES (19342, 461, 'Ph횈째찼쨩혶ng 2');
INSERT INTO tbl_vn_ward (ward_id, district_id, ward_name) VALUES (19345, 461, 'Ph횈째찼쨩혶ng 4');
INSERT INTO tbl_vn_ward (ward_id, district_id, ward_name) VALUES (19348, 461, 'Ph횈째찼쨩혶ng 5');
INSERT INTO tbl_vn_ward (ward_id, district_id, ward_name) VALUES (19351, 461, 'Ph횈째찼쨩혶ng 횆혨횄쨈ng L횈째횈징ng');
INSERT INTO tbl_vn_ward (ward_id, district_id, ward_name) VALUES (19354, 461, 'Ph횈째찼쨩혶ng 3');
INSERT INTO tbl_vn_district (district_id, province_id, district_name) VALUES (462, 45, 'Th찼쨩혢 x횄짙 Qu찼쨘짙ng Tr찼쨩혢');
INSERT INTO tbl_vn_ward (ward_id, district_id, ward_name) VALUES (19357, 462, 'Ph횈째찼쨩혶ng 1');
INSERT INTO tbl_vn_ward (ward_id, district_id, ward_name) VALUES (19358, 462, 'Ph횈째찼쨩혶ng An 횆혨횄쨈n');
INSERT INTO tbl_vn_ward (ward_id, district_id, ward_name) VALUES (19360, 462, 'Ph횈째찼쨩혶ng 2');
INSERT INTO tbl_vn_ward (ward_id, district_id, ward_name) VALUES (19361, 462, 'Ph횈째찼쨩혶ng 3');
INSERT INTO tbl_vn_ward (ward_id, district_id, ward_name) VALUES (19705, 462, 'X횄짙 H찼쨘짙i L찼쨩혝');
INSERT INTO tbl_vn_district (district_id, province_id, district_name) VALUES (464, 45, 'Huy찼쨩혝n V횆짤nh Linh');
INSERT INTO tbl_vn_ward (ward_id, district_id, ward_name) VALUES (19363, 464, 'Th찼쨩혢 tr찼쨘짜n H찼쨩혫 X횄징');
INSERT INTO tbl_vn_ward (ward_id, district_id, ward_name) VALUES (19366, 464, 'Th찼쨩혢 tr찼쨘짜n B찼쨘쩔n Quan');
INSERT INTO tbl_vn_ward (ward_id, district_id, ward_name) VALUES (19369, 464, 'X횄짙 V횆짤nh Th횄징i');
INSERT INTO tbl_vn_ward (ward_id, district_id, ward_name) VALUES (19372, 464, 'X횄짙 V횆짤nh T횄쨘');
INSERT INTO tbl_vn_ward (ward_id, district_id, ward_name) VALUES (19375, 464, 'X횄짙 V횆짤nh Ch찼쨘짜p');
INSERT INTO tbl_vn_ward (ward_id, district_id, ward_name) VALUES (19378, 464, 'X횄짙 Trung Nam');
INSERT INTO tbl_vn_ward (ward_id, district_id, ward_name) VALUES (19384, 464, 'X횄짙 Kim Th찼쨘징ch');
INSERT INTO tbl_vn_ward (ward_id, district_id, ward_name) VALUES (19387, 464, 'X횄짙 V횆짤nh Long');
INSERT INTO tbl_vn_ward (ward_id, district_id, ward_name) VALUES (19393, 464, 'X횄짙 V횆짤nh Kh횄짧');
INSERT INTO tbl_vn_ward (ward_id, district_id, ward_name) VALUES (19396, 464, 'X횄짙 V횆짤nh H횄짼a');
INSERT INTO tbl_vn_ward (ward_id, district_id, ward_name) VALUES (19402, 464, 'X횄짙 V횆짤nh Th찼쨩짠y');
INSERT INTO tbl_vn_ward (ward_id, district_id, ward_name) VALUES (19405, 464, 'X횄짙 V횆짤nh L횄짖m');
INSERT INTO tbl_vn_ward (ward_id, district_id, ward_name) VALUES (19408, 464, 'X횄짙 Hi찼쨩혖n Th횄혻nh');
INSERT INTO tbl_vn_ward (ward_id, district_id, ward_name) VALUES (19414, 464, 'Th찼쨩혢 tr찼쨘짜n C찼쨩짯a T횄쨔ng');
INSERT INTO tbl_vn_ward (ward_id, district_id, ward_name) VALUES (19417, 464, 'X횄짙 V횆짤nh H횄혻');
INSERT INTO tbl_vn_ward (ward_id, district_id, ward_name) VALUES (19420, 464, 'X횄짙 V횆짤nh S횈징n');
INSERT INTO tbl_vn_ward (ward_id, district_id, ward_name) VALUES (19423, 464, 'X횄짙 V횆짤nh Giang');
INSERT INTO tbl_vn_ward (ward_id, district_id, ward_name) VALUES (19426, 464, 'X횄짙 V횆짤nh 횄혬');
INSERT INTO tbl_vn_district (district_id, province_id, district_name) VALUES (465, 45, 'Huy찼쨩혝n H횈째찼쨩혴ng H횄쨀a');
INSERT INTO tbl_vn_ward (ward_id, district_id, ward_name) VALUES (19429, 465, 'Th찼쨩혢 tr찼쨘짜n Khe Sanh');
INSERT INTO tbl_vn_ward (ward_id, district_id, ward_name) VALUES (19432, 465, 'Th찼쨩혢 tr찼쨘짜n Lao B찼쨘짙o');
INSERT INTO tbl_vn_ward (ward_id, district_id, ward_name) VALUES (19435, 465, 'X횄짙 H횈째찼쨩혴ng L찼쨘짯p');
INSERT INTO tbl_vn_ward (ward_id, district_id, ward_name) VALUES (19438, 465, 'X횄짙 H횈째찼쨩혴ng Vi찼쨩혝t');
INSERT INTO tbl_vn_ward (ward_id, district_id, ward_name) VALUES (19441, 465, 'X횄짙 H횈째찼쨩혴ng Ph횄쨔ng');
INSERT INTO tbl_vn_ward (ward_id, district_id, ward_name) VALUES (19444, 465, 'X횄짙 H횈째찼쨩혴ng S횈징n');
INSERT INTO tbl_vn_ward (ward_id, district_id, ward_name) VALUES (19447, 465, 'X횄짙 H횈째찼쨩혴ng Linh');
INSERT INTO tbl_vn_ward (ward_id, district_id, ward_name) VALUES (19450, 465, 'X횄짙 T횄짖n H찼쨩짙p');
INSERT INTO tbl_vn_ward (ward_id, district_id, ward_name) VALUES (19453, 465, 'X횄짙 H횈째찼쨩혴ng T횄짖n');
INSERT INTO tbl_vn_ward (ward_id, district_id, ward_name) VALUES (19456, 465, 'X횄짙 T횄짖n Th횄혻nh');
INSERT INTO tbl_vn_ward (ward_id, district_id, ward_name) VALUES (19459, 465, 'X횄짙 T횄짖n Long');
INSERT INTO tbl_vn_ward (ward_id, district_id, ward_name) VALUES (19462, 465, 'X횄짙 T횄짖n L찼쨘짯p');
INSERT INTO tbl_vn_ward (ward_id, district_id, ward_name) VALUES (19465, 465, 'X횄짙 T횄짖n Li횄짧n');
INSERT INTO tbl_vn_ward (ward_id, district_id, ward_name) VALUES (19468, 465, 'X횄짙 H횄쨘c');
INSERT INTO tbl_vn_ward (ward_id, district_id, ward_name) VALUES (19471, 465, 'X횄짙 Thu찼쨘짯n');
INSERT INTO tbl_vn_ward (ward_id, district_id, ward_name) VALUES (19474, 465, 'X횄짙 H횈째찼쨩혴ng L찼쨩혲c');
INSERT INTO tbl_vn_ward (ward_id, district_id, ward_name) VALUES (19477, 465, 'X횄짙 Ba T찼쨘짠ng');
INSERT INTO tbl_vn_ward (ward_id, district_id, ward_name) VALUES (19480, 465, 'X횄짙 Thanh');
INSERT INTO tbl_vn_ward (ward_id, district_id, ward_name) VALUES (19483, 465, 'X횄짙 A D횈징i');
INSERT INTO tbl_vn_ward (ward_id, district_id, ward_name) VALUES (19489, 465, 'X횄짙 L횄짭a');
INSERT INTO tbl_vn_ward (ward_id, district_id, ward_name) VALUES (19492, 465, 'X횄짙 Xy');
INSERT INTO tbl_vn_district (district_id, province_id, district_name) VALUES (466, 45, 'Huy찼쨩혝n Gio Linh');
INSERT INTO tbl_vn_ward (ward_id, district_id, ward_name) VALUES (19495, 466, 'Th찼쨩혢 tr찼쨘짜n Gio Linh');
INSERT INTO tbl_vn_ward (ward_id, district_id, ward_name) VALUES (19496, 466, 'Th찼쨩혢 tr찼쨘짜n C찼쨩짯a Vi찼쨩혝t');
INSERT INTO tbl_vn_ward (ward_id, district_id, ward_name) VALUES (19498, 466, 'X횄짙 Trung Giang');
INSERT INTO tbl_vn_ward (ward_id, district_id, ward_name) VALUES (19501, 466, 'X횄짙 Trung H찼쨘짙i');
INSERT INTO tbl_vn_ward (ward_id, district_id, ward_name) VALUES (19504, 466, 'X횄짙 Trung S횈징n');
INSERT INTO tbl_vn_ward (ward_id, district_id, ward_name) VALUES (19507, 466, 'X횄짙 Phong B횄짭nh');
INSERT INTO tbl_vn_ward (ward_id, district_id, ward_name) VALUES (19510, 466, 'X횄짙 Gio M찼쨩쨔');
INSERT INTO tbl_vn_ward (ward_id, district_id, ward_name) VALUES (19519, 466, 'X횄짙 Gio H찼쨘짙i');
INSERT INTO tbl_vn_ward (ward_id, district_id, ward_name) VALUES (19522, 466, 'X횄짙 Gio An');
INSERT INTO tbl_vn_ward (ward_id, district_id, ward_name) VALUES (19534, 466, 'X횄짙 Linh Tr횈째찼쨩혶ng');
INSERT INTO tbl_vn_ward (ward_id, district_id, ward_name) VALUES (19537, 466, 'X횄짙 Gio S횈징n');
INSERT INTO tbl_vn_ward (ward_id, district_id, ward_name) VALUES (19543, 466, 'X횄짙 Gio Mai');
INSERT INTO tbl_vn_ward (ward_id, district_id, ward_name) VALUES (19546, 466, 'X횄짙 H찼쨘짙i Th횄징i');
INSERT INTO tbl_vn_ward (ward_id, district_id, ward_name) VALUES (19552, 466, 'X횄짙 Gio Quang');
INSERT INTO tbl_vn_district (district_id, province_id, district_name) VALUES (467, 45, 'Huy찼쨩혝n 횆혨a Kr횄쨈ng');
INSERT INTO tbl_vn_ward (ward_id, district_id, ward_name) VALUES (19555, 467, 'Th찼쨩혢 tr찼쨘짜n Kr횄쨈ng Klang');
INSERT INTO tbl_vn_ward (ward_id, district_id, ward_name) VALUES (19558, 467, 'X횄짙 M횄짼 횄혫');
INSERT INTO tbl_vn_ward (ward_id, district_id, ward_name) VALUES (19561, 467, 'X횄짙 H횈째찼쨩혴ng Hi찼쨩혝p');
INSERT INTO tbl_vn_ward (ward_id, district_id, ward_name) VALUES (19564, 467, 'X횄짙 횆혨a Kr횄쨈ng');
INSERT INTO tbl_vn_ward (ward_id, district_id, ward_name) VALUES (19567, 467, 'X횄짙 Tri찼쨩혝u Nguy횄짧n');
INSERT INTO tbl_vn_ward (ward_id, district_id, ward_name) VALUES (19570, 467, 'X횄짙 Ba L횄짼ng');
INSERT INTO tbl_vn_ward (ward_id, district_id, ward_name) VALUES (19576, 467, 'X횄짙 Ba Nang');
INSERT INTO tbl_vn_ward (ward_id, district_id, ward_name) VALUES (19579, 467, 'X횄짙 T횄혻 Long');
INSERT INTO tbl_vn_ward (ward_id, district_id, ward_name) VALUES (19582, 467, 'X횄짙 H횄쨘c Ngh횄짭');
INSERT INTO tbl_vn_ward (ward_id, district_id, ward_name) VALUES (19585, 467, 'X횄짙 A Vao');
INSERT INTO tbl_vn_ward (ward_id, district_id, ward_name) VALUES (19588, 467, 'X횄짙 T횄혻 R찼쨩짜t');
INSERT INTO tbl_vn_ward (ward_id, district_id, ward_name) VALUES (19591, 467, 'X횄짙 A Bung');
INSERT INTO tbl_vn_ward (ward_id, district_id, ward_name) VALUES (19594, 467, 'X횄짙 A Ngo');
INSERT INTO tbl_vn_district (district_id, province_id, district_name) VALUES (468, 45, 'Huy찼쨩혝n Cam L찼쨩혲');
INSERT INTO tbl_vn_ward (ward_id, district_id, ward_name) VALUES (19597, 468, 'Th찼쨩혢 tr찼쨘짜n Cam L찼쨩혲');
INSERT INTO tbl_vn_ward (ward_id, district_id, ward_name) VALUES (19600, 468, 'X횄짙 Cam Tuy찼쨩혖n');
INSERT INTO tbl_vn_ward (ward_id, district_id, ward_name) VALUES (19603, 468, 'X횄짙 Thanh An');
INSERT INTO tbl_vn_ward (ward_id, district_id, ward_name) VALUES (19606, 468, 'X횄짙 Cam Th찼쨩짠y');
INSERT INTO tbl_vn_ward (ward_id, district_id, ward_name) VALUES (19612, 468, 'X횄짙 Cam Th횄혻nh');
INSERT INTO tbl_vn_ward (ward_id, district_id, ward_name) VALUES (19615, 468, 'X횄짙 Cam Hi찼쨘쩔u');
INSERT INTO tbl_vn_ward (ward_id, district_id, ward_name) VALUES (19618, 468, 'X횄짙 Cam Ch횄짯nh');
INSERT INTO tbl_vn_ward (ward_id, district_id, ward_name) VALUES (19621, 468, 'X횄짙 Cam Ngh횆짤a');
INSERT INTO tbl_vn_district (district_id, province_id, district_name) VALUES (469, 45, 'Huy찼쨩혝n Tri찼쨩혝u Phong');
INSERT INTO tbl_vn_ward (ward_id, district_id, ward_name) VALUES (19624, 469, 'Th찼쨩혢 tr찼쨘짜n 횄혖i T찼쨩짯');
INSERT INTO tbl_vn_ward (ward_id, district_id, ward_name) VALUES (19627, 469, 'X횄짙 Tri찼쨩혝u T횄짖n');
INSERT INTO tbl_vn_ward (ward_id, district_id, ward_name) VALUES (19633, 469, 'X횄짙 Tri찼쨩혝u Ph횈째찼쨩혴c');
INSERT INTO tbl_vn_ward (ward_id, district_id, ward_name) VALUES (19636, 469, 'X횄짙 Tri찼쨩혝u 횆혨찼쨩혲');
INSERT INTO tbl_vn_ward (ward_id, district_id, ward_name) VALUES (19639, 469, 'X횄짙 Tri찼쨩혝u Tr찼쨘징ch');
INSERT INTO tbl_vn_ward (ward_id, district_id, ward_name) VALUES (19642, 469, 'X횄짙 Tri찼쨩혝u Thu찼쨘짯n');
INSERT INTO tbl_vn_ward (ward_id, district_id, ward_name) VALUES (19645, 469, 'X횄짙 Tri찼쨩혝u 횆혨찼쨘징i');
INSERT INTO tbl_vn_ward (ward_id, district_id, ward_name) VALUES (19648, 469, 'X횄짙 Tri찼쨩혝u H횄짼a');
INSERT INTO tbl_vn_ward (ward_id, district_id, ward_name) VALUES (19654, 469, 'X횄짙 Tri찼쨩혝u C횈징');
INSERT INTO tbl_vn_ward (ward_id, district_id, ward_name) VALUES (19657, 469, 'X횄짙 Tri찼쨩혝u Long');
INSERT INTO tbl_vn_ward (ward_id, district_id, ward_name) VALUES (19660, 469, 'X횄짙 Tri찼쨩혝u T횄혻i');
INSERT INTO tbl_vn_ward (ward_id, district_id, ward_name) VALUES (19666, 469, 'X횄짙 Tri찼쨩혝u Trung');
INSERT INTO tbl_vn_ward (ward_id, district_id, ward_name) VALUES (19669, 469, 'X횄짙 Tri찼쨩혝u 횄혖i');
INSERT INTO tbl_vn_ward (ward_id, district_id, ward_name) VALUES (19672, 469, 'X횄짙 Tri찼쨩혝u Th횈째찼쨩짙ng');
INSERT INTO tbl_vn_ward (ward_id, district_id, ward_name) VALUES (19675, 469, 'X횄짙 Tri찼쨩혝u Giang');
INSERT INTO tbl_vn_ward (ward_id, district_id, ward_name) VALUES (19678, 469, 'X횄짙 Tri찼쨩혝u Th횄혻nh');
INSERT INTO tbl_vn_district (district_id, province_id, district_name) VALUES (470, 45, 'Huy찼쨩혝n H찼쨘짙i L횆혘ng');
INSERT INTO tbl_vn_ward (ward_id, district_id, ward_name) VALUES (19681, 470, 'Th찼쨩혢 tr찼쨘짜n Di횄짧n Sanh');
INSERT INTO tbl_vn_ward (ward_id, district_id, ward_name) VALUES (19684, 470, 'X횄짙 H찼쨘짙i An');
INSERT INTO tbl_vn_ward (ward_id, district_id, ward_name) VALUES (19687, 470, 'X횄짙 H찼쨘짙i B횄짭nh');
INSERT INTO tbl_vn_ward (ward_id, district_id, ward_name) VALUES (19693, 470, 'X횄짙 H찼쨘짙i Quy');
INSERT INTO tbl_vn_ward (ward_id, district_id, ward_name) VALUES (19699, 470, 'X횄짙 H찼쨘짙i H횈째ng');
INSERT INTO tbl_vn_ward (ward_id, district_id, ward_name) VALUES (19702, 470, 'X횄짙 H찼쨘짙i Ph횄쨘');
INSERT INTO tbl_vn_ward (ward_id, district_id, ward_name) VALUES (19708, 470, 'X횄짙 H찼쨘짙i Th횈째찼쨩짙ng');
INSERT INTO tbl_vn_ward (ward_id, district_id, ward_name) VALUES (19711, 470, 'X횄짙 H찼쨘짙i D횈째횈징ng');
INSERT INTO tbl_vn_ward (ward_id, district_id, ward_name) VALUES (19714, 470, 'X횄짙 H찼쨘짙i 횆혨찼쨩혢nh');
INSERT INTO tbl_vn_ward (ward_id, district_id, ward_name) VALUES (19717, 470, 'X횄짙 H찼쨘짙i L횄짖m');
INSERT INTO tbl_vn_ward (ward_id, district_id, ward_name) VALUES (19726, 470, 'X횄짙 H찼쨘짙i Phong');
INSERT INTO tbl_vn_ward (ward_id, district_id, ward_name) VALUES (19729, 470, 'X횄짙 H찼쨘짙i Tr횈째찼쨩혶ng');
INSERT INTO tbl_vn_ward (ward_id, district_id, ward_name) VALUES (19735, 470, 'X횄짙 H찼쨘짙i S횈징n');
INSERT INTO tbl_vn_ward (ward_id, district_id, ward_name) VALUES (19738, 470, 'X횄짙 H찼쨘짙i Ch횄징nh');
INSERT INTO tbl_vn_ward (ward_id, district_id, ward_name) VALUES (19741, 470, 'X횄짙 H찼쨘짙i Kh횄짧');
INSERT INTO tbl_vn_district (district_id, province_id, district_name) VALUES (471, 45, 'Huy찼쨩혝n C찼쨩혫n C찼쨩혧');
INSERT INTO tbl_vn_province (province_id, province_name) VALUES (46, 'Th횄혻nh ph찼쨩혩 Hu찼쨘쩔');
INSERT INTO tbl_vn_district (district_id, province_id, district_name) VALUES (474, 46, 'Qu찼쨘짯n Thu찼쨘짯n H횄쨀a');
INSERT INTO tbl_vn_ward (ward_id, district_id, ward_name) VALUES (19777, 474, 'Ph횈째찼쨩혶ng V찼쨩쨔 D찼쨘징');
INSERT INTO tbl_vn_ward (ward_id, district_id, ward_name) VALUES (19780, 474, 'Ph횈째찼쨩혶ng Ph횈째찼쨩혶ng 횆혨횄쨘c');
INSERT INTO tbl_vn_ward (ward_id, district_id, ward_name) VALUES (19783, 474, 'Ph횈째찼쨩혶ng V횆짤nh Ninh');
INSERT INTO tbl_vn_ward (ward_id, district_id, ward_name) VALUES (19786, 474, 'Ph횈째찼쨩혶ng Ph횄쨘 H찼쨩혲i');
INSERT INTO tbl_vn_ward (ward_id, district_id, ward_name) VALUES (19789, 474, 'Ph횈째찼쨩혶ng Ph횄쨘 Nhu찼쨘짯n');
INSERT INTO tbl_vn_ward (ward_id, district_id, ward_name) VALUES (19792, 474, 'Ph횈째찼쨩혶ng Xu횄짖n Ph횄쨘');
INSERT INTO tbl_vn_ward (ward_id, district_id, ward_name) VALUES (19795, 474, 'Ph횈째찼쨩혶ng Tr횈째찼쨩혶ng An');
INSERT INTO tbl_vn_ward (ward_id, district_id, ward_name) VALUES (19798, 474, 'Ph횈째찼쨩혶ng Ph횈째찼쨩혴c V횆짤nh');
INSERT INTO tbl_vn_ward (ward_id, district_id, ward_name) VALUES (19801, 474, 'Ph횈째찼쨩혶ng An C찼쨩짹u');
INSERT INTO tbl_vn_ward (ward_id, district_id, ward_name) VALUES (19807, 474, 'Ph횈째찼쨩혶ng Thu찼쨩쨌 Bi찼쨩혖u');
INSERT INTO tbl_vn_ward (ward_id, district_id, ward_name) VALUES (19813, 474, 'Ph횈째찼쨩혶ng Thu찼쨩쨌 Xu횄짖n');
INSERT INTO tbl_vn_ward (ward_id, district_id, ward_name) VALUES (19815, 474, 'Ph횈째찼쨩혶ng An 횆혨횄쨈ng');
INSERT INTO tbl_vn_ward (ward_id, district_id, ward_name) VALUES (19816, 474, 'Ph횈째찼쨩혶ng An T횄짖y');
INSERT INTO tbl_vn_ward (ward_id, district_id, ward_name) VALUES (19900, 474, 'Ph횈째찼쨩혶ng Thu찼쨘짯n An');
INSERT INTO tbl_vn_ward (ward_id, district_id, ward_name) VALUES (19909, 474, 'Ph횈째찼쨩혶ng D횈째횈징ng N찼쨩혰');
INSERT INTO tbl_vn_ward (ward_id, district_id, ward_name) VALUES (19930, 474, 'Ph횈째찼쨩혶ng Ph횄쨘 Th횈째찼쨩짙ng');
INSERT INTO tbl_vn_ward (ward_id, district_id, ward_name) VALUES (19963, 474, 'Ph횈째찼쨩혶ng Th찼쨩짠y V횄짖n');
INSERT INTO tbl_vn_ward (ward_id, district_id, ward_name) VALUES (19981, 474, 'Ph횈째찼쨩혶ng Th찼쨩짠y B찼쨘짹ng');
INSERT INTO tbl_vn_ward (ward_id, district_id, ward_name) VALUES (20002, 474, 'Ph횈째찼쨩혶ng H횈째횈징ng Phong');
INSERT INTO tbl_vn_district (district_id, province_id, district_name) VALUES (475, 46, 'Qu찼쨘짯n Ph횄쨘 Xu횄짖n');
INSERT INTO tbl_vn_ward (ward_id, district_id, ward_name) VALUES (19750, 475, 'Ph횈째찼쨩혶ng T횄짖y L찼쨩혲c');
INSERT INTO tbl_vn_ward (ward_id, district_id, ward_name) VALUES (19753, 475, 'Ph횈째찼쨩혶ng Thu찼쨘짯n L찼쨩혲c');
INSERT INTO tbl_vn_ward (ward_id, district_id, ward_name) VALUES (19756, 475, 'Ph횈째찼쨩혶ng Gia H찼쨩혲i');
INSERT INTO tbl_vn_ward (ward_id, district_id, ward_name) VALUES (19759, 475, 'Ph횈째찼쨩혶ng Ph횄쨘 H찼쨘짯u');
INSERT INTO tbl_vn_ward (ward_id, district_id, ward_name) VALUES (19762, 475, 'Ph횈째찼쨩혶ng Thu찼쨘짯n H횄짼a');
INSERT INTO tbl_vn_ward (ward_id, district_id, ward_name) VALUES (19768, 475, 'Ph횈째찼쨩혶ng 횆혨횄쨈ng Ba');
INSERT INTO tbl_vn_ward (ward_id, district_id, ward_name) VALUES (19774, 475, 'Ph횈째찼쨩혶ng Kim Long');
INSERT INTO tbl_vn_ward (ward_id, district_id, ward_name) VALUES (19803, 475, 'Ph횈째찼쨩혶ng An H횄짼a');
INSERT INTO tbl_vn_ward (ward_id, district_id, ward_name) VALUES (19804, 475, 'Ph횈째찼쨩혶ng H횈째횈징ng S횈징');
INSERT INTO tbl_vn_ward (ward_id, district_id, ward_name) VALUES (19810, 475, 'Ph횈째찼쨩혶ng H횈째횈징ng Long');
INSERT INTO tbl_vn_ward (ward_id, district_id, ward_name) VALUES (20014, 475, 'Ph횈째찼쨩혶ng H횈째횈징ng Vinh');
INSERT INTO tbl_vn_ward (ward_id, district_id, ward_name) VALUES (20023, 475, 'Ph횈째찼쨩혶ng H횈째횈징ng An');
INSERT INTO tbl_vn_ward (ward_id, district_id, ward_name) VALUES (20029, 475, 'Ph횈째찼쨩혶ng Long H찼쨩혫');
INSERT INTO tbl_vn_district (district_id, province_id, district_name) VALUES (476, 46, 'Th찼쨩혢 x횄짙 Phong 횆혨i찼쨩혖n');
INSERT INTO tbl_vn_ward (ward_id, district_id, ward_name) VALUES (19819, 476, 'Ph횈째찼쨩혶ng Phong Thu');
INSERT INTO tbl_vn_ward (ward_id, district_id, ward_name) VALUES (19825, 476, 'X횄짙 Phong Th찼쨘징nh');
INSERT INTO tbl_vn_ward (ward_id, district_id, ward_name) VALUES (19828, 476, 'Ph횈째찼쨩혶ng Phong Ph횄쨘');
INSERT INTO tbl_vn_ward (ward_id, district_id, ward_name) VALUES (19831, 476, 'X횄짙 Phong B횄짭nh');
INSERT INTO tbl_vn_ward (ward_id, district_id, ward_name) VALUES (19837, 476, 'X횄짙 Phong Ch횈째횈징ng');
INSERT INTO tbl_vn_ward (ward_id, district_id, ward_name) VALUES (19843, 476, 'Ph횈째찼쨩혶ng Phong H찼쨘짙i');
INSERT INTO tbl_vn_ward (ward_id, district_id, ward_name) VALUES (19846, 476, 'Ph횈째찼쨩혶ng Phong H횄짼a');
INSERT INTO tbl_vn_ward (ward_id, district_id, ward_name) VALUES (19852, 476, 'Ph횈째찼쨩혶ng Phong Hi찼쨩혖n');
INSERT INTO tbl_vn_ward (ward_id, district_id, ward_name) VALUES (19855, 476, 'X횄짙 Phong M찼쨩쨔');
INSERT INTO tbl_vn_ward (ward_id, district_id, ward_name) VALUES (19858, 476, 'Ph횈째찼쨩혶ng Phong An');
INSERT INTO tbl_vn_ward (ward_id, district_id, ward_name) VALUES (19861, 476, 'X횄짙 Phong Xu횄짖n');
INSERT INTO tbl_vn_ward (ward_id, district_id, ward_name) VALUES (19864, 476, 'X횄짙 Phong S횈징n');
INSERT INTO tbl_vn_district (district_id, province_id, district_name) VALUES (477, 46, 'Huy찼쨩혝n Qu찼쨘짙ng 횆혨i찼쨩혖n');
INSERT INTO tbl_vn_ward (ward_id, district_id, ward_name) VALUES (19867, 477, 'Th찼쨩혢 tr찼쨘짜n S찼쨩혢a');
INSERT INTO tbl_vn_ward (ward_id, district_id, ward_name) VALUES (19870, 477, 'X횄짙 Qu찼쨘짙ng Th횄징i');
INSERT INTO tbl_vn_ward (ward_id, district_id, ward_name) VALUES (19873, 477, 'X횄짙 Qu찼쨘짙ng Ng찼쨘징n');
INSERT INTO tbl_vn_ward (ward_id, district_id, ward_name) VALUES (19876, 477, 'X횄짙 Qu찼쨘짙ng L찼쨩짙i');
INSERT INTO tbl_vn_ward (ward_id, district_id, ward_name) VALUES (19879, 477, 'X횄짙 Qu찼쨘짙ng C횄쨈ng');
INSERT INTO tbl_vn_ward (ward_id, district_id, ward_name) VALUES (19882, 477, 'X횄짙 Qu찼쨘짙ng Ph횈째찼쨩혴c');
INSERT INTO tbl_vn_ward (ward_id, district_id, ward_name) VALUES (19885, 477, 'X횄짙 Qu찼쨘짙ng Vinh');
INSERT INTO tbl_vn_ward (ward_id, district_id, ward_name) VALUES (19888, 477, 'X횄짙 Qu찼쨘짙ng An');
INSERT INTO tbl_vn_ward (ward_id, district_id, ward_name) VALUES (19891, 477, 'X횄짙 Qu찼쨘짙ng Th횄혻nh');
INSERT INTO tbl_vn_ward (ward_id, district_id, ward_name) VALUES (19894, 477, 'X횄짙 Qu찼쨘짙ng Th찼쨩혥');
INSERT INTO tbl_vn_ward (ward_id, district_id, ward_name) VALUES (19897, 477, 'X횄짙 Qu찼쨘짙ng Ph횄쨘');
INSERT INTO tbl_vn_district (district_id, province_id, district_name) VALUES (478, 46, 'Huy찼쨩혝n Ph횄쨘 Vang');
INSERT INTO tbl_vn_ward (ward_id, district_id, ward_name) VALUES (19903, 478, 'X횄짙 Ph횄쨘 Thu찼쨘짯n');
INSERT INTO tbl_vn_ward (ward_id, district_id, ward_name) VALUES (19912, 478, 'X횄짙 Ph횄쨘 An');
INSERT INTO tbl_vn_ward (ward_id, district_id, ward_name) VALUES (19915, 478, 'X횄짙 Ph횄쨘 H찼쨘짙i');
INSERT INTO tbl_vn_ward (ward_id, district_id, ward_name) VALUES (19918, 478, 'X횄짙 Ph횄쨘 Xu횄짖n');
INSERT INTO tbl_vn_ward (ward_id, district_id, ward_name) VALUES (19921, 478, 'X횄짙 Ph횄쨘 Di횄짧n');
INSERT INTO tbl_vn_ward (ward_id, district_id, ward_name) VALUES (19927, 478, 'X횄짙 Ph횄쨘 M찼쨩쨔');
INSERT INTO tbl_vn_ward (ward_id, district_id, ward_name) VALUES (19933, 478, 'X횄짙 Ph횄쨘 H찼쨩혫');
INSERT INTO tbl_vn_ward (ward_id, district_id, ward_name) VALUES (19936, 478, 'X횄짙 Vinh Xu횄짖n');
INSERT INTO tbl_vn_ward (ward_id, district_id, ward_name) VALUES (19939, 478, 'X횄짙 Ph횄쨘 L횈째횈징ng');
INSERT INTO tbl_vn_ward (ward_id, district_id, ward_name) VALUES (19942, 478, 'Th찼쨩혢 tr찼쨘짜n Ph횄쨘 횆혨a');
INSERT INTO tbl_vn_ward (ward_id, district_id, ward_name) VALUES (19945, 478, 'X횄짙 Vinh Thanh');
INSERT INTO tbl_vn_ward (ward_id, district_id, ward_name) VALUES (19948, 478, 'X횄짙 Vinh An');
INSERT INTO tbl_vn_ward (ward_id, district_id, ward_name) VALUES (19954, 478, 'X횄짙 Ph횄쨘 Gia');
INSERT INTO tbl_vn_ward (ward_id, district_id, ward_name) VALUES (19957, 478, 'X횄짙 Vinh H횄혻');
INSERT INTO tbl_vn_district (district_id, province_id, district_name) VALUES (479, 46, 'Th찼쨩혢 x횄짙 H횈째횈징ng Th찼쨩짠y');
INSERT INTO tbl_vn_ward (ward_id, district_id, ward_name) VALUES (19960, 479, 'Ph횈째찼쨩혶ng Ph횄쨘 B횄혻i');
INSERT INTO tbl_vn_ward (ward_id, district_id, ward_name) VALUES (19966, 479, 'X횄짙 Th찼쨩짠y Thanh');
INSERT INTO tbl_vn_ward (ward_id, district_id, ward_name) VALUES (19969, 479, 'Ph횈째찼쨩혶ng Th찼쨩짠y D횈째횈징ng');
INSERT INTO tbl_vn_ward (ward_id, district_id, ward_name) VALUES (19972, 479, 'Ph횈째찼쨩혶ng Th찼쨩짠y Ph횈째횈징ng');
INSERT INTO tbl_vn_ward (ward_id, district_id, ward_name) VALUES (19975, 479, 'Ph횈째찼쨩혶ng Th찼쨩짠y Ch횄짖u');
INSERT INTO tbl_vn_ward (ward_id, district_id, ward_name) VALUES (19978, 479, 'Ph횈째찼쨩혶ng Th찼쨩짠y L횈째횈징ng');
INSERT INTO tbl_vn_ward (ward_id, district_id, ward_name) VALUES (19984, 479, 'X횄짙 Th찼쨩짠y T횄짖n');
INSERT INTO tbl_vn_ward (ward_id, district_id, ward_name) VALUES (19987, 479, 'X횄짙 Th찼쨩짠y Ph횄쨔');
INSERT INTO tbl_vn_ward (ward_id, district_id, ward_name) VALUES (19990, 479, 'X횄짙 Ph횄쨘 S횈징n');
INSERT INTO tbl_vn_ward (ward_id, district_id, ward_name) VALUES (19993, 479, 'X횄짙 D횈째횈징ng H횄짼a');
INSERT INTO tbl_vn_district (district_id, province_id, district_name) VALUES (480, 46, 'Th찼쨩혢 x횄짙 H횈째횈징ng Tr횄혻');
INSERT INTO tbl_vn_ward (ward_id, district_id, ward_name) VALUES (19996, 480, 'Ph횈째찼쨩혶ng T찼쨩짤 H찼쨘징');
INSERT INTO tbl_vn_ward (ward_id, district_id, ward_name) VALUES (20005, 480, 'X횄짙 H횈째횈징ng To횄혻n');
INSERT INTO tbl_vn_ward (ward_id, district_id, ward_name) VALUES (20008, 480, 'Ph횈째찼쨩혶ng H횈째횈징ng V횄짖n');
INSERT INTO tbl_vn_ward (ward_id, district_id, ward_name) VALUES (20011, 480, 'Ph횈째찼쨩혶ng H횈째횈징ng V횆혘n');
INSERT INTO tbl_vn_ward (ward_id, district_id, ward_name) VALUES (20017, 480, 'Ph횈째찼쨩혶ng H횈째횈징ng Xu횄짖n');
INSERT INTO tbl_vn_ward (ward_id, district_id, ward_name) VALUES (20020, 480, 'Ph횈째찼쨩혶ng H횈째횈징ng Ch찼쨩짱');
INSERT INTO tbl_vn_ward (ward_id, district_id, ward_name) VALUES (20026, 480, 'X횄짙 H횈째횈징ng B횄짭nh');
INSERT INTO tbl_vn_ward (ward_id, district_id, ward_name) VALUES (20035, 480, 'X횄짙 B횄짭nh Ti찼쨘쩔n');
INSERT INTO tbl_vn_ward (ward_id, district_id, ward_name) VALUES (20041, 480, 'X횄짙 B횄짭nh Th횄혻nh');
INSERT INTO tbl_vn_district (district_id, province_id, district_name) VALUES (481, 46, 'Huy찼쨩혝n A L횈째찼쨩혴i');
INSERT INTO tbl_vn_ward (ward_id, district_id, ward_name) VALUES (20044, 481, 'Th찼쨩혢 tr찼쨘짜n A L횈째찼쨩혴i');
INSERT INTO tbl_vn_ward (ward_id, district_id, ward_name) VALUES (20047, 481, 'X횄짙 H찼쨩혫ng V횄짖n');
INSERT INTO tbl_vn_ward (ward_id, district_id, ward_name) VALUES (20050, 481, 'X횄짙 H찼쨩혫ng H찼쨘징');
INSERT INTO tbl_vn_ward (ward_id, district_id, ward_name) VALUES (20053, 481, 'X횄짙 H찼쨩혫ng Kim');
INSERT INTO tbl_vn_ward (ward_id, district_id, ward_name) VALUES (20056, 481, 'X횄짙 Trung S횈징n');
INSERT INTO tbl_vn_ward (ward_id, district_id, ward_name) VALUES (20059, 481, 'X횄짙 H횈째횈징ng Nguy횄짧n');
INSERT INTO tbl_vn_ward (ward_id, district_id, ward_name) VALUES (20065, 481, 'X횄짙 H찼쨩혫ng B찼쨘짱c');
INSERT INTO tbl_vn_ward (ward_id, district_id, ward_name) VALUES (20068, 481, 'X횄짙 A Ngo');
INSERT INTO tbl_vn_ward (ward_id, district_id, ward_name) VALUES (20071, 481, 'X횄짙 S횈징n Th찼쨩짠y');
INSERT INTO tbl_vn_ward (ward_id, district_id, ward_name) VALUES (20074, 481, 'X횄짙 Ph횄쨘 Vinh');
INSERT INTO tbl_vn_ward (ward_id, district_id, ward_name) VALUES (20080, 481, 'X횄짙 H횈째횈징ng Phong');
INSERT INTO tbl_vn_ward (ward_id, district_id, ward_name) VALUES (20083, 481, 'X횄짙 Qu찼쨘짙ng Nh횄짖m');
INSERT INTO tbl_vn_ward (ward_id, district_id, ward_name) VALUES (20086, 481, 'X횄짙 H찼쨩혫ng Th횈째찼쨩짙ng');
INSERT INTO tbl_vn_ward (ward_id, district_id, ward_name) VALUES (20089, 481, 'X횄짙 H찼쨩혫ng Th횄징i');
INSERT INTO tbl_vn_ward (ward_id, district_id, ward_name) VALUES (20095, 481, 'X횄짙 A Ro횄혻ng');
INSERT INTO tbl_vn_ward (ward_id, district_id, ward_name) VALUES (20098, 481, 'X횄짙 횆혨횄쨈ng S횈징n');
INSERT INTO tbl_vn_ward (ward_id, district_id, ward_name) VALUES (20101, 481, 'X횄짙 L횄짖m 횆혨찼쨩혴t');
INSERT INTO tbl_vn_ward (ward_id, district_id, ward_name) VALUES (20104, 481, 'X횄짙 H찼쨩혫ng Th찼쨩짠y');
INSERT INTO tbl_vn_district (district_id, province_id, district_name) VALUES (482, 46, 'Huy찼쨩혝n Ph횄쨘 L찼쨩혲c');
INSERT INTO tbl_vn_ward (ward_id, district_id, ward_name) VALUES (20107, 482, 'Th찼쨩혢 tr찼쨘짜n Ph횄쨘 L찼쨩혲c');
INSERT INTO tbl_vn_ward (ward_id, district_id, ward_name) VALUES (20110, 482, 'Th찼쨩혢 tr찼쨘짜n L횆혘ng C횄쨈');
INSERT INTO tbl_vn_ward (ward_id, district_id, ward_name) VALUES (20113, 482, 'X횄짙 Vinh M찼쨩쨔');
INSERT INTO tbl_vn_ward (ward_id, district_id, ward_name) VALUES (20116, 482, 'X횄짙 Vinh H횈째ng');
INSERT INTO tbl_vn_ward (ward_id, district_id, ward_name) VALUES (20122, 482, 'X횄짙 Giang H찼쨘짙i');
INSERT INTO tbl_vn_ward (ward_id, district_id, ward_name) VALUES (20125, 482, 'X횄짙 Vinh Hi찼쨩혖n');
INSERT INTO tbl_vn_ward (ward_id, district_id, ward_name) VALUES (20128, 482, 'X횄짙 L찼쨩혲c B찼쨩혮n');
INSERT INTO tbl_vn_ward (ward_id, district_id, ward_name) VALUES (20131, 482, 'Th찼쨩혢 tr찼쨘짜n L찼쨩혲c S횈징n');
INSERT INTO tbl_vn_ward (ward_id, district_id, ward_name) VALUES (20134, 482, 'X횄짙 L찼쨩혲c B횄짭nh');
INSERT INTO tbl_vn_ward (ward_id, district_id, ward_name) VALUES (20137, 482, 'X횄짙 L찼쨩혲c V횆짤nh');
INSERT INTO tbl_vn_ward (ward_id, district_id, ward_name) VALUES (20140, 482, 'X횄짙 L찼쨩혲c An');
INSERT INTO tbl_vn_ward (ward_id, district_id, ward_name) VALUES (20143, 482, 'X횄짙 L찼쨩혲c 횆혨i찼쨩혖n');
INSERT INTO tbl_vn_ward (ward_id, district_id, ward_name) VALUES (20146, 482, 'X횄짙 L찼쨩혲c Th찼쨩짠y');
INSERT INTO tbl_vn_ward (ward_id, district_id, ward_name) VALUES (20149, 482, 'X횄짙 L찼쨩혲c Tr횄짭');
INSERT INTO tbl_vn_ward (ward_id, district_id, ward_name) VALUES (20152, 482, 'X횄짙 L찼쨩혲c Ti찼쨘쩔n');
INSERT INTO tbl_vn_ward (ward_id, district_id, ward_name) VALUES (20155, 482, 'X횄짙 L찼쨩혲c H횄짼a');
INSERT INTO tbl_vn_ward (ward_id, district_id, ward_name) VALUES (20158, 482, 'X횄짙 Xu횄짖n L찼쨩혲c');
INSERT INTO tbl_vn_ward (ward_id, district_id, ward_name) VALUES (20161, 482, 'Th찼쨩혢 tr찼쨘짜n Khe Tre');
INSERT INTO tbl_vn_ward (ward_id, district_id, ward_name) VALUES (20164, 482, 'X횄짙 H횈째횈징ng Ph횄쨘');
INSERT INTO tbl_vn_ward (ward_id, district_id, ward_name) VALUES (20167, 482, 'X횄짙 H횈째횈징ng S횈징n');
INSERT INTO tbl_vn_ward (ward_id, district_id, ward_name) VALUES (20170, 482, 'X횄짙 H횈째횈징ng L찼쨩혲c');
INSERT INTO tbl_vn_ward (ward_id, district_id, ward_name) VALUES (20173, 482, 'X횄짙 Th횈째찼쨩짙ng Qu찼쨘짙ng');
INSERT INTO tbl_vn_ward (ward_id, district_id, ward_name) VALUES (20176, 482, 'X횄짙 H횈째횈징ng H횄짼a');
INSERT INTO tbl_vn_ward (ward_id, district_id, ward_name) VALUES (20179, 482, 'X횄짙 H횈째횈징ng Xu횄짖n');
INSERT INTO tbl_vn_ward (ward_id, district_id, ward_name) VALUES (20182, 482, 'X횄짙 H횈째횈징ng H찼쨩짱u');
INSERT INTO tbl_vn_ward (ward_id, district_id, ward_name) VALUES (20185, 482, 'X횄짙 Th횈째찼쨩짙ng L찼쨩혲');
INSERT INTO tbl_vn_ward (ward_id, district_id, ward_name) VALUES (20188, 482, 'X횄짙 Th횈째찼쨩짙ng Long');
INSERT INTO tbl_vn_ward (ward_id, district_id, ward_name) VALUES (20191, 482, 'X횄짙 Th횈째찼쨩짙ng Nh찼쨘짯t');
INSERT INTO tbl_vn_province (province_id, province_name) VALUES (48, 'Th횄혻nh ph찼쨩혩 횆혨횄혻 N찼쨘쨉ng');
INSERT INTO tbl_vn_district (district_id, province_id, district_name) VALUES (490, 48, 'Qu찼쨘짯n Li횄짧n Chi찼쨩혘u');
INSERT INTO tbl_vn_ward (ward_id, district_id, ward_name) VALUES (20194, 490, 'Ph횈째찼쨩혶ng H횄짼a Hi찼쨩혝p B찼쨘짱c');
INSERT INTO tbl_vn_ward (ward_id, district_id, ward_name) VALUES (20195, 490, 'Ph횈째찼쨩혶ng H횄짼a Hi찼쨩혝p Nam');
INSERT INTO tbl_vn_ward (ward_id, district_id, ward_name) VALUES (20197, 490, 'Ph횈째찼쨩혶ng H횄짼a Kh횄징nh B찼쨘짱c');
INSERT INTO tbl_vn_ward (ward_id, district_id, ward_name) VALUES (20198, 490, 'Ph횈째찼쨩혶ng H횄짼a Kh횄징nh Nam');
INSERT INTO tbl_vn_ward (ward_id, district_id, ward_name) VALUES (20200, 490, 'Ph횈째찼쨩혶ng H횄짼a Minh');
INSERT INTO tbl_vn_district (district_id, province_id, district_name) VALUES (491, 48, 'Qu찼쨘짯n Thanh Kh횄짧');
INSERT INTO tbl_vn_ward (ward_id, district_id, ward_name) VALUES (20206, 491, 'Ph횈째찼쨩혶ng Thanh Kh횄짧 T횄짖y');
INSERT INTO tbl_vn_ward (ward_id, district_id, ward_name) VALUES (20207, 491, 'Ph횈째찼쨩혶ng Thanh Kh횄짧 횆혨횄쨈ng');
INSERT INTO tbl_vn_ward (ward_id, district_id, ward_name) VALUES (20209, 491, 'Ph횈째찼쨩혶ng Xu횄짖n H횄혻');
INSERT INTO tbl_vn_ward (ward_id, district_id, ward_name) VALUES (20215, 491, 'Ph횈째찼쨩혶ng Ch횄짯nh Gi횄징n');
INSERT INTO tbl_vn_ward (ward_id, district_id, ward_name) VALUES (20218, 491, 'Ph횈째찼쨩혶ng Th찼쨘징c Gi횄징n');
INSERT INTO tbl_vn_ward (ward_id, district_id, ward_name) VALUES (20224, 491, 'Ph횈째찼쨩혶ng An Kh횄짧');
INSERT INTO tbl_vn_district (district_id, province_id, district_name) VALUES (492, 48, 'Qu찼쨘짯n H찼쨘짙i Ch횄짖u');
INSERT INTO tbl_vn_ward (ward_id, district_id, ward_name) VALUES (20227, 492, 'Ph횈째찼쨩혶ng Thanh B횄짭nh');
INSERT INTO tbl_vn_ward (ward_id, district_id, ward_name) VALUES (20230, 492, 'Ph횈째찼쨩혶ng Thu찼쨘짯n Ph횈째찼쨩혴c');
INSERT INTO tbl_vn_ward (ward_id, district_id, ward_name) VALUES (20233, 492, 'Ph횈째찼쨩혶ng Th찼쨘징ch Thang');
INSERT INTO tbl_vn_ward (ward_id, district_id, ward_name) VALUES (20236, 492, 'Ph횈째찼쨩혶ng H찼쨘짙i Ch횄짖u');
INSERT INTO tbl_vn_ward (ward_id, district_id, ward_name) VALUES (20242, 492, 'Ph횈째찼쨩혶ng Ph횈째찼쨩혴c Ninh');
INSERT INTO tbl_vn_ward (ward_id, district_id, ward_name) VALUES (20245, 492, 'Ph횈째찼쨩혶ng H횄짼a Thu찼쨘짯n T횄짖y');
INSERT INTO tbl_vn_ward (ward_id, district_id, ward_name) VALUES (20254, 492, 'Ph횈째찼쨩혶ng B횄짭nh Thu찼쨘짯n');
INSERT INTO tbl_vn_ward (ward_id, district_id, ward_name) VALUES (20257, 492, 'Ph횈째찼쨩혶ng H횄짼a C횈째찼쨩혶ng B찼쨘짱c');
INSERT INTO tbl_vn_ward (ward_id, district_id, ward_name) VALUES (20258, 492, 'Ph횈째찼쨩혶ng H횄짼a C횈째찼쨩혶ng Nam');
INSERT INTO tbl_vn_district (district_id, province_id, district_name) VALUES (493, 48, 'Qu찼쨘짯n S횈징n Tr횄혻');
INSERT INTO tbl_vn_ward (ward_id, district_id, ward_name) VALUES (20263, 493, 'Ph횈째찼쨩혶ng Th찼쨩혥 Quang');
INSERT INTO tbl_vn_ward (ward_id, district_id, ward_name) VALUES (20266, 493, 'Ph횈째찼쨩혶ng N찼쨘징i Hi횄짧n 횆혨횄쨈ng');
INSERT INTO tbl_vn_ward (ward_id, district_id, ward_name) VALUES (20269, 493, 'Ph횈째찼쨩혶ng M횄짖n Th횄징i');
INSERT INTO tbl_vn_ward (ward_id, district_id, ward_name) VALUES (20272, 493, 'Ph횈째찼쨩혶ng An H찼쨘짙i B찼쨘짱c');
INSERT INTO tbl_vn_ward (ward_id, district_id, ward_name) VALUES (20275, 493, 'Ph횈째찼쨩혶ng Ph횈째찼쨩혴c M찼쨩쨔');
INSERT INTO tbl_vn_ward (ward_id, district_id, ward_name) VALUES (20278, 493, 'Ph횈째찼쨩혶ng An H찼쨘짙i Nam');
INSERT INTO tbl_vn_district (district_id, province_id, district_name) VALUES (494, 48, 'Qu찼쨘짯n Ng횇짤 H횄혻nh S횈징n');
INSERT INTO tbl_vn_ward (ward_id, district_id, ward_name) VALUES (20284, 494, 'Ph횈째찼쨩혶ng M찼쨩쨔 An');
INSERT INTO tbl_vn_ward (ward_id, district_id, ward_name) VALUES (20285, 494, 'Ph횈째찼쨩혶ng Khu횄짧 M찼쨩쨔');
INSERT INTO tbl_vn_ward (ward_id, district_id, ward_name) VALUES (20287, 494, 'Ph횈째찼쨩혶ng Ho횄혻 Qu횄쩍');
INSERT INTO tbl_vn_ward (ward_id, district_id, ward_name) VALUES (20290, 494, 'Ph횈째찼쨩혶ng Ho횄혻 H찼쨘짙i');
INSERT INTO tbl_vn_district (district_id, province_id, district_name) VALUES (495, 48, 'Qu찼쨘짯n C찼쨘짤m L찼쨩혝');
INSERT INTO tbl_vn_ward (ward_id, district_id, ward_name) VALUES (20260, 495, 'Ph횈째찼쨩혶ng Khu횄짧 Trung');
INSERT INTO tbl_vn_ward (ward_id, district_id, ward_name) VALUES (20305, 495, 'Ph횈째찼쨩혶ng H횄짼a Ph횄징t');
INSERT INTO tbl_vn_ward (ward_id, district_id, ward_name) VALUES (20306, 495, 'Ph횈째찼쨩혶ng H횄짼a An');
INSERT INTO tbl_vn_ward (ward_id, district_id, ward_name) VALUES (20311, 495, 'Ph횈째찼쨩혶ng H횄짼a Th찼쨩혥 T횄짖y');
INSERT INTO tbl_vn_ward (ward_id, district_id, ward_name) VALUES (20312, 495, 'Ph횈째찼쨩혶ng H횄짼a Th찼쨩혥 횆혨횄쨈ng');
INSERT INTO tbl_vn_ward (ward_id, district_id, ward_name) VALUES (20314, 495, 'Ph횈째찼쨩혶ng H횄짼a Xu횄짖n');
INSERT INTO tbl_vn_district (district_id, province_id, district_name) VALUES (497, 48, 'Huy찼쨩혝n H횄짼a Vang');
INSERT INTO tbl_vn_ward (ward_id, district_id, ward_name) VALUES (20293, 497, 'X횄짙 H횄짼a B찼쨘짱c');
INSERT INTO tbl_vn_ward (ward_id, district_id, ward_name) VALUES (20296, 497, 'X횄짙 H횄짼a Li횄짧n');
INSERT INTO tbl_vn_ward (ward_id, district_id, ward_name) VALUES (20299, 497, 'X횄짙 H횄짼a Ninh');
INSERT INTO tbl_vn_ward (ward_id, district_id, ward_name) VALUES (20302, 497, 'X횄짙 H횄짼a S횈징n');
INSERT INTO tbl_vn_ward (ward_id, district_id, ward_name) VALUES (20308, 497, 'X횄짙 H횄짼a Nh횈징n');
INSERT INTO tbl_vn_ward (ward_id, district_id, ward_name) VALUES (20317, 497, 'X횄짙 H횄짼a Ph횄쨘');
INSERT INTO tbl_vn_ward (ward_id, district_id, ward_name) VALUES (20320, 497, 'X횄짙 H횄짼a Phong');
INSERT INTO tbl_vn_ward (ward_id, district_id, ward_name) VALUES (20323, 497, 'X횄짙 H횄짼a Ch횄짖u');
INSERT INTO tbl_vn_ward (ward_id, district_id, ward_name) VALUES (20326, 497, 'X횄짙 H횄짼a Ti찼쨘쩔n');
INSERT INTO tbl_vn_ward (ward_id, district_id, ward_name) VALUES (20329, 497, 'X횄짙 H횄짼a Ph횈째찼쨩혴c');
INSERT INTO tbl_vn_ward (ward_id, district_id, ward_name) VALUES (20332, 497, 'X횄짙 H횄짼a Kh횈째횈징ng');
INSERT INTO tbl_vn_district (district_id, province_id, district_name) VALUES (498, 48, 'Huy찼쨩혝n Ho횄혻ng Sa');
INSERT INTO tbl_vn_province (province_id, province_name) VALUES (49, 'T찼쨩혟nh Qu찼쨘짙ng Nam');
INSERT INTO tbl_vn_district (district_id, province_id, district_name) VALUES (502, 49, 'Th횄혻nh ph찼쨩혩 Tam K찼쨩쨀');
INSERT INTO tbl_vn_ward (ward_id, district_id, ward_name) VALUES (20335, 502, 'Ph횈째찼쨩혶ng T횄짖n Th찼쨘징nh');
INSERT INTO tbl_vn_ward (ward_id, district_id, ward_name) VALUES (20341, 502, 'Ph횈째찼쨩혶ng An M찼쨩쨔');
INSERT INTO tbl_vn_ward (ward_id, district_id, ward_name) VALUES (20344, 502, 'Ph횈째찼쨩혶ng H횄짼a H횈째횈징ng');
INSERT INTO tbl_vn_ward (ward_id, district_id, ward_name) VALUES (20347, 502, 'Ph횈째찼쨩혶ng An Xu횄짖n');
INSERT INTO tbl_vn_ward (ward_id, district_id, ward_name) VALUES (20350, 502, 'Ph횈째찼쨩혶ng An S횈징n');
INSERT INTO tbl_vn_ward (ward_id, district_id, ward_name) VALUES (20353, 502, 'Ph횈째찼쨩혶ng Tr횈째찼쨩혶ng Xu횄짖n');
INSERT INTO tbl_vn_ward (ward_id, district_id, ward_name) VALUES (20356, 502, 'Ph횈째찼쨩혶ng An Ph횄쨘');
INSERT INTO tbl_vn_ward (ward_id, district_id, ward_name) VALUES (20359, 502, 'X횄짙 Tam Thanh');
INSERT INTO tbl_vn_ward (ward_id, district_id, ward_name) VALUES (20362, 502, 'X횄짙 Tam Th횆혘ng');
INSERT INTO tbl_vn_ward (ward_id, district_id, ward_name) VALUES (20371, 502, 'X횄짙 Tam Ph횄쨘');
INSERT INTO tbl_vn_ward (ward_id, district_id, ward_name) VALUES (20375, 502, 'Ph횈째찼쨩혶ng Ho횄혻 Thu찼쨘짯n');
INSERT INTO tbl_vn_ward (ward_id, district_id, ward_name) VALUES (20389, 502, 'X횄짙 Tam Ng찼쨩혥c');
INSERT INTO tbl_vn_district (district_id, province_id, district_name) VALUES (503, 49, 'Th횄혻nh ph찼쨩혩 H찼쨩혲i An');
INSERT INTO tbl_vn_ward (ward_id, district_id, ward_name) VALUES (20398, 503, 'Ph횈째찼쨩혶ng Minh An');
INSERT INTO tbl_vn_ward (ward_id, district_id, ward_name) VALUES (20401, 503, 'Ph횈째찼쨩혶ng T횄짖n An');
INSERT INTO tbl_vn_ward (ward_id, district_id, ward_name) VALUES (20404, 503, 'Ph횈째찼쨩혶ng C찼쨘짤m Ph횄쨈');
INSERT INTO tbl_vn_ward (ward_id, district_id, ward_name) VALUES (20407, 503, 'Ph횈째찼쨩혶ng Thanh H횄혻');
INSERT INTO tbl_vn_ward (ward_id, district_id, ward_name) VALUES (20410, 503, 'Ph횈째찼쨩혶ng S횈징n Phong');
INSERT INTO tbl_vn_ward (ward_id, district_id, ward_name) VALUES (20413, 503, 'Ph횈째찼쨩혶ng C찼쨘짤m Ch횄짖u');
INSERT INTO tbl_vn_ward (ward_id, district_id, ward_name) VALUES (20416, 503, 'Ph횈째찼쨩혶ng C찼쨩짯a 횆혨찼쨘징i');
INSERT INTO tbl_vn_ward (ward_id, district_id, ward_name) VALUES (20419, 503, 'Ph횈째찼쨩혶ng C찼쨘짤m An');
INSERT INTO tbl_vn_ward (ward_id, district_id, ward_name) VALUES (20422, 503, 'X횄짙 C찼쨘짤m H횄혻');
INSERT INTO tbl_vn_ward (ward_id, district_id, ward_name) VALUES (20425, 503, 'X횄짙 C찼쨘짤m Kim');
INSERT INTO tbl_vn_ward (ward_id, district_id, ward_name) VALUES (20428, 503, 'Ph횈째찼쨩혶ng C찼쨘짤m Nam');
INSERT INTO tbl_vn_ward (ward_id, district_id, ward_name) VALUES (20431, 503, 'X횄짙 C찼쨘짤m Thanh');
INSERT INTO tbl_vn_ward (ward_id, district_id, ward_name) VALUES (20434, 503, 'X횄짙 T횄짖n Hi찼쨩혝p');
INSERT INTO tbl_vn_district (district_id, province_id, district_name) VALUES (504, 49, 'Huy찼쨩혝n T횄짖y Giang');
INSERT INTO tbl_vn_ward (ward_id, district_id, ward_name) VALUES (20437, 504, 'X횄짙 Ch''횈징m');
INSERT INTO tbl_vn_ward (ward_id, district_id, ward_name) VALUES (20440, 504, 'X횄짙 Ga Ri');
INSERT INTO tbl_vn_ward (ward_id, district_id, ward_name) VALUES (20443, 504, 'X횄짙 A Xan');
INSERT INTO tbl_vn_ward (ward_id, district_id, ward_name) VALUES (20446, 504, 'X횄짙 Tr''Hy');
INSERT INTO tbl_vn_ward (ward_id, district_id, ward_name) VALUES (20449, 504, 'X횄짙 L횆혘ng');
INSERT INTO tbl_vn_ward (ward_id, district_id, ward_name) VALUES (20452, 504, 'X횄짙 A N횄쨈ng');
INSERT INTO tbl_vn_ward (ward_id, district_id, ward_name) VALUES (20455, 504, 'X횄짙 A Ti횄짧ng');
INSERT INTO tbl_vn_ward (ward_id, district_id, ward_name) VALUES (20458, 504, 'X횄짙 Bha L횄짧');
INSERT INTO tbl_vn_ward (ward_id, district_id, ward_name) VALUES (20461, 504, 'X횄짙 A V횈째횈징ng');
INSERT INTO tbl_vn_ward (ward_id, district_id, ward_name) VALUES (20464, 504, 'X횄짙 Dang');
INSERT INTO tbl_vn_district (district_id, province_id, district_name) VALUES (505, 49, 'Huy찼쨩혝n 횆혨횄쨈ng Giang');
INSERT INTO tbl_vn_ward (ward_id, district_id, ward_name) VALUES (20467, 505, 'Th찼쨩혢 tr찼쨘짜n P Rao');
INSERT INTO tbl_vn_ward (ward_id, district_id, ward_name) VALUES (20470, 505, 'X횄짙 T횄혻 Lu');
INSERT INTO tbl_vn_ward (ward_id, district_id, ward_name) VALUES (20473, 505, 'X횄짙 S횄쨈ng K횄쨈n');
INSERT INTO tbl_vn_ward (ward_id, district_id, ward_name) VALUES (20476, 505, 'X횄짙 J횈징 Ng횄짖y');
INSERT INTO tbl_vn_ward (ward_id, district_id, ward_name) VALUES (20479, 505, 'X횄짙 A Ting');
INSERT INTO tbl_vn_ward (ward_id, district_id, ward_name) VALUES (20482, 505, 'X횄짙 T횈째');
INSERT INTO tbl_vn_ward (ward_id, district_id, ward_name) VALUES (20485, 505, 'X횄짙 Ba');
INSERT INTO tbl_vn_ward (ward_id, district_id, ward_name) VALUES (20488, 505, 'X횄짙 A Rooi');
INSERT INTO tbl_vn_ward (ward_id, district_id, ward_name) VALUES (20491, 505, 'X횄짙 Za Hung');
INSERT INTO tbl_vn_ward (ward_id, district_id, ward_name) VALUES (20494, 505, 'X횄짙 M횄혻 Cooi');
INSERT INTO tbl_vn_ward (ward_id, district_id, ward_name) VALUES (20497, 505, 'X횄짙 Ka D횆혘ng');
INSERT INTO tbl_vn_district (district_id, province_id, district_name) VALUES (506, 49, 'Huy찼쨩혝n 횆혨찼쨘징i L찼쨩혲c');
INSERT INTO tbl_vn_ward (ward_id, district_id, ward_name) VALUES (20500, 506, 'Th찼쨩혢 tr찼쨘짜n 횄혖i Ngh횆짤a');
INSERT INTO tbl_vn_ward (ward_id, district_id, ward_name) VALUES (20503, 506, 'X횄짙 횆혨찼쨘징i S횈징n');
INSERT INTO tbl_vn_ward (ward_id, district_id, ward_name) VALUES (20506, 506, 'X횄짙 횆혨찼쨘징i L횄짙nh');
INSERT INTO tbl_vn_ward (ward_id, district_id, ward_name) VALUES (20509, 506, 'X횄짙 횆혨찼쨘징i H횈째ng');
INSERT INTO tbl_vn_ward (ward_id, district_id, ward_name) VALUES (20512, 506, 'X횄짙 횆혨찼쨘징i H찼쨩혫ng');
INSERT INTO tbl_vn_ward (ward_id, district_id, ward_name) VALUES (20515, 506, 'X횄짙 횆혨찼쨘징i 횆혨찼쨩혫ng');
INSERT INTO tbl_vn_ward (ward_id, district_id, ward_name) VALUES (20518, 506, 'X횄짙 횆혨찼쨘징i Quang');
INSERT INTO tbl_vn_ward (ward_id, district_id, ward_name) VALUES (20521, 506, 'X횄짙 횆혨찼쨘징i Ngh횆짤a');
INSERT INTO tbl_vn_ward (ward_id, district_id, ward_name) VALUES (20524, 506, 'X횄짙 횆혨찼쨘징i Hi찼쨩혝p');
INSERT INTO tbl_vn_ward (ward_id, district_id, ward_name) VALUES (20527, 506, 'X횄짙 횆혨찼쨘징i Th찼쨘징nh');
INSERT INTO tbl_vn_ward (ward_id, district_id, ward_name) VALUES (20530, 506, 'X횄짙 횆혨찼쨘징i Ch횄징nh');
INSERT INTO tbl_vn_ward (ward_id, district_id, ward_name) VALUES (20533, 506, 'X횄짙 횆혨찼쨘징i T횄짖n');
INSERT INTO tbl_vn_ward (ward_id, district_id, ward_name) VALUES (20536, 506, 'X횄짙 횆혨찼쨘징i Phong');
INSERT INTO tbl_vn_ward (ward_id, district_id, ward_name) VALUES (20539, 506, 'X횄짙 횆혨찼쨘징i Minh');
INSERT INTO tbl_vn_ward (ward_id, district_id, ward_name) VALUES (20542, 506, 'X횄짙 횆혨찼쨘징i Th찼쨘짱ng');
INSERT INTO tbl_vn_ward (ward_id, district_id, ward_name) VALUES (20545, 506, 'X횄짙 횆혨찼쨘징i C횈째찼쨩혶ng');
INSERT INTO tbl_vn_ward (ward_id, district_id, ward_name) VALUES (20547, 506, 'X횄짙 횆혨찼쨘징i An');
INSERT INTO tbl_vn_ward (ward_id, district_id, ward_name) VALUES (20548, 506, 'X횄짙 횆혨찼쨘징i H횄짼a');
INSERT INTO tbl_vn_district (district_id, province_id, district_name) VALUES (507, 49, 'Th찼쨩혢 x횄짙 횆혨i찼쨩혝n B횄혻n');
INSERT INTO tbl_vn_ward (ward_id, district_id, ward_name) VALUES (20551, 507, 'Ph횈째찼쨩혶ng V횆짤nh 횆혨i찼쨩혝n');
INSERT INTO tbl_vn_ward (ward_id, district_id, ward_name) VALUES (20554, 507, 'X횄짙 횆혨i찼쨩혝n Ti찼쨘쩔n');
INSERT INTO tbl_vn_ward (ward_id, district_id, ward_name) VALUES (20557, 507, 'X횄짙 횆혨i찼쨩혝n H횄짼a');
INSERT INTO tbl_vn_ward (ward_id, district_id, ward_name) VALUES (20560, 507, 'Ph횈째찼쨩혶ng 횆혨i찼쨩혝n Th찼쨘짱ng B찼쨘짱c');
INSERT INTO tbl_vn_ward (ward_id, district_id, ward_name) VALUES (20561, 507, 'Ph횈째찼쨩혶ng 횆혨i찼쨩혝n Th찼쨘짱ng Trung');
INSERT INTO tbl_vn_ward (ward_id, district_id, ward_name) VALUES (20562, 507, 'Ph횈째찼쨩혶ng 횆혨i찼쨩혝n Th찼쨘짱ng Nam');
INSERT INTO tbl_vn_ward (ward_id, district_id, ward_name) VALUES (20563, 507, 'Ph횈째찼쨩혶ng 횆혨i찼쨩혝n Ng찼쨩혥c');
INSERT INTO tbl_vn_ward (ward_id, district_id, ward_name) VALUES (20566, 507, 'X횄짙 횆혨i찼쨩혝n H찼쨩혫ng');
INSERT INTO tbl_vn_ward (ward_id, district_id, ward_name) VALUES (20569, 507, 'X횄짙 횆혨i찼쨩혝n Th찼쨩혥');
INSERT INTO tbl_vn_ward (ward_id, district_id, ward_name) VALUES (20572, 507, 'X횄짙 횆혨i찼쨩혝n Ph횈째찼쨩혴c');
INSERT INTO tbl_vn_ward (ward_id, district_id, ward_name) VALUES (20575, 507, 'Ph횈째찼쨩혶ng 횆혨i찼쨩혝n An');
INSERT INTO tbl_vn_ward (ward_id, district_id, ward_name) VALUES (20578, 507, 'Ph횈째찼쨩혶ng 횆혨i찼쨩혝n Nam B찼쨘짱c');
INSERT INTO tbl_vn_ward (ward_id, district_id, ward_name) VALUES (20579, 507, 'Ph횈째찼쨩혶ng 횆혨i찼쨩혝n Nam Trung');
INSERT INTO tbl_vn_ward (ward_id, district_id, ward_name) VALUES (20580, 507, 'Ph횈째찼쨩혶ng 횆혨i찼쨩혝n Nam 횆혨횄쨈ng');
INSERT INTO tbl_vn_ward (ward_id, district_id, ward_name) VALUES (20581, 507, 'Ph횈째찼쨩혶ng 횆혨i찼쨩혝n D횈째횈징ng');
INSERT INTO tbl_vn_ward (ward_id, district_id, ward_name) VALUES (20584, 507, 'X횄짙 횆혨i찼쨩혝n Quang');
INSERT INTO tbl_vn_ward (ward_id, district_id, ward_name) VALUES (20587, 507, 'X횄짙 횆혨i찼쨩혝n Trung');
INSERT INTO tbl_vn_ward (ward_id, district_id, ward_name) VALUES (20590, 507, 'X횄짙 횆혨i찼쨩혝n Phong');
INSERT INTO tbl_vn_ward (ward_id, district_id, ward_name) VALUES (20593, 507, 'Ph횈째찼쨩혶ng 횆혨i찼쨩혝n Minh');
INSERT INTO tbl_vn_ward (ward_id, district_id, ward_name) VALUES (20596, 507, 'Ph횈째찼쨩혶ng 횆혨i찼쨩혝n Ph횈째횈징ng');
INSERT INTO tbl_vn_district (district_id, province_id, district_name) VALUES (508, 49, 'Huy찼쨩혝n Duy Xuy횄짧n');
INSERT INTO tbl_vn_ward (ward_id, district_id, ward_name) VALUES (20599, 508, 'Th찼쨩혢 tr찼쨘짜n Nam Ph횈째찼쨩혴c');
INSERT INTO tbl_vn_ward (ward_id, district_id, ward_name) VALUES (20605, 508, 'X횄짙 Duy Ph횄쨘');
INSERT INTO tbl_vn_ward (ward_id, district_id, ward_name) VALUES (20608, 508, 'X횄짙 Duy T횄짖n');
INSERT INTO tbl_vn_ward (ward_id, district_id, ward_name) VALUES (20611, 508, 'X횄짙 Duy H횄짼a');
INSERT INTO tbl_vn_ward (ward_id, district_id, ward_name) VALUES (20614, 508, 'X횄짙 Duy Ch횄짖u');
INSERT INTO tbl_vn_ward (ward_id, district_id, ward_name) VALUES (20617, 508, 'X횄짙 Duy Trinh');
INSERT INTO tbl_vn_ward (ward_id, district_id, ward_name) VALUES (20620, 508, 'X횄짙 Duy S횈징n');
INSERT INTO tbl_vn_ward (ward_id, district_id, ward_name) VALUES (20623, 508, 'X횄짙 Duy Trung');
INSERT INTO tbl_vn_ward (ward_id, district_id, ward_name) VALUES (20626, 508, 'X횄짙 Duy Ph횈째찼쨩혴c');
INSERT INTO tbl_vn_ward (ward_id, district_id, ward_name) VALUES (20629, 508, 'X횄짙 Duy Th횄혻nh');
INSERT INTO tbl_vn_ward (ward_id, district_id, ward_name) VALUES (20632, 508, 'X횄짙 Duy Vinh');
INSERT INTO tbl_vn_ward (ward_id, district_id, ward_name) VALUES (20635, 508, 'X횄짙 Duy Ngh횆짤a');
INSERT INTO tbl_vn_ward (ward_id, district_id, ward_name) VALUES (20638, 508, 'X횄짙 Duy H찼쨘짙i');
INSERT INTO tbl_vn_district (district_id, province_id, district_name) VALUES (509, 49, 'Huy찼쨩혝n Qu찼쨘쩔 S횈징n');
INSERT INTO tbl_vn_ward (ward_id, district_id, ward_name) VALUES (20641, 509, 'Th찼쨩혢 tr찼쨘짜n 횆혨횄쨈ng Ph횄쨘');
INSERT INTO tbl_vn_ward (ward_id, district_id, ward_name) VALUES (20644, 509, 'X횄짙 Qu찼쨘쩔 Xu횄짖n 1');
INSERT INTO tbl_vn_ward (ward_id, district_id, ward_name) VALUES (20647, 509, 'X횄짙 Qu찼쨘쩔 Xu횄짖n 2');
INSERT INTO tbl_vn_ward (ward_id, district_id, ward_name) VALUES (20650, 509, 'X횄짙 Qu찼쨘쩔 Ph횄쨘');
INSERT INTO tbl_vn_ward (ward_id, district_id, ward_name) VALUES (20651, 509, 'Th찼쨩혢 tr찼쨘짜n H횈째횈징ng An');
INSERT INTO tbl_vn_ward (ward_id, district_id, ward_name) VALUES (20656, 509, 'Th찼쨩혢 tr찼쨘짜n Trung Ph횈째찼쨩혴c');
INSERT INTO tbl_vn_ward (ward_id, district_id, ward_name) VALUES (20659, 509, 'X횄짙 Qu찼쨘쩔 Hi찼쨩혝p');
INSERT INTO tbl_vn_ward (ward_id, district_id, ward_name) VALUES (20662, 509, 'X횄짙 Qu찼쨘쩔 Thu찼쨘짯n');
INSERT INTO tbl_vn_ward (ward_id, district_id, ward_name) VALUES (20665, 509, 'X횄짙 Qu찼쨘쩔 M찼쨩쨔');
INSERT INTO tbl_vn_ward (ward_id, district_id, ward_name) VALUES (20668, 509, 'X횄짙 Ninh Ph횈째찼쨩혴c');
INSERT INTO tbl_vn_ward (ward_id, district_id, ward_name) VALUES (20669, 509, 'X횄짙 Ph횈째찼쨩혴c Ninh');
INSERT INTO tbl_vn_ward (ward_id, district_id, ward_name) VALUES (20671, 509, 'X횄짙 Qu찼쨘쩔 L찼쨩혲c');
INSERT INTO tbl_vn_ward (ward_id, district_id, ward_name) VALUES (20674, 509, 'X횄짙 Qu찼쨘쩔 Ph횈째찼쨩혴c');
INSERT INTO tbl_vn_ward (ward_id, district_id, ward_name) VALUES (20677, 509, 'X횄짙 Qu찼쨘쩔 Long');
INSERT INTO tbl_vn_ward (ward_id, district_id, ward_name) VALUES (20680, 509, 'X횄짙 Qu찼쨘쩔 Ch횄짖u');
INSERT INTO tbl_vn_ward (ward_id, district_id, ward_name) VALUES (20683, 509, 'X횄짙 Qu찼쨘쩔 Phong');
INSERT INTO tbl_vn_ward (ward_id, district_id, ward_name) VALUES (20686, 509, 'X횄짙 Qu찼쨘쩔 An');
INSERT INTO tbl_vn_ward (ward_id, district_id, ward_name) VALUES (20689, 509, 'X횄짙 Qu찼쨘쩔 Minh');
INSERT INTO tbl_vn_ward (ward_id, district_id, ward_name) VALUES (20692, 509, 'X횄짙 Qu찼쨘쩔 L횄짖m');
INSERT INTO tbl_vn_district (district_id, province_id, district_name) VALUES (510, 49, 'Huy찼쨩혝n Nam Giang');
INSERT INTO tbl_vn_ward (ward_id, district_id, ward_name) VALUES (20695, 510, 'Th찼쨩혢 tr찼쨘짜n Th찼쨘징nh M찼쨩쨔');
INSERT INTO tbl_vn_ward (ward_id, district_id, ward_name) VALUES (20698, 510, 'X횄짙 La횄짧횄짧');
INSERT INTO tbl_vn_ward (ward_id, district_id, ward_name) VALUES (20699, 510, 'X횄짙 Ch횈징 Chun');
INSERT INTO tbl_vn_ward (ward_id, district_id, ward_name) VALUES (20701, 510, 'X횄짙 Zu횄쨈ich');
INSERT INTO tbl_vn_ward (ward_id, district_id, ward_name) VALUES (20702, 510, 'X횄짙 T횄혻 P횈징횈징');
INSERT INTO tbl_vn_ward (ward_id, district_id, ward_name) VALUES (20704, 510, 'X횄짙 La D횄짧횄짧');
INSERT INTO tbl_vn_ward (ward_id, district_id, ward_name) VALUES (20705, 510, 'X횄짙 횆혨찼쨘짱c T횄쨈i');
INSERT INTO tbl_vn_ward (ward_id, district_id, ward_name) VALUES (20707, 510, 'X횄짙 Ch횄혻 V횄혻l');
INSERT INTO tbl_vn_ward (ward_id, district_id, ward_name) VALUES (20710, 510, 'X횄짙 T횄혻 Bhinh');
INSERT INTO tbl_vn_ward (ward_id, district_id, ward_name) VALUES (20713, 510, 'X횄짙 C횄혻 Dy');
INSERT INTO tbl_vn_ward (ward_id, district_id, ward_name) VALUES (20716, 510, 'X횄짙 횆혨찼쨘짱c Pre');
INSERT INTO tbl_vn_ward (ward_id, district_id, ward_name) VALUES (20719, 510, 'X횄짙 횆혨찼쨘짱c Pring');
INSERT INTO tbl_vn_district (district_id, province_id, district_name) VALUES (511, 49, 'Huy찼쨩혝n Ph횈째찼쨩혴c S횈징n');
INSERT INTO tbl_vn_ward (ward_id, district_id, ward_name) VALUES (20722, 511, 'Th찼쨩혢 tr찼쨘짜n Kh횄짖m 횆혨찼쨩짤c');
INSERT INTO tbl_vn_ward (ward_id, district_id, ward_name) VALUES (20725, 511, 'X횄짙 Ph횈째찼쨩혴c Xu횄짖n');
INSERT INTO tbl_vn_ward (ward_id, district_id, ward_name) VALUES (20728, 511, 'X횄짙 Ph횈째찼쨩혴c Hi찼쨩혝p');
INSERT INTO tbl_vn_ward (ward_id, district_id, ward_name) VALUES (20729, 511, 'X횄짙 Ph횈째찼쨩혴c Ho횄혻');
INSERT INTO tbl_vn_ward (ward_id, district_id, ward_name) VALUES (20731, 511, 'X횄짙 Ph횈째찼쨩혴c 횆혨찼쨩짤c');
INSERT INTO tbl_vn_ward (ward_id, district_id, ward_name) VALUES (20734, 511, 'X횄짙 Ph횈째찼쨩혴c N횆혘ng');
INSERT INTO tbl_vn_ward (ward_id, district_id, ward_name) VALUES (20737, 511, 'X횄짙 Ph횈째찼쨩혴c M찼쨩쨔');
INSERT INTO tbl_vn_ward (ward_id, district_id, ward_name) VALUES (20740, 511, 'X횄짙 Ph횈째찼쨩혴c Ch횄징nh');
INSERT INTO tbl_vn_ward (ward_id, district_id, ward_name) VALUES (20743, 511, 'X횄짙 Ph횈째찼쨩혴c C횄쨈ng');
INSERT INTO tbl_vn_ward (ward_id, district_id, ward_name) VALUES (20746, 511, 'X횄짙 Ph횈째찼쨩혴c Kim');
INSERT INTO tbl_vn_ward (ward_id, district_id, ward_name) VALUES (20749, 511, 'X횄짙 Ph횈째찼쨩혴c L찼쨩혲c');
INSERT INTO tbl_vn_ward (ward_id, district_id, ward_name) VALUES (20752, 511, 'X횄짙 Ph횈째찼쨩혴c Th횄혻nh');
INSERT INTO tbl_vn_district (district_id, province_id, district_name) VALUES (512, 49, 'Huy찼쨩혝n Hi찼쨩혝p 횆혨찼쨩짤c');
INSERT INTO tbl_vn_ward (ward_id, district_id, ward_name) VALUES (20758, 512, 'X횄짙 Qu찼쨘쩔 T횄짖n');
INSERT INTO tbl_vn_ward (ward_id, district_id, ward_name) VALUES (20764, 512, 'X횄짙 Qu찼쨘쩔 Th찼쨩혥');
INSERT INTO tbl_vn_ward (ward_id, district_id, ward_name) VALUES (20767, 512, 'X횄짙 B횄짭nh L횄짖m');
INSERT INTO tbl_vn_ward (ward_id, district_id, ward_name) VALUES (20770, 512, 'X횄짙 S횄쨈ng Tr횄혻');
INSERT INTO tbl_vn_ward (ward_id, district_id, ward_name) VALUES (20773, 512, 'X횄짙 Ph횈째찼쨩혴c Tr횄혻');
INSERT INTO tbl_vn_ward (ward_id, district_id, ward_name) VALUES (20776, 512, 'X횄짙 Ph횈째찼쨩혴c Gia');
INSERT INTO tbl_vn_ward (ward_id, district_id, ward_name) VALUES (20779, 512, 'Th찼쨩혢 tr찼쨘짜n T횄짖n B횄짭nh');
INSERT INTO tbl_vn_ward (ward_id, district_id, ward_name) VALUES (20782, 512, 'X횄짙 Qu찼쨘쩔 L횈째u');
INSERT INTO tbl_vn_ward (ward_id, district_id, ward_name) VALUES (20785, 512, 'X횄짙 Th횆혘ng Ph횈째찼쨩혴c');
INSERT INTO tbl_vn_ward (ward_id, district_id, ward_name) VALUES (20788, 512, 'X횄짙 B횄짭nh S횈징n');
INSERT INTO tbl_vn_district (district_id, province_id, district_name) VALUES (513, 49, 'Huy찼쨩혝n Th횆혘ng B횄짭nh');
INSERT INTO tbl_vn_ward (ward_id, district_id, ward_name) VALUES (20791, 513, 'Th찼쨩혢 tr찼쨘짜n H횄혻 Lam');
INSERT INTO tbl_vn_ward (ward_id, district_id, ward_name) VALUES (20794, 513, 'X횄짙 B횄짭nh D횈째횈징ng');
INSERT INTO tbl_vn_ward (ward_id, district_id, ward_name) VALUES (20797, 513, 'X횄짙 B횄짭nh Giang');
INSERT INTO tbl_vn_ward (ward_id, district_id, ward_name) VALUES (20800, 513, 'X횄짙 B횄짭nh Nguy횄짧n');
INSERT INTO tbl_vn_ward (ward_id, district_id, ward_name) VALUES (20803, 513, 'X횄짙 B횄짭nh Ph찼쨩짜c');
INSERT INTO tbl_vn_ward (ward_id, district_id, ward_name) VALUES (20806, 513, 'X횄짙 B횄짭nh Tri찼쨩혖u');
INSERT INTO tbl_vn_ward (ward_id, district_id, ward_name) VALUES (20809, 513, 'X횄짙 B횄짭nh 횆혨횄혻o');
INSERT INTO tbl_vn_ward (ward_id, district_id, ward_name) VALUES (20812, 513, 'X횄짙 B횄짭nh Minh');
INSERT INTO tbl_vn_ward (ward_id, district_id, ward_name) VALUES (20815, 513, 'X횄짙 B횄짭nh L횄짙nh');
INSERT INTO tbl_vn_ward (ward_id, district_id, ward_name) VALUES (20818, 513, 'X횄짙 B횄짭nh Tr찼쨩혢');
INSERT INTO tbl_vn_ward (ward_id, district_id, ward_name) VALUES (20821, 513, 'X횄짙 B횄짭nh 횆혨찼쨩혢nh');
INSERT INTO tbl_vn_ward (ward_id, district_id, ward_name) VALUES (20824, 513, 'X횄짙 B횄짭nh Qu횄쩍');
INSERT INTO tbl_vn_ward (ward_id, district_id, ward_name) VALUES (20827, 513, 'X횄짙 B횄짭nh Ph횄쨘');
INSERT INTO tbl_vn_ward (ward_id, district_id, ward_name) VALUES (20833, 513, 'X횄짙 B횄짭nh T횄쨘');
INSERT INTO tbl_vn_ward (ward_id, district_id, ward_name) VALUES (20836, 513, 'X횄짙 B횄짭nh Sa');
INSERT INTO tbl_vn_ward (ward_id, district_id, ward_name) VALUES (20839, 513, 'X횄짙 B횄짭nh H찼쨘짙i');
INSERT INTO tbl_vn_ward (ward_id, district_id, ward_name) VALUES (20842, 513, 'X횄짙 B횄짭nh Qu찼쨘쩔');
INSERT INTO tbl_vn_ward (ward_id, district_id, ward_name) VALUES (20845, 513, 'X횄짙 B횄짭nh An');
INSERT INTO tbl_vn_ward (ward_id, district_id, ward_name) VALUES (20848, 513, 'X횄짙 B횄짭nh Trung');
INSERT INTO tbl_vn_ward (ward_id, district_id, ward_name) VALUES (20851, 513, 'X횄짙 B횄짭nh Nam');
INSERT INTO tbl_vn_district (district_id, province_id, district_name) VALUES (514, 49, 'Huy찼쨩혝n Ti횄짧n Ph횈째찼쨩혴c');
INSERT INTO tbl_vn_ward (ward_id, district_id, ward_name) VALUES (20854, 514, 'Th찼쨩혢 tr찼쨘짜n Ti횄짧n K찼쨩쨀');
INSERT INTO tbl_vn_ward (ward_id, district_id, ward_name) VALUES (20857, 514, 'X횄짙 Ti횄짧n S횈징n');
INSERT INTO tbl_vn_ward (ward_id, district_id, ward_name) VALUES (20860, 514, 'X횄짙 Ti횄짧n H횄혻');
INSERT INTO tbl_vn_ward (ward_id, district_id, ward_name) VALUES (20866, 514, 'X횄짙 Ti횄짧n Ch횄짖u');
INSERT INTO tbl_vn_ward (ward_id, district_id, ward_name) VALUES (20869, 514, 'X횄짙 Ti횄짧n L횄짙nh');
INSERT INTO tbl_vn_ward (ward_id, district_id, ward_name) VALUES (20872, 514, 'X횄짙 Ti횄짧n Ng찼쨩혥c');
INSERT INTO tbl_vn_ward (ward_id, district_id, ward_name) VALUES (20875, 514, 'X횄짙 Ti횄짧n Hi찼쨩혝p');
INSERT INTO tbl_vn_ward (ward_id, district_id, ward_name) VALUES (20878, 514, 'X횄짙 Ti횄짧n C찼쨘짙nh');
INSERT INTO tbl_vn_ward (ward_id, district_id, ward_name) VALUES (20881, 514, 'X횄짙 Ti횄짧n M찼쨩쨔');
INSERT INTO tbl_vn_ward (ward_id, district_id, ward_name) VALUES (20884, 514, 'X횄짙 Ti횄짧n Phong');
INSERT INTO tbl_vn_ward (ward_id, district_id, ward_name) VALUES (20887, 514, 'X횄짙 Ti횄짧n Th찼쨩혥');
INSERT INTO tbl_vn_ward (ward_id, district_id, ward_name) VALUES (20890, 514, 'X횄짙 Ti횄짧n An');
INSERT INTO tbl_vn_ward (ward_id, district_id, ward_name) VALUES (20893, 514, 'X횄짙 Ti횄짧n L찼쨩혲c');
INSERT INTO tbl_vn_ward (ward_id, district_id, ward_name) VALUES (20896, 514, 'X횄짙 Ti횄짧n L찼쨘짯p');
INSERT INTO tbl_vn_district (district_id, province_id, district_name) VALUES (515, 49, 'Huy찼쨩혝n B찼쨘짱c Tr횄혻 My');
INSERT INTO tbl_vn_ward (ward_id, district_id, ward_name) VALUES (20899, 515, 'Th찼쨩혢 tr찼쨘짜n Tr횄혻 My');
INSERT INTO tbl_vn_ward (ward_id, district_id, ward_name) VALUES (20900, 515, 'X횄짙 Tr횄혻 S횈징n');
INSERT INTO tbl_vn_ward (ward_id, district_id, ward_name) VALUES (20902, 515, 'X횄짙 Tr횄혻 K횄쨀t');
INSERT INTO tbl_vn_ward (ward_id, district_id, ward_name) VALUES (20905, 515, 'X횄짙 Tr횄혻 N횄쨘');
INSERT INTO tbl_vn_ward (ward_id, district_id, ward_name) VALUES (20908, 515, 'X횄짙 Tr횄혻 횆혨횄쨈ng');
INSERT INTO tbl_vn_ward (ward_id, district_id, ward_name) VALUES (20911, 515, 'X횄짙 Tr횄혻 D횈째횈징ng');
INSERT INTO tbl_vn_ward (ward_id, district_id, ward_name) VALUES (20914, 515, 'X횄짙 Tr횄혻 Giang');
INSERT INTO tbl_vn_ward (ward_id, district_id, ward_name) VALUES (20917, 515, 'X횄짙 Tr횄혻 Bui');
INSERT INTO tbl_vn_ward (ward_id, district_id, ward_name) VALUES (20920, 515, 'X횄짙 Tr횄혻 횆혨찼쨩혩c');
INSERT INTO tbl_vn_ward (ward_id, district_id, ward_name) VALUES (20923, 515, 'X횄짙 Tr횄혻 T횄짖n');
INSERT INTO tbl_vn_ward (ward_id, district_id, ward_name) VALUES (20926, 515, 'X횄짙 Tr횄혻 Gi횄징c');
INSERT INTO tbl_vn_ward (ward_id, district_id, ward_name) VALUES (20929, 515, 'X횄짙 Tr횄혻 Gi횄징p');
INSERT INTO tbl_vn_ward (ward_id, district_id, ward_name) VALUES (20932, 515, 'X횄짙 Tr횄혻 Ka');
INSERT INTO tbl_vn_district (district_id, province_id, district_name) VALUES (516, 49, 'Huy찼쨩혝n Nam Tr횄혻 My');
INSERT INTO tbl_vn_ward (ward_id, district_id, ward_name) VALUES (20935, 516, 'X횄짙 Tr횄혻 Leng');
INSERT INTO tbl_vn_ward (ward_id, district_id, ward_name) VALUES (20938, 516, 'X횄짙 Tr횄혻 D횈징n');
INSERT INTO tbl_vn_ward (ward_id, district_id, ward_name) VALUES (20941, 516, 'X횄짙 Tr횄혻 T찼쨘짯p');
INSERT INTO tbl_vn_ward (ward_id, district_id, ward_name) VALUES (20944, 516, 'X횄짙 Tr횄혻 Mai');
INSERT INTO tbl_vn_ward (ward_id, district_id, ward_name) VALUES (20947, 516, 'X횄짙 Tr횄혻 Cang');
INSERT INTO tbl_vn_ward (ward_id, district_id, ward_name) VALUES (20950, 516, 'X횄짙 Tr횄혻 Linh');
INSERT INTO tbl_vn_ward (ward_id, district_id, ward_name) VALUES (20953, 516, 'X횄짙 Tr횄혻 Nam');
INSERT INTO tbl_vn_ward (ward_id, district_id, ward_name) VALUES (20956, 516, 'X횄짙 Tr횄혻 Don');
INSERT INTO tbl_vn_ward (ward_id, district_id, ward_name) VALUES (20959, 516, 'X횄짙 Tr횄혻 V횄짖n');
INSERT INTO tbl_vn_ward (ward_id, district_id, ward_name) VALUES (20962, 516, 'X횄짙 Tr횄혻 Vinh');
INSERT INTO tbl_vn_district (district_id, province_id, district_name) VALUES (517, 49, 'Huy찼쨩혝n N횄쨘i Th횄혻nh');
INSERT INTO tbl_vn_ward (ward_id, district_id, ward_name) VALUES (20965, 517, 'Th찼쨩혢 tr찼쨘짜n N횄쨘i Th횄혻nh');
INSERT INTO tbl_vn_ward (ward_id, district_id, ward_name) VALUES (20968, 517, 'X횄짙 Tam Xu횄짖n I');
INSERT INTO tbl_vn_ward (ward_id, district_id, ward_name) VALUES (20971, 517, 'X횄짙 Tam Xu횄짖n II');
INSERT INTO tbl_vn_ward (ward_id, district_id, ward_name) VALUES (20974, 517, 'X횄짙 Tam Ti찼쨘쩔n');
INSERT INTO tbl_vn_ward (ward_id, district_id, ward_name) VALUES (20977, 517, 'X횄짙 Tam S횈징n');
INSERT INTO tbl_vn_ward (ward_id, district_id, ward_name) VALUES (20980, 517, 'X횄짙 Tam Th찼쨘징nh');
INSERT INTO tbl_vn_ward (ward_id, district_id, ward_name) VALUES (20983, 517, 'X횄짙 Tam Anh B찼쨘짱c');
INSERT INTO tbl_vn_ward (ward_id, district_id, ward_name) VALUES (20984, 517, 'X횄짙 Tam Anh Nam');
INSERT INTO tbl_vn_ward (ward_id, district_id, ward_name) VALUES (20986, 517, 'X횄짙 Tam H횄짼a');
INSERT INTO tbl_vn_ward (ward_id, district_id, ward_name) VALUES (20989, 517, 'X횄짙 Tam Hi찼쨩혝p');
INSERT INTO tbl_vn_ward (ward_id, district_id, ward_name) VALUES (20992, 517, 'X횄짙 Tam H찼쨘짙i');
INSERT INTO tbl_vn_ward (ward_id, district_id, ward_name) VALUES (20995, 517, 'X횄짙 Tam Giang');
INSERT INTO tbl_vn_ward (ward_id, district_id, ward_name) VALUES (20998, 517, 'X횄짙 Tam Quang');
INSERT INTO tbl_vn_ward (ward_id, district_id, ward_name) VALUES (21001, 517, 'X횄짙 Tam Ngh횆짤a');
INSERT INTO tbl_vn_ward (ward_id, district_id, ward_name) VALUES (21004, 517, 'X횄짙 Tam M찼쨩쨔 T횄짖y');
INSERT INTO tbl_vn_ward (ward_id, district_id, ward_name) VALUES (21005, 517, 'X횄짙 Tam M찼쨩쨔 횆혨횄쨈ng');
INSERT INTO tbl_vn_ward (ward_id, district_id, ward_name) VALUES (21007, 517, 'X횄짙 Tam Tr횄혻');
INSERT INTO tbl_vn_district (district_id, province_id, district_name) VALUES (518, 49, 'Huy찼쨩혝n Ph횄쨘 Ninh');
INSERT INTO tbl_vn_ward (ward_id, district_id, ward_name) VALUES (20364, 518, 'Th찼쨩혢 tr찼쨘짜n Ph횄쨘 Th찼쨩혢nh');
INSERT INTO tbl_vn_ward (ward_id, district_id, ward_name) VALUES (20365, 518, 'X횄짙 Tam Th횄혻nh');
INSERT INTO tbl_vn_ward (ward_id, district_id, ward_name) VALUES (20368, 518, 'X횄짙 Tam An');
INSERT INTO tbl_vn_ward (ward_id, district_id, ward_name) VALUES (20374, 518, 'X횄짙 Tam 횆혨횄혻n');
INSERT INTO tbl_vn_ward (ward_id, district_id, ward_name) VALUES (20377, 518, 'X횄짙 Tam L찼쨩혲c');
INSERT INTO tbl_vn_ward (ward_id, district_id, ward_name) VALUES (20380, 518, 'X횄짙 Tam Ph횈째찼쨩혴c');
INSERT INTO tbl_vn_ward (ward_id, district_id, ward_name) VALUES (20386, 518, 'X횄짙 Tam Th횄징i');
INSERT INTO tbl_vn_ward (ward_id, district_id, ward_name) VALUES (20387, 518, 'X횄짙 Tam 횆혨찼쨘징i');
INSERT INTO tbl_vn_ward (ward_id, district_id, ward_name) VALUES (20392, 518, 'X횄짙 Tam D횄짖n');
INSERT INTO tbl_vn_ward (ward_id, district_id, ward_name) VALUES (20395, 518, 'X횄짙 Tam L횄짙nh');
INSERT INTO tbl_vn_province (province_id, province_name) VALUES (51, 'T찼쨩혟nh Qu찼쨘짙ng Ng횄짙i');
INSERT INTO tbl_vn_district (district_id, province_id, district_name) VALUES (522, 51, 'Th횄혻nh ph찼쨩혩 Qu찼쨘짙ng Ng횄짙i');
INSERT INTO tbl_vn_ward (ward_id, district_id, ward_name) VALUES (21010, 522, 'Ph횈째찼쨩혶ng L횄짧 H찼쨩혫ng Phong');
INSERT INTO tbl_vn_ward (ward_id, district_id, ward_name) VALUES (21013, 522, 'Ph횈째찼쨩혶ng Tr찼쨘짠n Ph횄쨘');
INSERT INTO tbl_vn_ward (ward_id, district_id, ward_name) VALUES (21016, 522, 'Ph횈째찼쨩혶ng Qu찼쨘짙ng Ph횄쨘');
INSERT INTO tbl_vn_ward (ward_id, district_id, ward_name) VALUES (21019, 522, 'Ph횈째찼쨩혶ng Ngh횆짤a Ch횄징nh');
INSERT INTO tbl_vn_ward (ward_id, district_id, ward_name) VALUES (21022, 522, 'Ph횈째찼쨩혶ng Tr찼쨘짠n H횈째ng 횆혨찼쨘징o');
INSERT INTO tbl_vn_ward (ward_id, district_id, ward_name) VALUES (21025, 522, 'Ph횈째찼쨩혶ng Nguy찼쨩혚n Nghi횄짧m');
INSERT INTO tbl_vn_ward (ward_id, district_id, ward_name) VALUES (21028, 522, 'Ph횈째찼쨩혶ng Ngh횆짤a L찼쨩혲');
INSERT INTO tbl_vn_ward (ward_id, district_id, ward_name) VALUES (21031, 522, 'Ph횈째찼쨩혶ng Ch횄징nh L찼쨩혲');
INSERT INTO tbl_vn_ward (ward_id, district_id, ward_name) VALUES (21034, 522, 'X횄짙 Ngh횆짤a D횇짤ng');
INSERT INTO tbl_vn_ward (ward_id, district_id, ward_name) VALUES (21037, 522, 'X횄짙 Ngh횆짤a D횄쨉ng');
INSERT INTO tbl_vn_ward (ward_id, district_id, ward_name) VALUES (21172, 522, 'Ph횈째찼쨩혶ng Tr횈째횈징ng Quang Tr찼쨩혥ng');
INSERT INTO tbl_vn_ward (ward_id, district_id, ward_name) VALUES (21187, 522, 'X횄짙 T찼쨩혢nh H횄짼a');
INSERT INTO tbl_vn_ward (ward_id, district_id, ward_name) VALUES (21190, 522, 'X횄짙 T찼쨩혢nh K찼쨩쨀');
INSERT INTO tbl_vn_ward (ward_id, district_id, ward_name) VALUES (21199, 522, 'X횄짙 T찼쨩혢nh Thi찼쨩혝n');
INSERT INTO tbl_vn_ward (ward_id, district_id, ward_name) VALUES (21202, 522, 'X횄짙 T찼쨩혢nh 찼쨘짚n 횆혨횄쨈ng');
INSERT INTO tbl_vn_ward (ward_id, district_id, ward_name) VALUES (21208, 522, 'X횄짙 T찼쨩혢nh Ch횄짖u');
INSERT INTO tbl_vn_ward (ward_id, district_id, ward_name) VALUES (21211, 522, 'X횄짙 T찼쨩혢nh Kh횄짧');
INSERT INTO tbl_vn_ward (ward_id, district_id, ward_name) VALUES (21214, 522, 'X횄짙 T찼쨩혢nh Long');
INSERT INTO tbl_vn_ward (ward_id, district_id, ward_name) VALUES (21223, 522, 'X횄짙 T찼쨩혢nh 찼쨘짚n T횄짖y');
INSERT INTO tbl_vn_ward (ward_id, district_id, ward_name) VALUES (21232, 522, 'X횄짙 T찼쨩혢nh An');
INSERT INTO tbl_vn_ward (ward_id, district_id, ward_name) VALUES (21256, 522, 'X횄짙 Ngh횆짤a H횄혻');
INSERT INTO tbl_vn_ward (ward_id, district_id, ward_name) VALUES (21262, 522, 'X횄짙 An Ph횄쨘');
INSERT INTO tbl_vn_district (district_id, province_id, district_name) VALUES (524, 51, 'Huy찼쨩혝n B횄짭nh S횈징n');
INSERT INTO tbl_vn_ward (ward_id, district_id, ward_name) VALUES (21040, 524, 'Th찼쨩혢 tr찼쨘짜n Ch횄짖u 찼쨩혬');
INSERT INTO tbl_vn_ward (ward_id, district_id, ward_name) VALUES (21043, 524, 'X횄짙 B횄짭nh Thu찼쨘짯n');
INSERT INTO tbl_vn_ward (ward_id, district_id, ward_name) VALUES (21046, 524, 'X횄짙 B횄짭nh Th찼쨘징nh');
INSERT INTO tbl_vn_ward (ward_id, district_id, ward_name) VALUES (21049, 524, 'X횄짙 B횄짭nh 횆혨횄쨈ng');
INSERT INTO tbl_vn_ward (ward_id, district_id, ward_name) VALUES (21052, 524, 'X횄짙 B횄짭nh Ch횄징nh');
INSERT INTO tbl_vn_ward (ward_id, district_id, ward_name) VALUES (21055, 524, 'X횄짙 B횄짭nh Nguy횄짧n');
INSERT INTO tbl_vn_ward (ward_id, district_id, ward_name) VALUES (21058, 524, 'X횄짙 B횄짭nh Kh횈째횈징ng');
INSERT INTO tbl_vn_ward (ward_id, district_id, ward_name) VALUES (21061, 524, 'X횄짙 B횄짭nh Tr찼쨩혢');
INSERT INTO tbl_vn_ward (ward_id, district_id, ward_name) VALUES (21064, 524, 'X횄짙 B횄짭nh An');
INSERT INTO tbl_vn_ward (ward_id, district_id, ward_name) VALUES (21067, 524, 'X횄짙 B횄짭nh H찼쨘짙i');
INSERT INTO tbl_vn_ward (ward_id, district_id, ward_name) VALUES (21070, 524, 'X횄짙 B횄짭nh D횈째횈징ng');
INSERT INTO tbl_vn_ward (ward_id, district_id, ward_name) VALUES (21073, 524, 'X횄짙 B횄짭nh Ph횈째찼쨩혴c');
INSERT INTO tbl_vn_ward (ward_id, district_id, ward_name) VALUES (21079, 524, 'X횄짙 B횄짭nh H횄짼a');
INSERT INTO tbl_vn_ward (ward_id, district_id, ward_name) VALUES (21082, 524, 'X횄짙 B횄짭nh Trung');
INSERT INTO tbl_vn_ward (ward_id, district_id, ward_name) VALUES (21085, 524, 'X횄짙 B횄짭nh Minh');
INSERT INTO tbl_vn_ward (ward_id, district_id, ward_name) VALUES (21088, 524, 'X횄짙 B횄짭nh Long');
INSERT INTO tbl_vn_ward (ward_id, district_id, ward_name) VALUES (21091, 524, 'X횄짙 B횄짭nh Thanh');
INSERT INTO tbl_vn_ward (ward_id, district_id, ward_name) VALUES (21100, 524, 'X횄짙 B횄짭nh Ch횈째횈징ng');
INSERT INTO tbl_vn_ward (ward_id, district_id, ward_name) VALUES (21103, 524, 'X횄짙 B횄짭nh Hi찼쨩혝p');
INSERT INTO tbl_vn_ward (ward_id, district_id, ward_name) VALUES (21106, 524, 'X횄짙 B횄짭nh M찼쨩쨔');
INSERT INTO tbl_vn_ward (ward_id, district_id, ward_name) VALUES (21109, 524, 'X횄짙 B횄짭nh T횄짖n Ph횄쨘');
INSERT INTO tbl_vn_ward (ward_id, district_id, ward_name) VALUES (21112, 524, 'X횄짙 B횄짭nh Ch횄짖u');
INSERT INTO tbl_vn_district (district_id, province_id, district_name) VALUES (525, 51, 'Huy찼쨩혝n Tr횄혻 B찼쨩혫ng');
INSERT INTO tbl_vn_ward (ward_id, district_id, ward_name) VALUES (21115, 525, 'Th찼쨩혢 tr찼쨘짜n Tr횄혻 Xu횄짖n');
INSERT INTO tbl_vn_ward (ward_id, district_id, ward_name) VALUES (21118, 525, 'X횄짙 Tr횄혻 Giang');
INSERT INTO tbl_vn_ward (ward_id, district_id, ward_name) VALUES (21121, 525, 'X횄짙 Tr횄혻 Th찼쨩짠y');
INSERT INTO tbl_vn_ward (ward_id, district_id, ward_name) VALUES (21124, 525, 'X횄짙 Tr횄혻 Hi찼쨩혝p');
INSERT INTO tbl_vn_ward (ward_id, district_id, ward_name) VALUES (21127, 525, 'X횄짙 Tr횄혻 B횄짭nh');
INSERT INTO tbl_vn_ward (ward_id, district_id, ward_name) VALUES (21130, 525, 'X횄짙 Tr횄혻 Ph횄쨘');
INSERT INTO tbl_vn_ward (ward_id, district_id, ward_name) VALUES (21133, 525, 'X횄짙 Tr횄혻 L횄짖m');
INSERT INTO tbl_vn_ward (ward_id, district_id, ward_name) VALUES (21136, 525, 'X횄짙 Tr횄혻 T횄짖n');
INSERT INTO tbl_vn_ward (ward_id, district_id, ward_name) VALUES (21139, 525, 'X횄짙 Tr횄혻 S횈징n');
INSERT INTO tbl_vn_ward (ward_id, district_id, ward_name) VALUES (21142, 525, 'X횄짙 Tr횄혻 B횄쨔i');
INSERT INTO tbl_vn_ward (ward_id, district_id, ward_name) VALUES (21145, 525, 'X횄짙 Tr횄혻 Thanh');
INSERT INTO tbl_vn_ward (ward_id, district_id, ward_name) VALUES (21148, 525, 'X횄짙 S횈징n Tr횄혻');
INSERT INTO tbl_vn_ward (ward_id, district_id, ward_name) VALUES (21154, 525, 'X횄짙 Tr횄혻 Phong');
INSERT INTO tbl_vn_ward (ward_id, district_id, ward_name) VALUES (21157, 525, 'X횄짙 H횈째횈징ng Tr횄혻');
INSERT INTO tbl_vn_ward (ward_id, district_id, ward_name) VALUES (21163, 525, 'X횄짙 Tr횄혻 Xinh');
INSERT INTO tbl_vn_ward (ward_id, district_id, ward_name) VALUES (21166, 525, 'X횄짙 Tr횄혻 T횄짖y');
INSERT INTO tbl_vn_district (district_id, province_id, district_name) VALUES (527, 51, 'Huy찼쨩혝n S횈징n T찼쨩혢nh');
INSERT INTO tbl_vn_ward (ward_id, district_id, ward_name) VALUES (21175, 527, 'X횄짙 T찼쨩혢nh Th찼쨩혥');
INSERT INTO tbl_vn_ward (ward_id, district_id, ward_name) VALUES (21178, 527, 'X횄짙 T찼쨩혢nh Tr횄혻');
INSERT INTO tbl_vn_ward (ward_id, district_id, ward_name) VALUES (21181, 527, 'X횄짙 T찼쨩혢nh Phong');
INSERT INTO tbl_vn_ward (ward_id, district_id, ward_name) VALUES (21184, 527, 'X횄짙 T찼쨩혢nh Hi찼쨩혝p');
INSERT INTO tbl_vn_ward (ward_id, district_id, ward_name) VALUES (21193, 527, 'X횄짙 T찼쨩혢nh B횄짭nh');
INSERT INTO tbl_vn_ward (ward_id, district_id, ward_name) VALUES (21196, 527, 'X횄짙 T찼쨩혢nh 횆혨횄쨈ng');
INSERT INTO tbl_vn_ward (ward_id, district_id, ward_name) VALUES (21205, 527, 'X횄짙 T찼쨩혢nh B찼쨘짱c');
INSERT INTO tbl_vn_ward (ward_id, district_id, ward_name) VALUES (21217, 527, 'X횄짙 T찼쨩혢nh S횈징n');
INSERT INTO tbl_vn_ward (ward_id, district_id, ward_name) VALUES (21220, 527, 'Th찼쨩혢 tr찼쨘짜n T찼쨩혢nh H횄혻');
INSERT INTO tbl_vn_ward (ward_id, district_id, ward_name) VALUES (21226, 527, 'X횄짙 T찼쨩혢nh Giang');
INSERT INTO tbl_vn_ward (ward_id, district_id, ward_name) VALUES (21229, 527, 'X횄짙 T찼쨩혢nh Minh');
INSERT INTO tbl_vn_district (district_id, province_id, district_name) VALUES (528, 51, 'Huy찼쨩혝n T횈째 Ngh횆짤a');
INSERT INTO tbl_vn_ward (ward_id, district_id, ward_name) VALUES (21235, 528, 'Th찼쨩혢 tr찼쨘짜n La H횄혻');
INSERT INTO tbl_vn_ward (ward_id, district_id, ward_name) VALUES (21238, 528, 'Th찼쨩혢 tr찼쨘짜n S횄쨈ng V찼쨩혝');
INSERT INTO tbl_vn_ward (ward_id, district_id, ward_name) VALUES (21241, 528, 'X횄짙 Ngh횆짤a L횄짖m');
INSERT INTO tbl_vn_ward (ward_id, district_id, ward_name) VALUES (21244, 528, 'X횄짙 Ngh횆짤a Th찼쨘짱ng');
INSERT INTO tbl_vn_ward (ward_id, district_id, ward_name) VALUES (21247, 528, 'X횄짙 Ngh횆짤a Thu찼쨘짯n');
INSERT INTO tbl_vn_ward (ward_id, district_id, ward_name) VALUES (21250, 528, 'X횄짙 Ngh횆짤a K찼쨩쨀');
INSERT INTO tbl_vn_ward (ward_id, district_id, ward_name) VALUES (21259, 528, 'X횄짙 Ngh횆짤a S횈징n');
INSERT INTO tbl_vn_ward (ward_id, district_id, ward_name) VALUES (21268, 528, 'X횄짙 Ngh횆짤a H횄짼a');
INSERT INTO tbl_vn_ward (ward_id, district_id, ward_name) VALUES (21271, 528, 'X횄짙 Ngh횆짤a 횆혨i찼쨩혖n');
INSERT INTO tbl_vn_ward (ward_id, district_id, ward_name) VALUES (21274, 528, 'X횄짙 Ngh횆짤a Th횈째횈징ng');
INSERT INTO tbl_vn_ward (ward_id, district_id, ward_name) VALUES (21277, 528, 'X횄짙 Ngh횆짤a Trung');
INSERT INTO tbl_vn_ward (ward_id, district_id, ward_name) VALUES (21280, 528, 'X횄짙 Ngh횆짤a Hi찼쨩혝p');
INSERT INTO tbl_vn_ward (ward_id, district_id, ward_name) VALUES (21283, 528, 'X횄짙 Ngh횆짤a Ph횈째횈징ng');
INSERT INTO tbl_vn_district (district_id, province_id, district_name) VALUES (529, 51, 'Huy찼쨩혝n S횈징n H횄혻');
INSERT INTO tbl_vn_ward (ward_id, district_id, ward_name) VALUES (21289, 529, 'Th찼쨩혢 tr찼쨘짜n Di L횆혘ng');
INSERT INTO tbl_vn_ward (ward_id, district_id, ward_name) VALUES (21292, 529, 'X횄짙 S횈징n H찼쨘징');
INSERT INTO tbl_vn_ward (ward_id, district_id, ward_name) VALUES (21295, 529, 'X횄짙 S횈징n Th횄혻nh');
INSERT INTO tbl_vn_ward (ward_id, district_id, ward_name) VALUES (21298, 529, 'X횄짙 S횈징n Nham');
INSERT INTO tbl_vn_ward (ward_id, district_id, ward_name) VALUES (21301, 529, 'X횄짙 S횈징n Bao');
INSERT INTO tbl_vn_ward (ward_id, district_id, ward_name) VALUES (21304, 529, 'X횄짙 S횈징n Linh');
INSERT INTO tbl_vn_ward (ward_id, district_id, ward_name) VALUES (21307, 529, 'X횄짙 S횈징n Giang');
INSERT INTO tbl_vn_ward (ward_id, district_id, ward_name) VALUES (21310, 529, 'X횄짙 S횈징n Trung');
INSERT INTO tbl_vn_ward (ward_id, district_id, ward_name) VALUES (21313, 529, 'X횄짙 S횈징n Th횈째찼쨩짙ng');
INSERT INTO tbl_vn_ward (ward_id, district_id, ward_name) VALUES (21316, 529, 'X횄짙 S횈징n Cao');
INSERT INTO tbl_vn_ward (ward_id, district_id, ward_name) VALUES (21319, 529, 'X횄짙 S횈징n H찼쨘짙i');
INSERT INTO tbl_vn_ward (ward_id, district_id, ward_name) VALUES (21322, 529, 'X횄짙 S횈징n Th찼쨩짠y');
INSERT INTO tbl_vn_ward (ward_id, district_id, ward_name) VALUES (21325, 529, 'X횄짙 S횈징n K찼쨩쨀');
INSERT INTO tbl_vn_ward (ward_id, district_id, ward_name) VALUES (21328, 529, 'X횄짙 S횈징n Ba');
INSERT INTO tbl_vn_district (district_id, province_id, district_name) VALUES (530, 51, 'Huy찼쨩혝n S횈징n T횄짖y');
INSERT INTO tbl_vn_ward (ward_id, district_id, ward_name) VALUES (21331, 530, 'X횄짙 S횈징n Bua');
INSERT INTO tbl_vn_ward (ward_id, district_id, ward_name) VALUES (21334, 530, 'X횄짙 S횈징n M횄쨔a');
INSERT INTO tbl_vn_ward (ward_id, district_id, ward_name) VALUES (21335, 530, 'X횄짙 S횈징n Li횄짧n');
INSERT INTO tbl_vn_ward (ward_id, district_id, ward_name) VALUES (21337, 530, 'X횄짙 S횈징n T횄짖n');
INSERT INTO tbl_vn_ward (ward_id, district_id, ward_name) VALUES (21338, 530, 'X횄짙 S횈징n M횄혻u');
INSERT INTO tbl_vn_ward (ward_id, district_id, ward_name) VALUES (21340, 530, 'X횄짙 S횈징n Dung');
INSERT INTO tbl_vn_ward (ward_id, district_id, ward_name) VALUES (21341, 530, 'X횄짙 S횈징n Long');
INSERT INTO tbl_vn_ward (ward_id, district_id, ward_name) VALUES (21343, 530, 'X횄짙 S횈징n Tinh');
INSERT INTO tbl_vn_ward (ward_id, district_id, ward_name) VALUES (21346, 530, 'X횄짙 S횈징n L찼쨘짯p');
INSERT INTO tbl_vn_district (district_id, province_id, district_name) VALUES (531, 51, 'Huy찼쨩혝n Minh Long');
INSERT INTO tbl_vn_ward (ward_id, district_id, ward_name) VALUES (21349, 531, 'X횄짙 Long S횈징n');
INSERT INTO tbl_vn_ward (ward_id, district_id, ward_name) VALUES (21352, 531, 'X횄짙 Long Mai');
INSERT INTO tbl_vn_ward (ward_id, district_id, ward_name) VALUES (21355, 531, 'X횄짙 Thanh An');
INSERT INTO tbl_vn_ward (ward_id, district_id, ward_name) VALUES (21358, 531, 'X횄짙 Long M횄쨈n');
INSERT INTO tbl_vn_ward (ward_id, district_id, ward_name) VALUES (21361, 531, 'X횄짙 Long Hi찼쨩혝p');
INSERT INTO tbl_vn_district (district_id, province_id, district_name) VALUES (532, 51, 'Huy찼쨩혝n Ngh횆짤a H횄혻nh');
INSERT INTO tbl_vn_ward (ward_id, district_id, ward_name) VALUES (21364, 532, 'Th찼쨩혢 tr찼쨘짜n Ch찼쨩짙 Ch횄쨔a');
INSERT INTO tbl_vn_ward (ward_id, district_id, ward_name) VALUES (21367, 532, 'X횄짙 H횄혻nh Thu찼쨘짯n');
INSERT INTO tbl_vn_ward (ward_id, district_id, ward_name) VALUES (21370, 532, 'X횄짙 H횄혻nh D횇짤ng');
INSERT INTO tbl_vn_ward (ward_id, district_id, ward_name) VALUES (21373, 532, 'X횄짙 H횄혻nh Trung');
INSERT INTO tbl_vn_ward (ward_id, district_id, ward_name) VALUES (21376, 532, 'X횄짙 H횄혻nh Nh횄짖n');
INSERT INTO tbl_vn_ward (ward_id, district_id, ward_name) VALUES (21379, 532, 'X횄짙 H횄혻nh 횆혨찼쨩짤c');
INSERT INTO tbl_vn_ward (ward_id, district_id, ward_name) VALUES (21382, 532, 'X횄짙 H횄혻nh Minh');
INSERT INTO tbl_vn_ward (ward_id, district_id, ward_name) VALUES (21385, 532, 'X횄짙 H횄혻nh Ph횈째찼쨩혴c');
INSERT INTO tbl_vn_ward (ward_id, district_id, ward_name) VALUES (21388, 532, 'X횄짙 H횄혻nh Thi찼쨩혝n');
INSERT INTO tbl_vn_ward (ward_id, district_id, ward_name) VALUES (21391, 532, 'X횄짙 H횄혻nh Th찼쨩혢nh');
INSERT INTO tbl_vn_ward (ward_id, district_id, ward_name) VALUES (21394, 532, 'X횄짙 H횄혻nh T횄짯n T횄짖y');
INSERT INTO tbl_vn_ward (ward_id, district_id, ward_name) VALUES (21397, 532, 'X횄짙 H횄혻nh T횄짯n 횆혨횄쨈ng');
INSERT INTO tbl_vn_district (district_id, province_id, district_name) VALUES (533, 51, 'Huy찼쨩혝n M찼쨩혲 횆혨찼쨩짤c');
INSERT INTO tbl_vn_ward (ward_id, district_id, ward_name) VALUES (21400, 533, 'Th찼쨩혢 tr찼쨘짜n M찼쨩혲 횆혨찼쨩짤c');
INSERT INTO tbl_vn_ward (ward_id, district_id, ward_name) VALUES (21406, 533, 'X횄짙 Th찼쨘짱ng L찼쨩짙i');
INSERT INTO tbl_vn_ward (ward_id, district_id, ward_name) VALUES (21409, 533, 'X횄짙 횆혨찼쨩짤c Nhu찼쨘짯n');
INSERT INTO tbl_vn_ward (ward_id, district_id, ward_name) VALUES (21412, 533, 'X횄짙 횆혨찼쨩짤c Ch횄징nh');
INSERT INTO tbl_vn_ward (ward_id, district_id, ward_name) VALUES (21415, 533, 'X횄짙 횆혨찼쨩짤c Hi찼쨩혝p');
INSERT INTO tbl_vn_ward (ward_id, district_id, ward_name) VALUES (21418, 533, 'X횄짙 횆혨찼쨩짤c Minh');
INSERT INTO tbl_vn_ward (ward_id, district_id, ward_name) VALUES (21421, 533, 'X횄짙 횆혨찼쨩짤c Th찼쨘징nh');
INSERT INTO tbl_vn_ward (ward_id, district_id, ward_name) VALUES (21424, 533, 'X횄짙 횆혨찼쨩짤c H횄짼a');
INSERT INTO tbl_vn_ward (ward_id, district_id, ward_name) VALUES (21427, 533, 'X횄짙 횆혨찼쨩짤c T횄짖n');
INSERT INTO tbl_vn_ward (ward_id, district_id, ward_name) VALUES (21430, 533, 'X횄짙 횆혨찼쨩짤c Ph횄쨘');
INSERT INTO tbl_vn_ward (ward_id, district_id, ward_name) VALUES (21433, 533, 'X횄짙 횆혨찼쨩짤c Phong');
INSERT INTO tbl_vn_ward (ward_id, district_id, ward_name) VALUES (21436, 533, 'X횄짙 횆혨찼쨩짤c L횄짖n');
INSERT INTO tbl_vn_district (district_id, province_id, district_name) VALUES (534, 51, 'Th찼쨩혢 x횄짙 횆혨찼쨩짤c Ph찼쨩혮');
INSERT INTO tbl_vn_ward (ward_id, district_id, ward_name) VALUES (21439, 534, 'Ph횈째찼쨩혶ng Nguy찼쨩혚n Nghi횄짧m');
INSERT INTO tbl_vn_ward (ward_id, district_id, ward_name) VALUES (21442, 534, 'X횄짙 Ph찼쨩혮 An');
INSERT INTO tbl_vn_ward (ward_id, district_id, ward_name) VALUES (21445, 534, 'X횄짙 Ph찼쨩혮 Phong');
INSERT INTO tbl_vn_ward (ward_id, district_id, ward_name) VALUES (21448, 534, 'X횄짙 Ph찼쨩혮 Thu찼쨘짯n');
INSERT INTO tbl_vn_ward (ward_id, district_id, ward_name) VALUES (21451, 534, 'Ph횈째찼쨩혶ng Ph찼쨩혮 V횆혘n');
INSERT INTO tbl_vn_ward (ward_id, district_id, ward_name) VALUES (21454, 534, 'Ph횈째찼쨩혶ng Ph찼쨩혮 Quang');
INSERT INTO tbl_vn_ward (ward_id, district_id, ward_name) VALUES (21457, 534, 'X횄짙 Ph찼쨩혮 Nh횈징n');
INSERT INTO tbl_vn_ward (ward_id, district_id, ward_name) VALUES (21460, 534, 'Ph횈째찼쨩혶ng Ph찼쨩혮 Ninh');
INSERT INTO tbl_vn_ward (ward_id, district_id, ward_name) VALUES (21463, 534, 'Ph횈째찼쨩혶ng Ph찼쨩혮 Minh');
INSERT INTO tbl_vn_ward (ward_id, district_id, ward_name) VALUES (21466, 534, 'Ph횈째찼쨩혶ng Ph찼쨩혮 Vinh');
INSERT INTO tbl_vn_ward (ward_id, district_id, ward_name) VALUES (21469, 534, 'Ph횈째찼쨩혶ng Ph찼쨩혮 H횄짼a');
INSERT INTO tbl_vn_ward (ward_id, district_id, ward_name) VALUES (21472, 534, 'X횄짙 Ph찼쨩혮 C횈째찼쨩혶ng');
INSERT INTO tbl_vn_ward (ward_id, district_id, ward_name) VALUES (21475, 534, 'X횄짙 Ph찼쨩혮 Kh횄징nh');
INSERT INTO tbl_vn_ward (ward_id, district_id, ward_name) VALUES (21478, 534, 'Ph횈째찼쨩혶ng Ph찼쨩혮 Th찼쨘징nh');
INSERT INTO tbl_vn_ward (ward_id, district_id, ward_name) VALUES (21481, 534, 'X횄짙 Ph찼쨩혮 Ch횄짖u');
INSERT INTO tbl_vn_district (district_id, province_id, district_name) VALUES (535, 51, 'Huy찼쨩혝n Ba T횈징');
INSERT INTO tbl_vn_ward (ward_id, district_id, ward_name) VALUES (21484, 535, 'Th찼쨩혢 tr찼쨘짜n Ba T횈징');
INSERT INTO tbl_vn_ward (ward_id, district_id, ward_name) VALUES (21487, 535, 'X횄짙 Ba 횆혨i찼쨩혖n');
INSERT INTO tbl_vn_ward (ward_id, district_id, ward_name) VALUES (21490, 535, 'X횄짙 Ba Vinh');
INSERT INTO tbl_vn_ward (ward_id, district_id, ward_name) VALUES (21493, 535, 'X횄짙 Ba Th횄혻nh');
INSERT INTO tbl_vn_ward (ward_id, district_id, ward_name) VALUES (21496, 535, 'X횄짙 Ba 횆혨찼쨩혲ng');
INSERT INTO tbl_vn_ward (ward_id, district_id, ward_name) VALUES (21499, 535, 'X횄짙 Ba Dinh');
INSERT INTO tbl_vn_ward (ward_id, district_id, ward_name) VALUES (21500, 535, 'X횄짙 Ba Giang');
INSERT INTO tbl_vn_ward (ward_id, district_id, ward_name) VALUES (21502, 535, 'X횄짙 Ba Li횄짧n');
INSERT INTO tbl_vn_ward (ward_id, district_id, ward_name) VALUES (21505, 535, 'X횄짙 Ba Ng찼쨘징c');
INSERT INTO tbl_vn_ward (ward_id, district_id, ward_name) VALUES (21508, 535, 'X횄짙 Ba Kh횄짖m');
INSERT INTO tbl_vn_ward (ward_id, district_id, ward_name) VALUES (21511, 535, 'X횄짙 Ba Cung');
INSERT INTO tbl_vn_ward (ward_id, district_id, ward_name) VALUES (21517, 535, 'X횄짙 Ba Ti횄짧u');
INSERT INTO tbl_vn_ward (ward_id, district_id, ward_name) VALUES (21520, 535, 'X횄짙 Ba Trang');
INSERT INTO tbl_vn_ward (ward_id, district_id, ward_name) VALUES (21523, 535, 'X횄짙 Ba T횄쨈');
INSERT INTO tbl_vn_ward (ward_id, district_id, ward_name) VALUES (21526, 535, 'X횄짙 Ba B횄짯ch');
INSERT INTO tbl_vn_ward (ward_id, district_id, ward_name) VALUES (21529, 535, 'X횄짙 Ba V횄짭');
INSERT INTO tbl_vn_ward (ward_id, district_id, ward_name) VALUES (21532, 535, 'X횄짙 Ba L찼쨘쩔');
INSERT INTO tbl_vn_ward (ward_id, district_id, ward_name) VALUES (21535, 535, 'X횄짙 Ba Nam');
INSERT INTO tbl_vn_ward (ward_id, district_id, ward_name) VALUES (21538, 535, 'X횄짙 Ba Xa');
INSERT INTO tbl_vn_district (district_id, province_id, district_name) VALUES (536, 51, 'Huy찼쨩혝n L횄쩍 S횈징n');
INSERT INTO tbl_vn_province (province_id, province_name) VALUES (52, 'T찼쨩혟nh B횄짭nh 횆혨찼쨩혢nh');
INSERT INTO tbl_vn_district (district_id, province_id, district_name) VALUES (540, 52, 'Th횄혻nh ph찼쨩혩 Quy Nh횈징n');
INSERT INTO tbl_vn_ward (ward_id, district_id, ward_name) VALUES (21550, 540, 'Ph횈째찼쨩혶ng Nh횈징n B횄짭nh');
INSERT INTO tbl_vn_ward (ward_id, district_id, ward_name) VALUES (21553, 540, 'Ph횈째찼쨩혶ng Nh횈징n Ph횄쨘');
INSERT INTO tbl_vn_ward (ward_id, district_id, ward_name) VALUES (21556, 540, 'Ph횈째찼쨩혶ng 횆혨찼쨩혩ng 횆혨a');
INSERT INTO tbl_vn_ward (ward_id, district_id, ward_name) VALUES (21559, 540, 'Ph횈째찼쨩혶ng Tr찼쨘짠n Quang Di찼쨩혝u');
INSERT INTO tbl_vn_ward (ward_id, district_id, ward_name) VALUES (21562, 540, 'Ph횈째찼쨩혶ng H찼쨘짙i C찼쨘짙ng');
INSERT INTO tbl_vn_ward (ward_id, district_id, ward_name) VALUES (21565, 540, 'Ph횈째찼쨩혶ng Quang Trung');
INSERT INTO tbl_vn_ward (ward_id, district_id, ward_name) VALUES (21577, 540, 'Ph횈째찼쨩혶ng Ng횄쨈 M횄짖y');
INSERT INTO tbl_vn_ward (ward_id, district_id, ward_name) VALUES (21580, 540, 'Ph횈째찼쨩혶ng Tr찼쨘짠n Ph횄쨘');
INSERT INTO tbl_vn_ward (ward_id, district_id, ward_name) VALUES (21583, 540, 'Ph횈째찼쨩혶ng Th찼쨩혢 N찼쨘징i');
INSERT INTO tbl_vn_ward (ward_id, district_id, ward_name) VALUES (21589, 540, 'Ph횈째찼쨩혶ng B횄쨔i Th찼쨩혢 Xu횄짖n');
INSERT INTO tbl_vn_ward (ward_id, district_id, ward_name) VALUES (21592, 540, 'Ph횈째찼쨩혶ng Nguy찼쨩혚n V횆혘n C찼쨩짬');
INSERT INTO tbl_vn_ward (ward_id, district_id, ward_name) VALUES (21595, 540, 'Ph횈째찼쨩혶ng Gh찼쨩혖nh R횄징ng');
INSERT INTO tbl_vn_ward (ward_id, district_id, ward_name) VALUES (21598, 540, 'X횄짙 Nh횈징n L횄쩍');
INSERT INTO tbl_vn_ward (ward_id, district_id, ward_name) VALUES (21601, 540, 'X횄짙 Nh횈징n H찼쨩혲i');
INSERT INTO tbl_vn_ward (ward_id, district_id, ward_name) VALUES (21604, 540, 'X횄짙 Nh횈징n H찼쨘짙i');
INSERT INTO tbl_vn_ward (ward_id, district_id, ward_name) VALUES (21607, 540, 'X횄짙 Nh횈징n Ch횄짖u');
INSERT INTO tbl_vn_ward (ward_id, district_id, ward_name) VALUES (21991, 540, 'X횄짙 Ph횈째찼쨩혴c M찼쨩쨔');
INSERT INTO tbl_vn_district (district_id, province_id, district_name) VALUES (542, 52, 'Huy찼쨩혝n An L횄짙o');
INSERT INTO tbl_vn_ward (ward_id, district_id, ward_name) VALUES (21609, 542, 'Th찼쨩혢 tr찼쨘짜n An L횄짙o');
INSERT INTO tbl_vn_ward (ward_id, district_id, ward_name) VALUES (21610, 542, 'X횄짙 An H횈째ng');
INSERT INTO tbl_vn_ward (ward_id, district_id, ward_name) VALUES (21613, 542, 'X횄짙 An Trung');
INSERT INTO tbl_vn_ward (ward_id, district_id, ward_name) VALUES (21616, 542, 'X횄짙 An D횇짤ng');
INSERT INTO tbl_vn_ward (ward_id, district_id, ward_name) VALUES (21619, 542, 'X횄짙 An Vinh');
INSERT INTO tbl_vn_ward (ward_id, district_id, ward_name) VALUES (21622, 542, 'X횄짙 An To횄혻n');
INSERT INTO tbl_vn_ward (ward_id, district_id, ward_name) VALUES (21625, 542, 'X횄짙 An T횄짖n');
INSERT INTO tbl_vn_ward (ward_id, district_id, ward_name) VALUES (21628, 542, 'X횄짙 An H횄짼a');
INSERT INTO tbl_vn_ward (ward_id, district_id, ward_name) VALUES (21631, 542, 'X횄짙 An Quang');
INSERT INTO tbl_vn_ward (ward_id, district_id, ward_name) VALUES (21634, 542, 'X횄짙 An Ngh횆짤a');
INSERT INTO tbl_vn_district (district_id, province_id, district_name) VALUES (543, 52, 'Th찼쨩혢 x횄짙 Ho횄혻i Nh횈징n');
INSERT INTO tbl_vn_ward (ward_id, district_id, ward_name) VALUES (21637, 543, 'Ph횈째찼쨩혶ng Tam Quan');
INSERT INTO tbl_vn_ward (ward_id, district_id, ward_name) VALUES (21640, 543, 'Ph횈째찼쨩혶ng B찼쨩혫ng S횈징n');
INSERT INTO tbl_vn_ward (ward_id, district_id, ward_name) VALUES (21643, 543, 'X횄짙 Ho횄혻i S횈징n');
INSERT INTO tbl_vn_ward (ward_id, district_id, ward_name) VALUES (21646, 543, 'X횄짙 Ho횄혻i Ch횄짖u B찼쨘짱c');
INSERT INTO tbl_vn_ward (ward_id, district_id, ward_name) VALUES (21649, 543, 'X횄짙 Ho횄혻i Ch횄짖u');
INSERT INTO tbl_vn_ward (ward_id, district_id, ward_name) VALUES (21652, 543, 'X횄짙 Ho횄혻i Ph횄쨘');
INSERT INTO tbl_vn_ward (ward_id, district_id, ward_name) VALUES (21655, 543, 'Ph횈째찼쨩혶ng Tam Quan B찼쨘짱c');
INSERT INTO tbl_vn_ward (ward_id, district_id, ward_name) VALUES (21658, 543, 'Ph횈째찼쨩혶ng Tam Quan Nam');
INSERT INTO tbl_vn_ward (ward_id, district_id, ward_name) VALUES (21661, 543, 'Ph횈째찼쨩혶ng Ho횄혻i H찼쨘짙o');
INSERT INTO tbl_vn_ward (ward_id, district_id, ward_name) VALUES (21664, 543, 'Ph횈째찼쨩혶ng Ho횄혻i Thanh T횄짖y');
INSERT INTO tbl_vn_ward (ward_id, district_id, ward_name) VALUES (21667, 543, 'Ph횈째찼쨩혶ng Ho횄혻i Thanh');
INSERT INTO tbl_vn_ward (ward_id, district_id, ward_name) VALUES (21670, 543, 'Ph횈째찼쨩혶ng Ho횄혻i H횈째횈징ng');
INSERT INTO tbl_vn_ward (ward_id, district_id, ward_name) VALUES (21673, 543, 'Ph횈째찼쨩혶ng Ho횄혻i T횄짖n');
INSERT INTO tbl_vn_ward (ward_id, district_id, ward_name) VALUES (21676, 543, 'X횄짙 Ho횄혻i H찼쨘짙i');
INSERT INTO tbl_vn_ward (ward_id, district_id, ward_name) VALUES (21679, 543, 'Ph횈째찼쨩혶ng Ho횄혻i Xu횄짖n');
INSERT INTO tbl_vn_ward (ward_id, district_id, ward_name) VALUES (21682, 543, 'X횄짙 Ho횄혻i M찼쨩쨔');
INSERT INTO tbl_vn_ward (ward_id, district_id, ward_name) VALUES (21685, 543, 'Ph횈째찼쨩혶ng Ho횄혻i 횆혨찼쨩짤c');
INSERT INTO tbl_vn_district (district_id, province_id, district_name) VALUES (544, 52, 'Huy찼쨩혝n Ho횄혻i 횄혗n');
INSERT INTO tbl_vn_ward (ward_id, district_id, ward_name) VALUES (21688, 544, 'Th찼쨩혢 tr찼쨘짜n T횆혘ng B찼쨘징t H찼쨩혮');
INSERT INTO tbl_vn_ward (ward_id, district_id, ward_name) VALUES (21690, 544, 'X횄짙 횄혗n H찼쨘짙o T횄짖y');
INSERT INTO tbl_vn_ward (ward_id, district_id, ward_name) VALUES (21691, 544, 'X횄짙 횄혗n H찼쨘짙o 횆혨횄쨈ng');
INSERT INTO tbl_vn_ward (ward_id, district_id, ward_name) VALUES (21694, 544, 'X횄짙 횄혗n S횈징n');
INSERT INTO tbl_vn_ward (ward_id, district_id, ward_name) VALUES (21697, 544, 'X횄짙 횄혗n M찼쨩쨔');
INSERT INTO tbl_vn_ward (ward_id, district_id, ward_name) VALUES (21700, 544, 'X횄짙 횆혨ak Mang');
INSERT INTO tbl_vn_ward (ward_id, district_id, ward_name) VALUES (21703, 544, 'X횄짙 횄혗n T횄짯n');
INSERT INTO tbl_vn_ward (ward_id, district_id, ward_name) VALUES (21706, 544, 'X횄짙 횄혗n Th찼쨘징nh');
INSERT INTO tbl_vn_ward (ward_id, district_id, ward_name) VALUES (21709, 544, 'X횄짙 횄혗n Phong');
INSERT INTO tbl_vn_ward (ward_id, district_id, ward_name) VALUES (21712, 544, 'X횄짙 횄혗n 횆혨찼쨩짤c');
INSERT INTO tbl_vn_ward (ward_id, district_id, ward_name) VALUES (21715, 544, 'X횄짙 횄혗n H찼쨩짱u');
INSERT INTO tbl_vn_ward (ward_id, district_id, ward_name) VALUES (21718, 544, 'X횄짙 Bok T찼쨩혴i');
INSERT INTO tbl_vn_ward (ward_id, district_id, ward_name) VALUES (21721, 544, 'X횄짙 횄혗n T횈째찼쨩혶ng T횄짖y');
INSERT INTO tbl_vn_ward (ward_id, district_id, ward_name) VALUES (21724, 544, 'X횄짙 횄혗n T횈째찼쨩혶ng 횆혨횄쨈ng');
INSERT INTO tbl_vn_ward (ward_id, district_id, ward_name) VALUES (21727, 544, 'X횄짙 횄혗n Ngh횆짤a');
INSERT INTO tbl_vn_district (district_id, province_id, district_name) VALUES (545, 52, 'Huy찼쨩혝n Ph횄쨔 M찼쨩쨔');
INSERT INTO tbl_vn_ward (ward_id, district_id, ward_name) VALUES (21730, 545, 'Th찼쨩혢 tr찼쨘짜n Ph횄쨔 M찼쨩쨔');
INSERT INTO tbl_vn_ward (ward_id, district_id, ward_name) VALUES (21733, 545, 'Th찼쨩혢 tr찼쨘짜n B횄짭nh D횈째횈징ng');
INSERT INTO tbl_vn_ward (ward_id, district_id, ward_name) VALUES (21736, 545, 'X횄짙 M찼쨩쨔 횆혨찼쨩짤c');
INSERT INTO tbl_vn_ward (ward_id, district_id, ward_name) VALUES (21739, 545, 'X횄짙 M찼쨩쨔 Ch횄짖u');
INSERT INTO tbl_vn_ward (ward_id, district_id, ward_name) VALUES (21742, 545, 'X횄짙 M찼쨩쨔 Th찼쨘짱ng');
INSERT INTO tbl_vn_ward (ward_id, district_id, ward_name) VALUES (21745, 545, 'X횄짙 M찼쨩쨔 L찼쨩혲c');
INSERT INTO tbl_vn_ward (ward_id, district_id, ward_name) VALUES (21748, 545, 'X횄짙 M찼쨩쨔 L찼쨩짙i');
INSERT INTO tbl_vn_ward (ward_id, district_id, ward_name) VALUES (21751, 545, 'X횄짙 M찼쨩쨔 An');
INSERT INTO tbl_vn_ward (ward_id, district_id, ward_name) VALUES (21754, 545, 'X횄짙 M찼쨩쨔 Phong');
INSERT INTO tbl_vn_ward (ward_id, district_id, ward_name) VALUES (21757, 545, 'X횄짙 M찼쨩쨔 Trinh');
INSERT INTO tbl_vn_ward (ward_id, district_id, ward_name) VALUES (21760, 545, 'X횄짙 M찼쨩쨔 Th찼쨩혥');
INSERT INTO tbl_vn_ward (ward_id, district_id, ward_name) VALUES (21763, 545, 'X횄짙 M찼쨩쨔 H횄짼a');
INSERT INTO tbl_vn_ward (ward_id, district_id, ward_name) VALUES (21766, 545, 'X횄짙 M찼쨩쨔 Th횄혻nh');
INSERT INTO tbl_vn_ward (ward_id, district_id, ward_name) VALUES (21769, 545, 'X횄짙 M찼쨩쨔 Ch횄징nh');
INSERT INTO tbl_vn_ward (ward_id, district_id, ward_name) VALUES (21772, 545, 'X횄짙 M찼쨩쨔 Quang');
INSERT INTO tbl_vn_ward (ward_id, district_id, ward_name) VALUES (21775, 545, 'X횄짙 M찼쨩쨔 Hi찼쨩혝p');
INSERT INTO tbl_vn_ward (ward_id, district_id, ward_name) VALUES (21778, 545, 'X횄짙 M찼쨩쨔 T횄혻i');
INSERT INTO tbl_vn_ward (ward_id, district_id, ward_name) VALUES (21781, 545, 'X횄짙 M찼쨩쨔 C횄징t');
INSERT INTO tbl_vn_ward (ward_id, district_id, ward_name) VALUES (21784, 545, 'X횄짙 M찼쨩쨔 Ch횄징nh T횄짖y');
INSERT INTO tbl_vn_district (district_id, province_id, district_name) VALUES (546, 52, 'Huy찼쨩혝n V횆짤nh Th찼쨘징nh');
INSERT INTO tbl_vn_ward (ward_id, district_id, ward_name) VALUES (21786, 546, 'Th찼쨩혢 tr찼쨘짜n V횆짤nh Th찼쨘징nh');
INSERT INTO tbl_vn_ward (ward_id, district_id, ward_name) VALUES (21787, 546, 'X횄짙 V횆짤nh S횈징n');
INSERT INTO tbl_vn_ward (ward_id, district_id, ward_name) VALUES (21790, 546, 'X횄짙 V횆짤nh Kim');
INSERT INTO tbl_vn_ward (ward_id, district_id, ward_name) VALUES (21796, 546, 'X횄짙 V횆짤nh Hi찼쨩혝p');
INSERT INTO tbl_vn_ward (ward_id, district_id, ward_name) VALUES (21799, 546, 'X횄짙 V횆짤nh H찼쨘짙o');
INSERT INTO tbl_vn_ward (ward_id, district_id, ward_name) VALUES (21801, 546, 'X횄짙 V횆짤nh H횄짼a');
INSERT INTO tbl_vn_ward (ward_id, district_id, ward_name) VALUES (21802, 546, 'X횄짙 V횆짤nh Th찼쨩혢nh');
INSERT INTO tbl_vn_ward (ward_id, district_id, ward_name) VALUES (21804, 546, 'X횄짙 V횆짤nh Thu찼쨘짯n');
INSERT INTO tbl_vn_ward (ward_id, district_id, ward_name) VALUES (21805, 546, 'X횄짙 V횆짤nh Quang');
INSERT INTO tbl_vn_district (district_id, province_id, district_name) VALUES (547, 52, 'Huy찼쨩혝n T횄짖y S횈징n');
INSERT INTO tbl_vn_ward (ward_id, district_id, ward_name) VALUES (21808, 547, 'Th찼쨩혢 tr찼쨘짜n Ph횄쨘 Phong');
INSERT INTO tbl_vn_ward (ward_id, district_id, ward_name) VALUES (21811, 547, 'X횄짙 B횄짭nh T횄짖n');
INSERT INTO tbl_vn_ward (ward_id, district_id, ward_name) VALUES (21814, 547, 'X횄짙 T횄짖y Thu찼쨘짯n');
INSERT INTO tbl_vn_ward (ward_id, district_id, ward_name) VALUES (21817, 547, 'X횄짙 B횄짭nh Thu찼쨘짯n');
INSERT INTO tbl_vn_ward (ward_id, district_id, ward_name) VALUES (21820, 547, 'X횄짙 T횄짖y Giang');
INSERT INTO tbl_vn_ward (ward_id, district_id, ward_name) VALUES (21823, 547, 'X횄짙 B횄짭nh Th횄혻nh');
INSERT INTO tbl_vn_ward (ward_id, district_id, ward_name) VALUES (21826, 547, 'X횄짙 T횄짖y An');
INSERT INTO tbl_vn_ward (ward_id, district_id, ward_name) VALUES (21829, 547, 'X횄짙 B횄짭nh H횄짼a');
INSERT INTO tbl_vn_ward (ward_id, district_id, ward_name) VALUES (21832, 547, 'X횄짙 T횄짖y B횄짭nh');
INSERT INTO tbl_vn_ward (ward_id, district_id, ward_name) VALUES (21835, 547, 'X횄짙 B횄짭nh T횈째찼쨩혶ng');
INSERT INTO tbl_vn_ward (ward_id, district_id, ward_name) VALUES (21838, 547, 'X횄짙 T횄짖y Vinh');
INSERT INTO tbl_vn_ward (ward_id, district_id, ward_name) VALUES (21841, 547, 'X횄짙 V횆짤nh An');
INSERT INTO tbl_vn_ward (ward_id, district_id, ward_name) VALUES (21844, 547, 'X횄짙 T횄짖y Xu횄짖n');
INSERT INTO tbl_vn_ward (ward_id, district_id, ward_name) VALUES (21847, 547, 'X횄짙 B횄짭nh Nghi');
INSERT INTO tbl_vn_ward (ward_id, district_id, ward_name) VALUES (21850, 547, 'X횄짙 T횄짖y Ph횄쨘');
INSERT INTO tbl_vn_district (district_id, province_id, district_name) VALUES (548, 52, 'Huy찼쨩혝n Ph횄쨔 C횄징t');
INSERT INTO tbl_vn_ward (ward_id, district_id, ward_name) VALUES (21853, 548, 'Th찼쨩혢 tr찼쨘짜n Ng횄쨈 M횄짖y');
INSERT INTO tbl_vn_ward (ward_id, district_id, ward_name) VALUES (21856, 548, 'X횄짙 C횄징t S횈징n');
INSERT INTO tbl_vn_ward (ward_id, district_id, ward_name) VALUES (21859, 548, 'X횄짙 C횄징t Minh');
INSERT INTO tbl_vn_ward (ward_id, district_id, ward_name) VALUES (21862, 548, 'Th찼쨩혢 tr찼쨘짜n C횄징t Kh횄징nh');
INSERT INTO tbl_vn_ward (ward_id, district_id, ward_name) VALUES (21865, 548, 'X횄짙 C횄징t T횄혻i');
INSERT INTO tbl_vn_ward (ward_id, district_id, ward_name) VALUES (21868, 548, 'X횄짙 C횄징t L횄짖m');
INSERT INTO tbl_vn_ward (ward_id, district_id, ward_name) VALUES (21871, 548, 'X횄짙 C횄징t Hanh');
INSERT INTO tbl_vn_ward (ward_id, district_id, ward_name) VALUES (21874, 548, 'X횄짙 C횄징t Th횄혻nh');
INSERT INTO tbl_vn_ward (ward_id, district_id, ward_name) VALUES (21877, 548, 'X횄짙 C횄징t Trinh');
INSERT INTO tbl_vn_ward (ward_id, district_id, ward_name) VALUES (21880, 548, 'X횄짙 C횄징t H찼쨘짙i');
INSERT INTO tbl_vn_ward (ward_id, district_id, ward_name) VALUES (21883, 548, 'X횄짙 C횄징t Hi찼쨩혝p');
INSERT INTO tbl_vn_ward (ward_id, district_id, ward_name) VALUES (21886, 548, 'X횄짙 C횄징t Nh횈징n');
INSERT INTO tbl_vn_ward (ward_id, district_id, ward_name) VALUES (21889, 548, 'X횄짙 C횄징t H횈째ng');
INSERT INTO tbl_vn_ward (ward_id, district_id, ward_name) VALUES (21892, 548, 'X횄짙 C횄징t T횈째찼쨩혶ng');
INSERT INTO tbl_vn_ward (ward_id, district_id, ward_name) VALUES (21895, 548, 'X횄짙 C횄징t T횄짖n');
INSERT INTO tbl_vn_ward (ward_id, district_id, ward_name) VALUES (21898, 548, 'Th찼쨩혢 tr찼쨘짜n C횄징t Ti찼쨘쩔n');
INSERT INTO tbl_vn_ward (ward_id, district_id, ward_name) VALUES (21901, 548, 'X횄짙 C횄징t Th찼쨘짱ng');
INSERT INTO tbl_vn_ward (ward_id, district_id, ward_name) VALUES (21904, 548, 'X횄짙 C횄징t Ch횄징nh');
INSERT INTO tbl_vn_district (district_id, province_id, district_name) VALUES (549, 52, 'Th찼쨩혢 x횄짙 An Nh횈징n');
INSERT INTO tbl_vn_ward (ward_id, district_id, ward_name) VALUES (21907, 549, 'Ph횈째찼쨩혶ng B횄짭nh 횆혨찼쨩혢nh');
INSERT INTO tbl_vn_ward (ward_id, district_id, ward_name) VALUES (21910, 549, 'Ph횈째찼쨩혶ng 횆혨찼쨘짯p 횆혨횄징');
INSERT INTO tbl_vn_ward (ward_id, district_id, ward_name) VALUES (21913, 549, 'X횄짙 Nh횈징n M찼쨩쨔');
INSERT INTO tbl_vn_ward (ward_id, district_id, ward_name) VALUES (21916, 549, 'Ph횈째찼쨩혶ng Nh횈징n Th횄혻nh');
INSERT INTO tbl_vn_ward (ward_id, district_id, ward_name) VALUES (21919, 549, 'X횄짙 Nh횈징n H찼쨘징nh');
INSERT INTO tbl_vn_ward (ward_id, district_id, ward_name) VALUES (21922, 549, 'X횄짙 Nh횈징n H찼쨘짯u');
INSERT INTO tbl_vn_ward (ward_id, district_id, ward_name) VALUES (21925, 549, 'X횄짙 Nh횈징n Phong');
INSERT INTO tbl_vn_ward (ward_id, district_id, ward_name) VALUES (21928, 549, 'X횄짙 Nh횈징n An');
INSERT INTO tbl_vn_ward (ward_id, district_id, ward_name) VALUES (21931, 549, 'X횄짙 Nh횈징n Ph횄쨘c');
INSERT INTO tbl_vn_ward (ward_id, district_id, ward_name) VALUES (21934, 549, 'Ph횈째찼쨩혶ng Nh횈징n H횈째ng');
INSERT INTO tbl_vn_ward (ward_id, district_id, ward_name) VALUES (21937, 549, 'X횄짙 Nh횈징n Kh횄징nh');
INSERT INTO tbl_vn_ward (ward_id, district_id, ward_name) VALUES (21940, 549, 'X횄짙 Nh횈징n L찼쨩혲c');
INSERT INTO tbl_vn_ward (ward_id, district_id, ward_name) VALUES (21943, 549, 'Ph횈째찼쨩혶ng Nh횈징n Ho횄혻');
INSERT INTO tbl_vn_ward (ward_id, district_id, ward_name) VALUES (21946, 549, 'X횄짙 Nh횈징n T횄짖n');
INSERT INTO tbl_vn_ward (ward_id, district_id, ward_name) VALUES (21949, 549, 'X횄짙 Nh횈징n Th찼쨩혥');
INSERT INTO tbl_vn_district (district_id, province_id, district_name) VALUES (550, 52, 'Huy찼쨩혝n Tuy Ph횈째찼쨩혴c');
INSERT INTO tbl_vn_ward (ward_id, district_id, ward_name) VALUES (21952, 550, 'Th찼쨩혢 tr찼쨘짜n Tuy Ph횈째찼쨩혴c');
INSERT INTO tbl_vn_ward (ward_id, district_id, ward_name) VALUES (21955, 550, 'Th찼쨩혢 tr찼쨘짜n Di횄짧u Tr횄짭');
INSERT INTO tbl_vn_ward (ward_id, district_id, ward_name) VALUES (21958, 550, 'X횄짙 Ph횈째찼쨩혴c Th찼쨘짱ng');
INSERT INTO tbl_vn_ward (ward_id, district_id, ward_name) VALUES (21961, 550, 'X횄짙 Ph횈째찼쨩혴c H횈째ng');
INSERT INTO tbl_vn_ward (ward_id, district_id, ward_name) VALUES (21964, 550, 'X횄짙 Ph횈째찼쨩혴c Quang');
INSERT INTO tbl_vn_ward (ward_id, district_id, ward_name) VALUES (21967, 550, 'X횄짙 Ph횈째찼쨩혴c H횄짼a');
INSERT INTO tbl_vn_ward (ward_id, district_id, ward_name) VALUES (21970, 550, 'X횄짙 Ph횈째찼쨩혴c S횈징n');
INSERT INTO tbl_vn_ward (ward_id, district_id, ward_name) VALUES (21973, 550, 'X횄짙 Ph횈째찼쨩혴c Hi찼쨩혝p');
INSERT INTO tbl_vn_ward (ward_id, district_id, ward_name) VALUES (21976, 550, 'X횄짙 Ph횈째찼쨩혴c L찼쨩혲c');
INSERT INTO tbl_vn_ward (ward_id, district_id, ward_name) VALUES (21979, 550, 'X횄짙 Ph횈째찼쨩혴c Ngh횆짤a');
INSERT INTO tbl_vn_ward (ward_id, district_id, ward_name) VALUES (21982, 550, 'X횄짙 Ph횈째찼쨩혴c Thu찼쨘짯n');
INSERT INTO tbl_vn_ward (ward_id, district_id, ward_name) VALUES (21985, 550, 'X횄짙 Ph횈째찼쨩혴c An');
INSERT INTO tbl_vn_ward (ward_id, district_id, ward_name) VALUES (21988, 550, 'X횄짙 Ph횈째찼쨩혴c Th횄혻nh');
INSERT INTO tbl_vn_district (district_id, province_id, district_name) VALUES (551, 52, 'Huy찼쨩혝n V횄짖n Canh');
INSERT INTO tbl_vn_ward (ward_id, district_id, ward_name) VALUES (21994, 551, 'Th찼쨩혢 tr찼쨘짜n V횄짖n Canh');
INSERT INTO tbl_vn_ward (ward_id, district_id, ward_name) VALUES (21997, 551, 'X횄짙 Canh Li횄짧n');
INSERT INTO tbl_vn_ward (ward_id, district_id, ward_name) VALUES (22000, 551, 'X횄짙 Canh Hi찼쨩혝p');
INSERT INTO tbl_vn_ward (ward_id, district_id, ward_name) VALUES (22003, 551, 'X횄짙 Canh Vinh');
INSERT INTO tbl_vn_ward (ward_id, district_id, ward_name) VALUES (22006, 551, 'X횄짙 Canh Hi찼쨩혘n');
INSERT INTO tbl_vn_ward (ward_id, district_id, ward_name) VALUES (22009, 551, 'X횄짙 Canh Thu찼쨘짯n');
INSERT INTO tbl_vn_ward (ward_id, district_id, ward_name) VALUES (22012, 551, 'X횄짙 Canh H횄짼a');
INSERT INTO tbl_vn_province (province_id, province_name) VALUES (54, 'T찼쨩혟nh Ph횄쨘 Y횄짧n');
INSERT INTO tbl_vn_district (district_id, province_id, district_name) VALUES (555, 54, 'Th횄혻nh ph찼쨩혩 Tuy Ho횄혻');
INSERT INTO tbl_vn_ward (ward_id, district_id, ward_name) VALUES (22015, 555, 'Ph횈째찼쨩혶ng 1');
INSERT INTO tbl_vn_ward (ward_id, district_id, ward_name) VALUES (22018, 555, 'Ph횈째찼쨩혶ng 2');
INSERT INTO tbl_vn_ward (ward_id, district_id, ward_name) VALUES (22024, 555, 'Ph횈째찼쨩혶ng 9');
INSERT INTO tbl_vn_ward (ward_id, district_id, ward_name) VALUES (22030, 555, 'Ph횈째찼쨩혶ng 4');
INSERT INTO tbl_vn_ward (ward_id, district_id, ward_name) VALUES (22033, 555, 'Ph횈째찼쨩혶ng 5');
INSERT INTO tbl_vn_ward (ward_id, district_id, ward_name) VALUES (22036, 555, 'Ph횈째찼쨩혶ng 7');
INSERT INTO tbl_vn_ward (ward_id, district_id, ward_name) VALUES (22040, 555, 'Ph횈째찼쨩혶ng Ph횄쨘 Th찼쨘징nh');
INSERT INTO tbl_vn_ward (ward_id, district_id, ward_name) VALUES (22041, 555, 'Ph횈째찼쨩혶ng Ph횄쨘 횆혨횄쨈ng');
INSERT INTO tbl_vn_ward (ward_id, district_id, ward_name) VALUES (22042, 555, 'X횄짙 H횄짼a Ki찼쨘쩔n');
INSERT INTO tbl_vn_ward (ward_id, district_id, ward_name) VALUES (22045, 555, 'X횄짙 B횄짭nh Ki찼쨘쩔n');
INSERT INTO tbl_vn_ward (ward_id, district_id, ward_name) VALUES (22162, 555, 'X횄짙 An Ph횄쨘');
INSERT INTO tbl_vn_ward (ward_id, district_id, ward_name) VALUES (22240, 555, 'Ph횈째찼쨩혶ng Ph횄쨘 L횄짖m');
INSERT INTO tbl_vn_district (district_id, province_id, district_name) VALUES (557, 54, 'Th찼쨩혢 x횄짙 S횄쨈ng C찼쨘짠u');
INSERT INTO tbl_vn_ward (ward_id, district_id, ward_name) VALUES (22051, 557, 'Ph횈째찼쨩혶ng Xu횄짖n Ph횄쨘');
INSERT INTO tbl_vn_ward (ward_id, district_id, ward_name) VALUES (22052, 557, 'X횄짙 Xu횄짖n L횄짖m');
INSERT INTO tbl_vn_ward (ward_id, district_id, ward_name) VALUES (22053, 557, 'Ph횈째찼쨩혶ng Xu횄짖n Th횄혻nh');
INSERT INTO tbl_vn_ward (ward_id, district_id, ward_name) VALUES (22054, 557, 'X횄짙 Xu횄짖n H찼쨘짙i');
INSERT INTO tbl_vn_ward (ward_id, district_id, ward_name) VALUES (22057, 557, 'X횄짙 Xu횄짖n L찼쨩혲c');
INSERT INTO tbl_vn_ward (ward_id, district_id, ward_name) VALUES (22060, 557, 'X횄짙 Xu횄짖n B횄짭nh');
INSERT INTO tbl_vn_ward (ward_id, district_id, ward_name) VALUES (22066, 557, 'X횄짙 Xu횄짖n C찼쨘짙nh');
INSERT INTO tbl_vn_ward (ward_id, district_id, ward_name) VALUES (22069, 557, 'X횄짙 Xu횄짖n Th찼쨩혢nh');
INSERT INTO tbl_vn_ward (ward_id, district_id, ward_name) VALUES (22072, 557, 'X횄짙 Xu횄짖n Ph횈째횈징ng');
INSERT INTO tbl_vn_ward (ward_id, district_id, ward_name) VALUES (22073, 557, 'Ph횈째찼쨩혶ng Xu횄짖n Y횄짧n');
INSERT INTO tbl_vn_ward (ward_id, district_id, ward_name) VALUES (22075, 557, 'X횄짙 Xu횄짖n Th찼쨩혥 1');
INSERT INTO tbl_vn_ward (ward_id, district_id, ward_name) VALUES (22076, 557, 'Ph횈째찼쨩혶ng Xu횄짖n 횆혨횄혻i');
INSERT INTO tbl_vn_ward (ward_id, district_id, ward_name) VALUES (22078, 557, 'X횄짙 Xu횄짖n Th찼쨩혥 2');
INSERT INTO tbl_vn_district (district_id, province_id, district_name) VALUES (558, 54, 'Huy찼쨩혝n 횆혨찼쨩혫ng Xu횄짖n');
INSERT INTO tbl_vn_ward (ward_id, district_id, ward_name) VALUES (22081, 558, 'Th찼쨩혢 tr찼쨘짜n La Hai');
INSERT INTO tbl_vn_ward (ward_id, district_id, ward_name) VALUES (22084, 558, 'X횄짙 횆혨a L찼쨩혲c');
INSERT INTO tbl_vn_ward (ward_id, district_id, ward_name) VALUES (22087, 558, 'X횄짙 Ph횄쨘 M찼쨩징');
INSERT INTO tbl_vn_ward (ward_id, district_id, ward_name) VALUES (22090, 558, 'X횄짙 Xu횄짖n L횄짙nh');
INSERT INTO tbl_vn_ward (ward_id, district_id, ward_name) VALUES (22093, 558, 'X횄짙 Xu횄짖n Long');
INSERT INTO tbl_vn_ward (ward_id, district_id, ward_name) VALUES (22096, 558, 'X횄짙 Xu횄짖n Quang 1');
INSERT INTO tbl_vn_ward (ward_id, district_id, ward_name) VALUES (22099, 558, 'X횄짙 Xu횄짖n S횈징n B찼쨘짱c');
INSERT INTO tbl_vn_ward (ward_id, district_id, ward_name) VALUES (22102, 558, 'X횄짙 Xu횄짖n Quang 2');
INSERT INTO tbl_vn_ward (ward_id, district_id, ward_name) VALUES (22105, 558, 'X횄짙 Xu횄짖n S횈징n Nam');
INSERT INTO tbl_vn_ward (ward_id, district_id, ward_name) VALUES (22108, 558, 'X횄짙 Xu횄짖n Quang 3');
INSERT INTO tbl_vn_ward (ward_id, district_id, ward_name) VALUES (22111, 558, 'X횄짙 Xu횄짖n Ph횈째찼쨩혴c');
INSERT INTO tbl_vn_district (district_id, province_id, district_name) VALUES (559, 54, 'Huy찼쨩혝n Tuy An');
INSERT INTO tbl_vn_ward (ward_id, district_id, ward_name) VALUES (22114, 559, 'Th찼쨩혢 tr찼쨘짜n Ch횄짯 Th찼쨘징nh');
INSERT INTO tbl_vn_ward (ward_id, district_id, ward_name) VALUES (22117, 559, 'X횄짙 An D횄짖n');
INSERT INTO tbl_vn_ward (ward_id, district_id, ward_name) VALUES (22120, 559, 'X횄짙 An Ninh T횄짖y');
INSERT INTO tbl_vn_ward (ward_id, district_id, ward_name) VALUES (22123, 559, 'X횄짙 An Ninh 횆혨횄쨈ng');
INSERT INTO tbl_vn_ward (ward_id, district_id, ward_name) VALUES (22126, 559, 'X횄짙 An Th찼쨘징ch');
INSERT INTO tbl_vn_ward (ward_id, district_id, ward_name) VALUES (22129, 559, 'X횄짙 An 횆혨찼쨩혢nh');
INSERT INTO tbl_vn_ward (ward_id, district_id, ward_name) VALUES (22132, 559, 'X횄짙 An Nghi찼쨩혝p');
INSERT INTO tbl_vn_ward (ward_id, district_id, ward_name) VALUES (22138, 559, 'X횄짙 An C횈째');
INSERT INTO tbl_vn_ward (ward_id, district_id, ward_name) VALUES (22141, 559, 'X횄짙 An Xu횄짖n');
INSERT INTO tbl_vn_ward (ward_id, district_id, ward_name) VALUES (22144, 559, 'X횄짙 An L횆짤nh');
INSERT INTO tbl_vn_ward (ward_id, district_id, ward_name) VALUES (22147, 559, 'X횄짙 An H횄짼a H찼쨘짙i');
INSERT INTO tbl_vn_ward (ward_id, district_id, ward_name) VALUES (22150, 559, 'X횄짙 An Hi찼쨩혝p');
INSERT INTO tbl_vn_ward (ward_id, district_id, ward_name) VALUES (22153, 559, 'X횄짙 An M찼쨩쨔');
INSERT INTO tbl_vn_ward (ward_id, district_id, ward_name) VALUES (22156, 559, 'X횄짙 An Ch찼쨘짜n');
INSERT INTO tbl_vn_ward (ward_id, district_id, ward_name) VALUES (22159, 559, 'X횄짙 An Th찼쨩혥');
INSERT INTO tbl_vn_district (district_id, province_id, district_name) VALUES (560, 54, 'Huy찼쨩혝n S횈징n H횄짼a');
INSERT INTO tbl_vn_ward (ward_id, district_id, ward_name) VALUES (22165, 560, 'Th찼쨩혢 tr찼쨘짜n C찼쨩짠ng S횈징n');
INSERT INTO tbl_vn_ward (ward_id, district_id, ward_name) VALUES (22168, 560, 'X횄짙 Ph횈째찼쨩혴c T횄짖n');
INSERT INTO tbl_vn_ward (ward_id, district_id, ward_name) VALUES (22171, 560, 'X횄짙 S횈징n H찼쨩혲i');
INSERT INTO tbl_vn_ward (ward_id, district_id, ward_name) VALUES (22174, 560, 'X횄짙 S횈징n 횆혨찼쨩혢nh');
INSERT INTO tbl_vn_ward (ward_id, district_id, ward_name) VALUES (22177, 560, 'X횄짙 S횈징n Long');
INSERT INTO tbl_vn_ward (ward_id, district_id, ward_name) VALUES (22180, 560, 'X횄짙 C횄혻 L횄쨘i');
INSERT INTO tbl_vn_ward (ward_id, district_id, ward_name) VALUES (22183, 560, 'X횄짙 S횈징n Ph횈째찼쨩혴c');
INSERT INTO tbl_vn_ward (ward_id, district_id, ward_name) VALUES (22186, 560, 'X횄짙 S횈징n Xu횄짖n');
INSERT INTO tbl_vn_ward (ward_id, district_id, ward_name) VALUES (22189, 560, 'X횄짙 S횈징n Nguy횄짧n');
INSERT INTO tbl_vn_ward (ward_id, district_id, ward_name) VALUES (22192, 560, 'X횄짙 Each횄혻 Rang');
INSERT INTO tbl_vn_ward (ward_id, district_id, ward_name) VALUES (22195, 560, 'X횄짙 Kr횄쨈ng Pa');
INSERT INTO tbl_vn_ward (ward_id, district_id, ward_name) VALUES (22198, 560, 'X횄짙 Su찼쨩혩i B찼쨘징c');
INSERT INTO tbl_vn_ward (ward_id, district_id, ward_name) VALUES (22201, 560, 'X횄짙 S횈징n H횄혻');
INSERT INTO tbl_vn_ward (ward_id, district_id, ward_name) VALUES (22204, 560, 'X횄짙 Su찼쨩혩i Trai');
INSERT INTO tbl_vn_district (district_id, province_id, district_name) VALUES (561, 54, 'Huy찼쨩혝n S횄쨈ng Hinh');
INSERT INTO tbl_vn_ward (ward_id, district_id, ward_name) VALUES (22207, 561, 'Th찼쨩혢 tr찼쨘짜n Hai Ri횄짧ng');
INSERT INTO tbl_vn_ward (ward_id, district_id, ward_name) VALUES (22210, 561, 'X횄짙 Ea L횄짖m');
INSERT INTO tbl_vn_ward (ward_id, district_id, ward_name) VALUES (22213, 561, 'X횄짙 횆혨찼쨩짤c B횄짭nh T횄짖y');
INSERT INTO tbl_vn_ward (ward_id, district_id, ward_name) VALUES (22216, 561, 'X횄짙 Ea B횄징');
INSERT INTO tbl_vn_ward (ward_id, district_id, ward_name) VALUES (22219, 561, 'X횄짙 S횈징n Giang');
INSERT INTO tbl_vn_ward (ward_id, district_id, ward_name) VALUES (22222, 561, 'X횄짙 횆혨찼쨩짤c B횄짭nh 횆혨횄쨈ng');
INSERT INTO tbl_vn_ward (ward_id, district_id, ward_name) VALUES (22225, 561, 'X횄짙 EaBar');
INSERT INTO tbl_vn_ward (ward_id, district_id, ward_name) VALUES (22228, 561, 'X횄짙 EaBia');
INSERT INTO tbl_vn_ward (ward_id, district_id, ward_name) VALUES (22231, 561, 'X횄짙 EaTrol');
INSERT INTO tbl_vn_ward (ward_id, district_id, ward_name) VALUES (22234, 561, 'X횄짙 S횄쨈ng Hinh');
INSERT INTO tbl_vn_ward (ward_id, district_id, ward_name) VALUES (22237, 561, 'X횄짙 Ealy');
INSERT INTO tbl_vn_district (district_id, province_id, district_name) VALUES (562, 54, 'Huy찼쨩혝n T횄짖y Ho횄혻');
INSERT INTO tbl_vn_ward (ward_id, district_id, ward_name) VALUES (22249, 562, 'X횄짙 S횈징n Th횄혻nh T횄짖y');
INSERT INTO tbl_vn_ward (ward_id, district_id, ward_name) VALUES (22250, 562, 'X횄짙 S횈징n Th횄혻nh 횆혨횄쨈ng');
INSERT INTO tbl_vn_ward (ward_id, district_id, ward_name) VALUES (22252, 562, 'X횄짙 H횄짼a B횄짭nh 1');
INSERT INTO tbl_vn_ward (ward_id, district_id, ward_name) VALUES (22255, 562, 'Th찼쨩혢 tr찼쨘짜n Ph횄쨘 Th찼쨩짤');
INSERT INTO tbl_vn_ward (ward_id, district_id, ward_name) VALUES (22264, 562, 'X횄짙 H횄짼a Phong');
INSERT INTO tbl_vn_ward (ward_id, district_id, ward_name) VALUES (22270, 562, 'X횄짙 H횄짼a Ph횄쨘');
INSERT INTO tbl_vn_ward (ward_id, district_id, ward_name) VALUES (22273, 562, 'X횄짙 H횄짼a T횄짖n T횄짖y');
INSERT INTO tbl_vn_ward (ward_id, district_id, ward_name) VALUES (22276, 562, 'X횄짙 H횄짼a 횆혨찼쨩혫ng');
INSERT INTO tbl_vn_ward (ward_id, district_id, ward_name) VALUES (22285, 562, 'X횄짙 H횄짼a M찼쨩쨔 횆혨횄쨈ng');
INSERT INTO tbl_vn_ward (ward_id, district_id, ward_name) VALUES (22288, 562, 'X횄짙 H횄짼a M찼쨩쨔 T횄짖y');
INSERT INTO tbl_vn_ward (ward_id, district_id, ward_name) VALUES (22294, 562, 'X횄짙 H횄짼a Th찼쨩혢nh');
INSERT INTO tbl_vn_district (district_id, province_id, district_name) VALUES (563, 54, 'Huy찼쨩혝n Ph횄쨘 Ho횄혻');
INSERT INTO tbl_vn_ward (ward_id, district_id, ward_name) VALUES (22303, 563, 'X횄짙 H횄짼a Quang B찼쨘짱c');
INSERT INTO tbl_vn_ward (ward_id, district_id, ward_name) VALUES (22306, 563, 'X횄짙 H횄짼a Quang Nam');
INSERT INTO tbl_vn_ward (ward_id, district_id, ward_name) VALUES (22309, 563, 'X횄짙 H횄짼a H찼쨩혲i');
INSERT INTO tbl_vn_ward (ward_id, district_id, ward_name) VALUES (22312, 563, 'X횄짙 H횄짼a Tr찼쨩혢');
INSERT INTO tbl_vn_ward (ward_id, district_id, ward_name) VALUES (22315, 563, 'X횄짙 H횄짼a An');
INSERT INTO tbl_vn_ward (ward_id, district_id, ward_name) VALUES (22318, 563, 'X횄짙 H횄짼a 횆혨찼쨩혢nh 횆혨횄쨈ng');
INSERT INTO tbl_vn_ward (ward_id, district_id, ward_name) VALUES (22319, 563, 'Th찼쨩혢 tr찼쨘짜n Ph횄쨘 Ho횄혻');
INSERT INTO tbl_vn_ward (ward_id, district_id, ward_name) VALUES (22321, 563, 'X횄짙 H횄짼a 횆혨찼쨩혢nh T횄짖y');
INSERT INTO tbl_vn_ward (ward_id, district_id, ward_name) VALUES (22324, 563, 'X횄짙 H횄짼a Th찼쨘짱ng');
INSERT INTO tbl_vn_district (district_id, province_id, district_name) VALUES (564, 54, 'Th찼쨩혢 x횄짙 횆혨횄쨈ng H횄짼a');
INSERT INTO tbl_vn_ward (ward_id, district_id, ward_name) VALUES (22243, 564, 'X횄짙 H횄짼a Th횄혻nh');
INSERT INTO tbl_vn_ward (ward_id, district_id, ward_name) VALUES (22246, 564, 'Ph횈째찼쨩혶ng H횄짼a Hi찼쨩혝p B찼쨘짱c');
INSERT INTO tbl_vn_ward (ward_id, district_id, ward_name) VALUES (22258, 564, 'Ph횈째찼쨩혶ng Ho횄혻 Vinh');
INSERT INTO tbl_vn_ward (ward_id, district_id, ward_name) VALUES (22261, 564, 'Ph횈째찼쨩혶ng Ho횄혻 Hi찼쨩혝p Trung');
INSERT INTO tbl_vn_ward (ward_id, district_id, ward_name) VALUES (22267, 564, 'X횄짙 H횄짼a T횄짖n 횆혨횄쨈ng');
INSERT INTO tbl_vn_ward (ward_id, district_id, ward_name) VALUES (22279, 564, 'Ph횈째찼쨩혶ng H횄짼a Xu횄짖n T횄짖y');
INSERT INTO tbl_vn_ward (ward_id, district_id, ward_name) VALUES (22282, 564, 'Ph횈째찼쨩혶ng H횄짼a Hi찼쨩혝p Nam');
INSERT INTO tbl_vn_ward (ward_id, district_id, ward_name) VALUES (22291, 564, 'X횄짙 H횄짼a Xu횄짖n 횆혨횄쨈ng');
INSERT INTO tbl_vn_ward (ward_id, district_id, ward_name) VALUES (22297, 564, 'X횄짙 H횄짼a T횄짖m');
INSERT INTO tbl_vn_ward (ward_id, district_id, ward_name) VALUES (22300, 564, 'X횄짙 H횄짼a Xu횄짖n Nam');
INSERT INTO tbl_vn_province (province_id, province_name) VALUES (56, 'T찼쨩혟nh Kh횄징nh H횄짼a');
INSERT INTO tbl_vn_district (district_id, province_id, district_name) VALUES (568, 56, 'Th횄혻nh ph찼쨩혩 Nha Trang');
INSERT INTO tbl_vn_ward (ward_id, district_id, ward_name) VALUES (22327, 568, 'Ph횈째찼쨩혶ng V횆짤nh H횄짼a');
INSERT INTO tbl_vn_ward (ward_id, district_id, ward_name) VALUES (22330, 568, 'Ph횈째찼쨩혶ng V횆짤nh H찼쨘짙i');
INSERT INTO tbl_vn_ward (ward_id, district_id, ward_name) VALUES (22333, 568, 'Ph횈째찼쨩혶ng V횆짤nh Ph횈째찼쨩혴c');
INSERT INTO tbl_vn_ward (ward_id, district_id, ward_name) VALUES (22336, 568, 'Ph횈째찼쨩혶ng Ng찼쨩혥c Hi찼쨩혝p');
INSERT INTO tbl_vn_ward (ward_id, district_id, ward_name) VALUES (22339, 568, 'Ph횈째찼쨩혶ng V횆짤nh Th찼쨩혥');
INSERT INTO tbl_vn_ward (ward_id, district_id, ward_name) VALUES (22348, 568, 'Ph횈째찼쨩혶ng V찼쨘징n Th찼쨘징nh');
INSERT INTO tbl_vn_ward (ward_id, district_id, ward_name) VALUES (22351, 568, 'Ph횈째찼쨩혶ng Ph횈째횈징ng S횄혻i');
INSERT INTO tbl_vn_ward (ward_id, district_id, ward_name) VALUES (22357, 568, 'Ph횈째찼쨩혶ng Ph횈째찼쨩혴c H찼쨘짙i');
INSERT INTO tbl_vn_ward (ward_id, district_id, ward_name) VALUES (22363, 568, 'Ph횈째찼쨩혶ng L찼쨩혲c Th찼쨩혥');
INSERT INTO tbl_vn_ward (ward_id, district_id, ward_name) VALUES (22366, 568, 'Ph횈째찼쨩혶ng T횄짖n Ti찼쨘쩔n');
INSERT INTO tbl_vn_ward (ward_id, district_id, ward_name) VALUES (22372, 568, 'Ph횈째찼쨩혶ng Ph횈째찼쨩혴c H횄짼a');
INSERT INTO tbl_vn_ward (ward_id, district_id, ward_name) VALUES (22375, 568, 'Ph횈째찼쨩혶ng V횆짤nh Nguy횄짧n');
INSERT INTO tbl_vn_ward (ward_id, district_id, ward_name) VALUES (22378, 568, 'Ph횈째찼쨩혶ng Ph횈째찼쨩혴c Long');
INSERT INTO tbl_vn_ward (ward_id, district_id, ward_name) VALUES (22381, 568, 'Ph횈째찼쨩혶ng V횆짤nh Tr횈째찼쨩혶ng');
INSERT INTO tbl_vn_ward (ward_id, district_id, ward_name) VALUES (22384, 568, 'X횄짙 V횆짤nh L횈째횈징ng');
INSERT INTO tbl_vn_ward (ward_id, district_id, ward_name) VALUES (22387, 568, 'X횄짙 V횆짤nh Ph횈째횈징ng');
INSERT INTO tbl_vn_ward (ward_id, district_id, ward_name) VALUES (22390, 568, 'X횄짙 V횆짤nh Ng찼쨩혥c');
INSERT INTO tbl_vn_ward (ward_id, district_id, ward_name) VALUES (22393, 568, 'X횄짙 V횆짤nh Th찼쨘징nh');
INSERT INTO tbl_vn_ward (ward_id, district_id, ward_name) VALUES (22396, 568, 'X횄짙 V횆짤nh Trung');
INSERT INTO tbl_vn_ward (ward_id, district_id, ward_name) VALUES (22399, 568, 'X횄짙 V횆짤nh Hi찼쨩혝p');
INSERT INTO tbl_vn_ward (ward_id, district_id, ward_name) VALUES (22402, 568, 'X횄짙 V횆짤nh Th횄징i');
INSERT INTO tbl_vn_ward (ward_id, district_id, ward_name) VALUES (22405, 568, 'X횄짙 Ph횈째찼쨩혴c 횆혨찼쨩혫ng');
INSERT INTO tbl_vn_district (district_id, province_id, district_name) VALUES (569, 56, 'Th횄혻nh ph찼쨩혩 Cam Ranh');
INSERT INTO tbl_vn_ward (ward_id, district_id, ward_name) VALUES (22408, 569, 'Ph횈째찼쨩혶ng Cam Ngh횆짤a');
INSERT INTO tbl_vn_ward (ward_id, district_id, ward_name) VALUES (22411, 569, 'Ph횈째찼쨩혶ng Cam Ph횄쨘c B찼쨘짱c');
INSERT INTO tbl_vn_ward (ward_id, district_id, ward_name) VALUES (22414, 569, 'Ph횈째찼쨩혶ng Cam Ph횄쨘c Nam');
INSERT INTO tbl_vn_ward (ward_id, district_id, ward_name) VALUES (22417, 569, 'Ph횈째찼쨩혶ng Cam L찼쨩혲c');
INSERT INTO tbl_vn_ward (ward_id, district_id, ward_name) VALUES (22420, 569, 'Ph횈째찼쨩혶ng Cam Ph횄쨘');
INSERT INTO tbl_vn_ward (ward_id, district_id, ward_name) VALUES (22423, 569, 'Ph횈째찼쨩혶ng Ba Ng횄짼i');
INSERT INTO tbl_vn_ward (ward_id, district_id, ward_name) VALUES (22426, 569, 'Ph횈째찼쨩혶ng Cam Thu찼쨘짯n');
INSERT INTO tbl_vn_ward (ward_id, district_id, ward_name) VALUES (22429, 569, 'Ph횈째찼쨩혶ng Cam L찼쨩짙i');
INSERT INTO tbl_vn_ward (ward_id, district_id, ward_name) VALUES (22432, 569, 'Ph횈째찼쨩혶ng Cam Linh');
INSERT INTO tbl_vn_ward (ward_id, district_id, ward_name) VALUES (22468, 569, 'X횄짙 Cam Th횄혻nh Nam');
INSERT INTO tbl_vn_ward (ward_id, district_id, ward_name) VALUES (22474, 569, 'X횄짙 Cam Ph횈째찼쨩혴c 횆혨횄쨈ng');
INSERT INTO tbl_vn_ward (ward_id, district_id, ward_name) VALUES (22477, 569, 'X횄짙 Cam Th찼쨩혢nh T횄짖y');
INSERT INTO tbl_vn_ward (ward_id, district_id, ward_name) VALUES (22480, 569, 'X횄짙 Cam Th찼쨩혢nh 횆혨횄쨈ng');
INSERT INTO tbl_vn_ward (ward_id, district_id, ward_name) VALUES (22483, 569, 'X횄짙 Cam L찼쨘짯p');
INSERT INTO tbl_vn_ward (ward_id, district_id, ward_name) VALUES (22486, 569, 'X횄짙 Cam B횄짭nh');
INSERT INTO tbl_vn_district (district_id, province_id, district_name) VALUES (570, 56, 'Huy찼쨩혝n Cam L횄짖m');
INSERT INTO tbl_vn_ward (ward_id, district_id, ward_name) VALUES (22435, 570, 'X횄짙 Cam T횄짖n');
INSERT INTO tbl_vn_ward (ward_id, district_id, ward_name) VALUES (22438, 570, 'X횄짙 Cam H횄짼a');
INSERT INTO tbl_vn_ward (ward_id, district_id, ward_name) VALUES (22441, 570, 'X횄짙 Cam H찼쨘짙i 횆혨횄쨈ng');
INSERT INTO tbl_vn_ward (ward_id, district_id, ward_name) VALUES (22444, 570, 'X횄짙 Cam H찼쨘짙i T횄짖y');
INSERT INTO tbl_vn_ward (ward_id, district_id, ward_name) VALUES (22447, 570, 'X횄짙 S횈징n T횄짖n');
INSERT INTO tbl_vn_ward (ward_id, district_id, ward_name) VALUES (22450, 570, 'X횄짙 Cam Hi찼쨩혝p B찼쨘짱c');
INSERT INTO tbl_vn_ward (ward_id, district_id, ward_name) VALUES (22453, 570, 'Th찼쨩혢 tr찼쨘짜n Cam 횆혨찼쨩짤c');
INSERT INTO tbl_vn_ward (ward_id, district_id, ward_name) VALUES (22456, 570, 'X횄짙 Cam Hi찼쨩혝p Nam');
INSERT INTO tbl_vn_ward (ward_id, district_id, ward_name) VALUES (22459, 570, 'X횄짙 Cam Ph횈째찼쨩혴c T횄짖y');
INSERT INTO tbl_vn_ward (ward_id, district_id, ward_name) VALUES (22462, 570, 'X횄짙 Cam Th횄혻nh B찼쨘짱c');
INSERT INTO tbl_vn_ward (ward_id, district_id, ward_name) VALUES (22465, 570, 'X횄짙 Cam An B찼쨘짱c');
INSERT INTO tbl_vn_ward (ward_id, district_id, ward_name) VALUES (22471, 570, 'X횄짙 Cam An Nam');
INSERT INTO tbl_vn_ward (ward_id, district_id, ward_name) VALUES (22708, 570, 'X횄짙 Su찼쨩혩i C횄징t');
INSERT INTO tbl_vn_ward (ward_id, district_id, ward_name) VALUES (22711, 570, 'X횄짙 Su찼쨩혩i T횄짖n');
INSERT INTO tbl_vn_district (district_id, province_id, district_name) VALUES (571, 56, 'Huy찼쨩혝n V찼쨘징n Ninh');
INSERT INTO tbl_vn_ward (ward_id, district_id, ward_name) VALUES (22489, 571, 'Th찼쨩혢 tr찼쨘짜n V찼쨘징n Gi횄짙');
INSERT INTO tbl_vn_ward (ward_id, district_id, ward_name) VALUES (22492, 571, 'X횄짙 횆혨찼쨘징i L횄짙nh');
INSERT INTO tbl_vn_ward (ward_id, district_id, ward_name) VALUES (22495, 571, 'X횄짙 V찼쨘징n Ph횈째찼쨩혴c');
INSERT INTO tbl_vn_ward (ward_id, district_id, ward_name) VALUES (22498, 571, 'X횄짙 V찼쨘징n Long');
INSERT INTO tbl_vn_ward (ward_id, district_id, ward_name) VALUES (22501, 571, 'X횄짙 V찼쨘징n B횄짭nh');
INSERT INTO tbl_vn_ward (ward_id, district_id, ward_name) VALUES (22504, 571, 'X횄짙 V찼쨘징n Th찼쨩혥');
INSERT INTO tbl_vn_ward (ward_id, district_id, ward_name) VALUES (22507, 571, 'X횄짙 V찼쨘징n Kh횄징nh');
INSERT INTO tbl_vn_ward (ward_id, district_id, ward_name) VALUES (22510, 571, 'X횄짙 V찼쨘징n Ph횄쨘');
INSERT INTO tbl_vn_ward (ward_id, district_id, ward_name) VALUES (22513, 571, 'X횄짙 V찼쨘징n L횈째횈징ng');
INSERT INTO tbl_vn_ward (ward_id, district_id, ward_name) VALUES (22516, 571, 'X횄짙 V찼쨘징n Th찼쨘짱ng');
INSERT INTO tbl_vn_ward (ward_id, district_id, ward_name) VALUES (22519, 571, 'X횄짙 V찼쨘징n Th찼쨘징nh');
INSERT INTO tbl_vn_ward (ward_id, district_id, ward_name) VALUES (22522, 571, 'X횄짙 Xu횄짖n S횈징n');
INSERT INTO tbl_vn_ward (ward_id, district_id, ward_name) VALUES (22525, 571, 'X횄짙 V찼쨘징n H횈째ng');
INSERT INTO tbl_vn_district (district_id, province_id, district_name) VALUES (572, 56, 'Th찼쨩혢 x횄짙 Ninh H횄짼a');
INSERT INTO tbl_vn_ward (ward_id, district_id, ward_name) VALUES (22528, 572, 'Ph횈째찼쨩혶ng Ninh Hi찼쨩혝p');
INSERT INTO tbl_vn_ward (ward_id, district_id, ward_name) VALUES (22531, 572, 'X횄짙 Ninh S횈징n');
INSERT INTO tbl_vn_ward (ward_id, district_id, ward_name) VALUES (22534, 572, 'X횄짙 Ninh T횄짖y');
INSERT INTO tbl_vn_ward (ward_id, district_id, ward_name) VALUES (22537, 572, 'X횄짙 Ninh Th횈째찼쨩짙ng');
INSERT INTO tbl_vn_ward (ward_id, district_id, ward_name) VALUES (22540, 572, 'X횄짙 Ninh An');
INSERT INTO tbl_vn_ward (ward_id, district_id, ward_name) VALUES (22543, 572, 'Ph횈째찼쨩혶ng Ninh H찼쨘짙i');
INSERT INTO tbl_vn_ward (ward_id, district_id, ward_name) VALUES (22546, 572, 'X횄짙 Ninh Th찼쨩혥');
INSERT INTO tbl_vn_ward (ward_id, district_id, ward_name) VALUES (22549, 572, 'X횄짙 Ninh Trung');
INSERT INTO tbl_vn_ward (ward_id, district_id, ward_name) VALUES (22552, 572, 'X횄짙 Ninh Sim');
INSERT INTO tbl_vn_ward (ward_id, district_id, ward_name) VALUES (22555, 572, 'X횄짙 Ninh Xu횄짖n');
INSERT INTO tbl_vn_ward (ward_id, district_id, ward_name) VALUES (22558, 572, 'X횄짙 Ninh Th횄짖n');
INSERT INTO tbl_vn_ward (ward_id, district_id, ward_name) VALUES (22561, 572, 'Ph횈째찼쨩혶ng Ninh Di횄짧m');
INSERT INTO tbl_vn_ward (ward_id, district_id, ward_name) VALUES (22564, 572, 'X횄짙 Ninh 횆혨횄쨈ng');
INSERT INTO tbl_vn_ward (ward_id, district_id, ward_name) VALUES (22567, 572, 'Ph횈째찼쨩혶ng Ninh Th찼쨩짠y');
INSERT INTO tbl_vn_ward (ward_id, district_id, ward_name) VALUES (22570, 572, 'Ph횈째찼쨩혶ng Ninh 횆혨a');
INSERT INTO tbl_vn_ward (ward_id, district_id, ward_name) VALUES (22573, 572, 'X횄짙 Ninh Ph찼쨩짜ng');
INSERT INTO tbl_vn_ward (ward_id, district_id, ward_name) VALUES (22576, 572, 'X횄짙 Ninh B횄짭nh');
INSERT INTO tbl_vn_ward (ward_id, district_id, ward_name) VALUES (22582, 572, 'X횄짙 Ninh Ph횄쨘');
INSERT INTO tbl_vn_ward (ward_id, district_id, ward_name) VALUES (22585, 572, 'X횄짙 Ninh T횄짖n');
INSERT INTO tbl_vn_ward (ward_id, district_id, ward_name) VALUES (22588, 572, 'X횄짙 Ninh Quang');
INSERT INTO tbl_vn_ward (ward_id, district_id, ward_name) VALUES (22591, 572, 'Ph횈째찼쨩혶ng Ninh Giang');
INSERT INTO tbl_vn_ward (ward_id, district_id, ward_name) VALUES (22594, 572, 'Ph횈째찼쨩혶ng Ninh H횄혻');
INSERT INTO tbl_vn_ward (ward_id, district_id, ward_name) VALUES (22597, 572, 'X횄짙 Ninh H횈째ng');
INSERT INTO tbl_vn_ward (ward_id, district_id, ward_name) VALUES (22600, 572, 'X횄짙 Ninh L찼쨩혲c');
INSERT INTO tbl_vn_ward (ward_id, district_id, ward_name) VALUES (22603, 572, 'X횄짙 Ninh 횄혥ch');
INSERT INTO tbl_vn_ward (ward_id, district_id, ward_name) VALUES (22606, 572, 'X횄짙 Ninh Ph횈째찼쨩혴c');
INSERT INTO tbl_vn_district (district_id, province_id, district_name) VALUES (573, 56, 'Huy찼쨩혝n Kh횄징nh V횆짤nh');
INSERT INTO tbl_vn_ward (ward_id, district_id, ward_name) VALUES (22609, 573, 'Th찼쨩혢 tr찼쨘짜n Kh횄징nh V횆짤nh');
INSERT INTO tbl_vn_ward (ward_id, district_id, ward_name) VALUES (22612, 573, 'X횄짙 Kh횄징nh Hi찼쨩혝p');
INSERT INTO tbl_vn_ward (ward_id, district_id, ward_name) VALUES (22615, 573, 'X횄짙 Kh횄징nh B횄짭nh');
INSERT INTO tbl_vn_ward (ward_id, district_id, ward_name) VALUES (22618, 573, 'X횄짙 Kh횄징nh Trung');
INSERT INTO tbl_vn_ward (ward_id, district_id, ward_name) VALUES (22621, 573, 'X횄짙 Kh횄징nh 횆혨횄쨈ng');
INSERT INTO tbl_vn_ward (ward_id, district_id, ward_name) VALUES (22624, 573, 'X횄짙 Kh횄징nh Th횈째찼쨩짙ng');
INSERT INTO tbl_vn_ward (ward_id, district_id, ward_name) VALUES (22627, 573, 'X횄짙 Kh횄징nh Nam');
INSERT INTO tbl_vn_ward (ward_id, district_id, ward_name) VALUES (22630, 573, 'X횄짙 S횄쨈ng C찼쨘짠u');
INSERT INTO tbl_vn_ward (ward_id, district_id, ward_name) VALUES (22633, 573, 'X횄짙 Giang Ly');
INSERT INTO tbl_vn_ward (ward_id, district_id, ward_name) VALUES (22636, 573, 'X횄짙 C찼쨘짠u B횄혻');
INSERT INTO tbl_vn_ward (ward_id, district_id, ward_name) VALUES (22639, 573, 'X횄짙 Li횄짧n Sang');
INSERT INTO tbl_vn_ward (ward_id, district_id, ward_name) VALUES (22642, 573, 'X횄짙 Kh횄징nh Th횄혻nh');
INSERT INTO tbl_vn_ward (ward_id, district_id, ward_name) VALUES (22645, 573, 'X횄짙 Kh횄징nh Ph횄쨘');
INSERT INTO tbl_vn_ward (ward_id, district_id, ward_name) VALUES (22648, 573, 'X횄짙 S횈징n Th횄징i');
INSERT INTO tbl_vn_district (district_id, province_id, district_name) VALUES (574, 56, 'Huy찼쨩혝n Di횄짧n Kh횄징nh');
INSERT INTO tbl_vn_ward (ward_id, district_id, ward_name) VALUES (22651, 574, 'Th찼쨩혢 tr찼쨘짜n Di횄짧n Kh횄징nh');
INSERT INTO tbl_vn_ward (ward_id, district_id, ward_name) VALUES (22654, 574, 'X횄짙 Di횄짧n L횄짖m');
INSERT INTO tbl_vn_ward (ward_id, district_id, ward_name) VALUES (22657, 574, 'X횄짙 Di횄짧n 횆혨i찼쨩혖n');
INSERT INTO tbl_vn_ward (ward_id, district_id, ward_name) VALUES (22660, 574, 'X횄짙 Xu횄짖n 횆혨찼쨩혫ng');
INSERT INTO tbl_vn_ward (ward_id, district_id, ward_name) VALUES (22663, 574, 'X횄짙 Di횄짧n S횈징n');
INSERT INTO tbl_vn_ward (ward_id, district_id, ward_name) VALUES (22669, 574, 'X횄짙 Di횄짧n Ph횄쨘');
INSERT INTO tbl_vn_ward (ward_id, district_id, ward_name) VALUES (22672, 574, 'X횄짙 Di횄짧n Th찼쨩혥');
INSERT INTO tbl_vn_ward (ward_id, district_id, ward_name) VALUES (22675, 574, 'X횄짙 Di횄짧n Ph횈째찼쨩혴c');
INSERT INTO tbl_vn_ward (ward_id, district_id, ward_name) VALUES (22678, 574, 'X횄짙 Di횄짧n L찼쨘징c');
INSERT INTO tbl_vn_ward (ward_id, district_id, ward_name) VALUES (22681, 574, 'X횄짙 Di횄짧n T횄짖n');
INSERT INTO tbl_vn_ward (ward_id, district_id, ward_name) VALUES (22684, 574, 'X횄짙 Di횄짧n H횄짼a');
INSERT INTO tbl_vn_ward (ward_id, district_id, ward_name) VALUES (22687, 574, 'X횄짙 Di횄짧n Th찼쨘징nh');
INSERT INTO tbl_vn_ward (ward_id, district_id, ward_name) VALUES (22690, 574, 'X횄짙 Di횄짧n To횄혻n');
INSERT INTO tbl_vn_ward (ward_id, district_id, ward_name) VALUES (22693, 574, 'X횄짙 Di횄짧n An');
INSERT INTO tbl_vn_ward (ward_id, district_id, ward_name) VALUES (22696, 574, 'X횄짙 B횄짭nh L찼쨩혲c');
INSERT INTO tbl_vn_ward (ward_id, district_id, ward_name) VALUES (22702, 574, 'X횄짙 Su찼쨩혩i Hi찼쨩혝p');
INSERT INTO tbl_vn_ward (ward_id, district_id, ward_name) VALUES (22705, 574, 'X횄짙 Su찼쨩혩i Ti횄짧n');
INSERT INTO tbl_vn_district (district_id, province_id, district_name) VALUES (575, 56, 'Huy찼쨩혝n Kh횄징nh S횈징n');
INSERT INTO tbl_vn_ward (ward_id, district_id, ward_name) VALUES (22714, 575, 'Th찼쨩혢 tr찼쨘짜n T횄쨈 H찼쨘징p');
INSERT INTO tbl_vn_ward (ward_id, district_id, ward_name) VALUES (22717, 575, 'X횄짙 Th횄혻nh S횈징n');
INSERT INTO tbl_vn_ward (ward_id, district_id, ward_name) VALUES (22720, 575, 'X횄짙 S횈징n L횄짖m');
INSERT INTO tbl_vn_ward (ward_id, district_id, ward_name) VALUES (22723, 575, 'X횄짙 S횈징n Hi찼쨩혝p');
INSERT INTO tbl_vn_ward (ward_id, district_id, ward_name) VALUES (22726, 575, 'X횄짙 S횈징n B횄짭nh');
INSERT INTO tbl_vn_ward (ward_id, district_id, ward_name) VALUES (22729, 575, 'X횄짙 S횈징n Trung');
INSERT INTO tbl_vn_ward (ward_id, district_id, ward_name) VALUES (22732, 575, 'X횄짙 Ba C찼쨩짜m B찼쨘짱c');
INSERT INTO tbl_vn_ward (ward_id, district_id, ward_name) VALUES (22735, 575, 'X횄짙 Ba C찼쨩짜m Nam');
INSERT INTO tbl_vn_district (district_id, province_id, district_name) VALUES (576, 56, 'Huy찼쨩혝n Tr횈째찼쨩혶ng Sa');
INSERT INTO tbl_vn_ward (ward_id, district_id, ward_name) VALUES (22736, 576, 'Th찼쨩혢 tr찼쨘짜n Tr횈째찼쨩혶ng Sa');
INSERT INTO tbl_vn_ward (ward_id, district_id, ward_name) VALUES (22737, 576, 'X횄짙 Song T찼쨩짯 T횄짖y');
INSERT INTO tbl_vn_ward (ward_id, district_id, ward_name) VALUES (22739, 576, 'X횄짙 Sinh T찼쨩혫n');
INSERT INTO tbl_vn_province (province_id, province_name) VALUES (58, 'T찼쨩혟nh Ninh Thu찼쨘짯n');
INSERT INTO tbl_vn_district (district_id, province_id, district_name) VALUES (582, 58, 'Th횄혻nh ph찼쨩혩 Phan Rang - Th횄징p Ch횄혻m');
INSERT INTO tbl_vn_ward (ward_id, district_id, ward_name) VALUES (22738, 582, 'Ph횈째찼쨩혶ng 횆혨횄쨈 Vinh');
INSERT INTO tbl_vn_ward (ward_id, district_id, ward_name) VALUES (22741, 582, 'Ph횈째찼쨩혶ng Ph횈째찼쨩혴c M찼쨩쨔');
INSERT INTO tbl_vn_ward (ward_id, district_id, ward_name) VALUES (22744, 582, 'Ph횈째찼쨩혶ng B찼쨘짙o An');
INSERT INTO tbl_vn_ward (ward_id, district_id, ward_name) VALUES (22750, 582, 'Ph횈째찼쨩혶ng Ph찼쨩짠 H횄혻');
INSERT INTO tbl_vn_ward (ward_id, district_id, ward_name) VALUES (22759, 582, 'Ph횈째찼쨩혶ng Kinh Dinh');
INSERT INTO tbl_vn_ward (ward_id, district_id, ward_name) VALUES (22762, 582, 'Ph횈째찼쨩혶ng 횆혨찼쨘징o Long');
INSERT INTO tbl_vn_ward (ward_id, district_id, ward_name) VALUES (22765, 582, 'Ph횈째찼쨩혶ng 횆혨횄혻i S횈징n');
INSERT INTO tbl_vn_ward (ward_id, district_id, ward_name) VALUES (22768, 582, 'Ph횈째찼쨩혶ng 횆혨횄쨈ng H찼쨘짙i');
INSERT INTO tbl_vn_ward (ward_id, district_id, ward_name) VALUES (22771, 582, 'Ph횈째찼쨩혶ng M찼쨩쨔 횆혨횄쨈ng');
INSERT INTO tbl_vn_ward (ward_id, district_id, ward_name) VALUES (22774, 582, 'X횄짙 Th횄혻nh H찼쨘짙i');
INSERT INTO tbl_vn_ward (ward_id, district_id, ward_name) VALUES (22777, 582, 'Ph횈째찼쨩혶ng V횆혘n H찼쨘짙i');
INSERT INTO tbl_vn_ward (ward_id, district_id, ward_name) VALUES (22779, 582, 'Ph횈째찼쨩혶ng M찼쨩쨔 B횄짭nh');
INSERT INTO tbl_vn_ward (ward_id, district_id, ward_name) VALUES (22780, 582, 'Ph횈째찼쨩혶ng M찼쨩쨔 H찼쨘짙i');
INSERT INTO tbl_vn_district (district_id, province_id, district_name) VALUES (584, 58, 'Huy찼쨩혝n B횄징c 횄혖i');
INSERT INTO tbl_vn_ward (ward_id, district_id, ward_name) VALUES (22783, 584, 'X횄짙 Ph횈째찼쨩혴c B횄짭nh');
INSERT INTO tbl_vn_ward (ward_id, district_id, ward_name) VALUES (22786, 584, 'X횄짙 Ph횈째찼쨩혴c H횄짼a');
INSERT INTO tbl_vn_ward (ward_id, district_id, ward_name) VALUES (22789, 584, 'X횄짙 Ph횈째찼쨩혴c T횄짖n');
INSERT INTO tbl_vn_ward (ward_id, district_id, ward_name) VALUES (22792, 584, 'X횄짙 Ph횈째찼쨩혴c Ti찼쨘쩔n');
INSERT INTO tbl_vn_ward (ward_id, district_id, ward_name) VALUES (22795, 584, 'X횄짙 Ph횈째찼쨩혴c Th찼쨘짱ng');
INSERT INTO tbl_vn_ward (ward_id, district_id, ward_name) VALUES (22798, 584, 'X횄짙 Ph횈째찼쨩혴c Th횄혻nh');
INSERT INTO tbl_vn_ward (ward_id, district_id, ward_name) VALUES (22801, 584, 'X횄짙 Ph횈째찼쨩혴c 횆혨찼쨘징i');
INSERT INTO tbl_vn_ward (ward_id, district_id, ward_name) VALUES (22804, 584, 'X횄짙 Ph횈째찼쨩혴c Ch횄짯nh');
INSERT INTO tbl_vn_ward (ward_id, district_id, ward_name) VALUES (22807, 584, 'X횄짙 Ph횈째찼쨩혴c Trung');
INSERT INTO tbl_vn_district (district_id, province_id, district_name) VALUES (585, 58, 'Huy찼쨩혝n Ninh S횈징n');
INSERT INTO tbl_vn_ward (ward_id, district_id, ward_name) VALUES (22810, 585, 'Th찼쨩혢 tr찼쨘짜n T횄짖n S횈징n');
INSERT INTO tbl_vn_ward (ward_id, district_id, ward_name) VALUES (22813, 585, 'X횄짙 L횄짖m S횈징n');
INSERT INTO tbl_vn_ward (ward_id, district_id, ward_name) VALUES (22816, 585, 'X횄짙 L횈째횈징ng S횈징n');
INSERT INTO tbl_vn_ward (ward_id, district_id, ward_name) VALUES (22819, 585, 'X횄짙 Qu찼쨘짙ng S횈징n');
INSERT INTO tbl_vn_ward (ward_id, district_id, ward_name) VALUES (22822, 585, 'X횄짙 M찼쨩쨔 S횈징n');
INSERT INTO tbl_vn_ward (ward_id, district_id, ward_name) VALUES (22825, 585, 'X횄짙 H횄짼a S횈징n');
INSERT INTO tbl_vn_ward (ward_id, district_id, ward_name) VALUES (22828, 585, 'X횄짙 Ma N찼쨩혴i');
INSERT INTO tbl_vn_ward (ward_id, district_id, ward_name) VALUES (22831, 585, 'X횄짙 Nh횈징n S횈징n');
INSERT INTO tbl_vn_district (district_id, province_id, district_name) VALUES (586, 58, 'Huy찼쨩혝n Ninh H찼쨘짙i');
INSERT INTO tbl_vn_ward (ward_id, district_id, ward_name) VALUES (22834, 586, 'Th찼쨩혢 tr찼쨘짜n Kh횄징nh H찼쨘짙i');
INSERT INTO tbl_vn_ward (ward_id, district_id, ward_name) VALUES (22846, 586, 'X횄짙 V횆짤nh H찼쨘짙i');
INSERT INTO tbl_vn_ward (ward_id, district_id, ward_name) VALUES (22852, 586, 'X횄짙 Ph횈째횈징ng H찼쨘짙i');
INSERT INTO tbl_vn_ward (ward_id, district_id, ward_name) VALUES (22855, 586, 'X횄짙 T횄짖n H찼쨘짙i');
INSERT INTO tbl_vn_ward (ward_id, district_id, ward_name) VALUES (22858, 586, 'X횄짙 Xu횄짖n H찼쨘짙i');
INSERT INTO tbl_vn_ward (ward_id, district_id, ward_name) VALUES (22861, 586, 'X횄짙 H찼쨩혲 H찼쨘짙i');
INSERT INTO tbl_vn_ward (ward_id, district_id, ward_name) VALUES (22864, 586, 'X횄짙 Tri H찼쨘짙i');
INSERT INTO tbl_vn_ward (ward_id, district_id, ward_name) VALUES (22867, 586, 'X횄짙 Nh횈징n H찼쨘짙i');
INSERT INTO tbl_vn_ward (ward_id, district_id, ward_name) VALUES (22868, 586, 'X횄짙 Thanh H찼쨘짙i');
INSERT INTO tbl_vn_district (district_id, province_id, district_name) VALUES (587, 58, 'Huy찼쨩혝n Ninh Ph횈째찼쨩혴c');
INSERT INTO tbl_vn_ward (ward_id, district_id, ward_name) VALUES (22870, 587, 'Th찼쨩혢 tr찼쨘짜n Ph횈째찼쨩혴c D횄짖n');
INSERT INTO tbl_vn_ward (ward_id, district_id, ward_name) VALUES (22873, 587, 'X횄짙 Ph횈째찼쨩혴c S횈징n');
INSERT INTO tbl_vn_ward (ward_id, district_id, ward_name) VALUES (22876, 587, 'X횄짙 Ph횈째찼쨩혴c Th횄징i');
INSERT INTO tbl_vn_ward (ward_id, district_id, ward_name) VALUES (22879, 587, 'X횄짙 Ph횈째찼쨩혴c H찼쨘짯u');
INSERT INTO tbl_vn_ward (ward_id, district_id, ward_name) VALUES (22882, 587, 'X횄짙 Ph횈째찼쨩혴c Thu찼쨘짯n');
INSERT INTO tbl_vn_ward (ward_id, district_id, ward_name) VALUES (22888, 587, 'X횄짙 An H찼쨘짙i');
INSERT INTO tbl_vn_ward (ward_id, district_id, ward_name) VALUES (22891, 587, 'X횄짙 Ph횈째찼쨩혴c H찼쨩짱u');
INSERT INTO tbl_vn_ward (ward_id, district_id, ward_name) VALUES (22894, 587, 'X횄짙 Ph횈째찼쨩혴c H찼쨘짙i');
INSERT INTO tbl_vn_ward (ward_id, district_id, ward_name) VALUES (22912, 587, 'X횄짙 Ph횈째찼쨩혴c Vinh');
INSERT INTO tbl_vn_district (district_id, province_id, district_name) VALUES (588, 58, 'Huy찼쨩혝n Thu찼쨘짯n B찼쨘짱c');
INSERT INTO tbl_vn_ward (ward_id, district_id, ward_name) VALUES (22837, 588, 'X횄짙 Ph횈째찼쨩혴c Chi찼쨘쩔n');
INSERT INTO tbl_vn_ward (ward_id, district_id, ward_name) VALUES (22840, 588, 'X횄짙 C횄쨈ng H찼쨘짙i');
INSERT INTO tbl_vn_ward (ward_id, district_id, ward_name) VALUES (22843, 588, 'X횄짙 Ph횈째찼쨩혴c Kh횄징ng');
INSERT INTO tbl_vn_ward (ward_id, district_id, ward_name) VALUES (22849, 588, 'X횄짙 L찼쨩짙i H찼쨘짙i');
INSERT INTO tbl_vn_ward (ward_id, district_id, ward_name) VALUES (22853, 588, 'X횄짙 B찼쨘짱c S횈징n');
INSERT INTO tbl_vn_ward (ward_id, district_id, ward_name) VALUES (22856, 588, 'X횄짙 B찼쨘짱c Phong');
INSERT INTO tbl_vn_district (district_id, province_id, district_name) VALUES (589, 58, 'Huy찼쨩혝n Thu찼쨘짯n Nam');
INSERT INTO tbl_vn_ward (ward_id, district_id, ward_name) VALUES (22885, 589, 'X횄짙 Ph횈째찼쨩혴c H횄혻');
INSERT INTO tbl_vn_ward (ward_id, district_id, ward_name) VALUES (22897, 589, 'X횄짙 Ph횈째찼쨩혴c Nam');
INSERT INTO tbl_vn_ward (ward_id, district_id, ward_name) VALUES (22898, 589, 'X횄짙 Ph횈째찼쨩혴c Ninh');
INSERT INTO tbl_vn_ward (ward_id, district_id, ward_name) VALUES (22900, 589, 'X횄짙 Nh찼쨩혢 H횄혻');
INSERT INTO tbl_vn_ward (ward_id, district_id, ward_name) VALUES (22903, 589, 'X횄짙 Ph횈째찼쨩혴c Dinh');
INSERT INTO tbl_vn_ward (ward_id, district_id, ward_name) VALUES (22906, 589, 'X횄짙 Ph횈째찼쨩혴c Minh');
INSERT INTO tbl_vn_ward (ward_id, district_id, ward_name) VALUES (22909, 589, 'X횄짙 Ph횈째찼쨩혴c Di횄짧m');
INSERT INTO tbl_vn_ward (ward_id, district_id, ward_name) VALUES (22910, 589, 'X횄짙 C횄혻 N횄징');
INSERT INTO tbl_vn_province (province_id, province_name) VALUES (60, 'T찼쨩혟nh B횄짭nh Thu찼쨘짯n');
INSERT INTO tbl_vn_district (district_id, province_id, district_name) VALUES (593, 60, 'Th횄혻nh ph찼쨩혩 Phan Thi찼쨘쩔t');
INSERT INTO tbl_vn_ward (ward_id, district_id, ward_name) VALUES (22915, 593, 'Ph횈째찼쨩혶ng M횇짤i N횄짤');
INSERT INTO tbl_vn_ward (ward_id, district_id, ward_name) VALUES (22918, 593, 'Ph횈째찼쨩혶ng H횄혻m Ti찼쨘쩔n');
INSERT INTO tbl_vn_ward (ward_id, district_id, ward_name) VALUES (22921, 593, 'Ph횈째찼쨩혶ng Ph횄쨘 H횄혻i');
INSERT INTO tbl_vn_ward (ward_id, district_id, ward_name) VALUES (22924, 593, 'Ph횈째찼쨩혶ng Ph횄쨘 Th찼쨩짠y');
INSERT INTO tbl_vn_ward (ward_id, district_id, ward_name) VALUES (22927, 593, 'Ph횈째찼쨩혶ng Ph횄쨘 T횄혻i');
INSERT INTO tbl_vn_ward (ward_id, district_id, ward_name) VALUES (22930, 593, 'Ph횈째찼쨩혶ng Ph횄쨘 Trinh');
INSERT INTO tbl_vn_ward (ward_id, district_id, ward_name) VALUES (22933, 593, 'Ph횈째찼쨩혶ng Xu횄짖n An');
INSERT INTO tbl_vn_ward (ward_id, district_id, ward_name) VALUES (22936, 593, 'Ph횈째찼쨩혶ng Thanh H찼쨘짙i');
INSERT INTO tbl_vn_ward (ward_id, district_id, ward_name) VALUES (22945, 593, 'Ph횈째찼쨩혶ng L찼쨘징c 횆혨찼쨘징o');
INSERT INTO tbl_vn_ward (ward_id, district_id, ward_name) VALUES (22951, 593, 'Ph횈째찼쨩혶ng B횄짭nh H횈째ng');
INSERT INTO tbl_vn_ward (ward_id, district_id, ward_name) VALUES (22954, 593, 'Ph횈째찼쨩혶ng 횆혨찼쨩짤c Long');
INSERT INTO tbl_vn_ward (ward_id, district_id, ward_name) VALUES (22957, 593, 'X횄짙 Thi찼쨩혝n Nghi찼쨩혝p');
INSERT INTO tbl_vn_ward (ward_id, district_id, ward_name) VALUES (22960, 593, 'X횄짙 Phong N찼쨘짬m');
INSERT INTO tbl_vn_ward (ward_id, district_id, ward_name) VALUES (22963, 593, 'X횄짙 Ti찼쨘쩔n L찼쨩짙i');
INSERT INTO tbl_vn_ward (ward_id, district_id, ward_name) VALUES (22966, 593, 'X횄짙 Ti찼쨘쩔n Th횄혻nh');
INSERT INTO tbl_vn_district (district_id, province_id, district_name) VALUES (594, 60, 'Th찼쨩혢 x횄짙 La Gi');
INSERT INTO tbl_vn_ward (ward_id, district_id, ward_name) VALUES (23231, 594, 'Ph횈째찼쨩혶ng Ph횈째찼쨩혴c H찼쨩혲i');
INSERT INTO tbl_vn_ward (ward_id, district_id, ward_name) VALUES (23232, 594, 'Ph횈째찼쨩혶ng Ph횈째찼쨩혴c L찼쨩혲c');
INSERT INTO tbl_vn_ward (ward_id, district_id, ward_name) VALUES (23234, 594, 'Ph횈째찼쨩혶ng T횄짖n Thi찼쨩혝n');
INSERT INTO tbl_vn_ward (ward_id, district_id, ward_name) VALUES (23235, 594, 'Ph횈째찼쨩혶ng T횄짖n An');
INSERT INTO tbl_vn_ward (ward_id, district_id, ward_name) VALUES (23237, 594, 'Ph횈째찼쨩혶ng B횄짭nh T횄짖n');
INSERT INTO tbl_vn_ward (ward_id, district_id, ward_name) VALUES (23245, 594, 'X횄짙 T횄짖n H찼쨘짙i');
INSERT INTO tbl_vn_ward (ward_id, district_id, ward_name) VALUES (23246, 594, 'X횄짙 T횄짖n Ti찼쨘쩔n');
INSERT INTO tbl_vn_ward (ward_id, district_id, ward_name) VALUES (23248, 594, 'X횄짙 T횄짖n B횄짭nh');
INSERT INTO tbl_vn_ward (ward_id, district_id, ward_name) VALUES (23268, 594, 'X횄짙 T횄짖n Ph횈째찼쨩혴c');
INSERT INTO tbl_vn_district (district_id, province_id, district_name) VALUES (595, 60, 'Huy찼쨩혝n Tuy Phong');
INSERT INTO tbl_vn_ward (ward_id, district_id, ward_name) VALUES (22969, 595, 'Th찼쨩혢 tr찼쨘짜n Li횄짧n H횈째횈징ng');
INSERT INTO tbl_vn_ward (ward_id, district_id, ward_name) VALUES (22972, 595, 'Th찼쨩혢 tr찼쨘짜n Phan R횄짯 C찼쨩짯a');
INSERT INTO tbl_vn_ward (ward_id, district_id, ward_name) VALUES (22975, 595, 'X횄짙 Phan D횇짤ng');
INSERT INTO tbl_vn_ward (ward_id, district_id, ward_name) VALUES (22978, 595, 'X횄짙 Phong Ph횄쨘');
INSERT INTO tbl_vn_ward (ward_id, district_id, ward_name) VALUES (22981, 595, 'X횄짙 V횆짤nh H찼쨘짙o');
INSERT INTO tbl_vn_ward (ward_id, district_id, ward_name) VALUES (22984, 595, 'X횄짙 V횆짤nh T횄짖n');
INSERT INTO tbl_vn_ward (ward_id, district_id, ward_name) VALUES (22987, 595, 'X횄짙 Ph횄쨘 L찼쨘징c');
INSERT INTO tbl_vn_ward (ward_id, district_id, ward_name) VALUES (22990, 595, 'X횄짙 Ph횈째찼쨩혴c Th찼쨩혘');
INSERT INTO tbl_vn_ward (ward_id, district_id, ward_name) VALUES (22993, 595, 'X횄짙 H횄짼a Minh');
INSERT INTO tbl_vn_ward (ward_id, district_id, ward_name) VALUES (22996, 595, 'X횄짙 Ch횄짯 C횄쨈ng');
INSERT INTO tbl_vn_ward (ward_id, district_id, ward_name) VALUES (22999, 595, 'X횄짙 B횄짭nh Th찼쨘징nh');
INSERT INTO tbl_vn_district (district_id, province_id, district_name) VALUES (596, 60, 'Huy찼쨩혝n B찼쨘짱c B횄짭nh');
INSERT INTO tbl_vn_ward (ward_id, district_id, ward_name) VALUES (23005, 596, 'Th찼쨩혢 tr찼쨘짜n Ch찼쨩짙 L찼쨘짠u');
INSERT INTO tbl_vn_ward (ward_id, district_id, ward_name) VALUES (23008, 596, 'X횄짙 Phan S횈징n');
INSERT INTO tbl_vn_ward (ward_id, district_id, ward_name) VALUES (23011, 596, 'X횄짙 Phan L횄짖m');
INSERT INTO tbl_vn_ward (ward_id, district_id, ward_name) VALUES (23014, 596, 'X횄짙 B횄짭nh An');
INSERT INTO tbl_vn_ward (ward_id, district_id, ward_name) VALUES (23017, 596, 'X횄짙 Phan 횆혨i찼쨩혖n');
INSERT INTO tbl_vn_ward (ward_id, district_id, ward_name) VALUES (23020, 596, 'X횄짙 H찼쨘짙i Ninh');
INSERT INTO tbl_vn_ward (ward_id, district_id, ward_name) VALUES (23023, 596, 'X횄짙 S횄쨈ng L횇짤y');
INSERT INTO tbl_vn_ward (ward_id, district_id, ward_name) VALUES (23026, 596, 'X횄짙 Phan Ti찼쨘쩔n');
INSERT INTO tbl_vn_ward (ward_id, district_id, ward_name) VALUES (23029, 596, 'X횄짙 S횄쨈ng B횄짭nh');
INSERT INTO tbl_vn_ward (ward_id, district_id, ward_name) VALUES (23032, 596, 'Th찼쨩혢 tr찼쨘짜n L횈째횈징ng S횈징n');
INSERT INTO tbl_vn_ward (ward_id, district_id, ward_name) VALUES (23035, 596, 'X횄짙 Phan H횄짼a');
INSERT INTO tbl_vn_ward (ward_id, district_id, ward_name) VALUES (23038, 596, 'X횄짙 Phan Thanh');
INSERT INTO tbl_vn_ward (ward_id, district_id, ward_name) VALUES (23041, 596, 'X횄짙 H찼쨩혫ng Th횄징i');
INSERT INTO tbl_vn_ward (ward_id, district_id, ward_name) VALUES (23044, 596, 'X횄짙 Phan Hi찼쨩혝p');
INSERT INTO tbl_vn_ward (ward_id, district_id, ward_name) VALUES (23047, 596, 'X횄짙 B횄짭nh T횄짖n');
INSERT INTO tbl_vn_ward (ward_id, district_id, ward_name) VALUES (23050, 596, 'X횄짙 Phan R횄짯 Th횄혻nh');
INSERT INTO tbl_vn_ward (ward_id, district_id, ward_name) VALUES (23053, 596, 'X횄짙 H횄짼a Th찼쨘짱ng');
INSERT INTO tbl_vn_ward (ward_id, district_id, ward_name) VALUES (23056, 596, 'X횄짙 H찼쨩혫ng Phong');
INSERT INTO tbl_vn_district (district_id, province_id, district_name) VALUES (597, 60, 'Huy찼쨩혝n H횄혻m Thu찼쨘짯n B찼쨘짱c');
INSERT INTO tbl_vn_ward (ward_id, district_id, ward_name) VALUES (23059, 597, 'Th찼쨩혢 tr찼쨘짜n Ma L횄짖m');
INSERT INTO tbl_vn_ward (ward_id, district_id, ward_name) VALUES (23062, 597, 'Th찼쨩혢 tr찼쨘짜n Ph횄쨘 Long');
INSERT INTO tbl_vn_ward (ward_id, district_id, ward_name) VALUES (23065, 597, 'X횄짙 La D찼쨘징');
INSERT INTO tbl_vn_ward (ward_id, district_id, ward_name) VALUES (23068, 597, 'X횄짙 횆혨횄쨈ng Ti찼쨘쩔n');
INSERT INTO tbl_vn_ward (ward_id, district_id, ward_name) VALUES (23071, 597, 'X횄짙 Thu찼쨘짯n H횄짼a');
INSERT INTO tbl_vn_ward (ward_id, district_id, ward_name) VALUES (23074, 597, 'X횄짙 횆혨횄쨈ng Giang');
INSERT INTO tbl_vn_ward (ward_id, district_id, ward_name) VALUES (23077, 597, 'X횄짙 H횄혻m Ph횄쨘');
INSERT INTO tbl_vn_ward (ward_id, district_id, ward_name) VALUES (23080, 597, 'X횄짙 H찼쨩혫ng Li횄짧m');
INSERT INTO tbl_vn_ward (ward_id, district_id, ward_name) VALUES (23083, 597, 'X횄짙 Thu찼쨘짯n Minh');
INSERT INTO tbl_vn_ward (ward_id, district_id, ward_name) VALUES (23086, 597, 'X횄짙 H찼쨩혫ng S횈징n');
INSERT INTO tbl_vn_ward (ward_id, district_id, ward_name) VALUES (23089, 597, 'X횄짙 H횄혻m Tr횄짯');
INSERT INTO tbl_vn_ward (ward_id, district_id, ward_name) VALUES (23092, 597, 'X횄짙 H횄혻m 횆혨찼쨩짤c');
INSERT INTO tbl_vn_ward (ward_id, district_id, ward_name) VALUES (23095, 597, 'X횄짙 H횄혻m Li횄짧m');
INSERT INTO tbl_vn_ward (ward_id, district_id, ward_name) VALUES (23098, 597, 'X횄짙 H횄혻m Ch횄짯nh');
INSERT INTO tbl_vn_ward (ward_id, district_id, ward_name) VALUES (23101, 597, 'X횄짙 H횄혻m Hi찼쨩혝p');
INSERT INTO tbl_vn_ward (ward_id, district_id, ward_name) VALUES (23104, 597, 'X횄짙 H횄혻m Th찼쨘짱ng');
INSERT INTO tbl_vn_ward (ward_id, district_id, ward_name) VALUES (23107, 597, 'X횄짙 횆혨a Mi');
INSERT INTO tbl_vn_district (district_id, province_id, district_name) VALUES (598, 60, 'Huy찼쨩혝n H횄혻m Thu찼쨘짯n Nam');
INSERT INTO tbl_vn_ward (ward_id, district_id, ward_name) VALUES (23110, 598, 'Th찼쨩혢 tr찼쨘짜n Thu찼쨘짯n Nam');
INSERT INTO tbl_vn_ward (ward_id, district_id, ward_name) VALUES (23113, 598, 'X횄짙 M찼쨩쨔 Th찼쨘징nh');
INSERT INTO tbl_vn_ward (ward_id, district_id, ward_name) VALUES (23116, 598, 'X횄짙 H횄혻m C찼쨘짠n');
INSERT INTO tbl_vn_ward (ward_id, district_id, ward_name) VALUES (23119, 598, 'X횄짙 M횈째횈징ng M횄징n');
INSERT INTO tbl_vn_ward (ward_id, district_id, ward_name) VALUES (23122, 598, 'X횄짙 H횄혻m Th찼쨘징nh');
INSERT INTO tbl_vn_ward (ward_id, district_id, ward_name) VALUES (23125, 598, 'X횄짙 H횄혻m Ki찼쨩혝m');
INSERT INTO tbl_vn_ward (ward_id, district_id, ward_name) VALUES (23128, 598, 'X횄짙 H횄혻m C횈째찼쨩혶ng');
INSERT INTO tbl_vn_ward (ward_id, district_id, ward_name) VALUES (23131, 598, 'X횄짙 H횄혻m M찼쨩쨔');
INSERT INTO tbl_vn_ward (ward_id, district_id, ward_name) VALUES (23134, 598, 'X횄짙 T횄짖n L찼쨘짯p');
INSERT INTO tbl_vn_ward (ward_id, district_id, ward_name) VALUES (23137, 598, 'X횄짙 H횄혻m Minh');
INSERT INTO tbl_vn_ward (ward_id, district_id, ward_name) VALUES (23140, 598, 'X횄짙 Thu찼쨘짯n Qu횄짯');
INSERT INTO tbl_vn_ward (ward_id, district_id, ward_name) VALUES (23143, 598, 'X횄짙 T횄짖n Thu찼쨘짯n');
INSERT INTO tbl_vn_ward (ward_id, district_id, ward_name) VALUES (23146, 598, 'X횄짙 T횄짖n Th횄혻nh');
INSERT INTO tbl_vn_district (district_id, province_id, district_name) VALUES (599, 60, 'Huy찼쨩혝n T횄징nh Linh');
INSERT INTO tbl_vn_ward (ward_id, district_id, ward_name) VALUES (23149, 599, 'Th찼쨩혢 tr찼쨘짜n L찼쨘징c T횄징nh');
INSERT INTO tbl_vn_ward (ward_id, district_id, ward_name) VALUES (23152, 599, 'X횄짙 B찼쨘짱c Ru찼쨩혲ng');
INSERT INTO tbl_vn_ward (ward_id, district_id, ward_name) VALUES (23158, 599, 'X횄짙 Ngh찼쨩혢 횆혨찼쨩짤c');
INSERT INTO tbl_vn_ward (ward_id, district_id, ward_name) VALUES (23161, 599, 'X횄짙 La Ng횄짖u');
INSERT INTO tbl_vn_ward (ward_id, district_id, ward_name) VALUES (23164, 599, 'X횄짙 Huy Khi횄짧m');
INSERT INTO tbl_vn_ward (ward_id, district_id, ward_name) VALUES (23167, 599, 'X횄짙 M횆혘ng T찼쨩혩');
INSERT INTO tbl_vn_ward (ward_id, district_id, ward_name) VALUES (23170, 599, 'X횄짙 횆혨찼쨩짤c Ph횄쨘');
INSERT INTO tbl_vn_ward (ward_id, district_id, ward_name) VALUES (23173, 599, 'X횄짙 횆혨찼쨩혫ng Kho');
INSERT INTO tbl_vn_ward (ward_id, district_id, ward_name) VALUES (23176, 599, 'X횄짙 Gia An');
INSERT INTO tbl_vn_ward (ward_id, district_id, ward_name) VALUES (23179, 599, 'X횄짙 횆혨찼쨩짤c B횄짭nh');
INSERT INTO tbl_vn_ward (ward_id, district_id, ward_name) VALUES (23182, 599, 'X횄짙 Gia Huynh');
INSERT INTO tbl_vn_ward (ward_id, district_id, ward_name) VALUES (23185, 599, 'X횄짙 횆혨찼쨩짤c Thu찼쨘짯n');
INSERT INTO tbl_vn_ward (ward_id, district_id, ward_name) VALUES (23188, 599, 'X횄짙 Su찼쨩혩i Ki찼쨘쩔t');
INSERT INTO tbl_vn_district (district_id, province_id, district_name) VALUES (600, 60, 'Huy찼쨩혝n 횆혨찼쨩짤c Linh');
INSERT INTO tbl_vn_ward (ward_id, district_id, ward_name) VALUES (23191, 600, 'Th찼쨩혢 tr찼쨘짜n V횄쨉 Xu');
INSERT INTO tbl_vn_ward (ward_id, district_id, ward_name) VALUES (23194, 600, 'Th찼쨩혢 tr찼쨘짜n 횆혨찼쨩짤c T횄혻i');
INSERT INTO tbl_vn_ward (ward_id, district_id, ward_name) VALUES (23197, 600, 'X횄짙 횆혨a Kai');
INSERT INTO tbl_vn_ward (ward_id, district_id, ward_name) VALUES (23200, 600, 'X횄짙 S횄쨔ng Nh횈징n');
INSERT INTO tbl_vn_ward (ward_id, district_id, ward_name) VALUES (23203, 600, 'X횄짙 M횄짧 Pu');
INSERT INTO tbl_vn_ward (ward_id, district_id, ward_name) VALUES (23206, 600, 'X횄짙 Nam Ch횄짯nh');
INSERT INTO tbl_vn_ward (ward_id, district_id, ward_name) VALUES (23212, 600, 'X횄짙 횆혨찼쨩짤c H찼쨘징nh');
INSERT INTO tbl_vn_ward (ward_id, district_id, ward_name) VALUES (23215, 600, 'X횄짙 횆혨찼쨩짤c T횄짯n');
INSERT INTO tbl_vn_ward (ward_id, district_id, ward_name) VALUES (23218, 600, 'X횄짙 V횇짤 Ho횄혻');
INSERT INTO tbl_vn_ward (ward_id, district_id, ward_name) VALUES (23221, 600, 'X횄짙 T횄짖n H횄혻');
INSERT INTO tbl_vn_ward (ward_id, district_id, ward_name) VALUES (23224, 600, 'X횄짙 횆혨횄쨈ng H횄혻');
INSERT INTO tbl_vn_ward (ward_id, district_id, ward_name) VALUES (23227, 600, 'X횄짙 Tr횄혻 T횄짖n');
INSERT INTO tbl_vn_district (district_id, province_id, district_name) VALUES (601, 60, 'Huy찼쨩혝n H횄혻m T횄짖n');
INSERT INTO tbl_vn_ward (ward_id, district_id, ward_name) VALUES (23230, 601, 'Th찼쨩혢 tr찼쨘짜n T횄짖n Minh');
INSERT INTO tbl_vn_ward (ward_id, district_id, ward_name) VALUES (23236, 601, 'Th찼쨩혢 tr찼쨘짜n T횄짖n Ngh횆짤a');
INSERT INTO tbl_vn_ward (ward_id, district_id, ward_name) VALUES (23239, 601, 'X횄짙 S횄쨈ng Phan');
INSERT INTO tbl_vn_ward (ward_id, district_id, ward_name) VALUES (23242, 601, 'X횄짙 T횄짖n Ph횄쨘c');
INSERT INTO tbl_vn_ward (ward_id, district_id, ward_name) VALUES (23251, 601, 'X횄짙 T횄짖n 횆혨찼쨩짤c');
INSERT INTO tbl_vn_ward (ward_id, district_id, ward_name) VALUES (23254, 601, 'X횄짙 T횄짖n Th찼쨘짱ng');
INSERT INTO tbl_vn_ward (ward_id, district_id, ward_name) VALUES (23255, 601, 'X횄짙 Th찼쨘짱ng H찼쨘짙i');
INSERT INTO tbl_vn_ward (ward_id, district_id, ward_name) VALUES (23257, 601, 'X횄짙 T횄짖n H횄혻');
INSERT INTO tbl_vn_ward (ward_id, district_id, ward_name) VALUES (23260, 601, 'X횄짙 T횄짖n Xu횄짖n');
INSERT INTO tbl_vn_ward (ward_id, district_id, ward_name) VALUES (23266, 601, 'X횄짙 S횈징n M찼쨩쨔');
INSERT INTO tbl_vn_district (district_id, province_id, district_name) VALUES (602, 60, 'Huy찼쨩혝n Ph횄쨘 Qu횄짯');
INSERT INTO tbl_vn_ward (ward_id, district_id, ward_name) VALUES (23272, 602, 'X횄짙 Ng횇짤 Ph찼쨩짜ng');
INSERT INTO tbl_vn_ward (ward_id, district_id, ward_name) VALUES (23275, 602, 'X횄짙 Long H찼쨘짙i');
INSERT INTO tbl_vn_ward (ward_id, district_id, ward_name) VALUES (23278, 602, 'X횄짙 Tam Thanh');
INSERT INTO tbl_vn_province (province_id, province_name) VALUES (62, 'T찼쨩혟nh Kon Tum');
INSERT INTO tbl_vn_district (district_id, province_id, district_name) VALUES (608, 62, 'Th횄혻nh ph찼쨩혩 Kon Tum');
INSERT INTO tbl_vn_ward (ward_id, district_id, ward_name) VALUES (23281, 608, 'Ph횈째찼쨩혶ng Quang Trung');
INSERT INTO tbl_vn_ward (ward_id, district_id, ward_name) VALUES (23284, 608, 'Ph횈째찼쨩혶ng Duy T횄짖n');
INSERT INTO tbl_vn_ward (ward_id, district_id, ward_name) VALUES (23287, 608, 'Ph횈째찼쨩혶ng Quy찼쨘쩔t Th찼쨘짱ng');
INSERT INTO tbl_vn_ward (ward_id, district_id, ward_name) VALUES (23290, 608, 'Ph횈째찼쨩혶ng Tr횈째찼쨩혶ng Chinh');
INSERT INTO tbl_vn_ward (ward_id, district_id, ward_name) VALUES (23293, 608, 'Ph횈째찼쨩혶ng Th찼쨘짱ng L찼쨩짙i');
INSERT INTO tbl_vn_ward (ward_id, district_id, ward_name) VALUES (23296, 608, 'Ph횈째찼쨩혶ng Ng횄쨈 M횄짖y');
INSERT INTO tbl_vn_ward (ward_id, district_id, ward_name) VALUES (23299, 608, 'Ph횈째찼쨩혶ng Th찼쨩혩ng Nh찼쨘짜t');
INSERT INTO tbl_vn_ward (ward_id, district_id, ward_name) VALUES (23302, 608, 'Ph횈째찼쨩혶ng L횄짧 L찼쨩짙i');
INSERT INTO tbl_vn_ward (ward_id, district_id, ward_name) VALUES (23305, 608, 'Ph횈째찼쨩혶ng Nguy찼쨩혚n Tr횄짙i');
INSERT INTO tbl_vn_ward (ward_id, district_id, ward_name) VALUES (23308, 608, 'Ph횈째찼쨩혶ng Tr찼쨘짠n H횈째ng 횆혨찼쨘징o');
INSERT INTO tbl_vn_ward (ward_id, district_id, ward_name) VALUES (23311, 608, 'X횄짙 횆혨찼쨘짱k C찼쨘짜m');
INSERT INTO tbl_vn_ward (ward_id, district_id, ward_name) VALUES (23314, 608, 'X횄짙 Kroong');
INSERT INTO tbl_vn_ward (ward_id, district_id, ward_name) VALUES (23317, 608, 'X횄짙 Ng찼쨩혥k Bay');
INSERT INTO tbl_vn_ward (ward_id, district_id, ward_name) VALUES (23320, 608, 'X횄짙 Vinh Quang');
INSERT INTO tbl_vn_ward (ward_id, district_id, ward_name) VALUES (23323, 608, 'X횄짙 횆혨찼쨘짱k Bl횄혻');
INSERT INTO tbl_vn_ward (ward_id, district_id, ward_name) VALUES (23326, 608, 'X횄짙 Ia Chim');
INSERT INTO tbl_vn_ward (ward_id, district_id, ward_name) VALUES (23327, 608, 'X횄짙 횆혨횆혘k N횆혘ng');
INSERT INTO tbl_vn_ward (ward_id, district_id, ward_name) VALUES (23329, 608, 'X횄짙 횆혨o횄혻n K찼쨘쩔t');
INSERT INTO tbl_vn_ward (ward_id, district_id, ward_name) VALUES (23332, 608, 'X횄짙 Ch횈째 Hreng');
INSERT INTO tbl_vn_ward (ward_id, district_id, ward_name) VALUES (23335, 608, 'X횄짙 횆혨찼쨘짱k R횈징 Wa');
INSERT INTO tbl_vn_ward (ward_id, district_id, ward_name) VALUES (23338, 608, 'X횄짙 H횄짼a B횄짭nh');
INSERT INTO tbl_vn_district (district_id, province_id, district_name) VALUES (610, 62, 'Huy찼쨩혝n 횆혨찼쨘짱k Glei');
INSERT INTO tbl_vn_ward (ward_id, district_id, ward_name) VALUES (23341, 610, 'Th찼쨩혢 tr찼쨘짜n 횆혨찼쨘짱k Glei');
INSERT INTO tbl_vn_ward (ward_id, district_id, ward_name) VALUES (23344, 610, 'X횄짙 횆혨찼쨘짱k Bl횄쨈');
INSERT INTO tbl_vn_ward (ward_id, district_id, ward_name) VALUES (23347, 610, 'X횄짙 횆혨찼쨘짱k Man');
INSERT INTO tbl_vn_ward (ward_id, district_id, ward_name) VALUES (23350, 610, 'X횄짙 횆혨찼쨘짱k Nhoong');
INSERT INTO tbl_vn_ward (ward_id, district_id, ward_name) VALUES (23353, 610, 'X횄짙 횆혨찼쨘짱k P횄짤k');
INSERT INTO tbl_vn_ward (ward_id, district_id, ward_name) VALUES (23356, 610, 'X횄짙 횆혨찼쨘짱k Choong');
INSERT INTO tbl_vn_ward (ward_id, district_id, ward_name) VALUES (23359, 610, 'X횄짙 X찼쨩혩p');
INSERT INTO tbl_vn_ward (ward_id, district_id, ward_name) VALUES (23362, 610, 'X횄짙 M횈째찼쨩혶ng Hoong');
INSERT INTO tbl_vn_ward (ward_id, district_id, ward_name) VALUES (23365, 610, 'X횄짙 Ng찼쨩혥c Linh');
INSERT INTO tbl_vn_ward (ward_id, district_id, ward_name) VALUES (23368, 610, 'X횄짙 횆혨찼쨘짱k Long');
INSERT INTO tbl_vn_ward (ward_id, district_id, ward_name) VALUES (23371, 610, 'X횄짙 횆혨찼쨘짱k KRoong');
INSERT INTO tbl_vn_ward (ward_id, district_id, ward_name) VALUES (23374, 610, 'X횄짙 횆혨찼쨘짱k M횄쨈n');
INSERT INTO tbl_vn_district (district_id, province_id, district_name) VALUES (611, 62, 'Huy찼쨩혝n Ng찼쨩혥c H찼쨩혫i');
INSERT INTO tbl_vn_ward (ward_id, district_id, ward_name) VALUES (23377, 611, 'Th찼쨩혢 tr찼쨘짜n Plei K찼쨘짠n');
INSERT INTO tbl_vn_ward (ward_id, district_id, ward_name) VALUES (23380, 611, 'X횄짙 횆혨찼쨘짱k Ang');
INSERT INTO tbl_vn_ward (ward_id, district_id, ward_name) VALUES (23383, 611, 'X횄짙 횆혨찼쨘짱k D찼쨩짜c');
INSERT INTO tbl_vn_ward (ward_id, district_id, ward_name) VALUES (23386, 611, 'X횄짙 횆혨찼쨘짱k N횄쨈ng');
INSERT INTO tbl_vn_ward (ward_id, district_id, ward_name) VALUES (23389, 611, 'X횄짙 횆혨찼쨘짱k X횄쨘');
INSERT INTO tbl_vn_ward (ward_id, district_id, ward_name) VALUES (23392, 611, 'X횄짙 횆혨찼쨘짱k Kan');
INSERT INTO tbl_vn_ward (ward_id, district_id, ward_name) VALUES (23395, 611, 'X횄짙 B찼쨩혶 Y');
INSERT INTO tbl_vn_ward (ward_id, district_id, ward_name) VALUES (23398, 611, 'X횄짙 Sa Loong');
INSERT INTO tbl_vn_district (district_id, province_id, district_name) VALUES (612, 62, 'Huy찼쨩혝n 횆혨찼쨘짱k T횄쨈');
INSERT INTO tbl_vn_ward (ward_id, district_id, ward_name) VALUES (23401, 612, 'Th찼쨩혢 tr찼쨘짜n 횆혨찼쨘짱k T횄쨈');
INSERT INTO tbl_vn_ward (ward_id, district_id, ward_name) VALUES (23427, 612, 'X횄짙 횆혨찼쨘짱k R횈징 Nga');
INSERT INTO tbl_vn_ward (ward_id, district_id, ward_name) VALUES (23428, 612, 'X횄짙 Ng찼쨩혥k T찼쨩짜');
INSERT INTO tbl_vn_ward (ward_id, district_id, ward_name) VALUES (23430, 612, 'X횄짙 횆혨찼쨘짱k Tr횆혘m');
INSERT INTO tbl_vn_ward (ward_id, district_id, ward_name) VALUES (23431, 612, 'X횄짙 V횆혘n Lem');
INSERT INTO tbl_vn_ward (ward_id, district_id, ward_name) VALUES (23434, 612, 'X횄짙 Kon 횆혨횄혻o');
INSERT INTO tbl_vn_ward (ward_id, district_id, ward_name) VALUES (23437, 612, 'X횄짙 T횄짖n C찼쨘짙nh');
INSERT INTO tbl_vn_ward (ward_id, district_id, ward_name) VALUES (23440, 612, 'X횄짙 Di횄짧n B횄짭nh');
INSERT INTO tbl_vn_ward (ward_id, district_id, ward_name) VALUES (23443, 612, 'X횄짙 P횄쨈 K횄쨈');
INSERT INTO tbl_vn_district (district_id, province_id, district_name) VALUES (613, 62, 'Huy찼쨩혝n Kon Pl횄쨈ng');
INSERT INTO tbl_vn_ward (ward_id, district_id, ward_name) VALUES (23452, 613, 'X횄짙 횆혨찼쨘짱k N횄짧n');
INSERT INTO tbl_vn_ward (ward_id, district_id, ward_name) VALUES (23455, 613, 'X횄짙 횆혨찼쨘짱k Ring');
INSERT INTO tbl_vn_ward (ward_id, district_id, ward_name) VALUES (23458, 613, 'X횄짙 M횆혘ng Buk');
INSERT INTO tbl_vn_ward (ward_id, district_id, ward_name) VALUES (23461, 613, 'X횄짙 횆혨찼쨘짱k T횆혘ng');
INSERT INTO tbl_vn_ward (ward_id, district_id, ward_name) VALUES (23464, 613, 'X횄짙 Ngok Tem');
INSERT INTO tbl_vn_ward (ward_id, district_id, ward_name) VALUES (23467, 613, 'X횄짙 P찼쨩혶 횄혡');
INSERT INTO tbl_vn_ward (ward_id, district_id, ward_name) VALUES (23470, 613, 'X횄짙 M횆혘ng C횄혻nh');
INSERT INTO tbl_vn_ward (ward_id, district_id, ward_name) VALUES (23473, 613, 'Th찼쨩혢 tr찼쨘짜n M횆혘ng 횆혨en');
INSERT INTO tbl_vn_ward (ward_id, district_id, ward_name) VALUES (23476, 613, 'X횄짙 Hi찼쨘쩔u');
INSERT INTO tbl_vn_district (district_id, province_id, district_name) VALUES (614, 62, 'Huy찼쨩혝n Kon R찼쨘짬y');
INSERT INTO tbl_vn_ward (ward_id, district_id, ward_name) VALUES (23479, 614, 'Th찼쨩혢 tr찼쨘짜n 횆혨찼쨘짱k Rve');
INSERT INTO tbl_vn_ward (ward_id, district_id, ward_name) VALUES (23482, 614, 'X횄짙 횆혨찼쨘짱k K횄쨈i');
INSERT INTO tbl_vn_ward (ward_id, district_id, ward_name) VALUES (23485, 614, 'X횄짙 횆혨찼쨘짱k T횈징 Lung');
INSERT INTO tbl_vn_ward (ward_id, district_id, ward_name) VALUES (23488, 614, 'X횄짙 횆혨찼쨘짱k Ru찼쨩혫ng');
INSERT INTO tbl_vn_ward (ward_id, district_id, ward_name) VALUES (23491, 614, 'X횄짙 횆혨찼쨘짱k Pne');
INSERT INTO tbl_vn_ward (ward_id, district_id, ward_name) VALUES (23494, 614, 'X횄짙 횆혨찼쨘짱k T찼쨩혶 Re');
INSERT INTO tbl_vn_ward (ward_id, district_id, ward_name) VALUES (23497, 614, 'X횄짙 T횄짖n L찼쨘짯p');
INSERT INTO tbl_vn_district (district_id, province_id, district_name) VALUES (615, 62, 'Huy찼쨩혝n 횆혨찼쨘짱k H횄혻');
INSERT INTO tbl_vn_ward (ward_id, district_id, ward_name) VALUES (23500, 615, 'Th찼쨩혢 tr찼쨘짜n 횆혨찼쨘짱k H횄혻');
INSERT INTO tbl_vn_ward (ward_id, district_id, ward_name) VALUES (23503, 615, 'X횄짙 횆혨찼쨘짱k PXi');
INSERT INTO tbl_vn_ward (ward_id, district_id, ward_name) VALUES (23504, 615, 'X횄짙 횆혨횆혘k Long');
INSERT INTO tbl_vn_ward (ward_id, district_id, ward_name) VALUES (23506, 615, 'X횄짙 횆혨찼쨘짱k HRing');
INSERT INTO tbl_vn_ward (ward_id, district_id, ward_name) VALUES (23509, 615, 'X횄짙 횆혨찼쨘짱k Ui');
INSERT INTO tbl_vn_ward (ward_id, district_id, ward_name) VALUES (23510, 615, 'X횄짙 횆혨횆혘k Ng찼쨩혥k');
INSERT INTO tbl_vn_ward (ward_id, district_id, ward_name) VALUES (23512, 615, 'X횄짙 횆혨찼쨘짱k Mar');
INSERT INTO tbl_vn_ward (ward_id, district_id, ward_name) VALUES (23515, 615, 'X횄짙 Ngok Wang');
INSERT INTO tbl_vn_ward (ward_id, district_id, ward_name) VALUES (23518, 615, 'X횄짙 Ngok R횄짤o');
INSERT INTO tbl_vn_ward (ward_id, district_id, ward_name) VALUES (23521, 615, 'X횄짙 H횄혻 M횄짼n');
INSERT INTO tbl_vn_ward (ward_id, district_id, ward_name) VALUES (23524, 615, 'X횄짙 횆혨찼쨘짱k La');
INSERT INTO tbl_vn_district (district_id, province_id, district_name) VALUES (616, 62, 'Huy찼쨩혝n Sa Th찼쨘짠y');
INSERT INTO tbl_vn_ward (ward_id, district_id, ward_name) VALUES (23527, 616, 'Th찼쨩혢 tr찼쨘짜n Sa Th찼쨘짠y');
INSERT INTO tbl_vn_ward (ward_id, district_id, ward_name) VALUES (23530, 616, 'X횄짙 R횈징 K횈징i');
INSERT INTO tbl_vn_ward (ward_id, district_id, ward_name) VALUES (23533, 616, 'X횄짙 Sa Nh횈징n');
INSERT INTO tbl_vn_ward (ward_id, district_id, ward_name) VALUES (23534, 616, 'X횄짙 H횈징 Moong');
INSERT INTO tbl_vn_ward (ward_id, district_id, ward_name) VALUES (23536, 616, 'X횄짙 M횄쨈 Rai');
INSERT INTO tbl_vn_ward (ward_id, district_id, ward_name) VALUES (23539, 616, 'X횄짙 Sa S횈징n');
INSERT INTO tbl_vn_ward (ward_id, district_id, ward_name) VALUES (23542, 616, 'X횄짙 Sa Ngh횆짤a');
INSERT INTO tbl_vn_ward (ward_id, district_id, ward_name) VALUES (23545, 616, 'X횄짙 Sa B횄짭nh');
INSERT INTO tbl_vn_ward (ward_id, district_id, ward_name) VALUES (23548, 616, 'X횄짙 Ya Xi횄짧r');
INSERT INTO tbl_vn_ward (ward_id, district_id, ward_name) VALUES (23551, 616, 'X횄짙 Ya T횆혘ng');
INSERT INTO tbl_vn_ward (ward_id, district_id, ward_name) VALUES (23554, 616, 'X횄짙 Ya ly');
INSERT INTO tbl_vn_district (district_id, province_id, district_name) VALUES (617, 62, 'Huy찼쨩혝n Tu M횈징 R횄쨈ng');
INSERT INTO tbl_vn_ward (ward_id, district_id, ward_name) VALUES (23404, 617, 'X횄짙 Ng찼쨩혥c L횄짖y');
INSERT INTO tbl_vn_ward (ward_id, district_id, ward_name) VALUES (23407, 617, 'X횄짙 횆혨찼쨘짱k Na');
INSERT INTO tbl_vn_ward (ward_id, district_id, ward_name) VALUES (23410, 617, 'X횄짙 M횆혘ng Ri');
INSERT INTO tbl_vn_ward (ward_id, district_id, ward_name) VALUES (23413, 617, 'X횄짙 Ng찼쨩혥c Y횄짧u');
INSERT INTO tbl_vn_ward (ward_id, district_id, ward_name) VALUES (23416, 617, 'X횄짙 횆혨찼쨘짱k Sao');
INSERT INTO tbl_vn_ward (ward_id, district_id, ward_name) VALUES (23417, 617, 'X횄짙 횆혨찼쨘짱k R횈징 횄혬ng');
INSERT INTO tbl_vn_ward (ward_id, district_id, ward_name) VALUES (23419, 617, 'X횄짙 횆혨찼쨘짱k T찼쨩혶 Kan');
INSERT INTO tbl_vn_ward (ward_id, district_id, ward_name) VALUES (23422, 617, 'X횄짙 Tu M횈징 R횄쨈ng');
INSERT INTO tbl_vn_ward (ward_id, district_id, ward_name) VALUES (23425, 617, 'X횄짙 횆혨찼쨘짱k H횄혻');
INSERT INTO tbl_vn_ward (ward_id, district_id, ward_name) VALUES (23446, 617, 'X횄짙 T횄짧 X횆혘ng');
INSERT INTO tbl_vn_ward (ward_id, district_id, ward_name) VALUES (23449, 617, 'X횄짙 V횆혘n Xu횄쨈i');
INSERT INTO tbl_vn_district (district_id, province_id, district_name) VALUES (618, 62, 'Huy찼쨩혝n Ia H'' Drai');
INSERT INTO tbl_vn_ward (ward_id, district_id, ward_name) VALUES (23535, 618, 'X횄짙 Ia 횆혨al');
INSERT INTO tbl_vn_ward (ward_id, district_id, ward_name) VALUES (23537, 618, 'X횄짙 Ia Dom');
INSERT INTO tbl_vn_ward (ward_id, district_id, ward_name) VALUES (23538, 618, 'X횄짙 Ia T횈징i');
INSERT INTO tbl_vn_province (province_id, province_name) VALUES (64, 'T찼쨩혟nh Gia Lai');
INSERT INTO tbl_vn_district (district_id, province_id, district_name) VALUES (622, 64, 'Th횄혻nh ph찼쨩혩 Pleiku');
INSERT INTO tbl_vn_ward (ward_id, district_id, ward_name) VALUES (23557, 622, 'Ph횈째찼쨩혶ng Y횄짧n 횆혨찼쨩혰');
INSERT INTO tbl_vn_ward (ward_id, district_id, ward_name) VALUES (23560, 622, 'Ph횈째찼쨩혶ng Di횄짧n H찼쨩혫ng');
INSERT INTO tbl_vn_ward (ward_id, district_id, ward_name) VALUES (23563, 622, 'Ph횈째찼쨩혶ng Ia Kring');
INSERT INTO tbl_vn_ward (ward_id, district_id, ward_name) VALUES (23566, 622, 'Ph횈째찼쨩혶ng H찼쨩혲i Th횈째횈징ng');
INSERT INTO tbl_vn_ward (ward_id, district_id, ward_name) VALUES (23569, 622, 'Ph횈째찼쨩혶ng H찼쨩혲i Ph횄쨘');
INSERT INTO tbl_vn_ward (ward_id, district_id, ward_name) VALUES (23570, 622, 'Ph횈째찼쨩혶ng Ph횄쨔 횆혨찼쨩혮ng');
INSERT INTO tbl_vn_ward (ward_id, district_id, ward_name) VALUES (23572, 622, 'Ph횈째찼쨩혶ng Hoa L횈째');
INSERT INTO tbl_vn_ward (ward_id, district_id, ward_name) VALUES (23575, 622, 'Ph횈째찼쨩혶ng T횄짖y S횈징n');
INSERT INTO tbl_vn_ward (ward_id, district_id, ward_name) VALUES (23578, 622, 'Ph횈째찼쨩혶ng Th찼쨩혩ng Nh찼쨘짜t');
INSERT INTO tbl_vn_ward (ward_id, district_id, ward_name) VALUES (23579, 622, 'Ph횈째찼쨩혶ng 횆혨찼쨩혩ng 횆혨a');
INSERT INTO tbl_vn_ward (ward_id, district_id, ward_name) VALUES (23581, 622, 'Ph횈째찼쨩혶ng Tr횄혻 B횄징');
INSERT INTO tbl_vn_ward (ward_id, district_id, ward_name) VALUES (23582, 622, 'Ph횈째찼쨩혶ng Th찼쨘짱ng L찼쨩짙i');
INSERT INTO tbl_vn_ward (ward_id, district_id, ward_name) VALUES (23584, 622, 'Ph횈째찼쨩혶ng Y횄짧n Th찼쨘쩔');
INSERT INTO tbl_vn_ward (ward_id, district_id, ward_name) VALUES (23586, 622, 'Ph횈째찼쨩혶ng Chi L횆혘ng');
INSERT INTO tbl_vn_ward (ward_id, district_id, ward_name) VALUES (23590, 622, 'X횄짙 Bi찼쨩혘n H찼쨩혫');
INSERT INTO tbl_vn_ward (ward_id, district_id, ward_name) VALUES (23596, 622, 'X횄짙 Tr횄혻 횆혨a');
INSERT INTO tbl_vn_ward (ward_id, district_id, ward_name) VALUES (23599, 622, 'X횄짙 Ch횈째 횄혖');
INSERT INTO tbl_vn_ward (ward_id, district_id, ward_name) VALUES (23602, 622, 'X횄짙 An Ph횄쨘');
INSERT INTO tbl_vn_ward (ward_id, district_id, ward_name) VALUES (23605, 622, 'X횄짙 Di횄짧n Ph횄쨘');
INSERT INTO tbl_vn_ward (ward_id, district_id, ward_name) VALUES (23608, 622, 'X횄짙 Ia K횄짧nh');
INSERT INTO tbl_vn_ward (ward_id, district_id, ward_name) VALUES (23611, 622, 'X횄짙 G횄혻o');
INSERT INTO tbl_vn_district (district_id, province_id, district_name) VALUES (623, 64, 'Th찼쨩혢 x횄짙 An Kh횄짧');
INSERT INTO tbl_vn_ward (ward_id, district_id, ward_name) VALUES (23614, 623, 'Ph횈째찼쨩혶ng An B횄짭nh');
INSERT INTO tbl_vn_ward (ward_id, district_id, ward_name) VALUES (23617, 623, 'Ph횈째찼쨩혶ng T횄짖y S횈징n');
INSERT INTO tbl_vn_ward (ward_id, district_id, ward_name) VALUES (23620, 623, 'Ph횈째찼쨩혶ng An Ph횄쨘');
INSERT INTO tbl_vn_ward (ward_id, district_id, ward_name) VALUES (23623, 623, 'Ph횈째찼쨩혶ng An T횄짖n');
INSERT INTO tbl_vn_ward (ward_id, district_id, ward_name) VALUES (23626, 623, 'X횄짙 T횄쨘 An');
INSERT INTO tbl_vn_ward (ward_id, district_id, ward_name) VALUES (23627, 623, 'X횄짙 Xu횄짖n An');
INSERT INTO tbl_vn_ward (ward_id, district_id, ward_name) VALUES (23629, 623, 'X횄짙 C찼쨩짯u An');
INSERT INTO tbl_vn_ward (ward_id, district_id, ward_name) VALUES (23630, 623, 'Ph횈째찼쨩혶ng An Ph횈째찼쨩혴c');
INSERT INTO tbl_vn_ward (ward_id, district_id, ward_name) VALUES (23632, 623, 'X횄짙 Song An');
INSERT INTO tbl_vn_ward (ward_id, district_id, ward_name) VALUES (23633, 623, 'Ph횈째찼쨩혶ng Ng횄쨈 M횄짖y');
INSERT INTO tbl_vn_ward (ward_id, district_id, ward_name) VALUES (23635, 623, 'X횄짙 Th횄혻nh An');
INSERT INTO tbl_vn_district (district_id, province_id, district_name) VALUES (624, 64, 'Th찼쨩혢 x횄짙 Ayun Pa');
INSERT INTO tbl_vn_ward (ward_id, district_id, ward_name) VALUES (24041, 624, 'Ph횈째찼쨩혶ng Cheo Reo');
INSERT INTO tbl_vn_ward (ward_id, district_id, ward_name) VALUES (24042, 624, 'Ph횈째찼쨩혶ng H횄짼a B횄짭nh');
INSERT INTO tbl_vn_ward (ward_id, district_id, ward_name) VALUES (24044, 624, 'Ph횈째찼쨩혶ng 횆혨o횄혻n K찼쨘쩔t');
INSERT INTO tbl_vn_ward (ward_id, district_id, ward_name) VALUES (24045, 624, 'Ph횈째찼쨩혶ng S횄쨈ng B찼쨩혶');
INSERT INTO tbl_vn_ward (ward_id, district_id, ward_name) VALUES (24064, 624, 'X횄짙 Ia RBol');
INSERT INTO tbl_vn_ward (ward_id, district_id, ward_name) VALUES (24065, 624, 'X횄짙 Ch횈째 B횆혘h');
INSERT INTO tbl_vn_ward (ward_id, district_id, ward_name) VALUES (24070, 624, 'X횄짙 Ia RT횄쨈');
INSERT INTO tbl_vn_ward (ward_id, district_id, ward_name) VALUES (24073, 624, 'X횄짙 Ia Sao');
INSERT INTO tbl_vn_district (district_id, province_id, district_name) VALUES (625, 64, 'Huy찼쨩혝n KBang');
INSERT INTO tbl_vn_ward (ward_id, district_id, ward_name) VALUES (23638, 625, 'Th찼쨩혢 tr찼쨘짜n KBang');
INSERT INTO tbl_vn_ward (ward_id, district_id, ward_name) VALUES (23641, 625, 'X횄짙 Kon Pne');
INSERT INTO tbl_vn_ward (ward_id, district_id, ward_name) VALUES (23644, 625, 'X횄짙 횆혨횆혘k Roong');
INSERT INTO tbl_vn_ward (ward_id, district_id, ward_name) VALUES (23647, 625, 'X횄짙 S횈징n Lang');
INSERT INTO tbl_vn_ward (ward_id, district_id, ward_name) VALUES (23650, 625, 'X횄짙 KRong');
INSERT INTO tbl_vn_ward (ward_id, district_id, ward_name) VALUES (23653, 625, 'X횄짙 S횈징 Pai');
INSERT INTO tbl_vn_ward (ward_id, district_id, ward_name) VALUES (23656, 625, 'X횄짙 L횈징 Ku');
INSERT INTO tbl_vn_ward (ward_id, district_id, ward_name) VALUES (23659, 625, 'X횄짙 횆혨횄쨈ng');
INSERT INTO tbl_vn_ward (ward_id, district_id, ward_name) VALUES (23660, 625, 'X횄짙 횆혨ak SMar');
INSERT INTO tbl_vn_ward (ward_id, district_id, ward_name) VALUES (23662, 625, 'X횄짙 Ngh횆짤a An');
INSERT INTO tbl_vn_ward (ward_id, district_id, ward_name) VALUES (23665, 625, 'X횄짙 T횈징 Tung');
INSERT INTO tbl_vn_ward (ward_id, district_id, ward_name) VALUES (23668, 625, 'X횄짙 K횄쨈ng L횈징ng Kh횈징ng');
INSERT INTO tbl_vn_ward (ward_id, district_id, ward_name) VALUES (23674, 625, 'X횄짙 K횄쨈ng B횈징 La');
INSERT INTO tbl_vn_district (district_id, province_id, district_name) VALUES (626, 64, 'Huy찼쨩혝n 횆혨횆혘k 횆혨oa');
INSERT INTO tbl_vn_ward (ward_id, district_id, ward_name) VALUES (23677, 626, 'Th찼쨩혢 tr찼쨘짜n 횆혨횆혘k 횆혨oa');
INSERT INTO tbl_vn_ward (ward_id, district_id, ward_name) VALUES (23680, 626, 'X횄짙 H횄혻 횆혨횄쨈ng');
INSERT INTO tbl_vn_ward (ward_id, district_id, ward_name) VALUES (23683, 626, 'X횄짙 횆혨횆혘k S횈징mei');
INSERT INTO tbl_vn_ward (ward_id, district_id, ward_name) VALUES (23684, 626, 'X횄짙 횆혨횆혘k Krong');
INSERT INTO tbl_vn_ward (ward_id, district_id, ward_name) VALUES (23686, 626, 'X횄짙 H찼쨘짙i Yang');
INSERT INTO tbl_vn_ward (ward_id, district_id, ward_name) VALUES (23689, 626, 'X횄짙 Kon Gang');
INSERT INTO tbl_vn_ward (ward_id, district_id, ward_name) VALUES (23692, 626, 'X횄짙 H횄혻 B찼쨘짠u');
INSERT INTO tbl_vn_ward (ward_id, district_id, ward_name) VALUES (23695, 626, 'X횄짙 Nam Yang');
INSERT INTO tbl_vn_ward (ward_id, district_id, ward_name) VALUES (23698, 626, 'X횄짙 K'' Dang');
INSERT INTO tbl_vn_ward (ward_id, district_id, ward_name) VALUES (23701, 626, 'X횄짙 H'' Neng');
INSERT INTO tbl_vn_ward (ward_id, district_id, ward_name) VALUES (23704, 626, 'X횄짙 T횄짖n B횄짭nh');
INSERT INTO tbl_vn_ward (ward_id, district_id, ward_name) VALUES (23707, 626, 'X횄짙 Glar');
INSERT INTO tbl_vn_ward (ward_id, district_id, ward_name) VALUES (23710, 626, 'X횄짙 A D횈징k');
INSERT INTO tbl_vn_ward (ward_id, district_id, ward_name) VALUES (23713, 626, 'X횄짙 Trang');
INSERT INTO tbl_vn_ward (ward_id, district_id, ward_name) VALUES (23714, 626, 'X횄짙 HNol');
INSERT INTO tbl_vn_ward (ward_id, district_id, ward_name) VALUES (23716, 626, 'X횄짙 Ia P찼쨘쩔t');
INSERT INTO tbl_vn_ward (ward_id, district_id, ward_name) VALUES (23719, 626, 'X횄짙 Ia B횆혘ng');
INSERT INTO tbl_vn_district (district_id, province_id, district_name) VALUES (627, 64, 'Huy찼쨩혝n Ch횈째 P횆혘h');
INSERT INTO tbl_vn_ward (ward_id, district_id, ward_name) VALUES (23722, 627, 'Th찼쨩혢 tr찼쨘짜n Ph횄쨘 H횄짼a');
INSERT INTO tbl_vn_ward (ward_id, district_id, ward_name) VALUES (23725, 627, 'X횄짙 H횄혻 T횄짖y');
INSERT INTO tbl_vn_ward (ward_id, district_id, ward_name) VALUES (23728, 627, 'X횄짙 Ia Kh횈째횈징l');
INSERT INTO tbl_vn_ward (ward_id, district_id, ward_name) VALUES (23731, 627, 'X횄짙 Ia Ph횄짯');
INSERT INTO tbl_vn_ward (ward_id, district_id, ward_name) VALUES (23734, 627, 'Th찼쨩혢 tr찼쨘짜n Ia Ly');
INSERT INTO tbl_vn_ward (ward_id, district_id, ward_name) VALUES (23737, 627, 'X횄짙 Ia M횈징 N횄쨈ng');
INSERT INTO tbl_vn_ward (ward_id, district_id, ward_name) VALUES (23738, 627, 'X횄짙 Ia Kreng');
INSERT INTO tbl_vn_ward (ward_id, district_id, ward_name) VALUES (23740, 627, 'X횄짙 횆혨횆혘k T횈징 Ver');
INSERT INTO tbl_vn_ward (ward_id, district_id, ward_name) VALUES (23743, 627, 'X횄짙 H횄짼a Ph횄쨘');
INSERT INTO tbl_vn_ward (ward_id, district_id, ward_name) VALUES (23746, 627, 'X횄짙 Ch횈째 횆혨횆혘ng Ya');
INSERT INTO tbl_vn_ward (ward_id, district_id, ward_name) VALUES (23749, 627, 'X횄짙 Ia Ka');
INSERT INTO tbl_vn_ward (ward_id, district_id, ward_name) VALUES (23752, 627, 'X횄짙 Ia Nhin');
INSERT INTO tbl_vn_ward (ward_id, district_id, ward_name) VALUES (23755, 627, 'X횄짙 Ngh횆짤a H횄짼a');
INSERT INTO tbl_vn_ward (ward_id, district_id, ward_name) VALUES (23761, 627, 'X횄짙 Ngh횆짤a H횈째ng');
INSERT INTO tbl_vn_district (district_id, province_id, district_name) VALUES (628, 64, 'Huy찼쨩혝n Ia Grai');
INSERT INTO tbl_vn_ward (ward_id, district_id, ward_name) VALUES (23764, 628, 'Th찼쨩혢 tr찼쨘짜n Ia Kha');
INSERT INTO tbl_vn_ward (ward_id, district_id, ward_name) VALUES (23767, 628, 'X횄짙 Ia Sao');
INSERT INTO tbl_vn_ward (ward_id, district_id, ward_name) VALUES (23768, 628, 'X횄짙 Ia Yok');
INSERT INTO tbl_vn_ward (ward_id, district_id, ward_name) VALUES (23770, 628, 'X횄짙 Ia Hrung');
INSERT INTO tbl_vn_ward (ward_id, district_id, ward_name) VALUES (23771, 628, 'X횄짙 Ia B횆혘');
INSERT INTO tbl_vn_ward (ward_id, district_id, ward_name) VALUES (23773, 628, 'X횄짙 Ia Khai');
INSERT INTO tbl_vn_ward (ward_id, district_id, ward_name) VALUES (23776, 628, 'X횄짙 Ia KRai');
INSERT INTO tbl_vn_ward (ward_id, district_id, ward_name) VALUES (23778, 628, 'X횄짙 Ia Gr횆혘ng');
INSERT INTO tbl_vn_ward (ward_id, district_id, ward_name) VALUES (23779, 628, 'X횄짙 Ia T횄쨈');
INSERT INTO tbl_vn_ward (ward_id, district_id, ward_name) VALUES (23782, 628, 'X횄짙 Ia O');
INSERT INTO tbl_vn_ward (ward_id, district_id, ward_name) VALUES (23785, 628, 'X횄짙 Ia D횄짧r');
INSERT INTO tbl_vn_ward (ward_id, district_id, ward_name) VALUES (23788, 628, 'X횄짙 Ia Chia');
INSERT INTO tbl_vn_ward (ward_id, district_id, ward_name) VALUES (23791, 628, 'X횄짙 Ia P찼쨘쩔ch');
INSERT INTO tbl_vn_district (district_id, province_id, district_name) VALUES (629, 64, 'Huy찼쨩혝n Mang Yang');
INSERT INTO tbl_vn_ward (ward_id, district_id, ward_name) VALUES (23794, 629, 'Th찼쨩혢 tr찼쨘짜n Kon D횈징ng');
INSERT INTO tbl_vn_ward (ward_id, district_id, ward_name) VALUES (23797, 629, 'X횄짙 Ayun');
INSERT INTO tbl_vn_ward (ward_id, district_id, ward_name) VALUES (23798, 629, 'X횄짙 횆혨ak J횈징 Ta');
INSERT INTO tbl_vn_ward (ward_id, district_id, ward_name) VALUES (23799, 629, 'X횄짙 횆혨ak Ta Ley');
INSERT INTO tbl_vn_ward (ward_id, district_id, ward_name) VALUES (23800, 629, 'X횄짙 Hra');
INSERT INTO tbl_vn_ward (ward_id, district_id, ward_name) VALUES (23803, 629, 'X횄짙 횆혨횆혘k Y횆혘');
INSERT INTO tbl_vn_ward (ward_id, district_id, ward_name) VALUES (23806, 629, 'X횄짙 횆혨횆혘k Djr횆혘ng');
INSERT INTO tbl_vn_ward (ward_id, district_id, ward_name) VALUES (23809, 629, 'X횄짙 L횈징 Pang');
INSERT INTO tbl_vn_ward (ward_id, district_id, ward_name) VALUES (23812, 629, 'X횄짙 Kon Th찼쨩짜p');
INSERT INTO tbl_vn_ward (ward_id, district_id, ward_name) VALUES (23815, 629, 'X횄짙 횆혨횄짧 Ar');
INSERT INTO tbl_vn_ward (ward_id, district_id, ward_name) VALUES (23818, 629, 'X횄짙 Kon Chi횄짧ng');
INSERT INTO tbl_vn_ward (ward_id, district_id, ward_name) VALUES (23821, 629, 'X횄짙 횆혨횆혘k Tr횄쨈i');
INSERT INTO tbl_vn_district (district_id, province_id, district_name) VALUES (630, 64, 'Huy찼쨩혝n K횄쨈ng Chro');
INSERT INTO tbl_vn_ward (ward_id, district_id, ward_name) VALUES (23824, 630, 'Th찼쨩혢 tr찼쨘짜n K횄쨈ng Chro');
INSERT INTO tbl_vn_ward (ward_id, district_id, ward_name) VALUES (23827, 630, 'X횄짙 Ch횈째 Kr횄짧y');
INSERT INTO tbl_vn_ward (ward_id, district_id, ward_name) VALUES (23830, 630, 'X횄짙 An Trung');
INSERT INTO tbl_vn_ward (ward_id, district_id, ward_name) VALUES (23833, 630, 'X횄짙 K횄쨈ng Yang');
INSERT INTO tbl_vn_ward (ward_id, district_id, ward_name) VALUES (23836, 630, 'X횄짙 횆혨횆혘k T횈징 Pang');
INSERT INTO tbl_vn_ward (ward_id, district_id, ward_name) VALUES (23839, 630, 'X횄짙 SR횄쨀');
INSERT INTO tbl_vn_ward (ward_id, district_id, ward_name) VALUES (23840, 630, 'X횄짙 횆혨찼쨘짱k K횈징 Ning');
INSERT INTO tbl_vn_ward (ward_id, district_id, ward_name) VALUES (23842, 630, 'X횄짙 횆혨횆혘k Song');
INSERT INTO tbl_vn_ward (ward_id, district_id, ward_name) VALUES (23843, 630, 'X횄짙 횆혨횆혘k Pling');
INSERT INTO tbl_vn_ward (ward_id, district_id, ward_name) VALUES (23845, 630, 'X횄짙 Yang Trung');
INSERT INTO tbl_vn_ward (ward_id, district_id, ward_name) VALUES (23846, 630, 'X횄짙 횆혨횆혘k P횈징 Pho');
INSERT INTO tbl_vn_ward (ward_id, district_id, ward_name) VALUES (23848, 630, 'X횄짙 Ya Ma');
INSERT INTO tbl_vn_ward (ward_id, district_id, ward_name) VALUES (23851, 630, 'X횄짙 Ch횈징 Long');
INSERT INTO tbl_vn_ward (ward_id, district_id, ward_name) VALUES (23854, 630, 'X횄짙 Yang Nam');
INSERT INTO tbl_vn_district (district_id, province_id, district_name) VALUES (631, 64, 'Huy찼쨩혝n 횆혨찼쨩짤c C횈징');
INSERT INTO tbl_vn_ward (ward_id, district_id, ward_name) VALUES (23857, 631, 'Th찼쨩혢 tr찼쨘짜n Ch횈째 Ty');
INSERT INTO tbl_vn_ward (ward_id, district_id, ward_name) VALUES (23860, 631, 'X횄짙 Ia D횈징k');
INSERT INTO tbl_vn_ward (ward_id, district_id, ward_name) VALUES (23863, 631, 'X횄짙 Ia Kr횄짧l');
INSERT INTO tbl_vn_ward (ward_id, district_id, ward_name) VALUES (23866, 631, 'X횄짙 Ia Din');
INSERT INTO tbl_vn_ward (ward_id, district_id, ward_name) VALUES (23869, 631, 'X횄짙 Ia Kla');
INSERT INTO tbl_vn_ward (ward_id, district_id, ward_name) VALUES (23872, 631, 'X횄짙 Ia Dom');
INSERT INTO tbl_vn_ward (ward_id, district_id, ward_name) VALUES (23875, 631, 'X횄짙 Ia Lang');
INSERT INTO tbl_vn_ward (ward_id, district_id, ward_name) VALUES (23878, 631, 'X횄짙 Ia Kri횄짧ng');
INSERT INTO tbl_vn_ward (ward_id, district_id, ward_name) VALUES (23881, 631, 'X횄짙 Ia Pn횄쨈n');
INSERT INTO tbl_vn_ward (ward_id, district_id, ward_name) VALUES (23884, 631, 'X횄짙 Ia Nan');
INSERT INTO tbl_vn_district (district_id, province_id, district_name) VALUES (632, 64, 'Huy찼쨩혝n Ch횈째 Pr횄쨈ng');
INSERT INTO tbl_vn_ward (ward_id, district_id, ward_name) VALUES (23887, 632, 'Th찼쨩혢 tr찼쨘짜n Ch횈째 Pr횄쨈ng');
INSERT INTO tbl_vn_ward (ward_id, district_id, ward_name) VALUES (23888, 632, 'X횄짙 Ia Kly');
INSERT INTO tbl_vn_ward (ward_id, district_id, ward_name) VALUES (23890, 632, 'X횄짙 B횄짭nh Gi횄징o');
INSERT INTO tbl_vn_ward (ward_id, district_id, ward_name) VALUES (23893, 632, 'X횄짙 Ia Dr횆혘ng');
INSERT INTO tbl_vn_ward (ward_id, district_id, ward_name) VALUES (23896, 632, 'X횄짙 Th횆혘ng H횈째ng');
INSERT INTO tbl_vn_ward (ward_id, district_id, ward_name) VALUES (23899, 632, 'X횄짙 B횄혻u C찼쨘징n');
INSERT INTO tbl_vn_ward (ward_id, district_id, ward_name) VALUES (23902, 632, 'X횄짙 Ia Ph횄짭n');
INSERT INTO tbl_vn_ward (ward_id, district_id, ward_name) VALUES (23905, 632, 'X횄짙 Ia B횆혘ng');
INSERT INTO tbl_vn_ward (ward_id, district_id, ward_name) VALUES (23908, 632, 'X횄짙 Ia T횄쨈r');
INSERT INTO tbl_vn_ward (ward_id, district_id, ward_name) VALUES (23911, 632, 'X횄짙 Ia Bo횄짼ng');
INSERT INTO tbl_vn_ward (ward_id, district_id, ward_name) VALUES (23914, 632, 'X횄짙 Ia O');
INSERT INTO tbl_vn_ward (ward_id, district_id, ward_name) VALUES (23917, 632, 'X횄짙 Ia P횄쨘ch');
INSERT INTO tbl_vn_ward (ward_id, district_id, ward_name) VALUES (23920, 632, 'X횄짙 Ia Me');
INSERT INTO tbl_vn_ward (ward_id, district_id, ward_name) VALUES (23923, 632, 'X횄짙 Ia V횄짧');
INSERT INTO tbl_vn_ward (ward_id, district_id, ward_name) VALUES (23924, 632, 'X횄짙 Ia Bang');
INSERT INTO tbl_vn_ward (ward_id, district_id, ward_name) VALUES (23926, 632, 'X횄짙 Ia Pia');
INSERT INTO tbl_vn_ward (ward_id, district_id, ward_name) VALUES (23929, 632, 'X횄짙 Ia Ga');
INSERT INTO tbl_vn_ward (ward_id, district_id, ward_name) VALUES (23932, 632, 'X횄짙 Ia L횄짖u');
INSERT INTO tbl_vn_ward (ward_id, district_id, ward_name) VALUES (23935, 632, 'X횄짙 Ia Pi횈징r');
INSERT INTO tbl_vn_ward (ward_id, district_id, ward_name) VALUES (23938, 632, 'X횄짙 Ia M횈징');
INSERT INTO tbl_vn_district (district_id, province_id, district_name) VALUES (633, 64, 'Huy찼쨩혝n Ch횈째 S횄짧');
INSERT INTO tbl_vn_ward (ward_id, district_id, ward_name) VALUES (23941, 633, 'Th찼쨩혢 tr찼쨘짜n Ch횈째 S횄짧');
INSERT INTO tbl_vn_ward (ward_id, district_id, ward_name) VALUES (23944, 633, 'X횄짙 Ia Ti횄짧m');
INSERT INTO tbl_vn_ward (ward_id, district_id, ward_name) VALUES (23945, 633, 'X횄짙 Ch횈째 P횈징ng');
INSERT INTO tbl_vn_ward (ward_id, district_id, ward_name) VALUES (23946, 633, 'X횄짙 Bar M횆혘ih');
INSERT INTO tbl_vn_ward (ward_id, district_id, ward_name) VALUES (23947, 633, 'X횄짙 B찼쨩혶 Ngoong');
INSERT INTO tbl_vn_ward (ward_id, district_id, ward_name) VALUES (23950, 633, 'X횄짙 Ia Glai');
INSERT INTO tbl_vn_ward (ward_id, district_id, ward_name) VALUES (23953, 633, 'X횄짙 AL B횄징');
INSERT INTO tbl_vn_ward (ward_id, district_id, ward_name) VALUES (23954, 633, 'X횄짙 K횄쨈ng HTok');
INSERT INTO tbl_vn_ward (ward_id, district_id, ward_name) VALUES (23956, 633, 'X횄짙 AYun');
INSERT INTO tbl_vn_ward (ward_id, district_id, ward_name) VALUES (23959, 633, 'X횄짙 Ia HL찼쨩혩p');
INSERT INTO tbl_vn_ward (ward_id, district_id, ward_name) VALUES (23962, 633, 'X횄짙 Ia Blang');
INSERT INTO tbl_vn_ward (ward_id, district_id, ward_name) VALUES (23965, 633, 'X횄짙 Dun');
INSERT INTO tbl_vn_ward (ward_id, district_id, ward_name) VALUES (23966, 633, 'X횄짙 Ia Pal');
INSERT INTO tbl_vn_ward (ward_id, district_id, ward_name) VALUES (23968, 633, 'X횄짙 H B횄쨈ng');
INSERT INTO tbl_vn_ward (ward_id, district_id, ward_name) VALUES (23977, 633, 'X횄짙 Ia Ko');
INSERT INTO tbl_vn_district (district_id, province_id, district_name) VALUES (634, 64, 'Huy찼쨩혝n 횆혨횆혘k P횈징');
INSERT INTO tbl_vn_ward (ward_id, district_id, ward_name) VALUES (23989, 634, 'X횄짙 H횄혻 Tam');
INSERT INTO tbl_vn_ward (ward_id, district_id, ward_name) VALUES (23992, 634, 'X횄짙 An Th횄혻nh');
INSERT INTO tbl_vn_ward (ward_id, district_id, ward_name) VALUES (23995, 634, 'Th찼쨩혢 tr찼쨘짜n 횆혨ak P횈징');
INSERT INTO tbl_vn_ward (ward_id, district_id, ward_name) VALUES (23998, 634, 'X횄짙 Yang B찼쨘짱c');
INSERT INTO tbl_vn_ward (ward_id, district_id, ward_name) VALUES (24001, 634, 'X횄짙 C횈째 An');
INSERT INTO tbl_vn_ward (ward_id, district_id, ward_name) VALUES (24004, 634, 'X횄짙 T횄짖n An');
INSERT INTO tbl_vn_ward (ward_id, district_id, ward_name) VALUES (24007, 634, 'X횄짙 Ph횄쨘 An');
INSERT INTO tbl_vn_ward (ward_id, district_id, ward_name) VALUES (24010, 634, 'X횄짙 Ya H찼쨩혲i');
INSERT INTO tbl_vn_district (district_id, province_id, district_name) VALUES (635, 64, 'Huy찼쨩혝n Ia Pa');
INSERT INTO tbl_vn_ward (ward_id, district_id, ward_name) VALUES (24013, 635, 'X횄짙 P찼쨩혶 T횄쨀');
INSERT INTO tbl_vn_ward (ward_id, district_id, ward_name) VALUES (24016, 635, 'X횄짙 Ch횈째 R횆혘ng');
INSERT INTO tbl_vn_ward (ward_id, district_id, ward_name) VALUES (24019, 635, 'X횄짙 Ia KD횆혘m');
INSERT INTO tbl_vn_ward (ward_id, district_id, ward_name) VALUES (24022, 635, 'X횄짙 Kim T횄짖n');
INSERT INTO tbl_vn_ward (ward_id, district_id, ward_name) VALUES (24025, 635, 'X횄짙 Ch횈째 M찼쨩혩');
INSERT INTO tbl_vn_ward (ward_id, district_id, ward_name) VALUES (24028, 635, 'X횄짙 Ia Tul');
INSERT INTO tbl_vn_ward (ward_id, district_id, ward_name) VALUES (24031, 635, 'X횄짙 Ia Ma R횈징n');
INSERT INTO tbl_vn_ward (ward_id, district_id, ward_name) VALUES (24034, 635, 'X횄짙 Ia Bro횆혘i');
INSERT INTO tbl_vn_ward (ward_id, district_id, ward_name) VALUES (24037, 635, 'X횄짙 Ia Trok');
INSERT INTO tbl_vn_district (district_id, province_id, district_name) VALUES (637, 64, 'Huy찼쨩혝n Kr횄쨈ng Pa');
INSERT INTO tbl_vn_ward (ward_id, district_id, ward_name) VALUES (24076, 637, 'Th찼쨩혢 tr찼쨘짜n Ph횄쨘 T횄쨘c');
INSERT INTO tbl_vn_ward (ward_id, district_id, ward_name) VALUES (24079, 637, 'X횄짙 Ia RSai');
INSERT INTO tbl_vn_ward (ward_id, district_id, ward_name) VALUES (24082, 637, 'X횄짙 Ia RS횈째횈징m');
INSERT INTO tbl_vn_ward (ward_id, district_id, ward_name) VALUES (24085, 637, 'X횄짙 Ch횈째 Gu');
INSERT INTO tbl_vn_ward (ward_id, district_id, ward_name) VALUES (24088, 637, 'X횄짙 횆혨찼쨘짜t B찼쨘짹ng');
INSERT INTO tbl_vn_ward (ward_id, district_id, ward_name) VALUES (24091, 637, 'X횄짙 Ia Ml횄징h');
INSERT INTO tbl_vn_ward (ward_id, district_id, ward_name) VALUES (24094, 637, 'X횄짙 Ch횈째 Dr횆혘ng');
INSERT INTO tbl_vn_ward (ward_id, district_id, ward_name) VALUES (24097, 637, 'X횄짙 Ph횄쨘 C찼쨘짠n');
INSERT INTO tbl_vn_ward (ward_id, district_id, ward_name) VALUES (24100, 637, 'X횄짙 Ia HDreh');
INSERT INTO tbl_vn_ward (ward_id, district_id, ward_name) VALUES (24103, 637, 'X횄짙 Ia RMok');
INSERT INTO tbl_vn_ward (ward_id, district_id, ward_name) VALUES (24106, 637, 'X횄짙 Ch횈째 Ng찼쨩혥c');
INSERT INTO tbl_vn_ward (ward_id, district_id, ward_name) VALUES (24109, 637, 'X횄짙 Uar');
INSERT INTO tbl_vn_ward (ward_id, district_id, ward_name) VALUES (24112, 637, 'X횄짙 Ch횈째 Rc횆혘m');
INSERT INTO tbl_vn_ward (ward_id, district_id, ward_name) VALUES (24115, 637, 'X횄짙 Kr횄쨈ng N횆혘ng');
INSERT INTO tbl_vn_district (district_id, province_id, district_name) VALUES (638, 64, 'Huy찼쨩혝n Ph횄쨘 Thi찼쨩혝n');
INSERT INTO tbl_vn_ward (ward_id, district_id, ward_name) VALUES (24043, 638, 'Th찼쨩혢 tr찼쨘짜n Ph횄쨘 Thi찼쨩혝n');
INSERT INTO tbl_vn_ward (ward_id, district_id, ward_name) VALUES (24046, 638, 'X횄짙 Ch횈째 A Thai');
INSERT INTO tbl_vn_ward (ward_id, district_id, ward_name) VALUES (24048, 638, 'X횄짙 Ayun H찼쨘징');
INSERT INTO tbl_vn_ward (ward_id, district_id, ward_name) VALUES (24049, 638, 'X횄짙 Ia Ake');
INSERT INTO tbl_vn_ward (ward_id, district_id, ward_name) VALUES (24052, 638, 'X횄짙 Ia Sol');
INSERT INTO tbl_vn_ward (ward_id, district_id, ward_name) VALUES (24055, 638, 'X횄짙 Ia Piar');
INSERT INTO tbl_vn_ward (ward_id, district_id, ward_name) VALUES (24058, 638, 'X횄짙 Ia Peng');
INSERT INTO tbl_vn_ward (ward_id, district_id, ward_name) VALUES (24060, 638, 'X횄짙 Chr횄쨈h P횈징nan');
INSERT INTO tbl_vn_ward (ward_id, district_id, ward_name) VALUES (24061, 638, 'X횄짙 Ia Hiao');
INSERT INTO tbl_vn_ward (ward_id, district_id, ward_name) VALUES (24067, 638, 'X횄짙 Ia Yeng');
INSERT INTO tbl_vn_district (district_id, province_id, district_name) VALUES (639, 64, 'Huy찼쨩혝n Ch횈째 P횈째h');
INSERT INTO tbl_vn_ward (ward_id, district_id, ward_name) VALUES (23942, 639, 'Th찼쨩혢 tr찼쨘짜n Nh횈징n Ho횄혻');
INSERT INTO tbl_vn_ward (ward_id, district_id, ward_name) VALUES (23971, 639, 'X횄짙 Ia Hr횄쨘');
INSERT INTO tbl_vn_ward (ward_id, district_id, ward_name) VALUES (23972, 639, 'X횄짙 Ia Rong');
INSERT INTO tbl_vn_ward (ward_id, district_id, ward_name) VALUES (23974, 639, 'X횄짙 Ia Dreng');
INSERT INTO tbl_vn_ward (ward_id, district_id, ward_name) VALUES (23978, 639, 'X횄짙 Ia Hla');
INSERT INTO tbl_vn_ward (ward_id, district_id, ward_name) VALUES (23980, 639, 'X횄짙 Ch횈째 Don');
INSERT INTO tbl_vn_ward (ward_id, district_id, ward_name) VALUES (23983, 639, 'X횄짙 Ia Phang');
INSERT INTO tbl_vn_ward (ward_id, district_id, ward_name) VALUES (23986, 639, 'X횄짙 Ia Le');
INSERT INTO tbl_vn_ward (ward_id, district_id, ward_name) VALUES (23987, 639, 'X횄짙 Ia BL찼쨩짤');
INSERT INTO tbl_vn_province (province_id, province_name) VALUES (66, 'T찼쨩혟nh 횆혨찼쨘짱k L찼쨘짱k');
INSERT INTO tbl_vn_district (district_id, province_id, district_name) VALUES (643, 66, 'Th횄혻nh ph찼쨩혩 Bu횄쨈n Ma Thu찼쨩혲t');
INSERT INTO tbl_vn_ward (ward_id, district_id, ward_name) VALUES (24118, 643, 'Ph횈째찼쨩혶ng T횄짖n L찼쨘짯p');
INSERT INTO tbl_vn_ward (ward_id, district_id, ward_name) VALUES (24121, 643, 'Ph횈째찼쨩혶ng T횄짖n H횄짼a');
INSERT INTO tbl_vn_ward (ward_id, district_id, ward_name) VALUES (24124, 643, 'Ph횈째찼쨩혶ng T횄짖n An');
INSERT INTO tbl_vn_ward (ward_id, district_id, ward_name) VALUES (24130, 643, 'Ph횈째찼쨩혶ng Th횄혻nh Nh찼쨘짜t');
INSERT INTO tbl_vn_ward (ward_id, district_id, ward_name) VALUES (24133, 643, 'Ph횈째찼쨩혶ng Th횄혻nh C횄쨈ng');
INSERT INTO tbl_vn_ward (ward_id, district_id, ward_name) VALUES (24136, 643, 'Ph횈째찼쨩혶ng T횄짖n L찼쨩짙i');
INSERT INTO tbl_vn_ward (ward_id, district_id, ward_name) VALUES (24142, 643, 'Ph횈째찼쨩혶ng T횄짖n Th횄혻nh');
INSERT INTO tbl_vn_ward (ward_id, district_id, ward_name) VALUES (24145, 643, 'Ph횈째찼쨩혶ng T횄짖n Ti찼쨘쩔n');
INSERT INTO tbl_vn_ward (ward_id, district_id, ward_name) VALUES (24148, 643, 'Ph횈째찼쨩혶ng T찼쨩짹 An');
INSERT INTO tbl_vn_ward (ward_id, district_id, ward_name) VALUES (24151, 643, 'Ph횈째찼쨩혶ng Ea Tam');
INSERT INTO tbl_vn_ward (ward_id, district_id, ward_name) VALUES (24154, 643, 'Ph횈째찼쨩혶ng Kh횄징nh Xu횄짖n');
INSERT INTO tbl_vn_ward (ward_id, district_id, ward_name) VALUES (24157, 643, 'X횄짙 H횄짼a Thu찼쨘짯n');
INSERT INTO tbl_vn_ward (ward_id, district_id, ward_name) VALUES (24160, 643, 'X횄짙 C횈째 횄혡Bur');
INSERT INTO tbl_vn_ward (ward_id, district_id, ward_name) VALUES (24163, 643, 'X횄짙 Ea Tu');
INSERT INTO tbl_vn_ward (ward_id, district_id, ward_name) VALUES (24166, 643, 'X횄짙 H횄짼a Th찼쨘짱ng');
INSERT INTO tbl_vn_ward (ward_id, district_id, ward_name) VALUES (24169, 643, 'X횄짙 Ea Kao');
INSERT INTO tbl_vn_ward (ward_id, district_id, ward_name) VALUES (24172, 643, 'X횄짙 H횄짼a Ph횄쨘');
INSERT INTO tbl_vn_ward (ward_id, district_id, ward_name) VALUES (24175, 643, 'X횄짙 H횄짼a Kh횄징nh');
INSERT INTO tbl_vn_ward (ward_id, district_id, ward_name) VALUES (24178, 643, 'X횄짙 H횄짼a Xu횄짖n');
INSERT INTO tbl_vn_district (district_id, province_id, district_name) VALUES (644, 66, 'Th찼쨩혢 x횄짙 Bu횄쨈n H찼쨩혫');
INSERT INTO tbl_vn_ward (ward_id, district_id, ward_name) VALUES (24305, 644, 'Ph횈째찼쨩혶ng An L찼쨘징c');
INSERT INTO tbl_vn_ward (ward_id, district_id, ward_name) VALUES (24308, 644, 'Ph횈째찼쨩혶ng An B횄짭nh');
INSERT INTO tbl_vn_ward (ward_id, district_id, ward_name) VALUES (24311, 644, 'Ph횈째찼쨩혶ng Thi찼쨩혝n An');
INSERT INTO tbl_vn_ward (ward_id, district_id, ward_name) VALUES (24318, 644, 'Ph횈째찼쨩혶ng 횆혨찼쨘징t Hi찼쨘쩔u');
INSERT INTO tbl_vn_ward (ward_id, district_id, ward_name) VALUES (24322, 644, 'Ph횈째찼쨩혶ng 횆혨o횄혻n K찼쨘쩔t');
INSERT INTO tbl_vn_ward (ward_id, district_id, ward_name) VALUES (24328, 644, 'X횄짙 Ea Dr횄쨈ng');
INSERT INTO tbl_vn_ward (ward_id, district_id, ward_name) VALUES (24331, 644, 'Ph횈째찼쨩혶ng Th찼쨩혩ng Nh찼쨘짜t');
INSERT INTO tbl_vn_ward (ward_id, district_id, ward_name) VALUES (24332, 644, 'Ph횈째찼쨩혶ng B횄짭nh T횄짖n');
INSERT INTO tbl_vn_ward (ward_id, district_id, ward_name) VALUES (24334, 644, 'X횄짙 Ea Si횄짧n');
INSERT INTO tbl_vn_ward (ward_id, district_id, ward_name) VALUES (24337, 644, 'X횄짙 B횄짭nh Thu찼쨘짯n');
INSERT INTO tbl_vn_ward (ward_id, district_id, ward_name) VALUES (24340, 644, 'X횄짙 C횈째 Bao');
INSERT INTO tbl_vn_district (district_id, province_id, district_name) VALUES (645, 66, 'Huy찼쨩혝n Ea H''leo');
INSERT INTO tbl_vn_ward (ward_id, district_id, ward_name) VALUES (24181, 645, 'Th찼쨩혢 tr찼쨘짜n Ea Dr횆혘ng');
INSERT INTO tbl_vn_ward (ward_id, district_id, ward_name) VALUES (24184, 645, 'X횄짙 Ea H''leo');
INSERT INTO tbl_vn_ward (ward_id, district_id, ward_name) VALUES (24187, 645, 'X횄짙 Ea Sol');
INSERT INTO tbl_vn_ward (ward_id, district_id, ward_name) VALUES (24190, 645, 'X횄짙 Ea Ral');
INSERT INTO tbl_vn_ward (ward_id, district_id, ward_name) VALUES (24193, 645, 'X횄짙 Ea Wy');
INSERT INTO tbl_vn_ward (ward_id, district_id, ward_name) VALUES (24194, 645, 'X횄짙 C횈째 A Mung');
INSERT INTO tbl_vn_ward (ward_id, district_id, ward_name) VALUES (24196, 645, 'X횄짙 C횈째 M찼쨩혩t');
INSERT INTO tbl_vn_ward (ward_id, district_id, ward_name) VALUES (24199, 645, 'X횄짙 Ea Hiao');
INSERT INTO tbl_vn_ward (ward_id, district_id, ward_name) VALUES (24202, 645, 'X횄짙 Ea Khal');
INSERT INTO tbl_vn_ward (ward_id, district_id, ward_name) VALUES (24205, 645, 'X횄짙 Dli횄짧 Yang');
INSERT INTO tbl_vn_ward (ward_id, district_id, ward_name) VALUES (24207, 645, 'X횄짙 Ea Tir');
INSERT INTO tbl_vn_ward (ward_id, district_id, ward_name) VALUES (24208, 645, 'X횄짙 Ea Nam');
INSERT INTO tbl_vn_district (district_id, province_id, district_name) VALUES (646, 66, 'Huy찼쨩혝n Ea S횄쨘p');
INSERT INTO tbl_vn_ward (ward_id, district_id, ward_name) VALUES (24211, 646, 'Th찼쨩혢 tr찼쨘짜n Ea S횄쨘p');
INSERT INTO tbl_vn_ward (ward_id, district_id, ward_name) VALUES (24214, 646, 'X횄짙 Ia L찼쨩혩p');
INSERT INTO tbl_vn_ward (ward_id, district_id, ward_name) VALUES (24215, 646, 'X횄짙 Ia JL횈징i');
INSERT INTO tbl_vn_ward (ward_id, district_id, ward_name) VALUES (24217, 646, 'X횄짙 Ea R찼쨩혩k');
INSERT INTO tbl_vn_ward (ward_id, district_id, ward_name) VALUES (24220, 646, 'X횄짙 Ya T찼쨩혶 M찼쨩혩t');
INSERT INTO tbl_vn_ward (ward_id, district_id, ward_name) VALUES (24221, 646, 'X횄짙 Ia RV횄짧');
INSERT INTO tbl_vn_ward (ward_id, district_id, ward_name) VALUES (24223, 646, 'X횄짙 Ea L횄짧');
INSERT INTO tbl_vn_ward (ward_id, district_id, ward_name) VALUES (24226, 646, 'X횄짙 C횈째 KBang');
INSERT INTO tbl_vn_ward (ward_id, district_id, ward_name) VALUES (24229, 646, 'X횄짙 Ea Bung');
INSERT INTO tbl_vn_ward (ward_id, district_id, ward_name) VALUES (24232, 646, 'X횄짙 C횈째 M''Lan');
INSERT INTO tbl_vn_district (district_id, province_id, district_name) VALUES (647, 66, 'Huy찼쨩혝n Bu횄쨈n 횆혨횄쨈n');
INSERT INTO tbl_vn_ward (ward_id, district_id, ward_name) VALUES (24235, 647, 'X횄짙 Kr횄쨈ng Na');
INSERT INTO tbl_vn_ward (ward_id, district_id, ward_name) VALUES (24238, 647, 'X횄짙 Ea Huar');
INSERT INTO tbl_vn_ward (ward_id, district_id, ward_name) VALUES (24241, 647, 'X횄짙 Ea Wer');
INSERT INTO tbl_vn_ward (ward_id, district_id, ward_name) VALUES (24244, 647, 'X횄짙 T횄짖n Ho횄혻');
INSERT INTO tbl_vn_ward (ward_id, district_id, ward_name) VALUES (24247, 647, 'X횄짙 Cu횄쨈r KNia');
INSERT INTO tbl_vn_ward (ward_id, district_id, ward_name) VALUES (24250, 647, 'X횄짙 Ea Bar');
INSERT INTO tbl_vn_ward (ward_id, district_id, ward_name) VALUES (24253, 647, 'X횄짙 Ea Nu횄쨈l');
INSERT INTO tbl_vn_district (district_id, province_id, district_name) VALUES (648, 66, 'Huy찼쨩혝n C횈째 M''gar');
INSERT INTO tbl_vn_ward (ward_id, district_id, ward_name) VALUES (24256, 648, 'Th찼쨩혢 tr찼쨘짜n Ea P찼쨩혩k');
INSERT INTO tbl_vn_ward (ward_id, district_id, ward_name) VALUES (24259, 648, 'Th찼쨩혢 tr찼쨘짜n Qu찼쨘짙ng Ph횄쨘');
INSERT INTO tbl_vn_ward (ward_id, district_id, ward_name) VALUES (24262, 648, 'X횄짙 Qu찼쨘짙ng Ti찼쨘쩔n');
INSERT INTO tbl_vn_ward (ward_id, district_id, ward_name) VALUES (24264, 648, 'X횄짙 Ea Ku횄짧h');
INSERT INTO tbl_vn_ward (ward_id, district_id, ward_name) VALUES (24265, 648, 'X횄짙 Ea Ki찼쨘쩔t');
INSERT INTO tbl_vn_ward (ward_id, district_id, ward_name) VALUES (24268, 648, 'X횄짙 Ea Tar');
INSERT INTO tbl_vn_ward (ward_id, district_id, ward_name) VALUES (24271, 648, 'X횄짙 C횈째 Dli횄짧 M''n횄쨈ng');
INSERT INTO tbl_vn_ward (ward_id, district_id, ward_name) VALUES (24274, 648, 'X횄짙 Ea H''횆혩inh');
INSERT INTO tbl_vn_ward (ward_id, district_id, ward_name) VALUES (24277, 648, 'X횄짙 Ea Tul');
INSERT INTO tbl_vn_ward (ward_id, district_id, ward_name) VALUES (24280, 648, 'X횄짙 Ea KPam');
INSERT INTO tbl_vn_ward (ward_id, district_id, ward_name) VALUES (24283, 648, 'X횄짙 Ea M''DR횄쨀h');
INSERT INTO tbl_vn_ward (ward_id, district_id, ward_name) VALUES (24286, 648, 'X횄짙 Qu찼쨘짙ng Hi찼쨩혝p');
INSERT INTO tbl_vn_ward (ward_id, district_id, ward_name) VALUES (24289, 648, 'X횄짙 C횈째 M''gar');
INSERT INTO tbl_vn_ward (ward_id, district_id, ward_name) VALUES (24292, 648, 'X횄짙 Ea D''R횈징ng');
INSERT INTO tbl_vn_ward (ward_id, district_id, ward_name) VALUES (24295, 648, 'X횄짙 Ea M''nang');
INSERT INTO tbl_vn_ward (ward_id, district_id, ward_name) VALUES (24298, 648, 'X횄짙 C횈째 Su횄짧');
INSERT INTO tbl_vn_ward (ward_id, district_id, ward_name) VALUES (24301, 648, 'X횄짙 Cuor 횆혨횆혘ng');
INSERT INTO tbl_vn_district (district_id, province_id, district_name) VALUES (649, 66, 'Huy찼쨩혝n Kr횄쨈ng B횄쨘k');
INSERT INTO tbl_vn_ward (ward_id, district_id, ward_name) VALUES (24307, 649, 'X횄짙 C횈째 N횄짤');
INSERT INTO tbl_vn_ward (ward_id, district_id, ward_name) VALUES (24310, 649, 'X횄짙 Ch횈째 KB횄쨈');
INSERT INTO tbl_vn_ward (ward_id, district_id, ward_name) VALUES (24313, 649, 'X횄짙 C횈째 P횈징ng');
INSERT INTO tbl_vn_ward (ward_id, district_id, ward_name) VALUES (24314, 649, 'X횄짙 Ea Sin');
INSERT INTO tbl_vn_ward (ward_id, district_id, ward_name) VALUES (24316, 649, 'Th찼쨩혢 tr찼쨘짜n P횈징ng Drang');
INSERT INTO tbl_vn_ward (ward_id, district_id, ward_name) VALUES (24317, 649, 'X횄짙 T횄짖n L찼쨘짯p');
INSERT INTO tbl_vn_ward (ward_id, district_id, ward_name) VALUES (24319, 649, 'X횄짙 Ea Ngai');
INSERT INTO tbl_vn_district (district_id, province_id, district_name) VALUES (650, 66, 'Huy찼쨩혝n Kr횄쨈ng N횆혘ng');
INSERT INTO tbl_vn_ward (ward_id, district_id, ward_name) VALUES (24343, 650, 'Th찼쨩혢 tr찼쨘짜n Kr횄쨈ng N횆혘ng');
INSERT INTO tbl_vn_ward (ward_id, district_id, ward_name) VALUES (24346, 650, 'X횄짙 횆혨Li횄짧 Ya');
INSERT INTO tbl_vn_ward (ward_id, district_id, ward_name) VALUES (24349, 650, 'X횄짙 Ea T횄쨀h');
INSERT INTO tbl_vn_ward (ward_id, district_id, ward_name) VALUES (24352, 650, 'X횄짙 Ea Tam');
INSERT INTO tbl_vn_ward (ward_id, district_id, ward_name) VALUES (24355, 650, 'X횄짙 Ph횄쨘 L찼쨩혲c');
INSERT INTO tbl_vn_ward (ward_id, district_id, ward_name) VALUES (24358, 650, 'X횄짙 Tam Giang');
INSERT INTO tbl_vn_ward (ward_id, district_id, ward_name) VALUES (24359, 650, 'X횄짙 Ea Puk');
INSERT INTO tbl_vn_ward (ward_id, district_id, ward_name) VALUES (24360, 650, 'X횄짙 Ea D횆혘h');
INSERT INTO tbl_vn_ward (ward_id, district_id, ward_name) VALUES (24361, 650, 'X횄짙 Ea H찼쨩혫');
INSERT INTO tbl_vn_ward (ward_id, district_id, ward_name) VALUES (24364, 650, 'X횄짙 Ph횄쨘 Xu횄짖n');
INSERT INTO tbl_vn_ward (ward_id, district_id, ward_name) VALUES (24367, 650, 'X횄짙 C횈째 Kl횄쨈ng');
INSERT INTO tbl_vn_ward (ward_id, district_id, ward_name) VALUES (24370, 650, 'X횄짙 Ea T횄짖n');
INSERT INTO tbl_vn_district (district_id, province_id, district_name) VALUES (651, 66, 'Huy찼쨩혝n Ea Kar');
INSERT INTO tbl_vn_ward (ward_id, district_id, ward_name) VALUES (24373, 651, 'Th찼쨩혢 tr찼쨘짜n Ea Kar');
INSERT INTO tbl_vn_ward (ward_id, district_id, ward_name) VALUES (24376, 651, 'Th찼쨩혢 tr찼쨘짜n Ea Kn찼쨩혩p');
INSERT INTO tbl_vn_ward (ward_id, district_id, ward_name) VALUES (24379, 651, 'X횄짙 Ea S횄쨈');
INSERT INTO tbl_vn_ward (ward_id, district_id, ward_name) VALUES (24380, 651, 'X횄짙 Ea Sar');
INSERT INTO tbl_vn_ward (ward_id, district_id, ward_name) VALUES (24382, 651, 'X횄짙 Xu횄짖n Ph횄쨘');
INSERT INTO tbl_vn_ward (ward_id, district_id, ward_name) VALUES (24385, 651, 'X횄짙 C횈째 Hu횄짧');
INSERT INTO tbl_vn_ward (ward_id, district_id, ward_name) VALUES (24388, 651, 'X횄짙 Ea Tih');
INSERT INTO tbl_vn_ward (ward_id, district_id, ward_name) VALUES (24391, 651, 'X횄짙 Ea 횆혨ar');
INSERT INTO tbl_vn_ward (ward_id, district_id, ward_name) VALUES (24394, 651, 'X횄짙 Ea Km횄쨘t');
INSERT INTO tbl_vn_ward (ward_id, district_id, ward_name) VALUES (24397, 651, 'X횄짙 C횈째 Ni');
INSERT INTO tbl_vn_ward (ward_id, district_id, ward_name) VALUES (24400, 651, 'X횄짙 Ea P횆혘l');
INSERT INTO tbl_vn_ward (ward_id, district_id, ward_name) VALUES (24401, 651, 'X횄짙 C횈째 Pr횄쨈ng');
INSERT INTO tbl_vn_ward (ward_id, district_id, ward_name) VALUES (24403, 651, 'X횄짙 Ea 횄혬');
INSERT INTO tbl_vn_ward (ward_id, district_id, ward_name) VALUES (24404, 651, 'X횄짙 C횈째 ELang');
INSERT INTO tbl_vn_ward (ward_id, district_id, ward_name) VALUES (24406, 651, 'X횄짙 C횈째 B횄쨈ng');
INSERT INTO tbl_vn_ward (ward_id, district_id, ward_name) VALUES (24409, 651, 'X횄짙 C횈째 Jang');
INSERT INTO tbl_vn_district (district_id, province_id, district_name) VALUES (652, 66, 'Huy찼쨩혝n M''횆혨r찼쨘짱k');
INSERT INTO tbl_vn_ward (ward_id, district_id, ward_name) VALUES (24412, 652, 'Th찼쨩혢 tr찼쨘짜n M''횆혨r찼쨘짱k');
INSERT INTO tbl_vn_ward (ward_id, district_id, ward_name) VALUES (24415, 652, 'X횄짙 C횈째 Prao');
INSERT INTO tbl_vn_ward (ward_id, district_id, ward_name) VALUES (24418, 652, 'X횄짙 Ea Pil');
INSERT INTO tbl_vn_ward (ward_id, district_id, ward_name) VALUES (24421, 652, 'X횄짙 Ea Lai');
INSERT INTO tbl_vn_ward (ward_id, district_id, ward_name) VALUES (24424, 652, 'X횄짙 Ea H''MLay');
INSERT INTO tbl_vn_ward (ward_id, district_id, ward_name) VALUES (24427, 652, 'X횄짙 Kr횄쨈ng Jing');
INSERT INTO tbl_vn_ward (ward_id, district_id, ward_name) VALUES (24430, 652, 'X횄짙 Ea M'' Doal');
INSERT INTO tbl_vn_ward (ward_id, district_id, ward_name) VALUES (24433, 652, 'X횄짙 Ea Ri횄짧ng');
INSERT INTO tbl_vn_ward (ward_id, district_id, ward_name) VALUES (24436, 652, 'X횄짙 C횈째 M''ta');
INSERT INTO tbl_vn_ward (ward_id, district_id, ward_name) VALUES (24439, 652, 'X횄짙 C횈째 K R횄쨀a');
INSERT INTO tbl_vn_ward (ward_id, district_id, ward_name) VALUES (24442, 652, 'X횄짙 Kr횄쨈ng 횄혖');
INSERT INTO tbl_vn_ward (ward_id, district_id, ward_name) VALUES (24444, 652, 'X횄짙 C횈째 San');
INSERT INTO tbl_vn_ward (ward_id, district_id, ward_name) VALUES (24445, 652, 'X횄짙 Ea Trang');
INSERT INTO tbl_vn_district (district_id, province_id, district_name) VALUES (653, 66, 'Huy찼쨩혝n Kr횄쨈ng B횄쨈ng');
INSERT INTO tbl_vn_ward (ward_id, district_id, ward_name) VALUES (24448, 653, 'Th찼쨩혢 tr찼쨘짜n Kr횄쨈ng Kmar');
INSERT INTO tbl_vn_ward (ward_id, district_id, ward_name) VALUES (24451, 653, 'X횄짙 Dang Kang');
INSERT INTO tbl_vn_ward (ward_id, district_id, ward_name) VALUES (24454, 653, 'X횄짙 C횈째 KTy');
INSERT INTO tbl_vn_ward (ward_id, district_id, ward_name) VALUES (24457, 653, 'X횄짙 H횄짼a Th횄혻nh');
INSERT INTO tbl_vn_ward (ward_id, district_id, ward_name) VALUES (24463, 653, 'X횄짙 H횄짼a Phong');
INSERT INTO tbl_vn_ward (ward_id, district_id, ward_name) VALUES (24466, 653, 'X횄짙 H횄짼a L찼쨩혚');
INSERT INTO tbl_vn_ward (ward_id, district_id, ward_name) VALUES (24469, 653, 'X횄짙 Yang Reh');
INSERT INTO tbl_vn_ward (ward_id, district_id, ward_name) VALUES (24472, 653, 'X횄짙 Ea Trul');
INSERT INTO tbl_vn_ward (ward_id, district_id, ward_name) VALUES (24475, 653, 'X횄짙 Khu횄짧 Ng찼쨩혥c 횆혨i찼쨩혖n');
INSERT INTO tbl_vn_ward (ward_id, district_id, ward_name) VALUES (24478, 653, 'X횄짙 C횈째 Pui');
INSERT INTO tbl_vn_ward (ward_id, district_id, ward_name) VALUES (24481, 653, 'X횄짙 H횄짼a S횈징n');
INSERT INTO tbl_vn_ward (ward_id, district_id, ward_name) VALUES (24484, 653, 'X횄짙 C횈째 Dr횆혘m');
INSERT INTO tbl_vn_ward (ward_id, district_id, ward_name) VALUES (24487, 653, 'X횄짙 Yang Mao');
INSERT INTO tbl_vn_district (district_id, province_id, district_name) VALUES (654, 66, 'Huy찼쨩혝n Kr횄쨈ng P찼쨘짱c');
INSERT INTO tbl_vn_ward (ward_id, district_id, ward_name) VALUES (24490, 654, 'Th찼쨩혢 tr찼쨘짜n Ph횈째찼쨩혴c An');
INSERT INTO tbl_vn_ward (ward_id, district_id, ward_name) VALUES (24493, 654, 'X횄짙 KR횄쨈ng B횄쨘k');
INSERT INTO tbl_vn_ward (ward_id, district_id, ward_name) VALUES (24496, 654, 'X횄짙 Ea Kly');
INSERT INTO tbl_vn_ward (ward_id, district_id, ward_name) VALUES (24499, 654, 'X횄짙 Ea K횄짧nh');
INSERT INTO tbl_vn_ward (ward_id, district_id, ward_name) VALUES (24502, 654, 'X횄짙 Ea Ph횄짧');
INSERT INTO tbl_vn_ward (ward_id, district_id, ward_name) VALUES (24505, 654, 'X횄짙 Ea KNuec');
INSERT INTO tbl_vn_ward (ward_id, district_id, ward_name) VALUES (24508, 654, 'X횄짙 Ea Y횄쨈ng');
INSERT INTO tbl_vn_ward (ward_id, district_id, ward_name) VALUES (24511, 654, 'X횄짙 H횄짼a An');
INSERT INTO tbl_vn_ward (ward_id, district_id, ward_name) VALUES (24514, 654, 'X횄짙 Ea Ku횆혘ng');
INSERT INTO tbl_vn_ward (ward_id, district_id, ward_name) VALUES (24517, 654, 'X횄짙 H횄짼a 횆혨횄쨈ng');
INSERT INTO tbl_vn_ward (ward_id, district_id, ward_name) VALUES (24520, 654, 'X횄짙 Ea Hiu');
INSERT INTO tbl_vn_ward (ward_id, district_id, ward_name) VALUES (24523, 654, 'X횄짙 H횄짼a Ti찼쨘쩔n');
INSERT INTO tbl_vn_ward (ward_id, district_id, ward_name) VALUES (24526, 654, 'X횄짙 T횄짖n Ti찼쨘쩔n');
INSERT INTO tbl_vn_ward (ward_id, district_id, ward_name) VALUES (24529, 654, 'X횄짙 V찼쨩짜 B찼쨩혮n');
INSERT INTO tbl_vn_ward (ward_id, district_id, ward_name) VALUES (24532, 654, 'X횄짙 Ea Uy');
INSERT INTO tbl_vn_ward (ward_id, district_id, ward_name) VALUES (24535, 654, 'X횄짙 Ea Yi횄짧ng');
INSERT INTO tbl_vn_district (district_id, province_id, district_name) VALUES (655, 66, 'Huy찼쨩혝n Kr횄쨈ng A Na');
INSERT INTO tbl_vn_ward (ward_id, district_id, ward_name) VALUES (24538, 655, 'Th찼쨩혢 tr찼쨘짜n Bu횄쨈n Tr찼쨘짜p');
INSERT INTO tbl_vn_ward (ward_id, district_id, ward_name) VALUES (24556, 655, 'X횄짙 Dray S횄징p');
INSERT INTO tbl_vn_ward (ward_id, district_id, ward_name) VALUES (24559, 655, 'X횄짙 Ea Na');
INSERT INTO tbl_vn_ward (ward_id, district_id, ward_name) VALUES (24565, 655, 'X횄짙 Ea B횄쨈ng');
INSERT INTO tbl_vn_ward (ward_id, district_id, ward_name) VALUES (24568, 655, 'X횄짙 B횆혘ng A Dr횄짧nh');
INSERT INTO tbl_vn_ward (ward_id, district_id, ward_name) VALUES (24571, 655, 'X횄짙 Dur KM횆혘l');
INSERT INTO tbl_vn_ward (ward_id, district_id, ward_name) VALUES (24574, 655, 'X횄짙 B횄짭nh H횄짼a');
INSERT INTO tbl_vn_ward (ward_id, district_id, ward_name) VALUES (24577, 655, 'X횄짙 Qu찼쨘짙ng 횆혨i찼쨩혖n');
INSERT INTO tbl_vn_district (district_id, province_id, district_name) VALUES (656, 66, 'Huy찼쨩혝n L찼쨘짱k');
INSERT INTO tbl_vn_ward (ward_id, district_id, ward_name) VALUES (24580, 656, 'Th찼쨩혢 tr찼쨘짜n Li횄짧n S횈징n');
INSERT INTO tbl_vn_ward (ward_id, district_id, ward_name) VALUES (24583, 656, 'X횄짙 Yang Tao');
INSERT INTO tbl_vn_ward (ward_id, district_id, ward_name) VALUES (24586, 656, 'X횄짙 B횄쨈ng Krang');
INSERT INTO tbl_vn_ward (ward_id, district_id, ward_name) VALUES (24589, 656, 'X횄짙 횆혨찼쨘짱k Li횄짧ng');
INSERT INTO tbl_vn_ward (ward_id, district_id, ward_name) VALUES (24592, 656, 'X횄짙 Bu횄쨈n Tri찼쨘쩔t');
INSERT INTO tbl_vn_ward (ward_id, district_id, ward_name) VALUES (24595, 656, 'X횄짙 Bu횄쨈n Tr횄짯a');
INSERT INTO tbl_vn_ward (ward_id, district_id, ward_name) VALUES (24598, 656, 'X횄짙 횆혨찼쨘짱k Ph횈징i');
INSERT INTO tbl_vn_ward (ward_id, district_id, ward_name) VALUES (24601, 656, 'X횄짙 횆혨찼쨘짱k Nu횄짧');
INSERT INTO tbl_vn_ward (ward_id, district_id, ward_name) VALUES (24604, 656, 'X횄짙 Kr횄쨈ng N횄쨈');
INSERT INTO tbl_vn_ward (ward_id, district_id, ward_name) VALUES (24607, 656, 'X횄짙 Nam Ka');
INSERT INTO tbl_vn_ward (ward_id, district_id, ward_name) VALUES (24610, 656, 'X횄짙 Ea R''Bin');
INSERT INTO tbl_vn_district (district_id, province_id, district_name) VALUES (657, 66, 'Huy찼쨩혝n C횈째 Kuin');
INSERT INTO tbl_vn_ward (ward_id, district_id, ward_name) VALUES (24540, 657, 'X횄짙 Ea Ning');
INSERT INTO tbl_vn_ward (ward_id, district_id, ward_name) VALUES (24541, 657, 'X횄짙 C횈째 횄혡 Wi');
INSERT INTO tbl_vn_ward (ward_id, district_id, ward_name) VALUES (24544, 657, 'X횄짙 Ea Ktur');
INSERT INTO tbl_vn_ward (ward_id, district_id, ward_name) VALUES (24547, 657, 'X횄짙 Ea Ti횄짧u');
INSERT INTO tbl_vn_ward (ward_id, district_id, ward_name) VALUES (24550, 657, 'X횄짙 Ea BH찼쨩혩k');
INSERT INTO tbl_vn_ward (ward_id, district_id, ward_name) VALUES (24553, 657, 'X횄짙 Ea Hu');
INSERT INTO tbl_vn_ward (ward_id, district_id, ward_name) VALUES (24561, 657, 'X횄짙 Dray Bh횆혘ng');
INSERT INTO tbl_vn_ward (ward_id, district_id, ward_name) VALUES (24562, 657, 'X횄짙 H횄짼a Hi찼쨩혝p');
INSERT INTO tbl_vn_province (province_id, province_name) VALUES (67, 'T찼쨩혟nh 횆혨찼쨘짱k N횄쨈ng');
INSERT INTO tbl_vn_district (district_id, province_id, district_name) VALUES (660, 67, 'Th횄혻nh ph찼쨩혩 Gia Ngh횆짤a');
INSERT INTO tbl_vn_ward (ward_id, district_id, ward_name) VALUES (24611, 660, 'Ph횈째찼쨩혶ng Ngh횆짤a 횆혨찼쨩짤c');
INSERT INTO tbl_vn_ward (ward_id, district_id, ward_name) VALUES (24612, 660, 'Ph횈째찼쨩혶ng Ngh횆짤a Th횄혻nh');
INSERT INTO tbl_vn_ward (ward_id, district_id, ward_name) VALUES (24614, 660, 'Ph횈째찼쨩혶ng Ngh횆짤a Ph횄쨘');
INSERT INTO tbl_vn_ward (ward_id, district_id, ward_name) VALUES (24615, 660, 'Ph횈째찼쨩혶ng Ngh횆짤a T횄짖n');
INSERT INTO tbl_vn_ward (ward_id, district_id, ward_name) VALUES (24617, 660, 'Ph횈째찼쨩혶ng Ngh횆짤a Trung');
INSERT INTO tbl_vn_ward (ward_id, district_id, ward_name) VALUES (24618, 660, 'X횄짙 횆혨횆혘k R''Moan');
INSERT INTO tbl_vn_ward (ward_id, district_id, ward_name) VALUES (24619, 660, 'Ph횈째찼쨩혶ng Qu찼쨘짙ng Th횄혻nh');
INSERT INTO tbl_vn_ward (ward_id, district_id, ward_name) VALUES (24628, 660, 'X횄짙 횆혨찼쨘짱k Nia');
INSERT INTO tbl_vn_district (district_id, province_id, district_name) VALUES (661, 67, 'Huy찼쨩혝n 횆혨횆혘k Glong');
INSERT INTO tbl_vn_ward (ward_id, district_id, ward_name) VALUES (24616, 661, 'X횄짙 Qu찼쨘짙ng S횈징n');
INSERT INTO tbl_vn_ward (ward_id, district_id, ward_name) VALUES (24620, 661, 'X횄짙 Qu찼쨘짙ng Ho횄혻');
INSERT INTO tbl_vn_ward (ward_id, district_id, ward_name) VALUES (24622, 661, 'X횄짙 횆혨찼쨘짱k Ha');
INSERT INTO tbl_vn_ward (ward_id, district_id, ward_name) VALUES (24625, 661, 'X횄짙 횆혨찼쨘짱k R''M횆혘ng');
INSERT INTO tbl_vn_ward (ward_id, district_id, ward_name) VALUES (24631, 661, 'X횄짙 Qu찼쨘짙ng Kh횄짧');
INSERT INTO tbl_vn_ward (ward_id, district_id, ward_name) VALUES (24634, 661, 'X횄짙 횆혨찼쨘짱k Plao');
INSERT INTO tbl_vn_ward (ward_id, district_id, ward_name) VALUES (24637, 661, 'X횄짙 횆혨찼쨘짱k Som');
INSERT INTO tbl_vn_district (district_id, province_id, district_name) VALUES (662, 67, 'Huy찼쨩혝n C횈째 J횄쨘t');
INSERT INTO tbl_vn_ward (ward_id, district_id, ward_name) VALUES (24640, 662, 'Th찼쨩혢 tr찼쨘짜n Ea T''Ling');
INSERT INTO tbl_vn_ward (ward_id, district_id, ward_name) VALUES (24643, 662, 'X횄짙 횆혨찼쨘짱k Wil');
INSERT INTO tbl_vn_ward (ward_id, district_id, ward_name) VALUES (24646, 662, 'X횄짙 Ea P횄쨈');
INSERT INTO tbl_vn_ward (ward_id, district_id, ward_name) VALUES (24649, 662, 'X횄짙 Nam Dong');
INSERT INTO tbl_vn_ward (ward_id, district_id, ward_name) VALUES (24652, 662, 'X횄짙 횆혨찼쨘짱k DR횄쨈ng');
INSERT INTO tbl_vn_ward (ward_id, district_id, ward_name) VALUES (24655, 662, 'X횄짙 T횄짖m Th찼쨘짱ng');
INSERT INTO tbl_vn_ward (ward_id, district_id, ward_name) VALUES (24658, 662, 'X횄짙 C횈째 Knia');
INSERT INTO tbl_vn_ward (ward_id, district_id, ward_name) VALUES (24661, 662, 'X횄짙 Tr횄쨘c S횈징n');
INSERT INTO tbl_vn_district (district_id, province_id, district_name) VALUES (663, 67, 'Huy찼쨩혝n 횆혨찼쨘짱k Mil');
INSERT INTO tbl_vn_ward (ward_id, district_id, ward_name) VALUES (24664, 663, 'Th찼쨩혢 tr찼쨘짜n 횆혨찼쨘짱k Mil');
INSERT INTO tbl_vn_ward (ward_id, district_id, ward_name) VALUES (24667, 663, 'X횄짙 횆혨찼쨘짱k Lao');
INSERT INTO tbl_vn_ward (ward_id, district_id, ward_name) VALUES (24670, 663, 'X횄짙 횆혨찼쨘짱k R''La');
INSERT INTO tbl_vn_ward (ward_id, district_id, ward_name) VALUES (24673, 663, 'X횄짙 횆혨찼쨘짱k G찼쨘짹n');
INSERT INTO tbl_vn_ward (ward_id, district_id, ward_name) VALUES (24676, 663, 'X횄짙 횆혨찼쨩짤c M찼쨘징nh');
INSERT INTO tbl_vn_ward (ward_id, district_id, ward_name) VALUES (24677, 663, 'X횄짙 횆혨찼쨘짱k N''Dr횄쨀t');
INSERT INTO tbl_vn_ward (ward_id, district_id, ward_name) VALUES (24678, 663, 'X횄짙 Long S횈징n');
INSERT INTO tbl_vn_ward (ward_id, district_id, ward_name) VALUES (24679, 663, 'X횄짙 횆혨찼쨘짱k S찼쨘짱k');
INSERT INTO tbl_vn_ward (ward_id, district_id, ward_name) VALUES (24682, 663, 'X횄짙 Thu찼쨘짯n An');
INSERT INTO tbl_vn_ward (ward_id, district_id, ward_name) VALUES (24685, 663, 'X횄짙 횆혨찼쨩짤c Minh');
INSERT INTO tbl_vn_district (district_id, province_id, district_name) VALUES (664, 67, 'Huy찼쨩혝n Kr횄쨈ng N횄쨈');
INSERT INTO tbl_vn_ward (ward_id, district_id, ward_name) VALUES (24688, 664, 'Th찼쨩혢 tr찼쨘짜n 횆혨찼쨘짱k M횄짖m');
INSERT INTO tbl_vn_ward (ward_id, district_id, ward_name) VALUES (24691, 664, 'X횄짙 횆혨찼쨘짱k S횄쨈r');
INSERT INTO tbl_vn_ward (ward_id, district_id, ward_name) VALUES (24692, 664, 'X횄짙 Nam Xu횄짖n');
INSERT INTO tbl_vn_ward (ward_id, district_id, ward_name) VALUES (24694, 664, 'X횄짙 Bu횄쨈n Choah');
INSERT INTO tbl_vn_ward (ward_id, district_id, ward_name) VALUES (24697, 664, 'X횄짙 Nam 횆혨횄혻');
INSERT INTO tbl_vn_ward (ward_id, district_id, ward_name) VALUES (24699, 664, 'X횄짙 T횄짖n Th횄혻nh');
INSERT INTO tbl_vn_ward (ward_id, district_id, ward_name) VALUES (24700, 664, 'X횄짙 횆혨찼쨘짱k Dr횄쨈');
INSERT INTO tbl_vn_ward (ward_id, district_id, ward_name) VALUES (24703, 664, 'X횄짙 N횄짖m Nung');
INSERT INTO tbl_vn_ward (ward_id, district_id, ward_name) VALUES (24706, 664, 'X횄짙 횆혨찼쨩짤c Xuy횄짧n');
INSERT INTO tbl_vn_ward (ward_id, district_id, ward_name) VALUES (24709, 664, 'X횄짙 횆혨찼쨘짱k Nang');
INSERT INTO tbl_vn_ward (ward_id, district_id, ward_name) VALUES (24712, 664, 'X횄짙 Qu찼쨘짙ng Ph횄쨘');
INSERT INTO tbl_vn_ward (ward_id, district_id, ward_name) VALUES (24715, 664, 'X횄짙 N횄짖m N''횆혨ir');
INSERT INTO tbl_vn_district (district_id, province_id, district_name) VALUES (665, 67, 'Huy찼쨩혝n 횆혨찼쨘짱k Song');
INSERT INTO tbl_vn_ward (ward_id, district_id, ward_name) VALUES (24717, 665, 'Th찼쨩혢 tr찼쨘짜n 횆혨찼쨩짤c An');
INSERT INTO tbl_vn_ward (ward_id, district_id, ward_name) VALUES (24718, 665, 'X횄짙 횆혨찼쨘짱k M횄쨈l');
INSERT INTO tbl_vn_ward (ward_id, district_id, ward_name) VALUES (24719, 665, 'X횄짙 횆혨찼쨘짱k H횄짼a');
INSERT INTO tbl_vn_ward (ward_id, district_id, ward_name) VALUES (24721, 665, 'X횄짙 Nam B횄짭nh');
INSERT INTO tbl_vn_ward (ward_id, district_id, ward_name) VALUES (24722, 665, 'X횄짙 Thu찼쨘짯n H횄혻');
INSERT INTO tbl_vn_ward (ward_id, district_id, ward_name) VALUES (24724, 665, 'X횄짙 Thu찼쨘짯n H찼쨘징nh');
INSERT INTO tbl_vn_ward (ward_id, district_id, ward_name) VALUES (24727, 665, 'X횄짙 횆혨찼쨘짱k N''Dung');
INSERT INTO tbl_vn_ward (ward_id, district_id, ward_name) VALUES (24728, 665, 'X횄짙 N횄짖m N''Jang');
INSERT INTO tbl_vn_ward (ward_id, district_id, ward_name) VALUES (24730, 665, 'X횄짙 Tr횈째찼쨩혶ng Xu횄짖n');
INSERT INTO tbl_vn_district (district_id, province_id, district_name) VALUES (666, 67, 'Huy찼쨩혝n 횆혨찼쨘짱k R''L찼쨘짜p');
INSERT INTO tbl_vn_ward (ward_id, district_id, ward_name) VALUES (24733, 666, 'Th찼쨩혢 tr찼쨘짜n Ki찼쨘쩔n 횆혨찼쨩짤c');
INSERT INTO tbl_vn_ward (ward_id, district_id, ward_name) VALUES (24745, 666, 'X횄짙 Qu찼쨘짙ng T횄짯n');
INSERT INTO tbl_vn_ward (ward_id, district_id, ward_name) VALUES (24750, 666, 'X횄짙 횆혨찼쨘짱k Wer');
INSERT INTO tbl_vn_ward (ward_id, district_id, ward_name) VALUES (24751, 666, 'X횄짙 Nh횄짖n C횈징');
INSERT INTO tbl_vn_ward (ward_id, district_id, ward_name) VALUES (24754, 666, 'X횄짙 Ki찼쨘쩔n Th횄혻nh');
INSERT INTO tbl_vn_ward (ward_id, district_id, ward_name) VALUES (24756, 666, 'X횄짙 Ngh횆짤a Th찼쨘짱ng');
INSERT INTO tbl_vn_ward (ward_id, district_id, ward_name) VALUES (24757, 666, 'X횄짙 횆혨찼쨘징o Ngh횆짤a');
INSERT INTO tbl_vn_ward (ward_id, district_id, ward_name) VALUES (24760, 666, 'X횄짙 횆혨찼쨘짱k Sin');
INSERT INTO tbl_vn_ward (ward_id, district_id, ward_name) VALUES (24761, 666, 'X횄짙 H횈째ng B횄짭nh');
INSERT INTO tbl_vn_ward (ward_id, district_id, ward_name) VALUES (24763, 666, 'X횄짙 횆혨찼쨘짱k Ru');
INSERT INTO tbl_vn_ward (ward_id, district_id, ward_name) VALUES (24766, 666, 'X횄짙 Nh횄짖n 횆혨찼쨘징o');
INSERT INTO tbl_vn_district (district_id, province_id, district_name) VALUES (667, 67, 'Huy찼쨩혝n Tuy 횆혨찼쨩짤c');
INSERT INTO tbl_vn_ward (ward_id, district_id, ward_name) VALUES (24736, 667, 'X횄짙 Qu찼쨘짙ng Tr찼쨩짹c');
INSERT INTO tbl_vn_ward (ward_id, district_id, ward_name) VALUES (24739, 667, 'X횄짙 횆혨찼쨘짱k B횄쨘k So');
INSERT INTO tbl_vn_ward (ward_id, district_id, ward_name) VALUES (24740, 667, 'X횄짙 Qu찼쨘짙ng T횄짖m');
INSERT INTO tbl_vn_ward (ward_id, district_id, ward_name) VALUES (24742, 667, 'X횄짙 횆혨찼쨘짱k R''T횄짯h');
INSERT INTO tbl_vn_ward (ward_id, district_id, ward_name) VALUES (24746, 667, 'X횄짙 횆혨찼쨘짱k Ngo');
INSERT INTO tbl_vn_ward (ward_id, district_id, ward_name) VALUES (24748, 667, 'X횄짙 Qu찼쨘짙ng T횄짖n');
INSERT INTO tbl_vn_province (province_id, province_name) VALUES (68, 'T찼쨩혟nh L횄짖m 횆혨찼쨩혫ng');
INSERT INTO tbl_vn_district (district_id, province_id, district_name) VALUES (672, 68, 'Th횄혻nh ph찼쨩혩 횆혨횄혻 L찼쨘징t');
INSERT INTO tbl_vn_ward (ward_id, district_id, ward_name) VALUES (24769, 672, 'Ph횈째찼쨩혶ng 7');
INSERT INTO tbl_vn_ward (ward_id, district_id, ward_name) VALUES (24772, 672, 'Ph횈째찼쨩혶ng 8');
INSERT INTO tbl_vn_ward (ward_id, district_id, ward_name) VALUES (24775, 672, 'Ph횈째찼쨩혶ng 12');
INSERT INTO tbl_vn_ward (ward_id, district_id, ward_name) VALUES (24778, 672, 'Ph횈째찼쨩혶ng 9');
INSERT INTO tbl_vn_ward (ward_id, district_id, ward_name) VALUES (24781, 672, 'Ph횈째찼쨩혶ng 2');
INSERT INTO tbl_vn_ward (ward_id, district_id, ward_name) VALUES (24784, 672, 'Ph횈째찼쨩혶ng 1');
INSERT INTO tbl_vn_ward (ward_id, district_id, ward_name) VALUES (24787, 672, 'Ph횈째찼쨩혶ng 6');
INSERT INTO tbl_vn_ward (ward_id, district_id, ward_name) VALUES (24790, 672, 'Ph횈째찼쨩혶ng 5');
INSERT INTO tbl_vn_ward (ward_id, district_id, ward_name) VALUES (24793, 672, 'Ph횈째찼쨩혶ng 4');
INSERT INTO tbl_vn_ward (ward_id, district_id, ward_name) VALUES (24796, 672, 'Ph횈째찼쨩혶ng 10');
INSERT INTO tbl_vn_ward (ward_id, district_id, ward_name) VALUES (24799, 672, 'Ph횈째찼쨩혶ng 11');
INSERT INTO tbl_vn_ward (ward_id, district_id, ward_name) VALUES (24802, 672, 'Ph횈째찼쨩혶ng 3');
INSERT INTO tbl_vn_ward (ward_id, district_id, ward_name) VALUES (24805, 672, 'X횄짙 Xu횄짖n Th찼쨩혥');
INSERT INTO tbl_vn_ward (ward_id, district_id, ward_name) VALUES (24808, 672, 'X횄짙 T횄혻 Nung');
INSERT INTO tbl_vn_ward (ward_id, district_id, ward_name) VALUES (24810, 672, 'X횄짙 Tr찼쨘징m H횄혻nh');
INSERT INTO tbl_vn_ward (ward_id, district_id, ward_name) VALUES (24811, 672, 'X횄짙 Xu횄짖n Tr횈째찼쨩혶ng');
INSERT INTO tbl_vn_district (district_id, province_id, district_name) VALUES (673, 68, 'Th횄혻nh ph찼쨩혩 B찼쨘짙o L찼쨩혲c');
INSERT INTO tbl_vn_ward (ward_id, district_id, ward_name) VALUES (24814, 673, 'Ph횈째찼쨩혶ng L찼쨩혲c Ph횄징t');
INSERT INTO tbl_vn_ward (ward_id, district_id, ward_name) VALUES (24817, 673, 'Ph횈째찼쨩혶ng L찼쨩혲c Ti찼쨘쩔n');
INSERT INTO tbl_vn_ward (ward_id, district_id, ward_name) VALUES (24820, 673, 'Ph횈째찼쨩혶ng 2');
INSERT INTO tbl_vn_ward (ward_id, district_id, ward_name) VALUES (24823, 673, 'Ph횈째찼쨩혶ng 1');
INSERT INTO tbl_vn_ward (ward_id, district_id, ward_name) VALUES (24826, 673, 'Ph횈째찼쨩혶ng B''lao');
INSERT INTO tbl_vn_ward (ward_id, district_id, ward_name) VALUES (24829, 673, 'Ph횈째찼쨩혶ng L찼쨩혲c S횈징n');
INSERT INTO tbl_vn_ward (ward_id, district_id, ward_name) VALUES (24832, 673, 'X횄짙 횆혨찼쨘징m Bri');
INSERT INTO tbl_vn_ward (ward_id, district_id, ward_name) VALUES (24835, 673, 'X횄짙 L찼쨩혲c Thanh');
INSERT INTO tbl_vn_ward (ward_id, district_id, ward_name) VALUES (24838, 673, 'X횄짙 L찼쨩혲c Nga');
INSERT INTO tbl_vn_ward (ward_id, district_id, ward_name) VALUES (24841, 673, 'X횄짙 L찼쨩혲c Ch횄짖u');
INSERT INTO tbl_vn_ward (ward_id, district_id, ward_name) VALUES (24844, 673, 'X횄짙 횆혨찼쨘징i L횄혻o');
INSERT INTO tbl_vn_district (district_id, province_id, district_name) VALUES (674, 68, 'Huy찼쨩혝n 횆혨am R횄쨈ng');
INSERT INTO tbl_vn_ward (ward_id, district_id, ward_name) VALUES (24853, 674, 'X횄짙 횆혨찼쨘징 T횄쨈ng');
INSERT INTO tbl_vn_ward (ward_id, district_id, ward_name) VALUES (24856, 674, 'X횄짙 횆혨찼쨘징 Long');
INSERT INTO tbl_vn_ward (ward_id, district_id, ward_name) VALUES (24859, 674, 'X횄짙 횆혨찼쨘징 M'' Rong');
INSERT INTO tbl_vn_ward (ward_id, district_id, ward_name) VALUES (24874, 674, 'X횄짙 Li횄짧ng Sr횄쨈nh');
INSERT INTO tbl_vn_ward (ward_id, district_id, ward_name) VALUES (24875, 674, 'X횄짙 횆혨찼쨘징 Rsal');
INSERT INTO tbl_vn_ward (ward_id, district_id, ward_name) VALUES (24877, 674, 'X횄짙 R횄쨈 Men');
INSERT INTO tbl_vn_ward (ward_id, district_id, ward_name) VALUES (24886, 674, 'X횄짙 Phi Li횄짧ng');
INSERT INTO tbl_vn_ward (ward_id, district_id, ward_name) VALUES (24889, 674, 'X횄짙 횆혨찼쨘징 K'' N횄혻ng');
INSERT INTO tbl_vn_district (district_id, province_id, district_name) VALUES (675, 68, 'Huy찼쨩혝n L찼쨘징c D횈째횈징ng');
INSERT INTO tbl_vn_ward (ward_id, district_id, ward_name) VALUES (24846, 675, 'Th찼쨩혢 tr찼쨘짜n L찼쨘징c D횈째횈징ng');
INSERT INTO tbl_vn_ward (ward_id, district_id, ward_name) VALUES (24847, 675, 'X횄짙 횆혨찼쨘징 Chais');
INSERT INTO tbl_vn_ward (ward_id, district_id, ward_name) VALUES (24848, 675, 'X횄짙 횆혨찼쨘징 Nhim');
INSERT INTO tbl_vn_ward (ward_id, district_id, ward_name) VALUES (24850, 675, 'X횄짙 횆혨횈째ng KN찼쨩혴');
INSERT INTO tbl_vn_ward (ward_id, district_id, ward_name) VALUES (24862, 675, 'X횄짙 L횄징t');
INSERT INTO tbl_vn_ward (ward_id, district_id, ward_name) VALUES (24865, 675, 'X횄짙 횆혨찼쨘징 Sar');
INSERT INTO tbl_vn_district (district_id, province_id, district_name) VALUES (676, 68, 'Huy찼쨩혝n L횄짖m H횄혻');
INSERT INTO tbl_vn_ward (ward_id, district_id, ward_name) VALUES (24868, 676, 'Th찼쨩혢 tr찼쨘짜n Nam Ban');
INSERT INTO tbl_vn_ward (ward_id, district_id, ward_name) VALUES (24871, 676, 'Th찼쨩혢 tr찼쨘짜n 횆혨inh V횆혘n');
INSERT INTO tbl_vn_ward (ward_id, district_id, ward_name) VALUES (24880, 676, 'X횄짙 Ph횄쨘 S횈징n');
INSERT INTO tbl_vn_ward (ward_id, district_id, ward_name) VALUES (24883, 676, 'X횄짙 Phi T횄쨈');
INSERT INTO tbl_vn_ward (ward_id, district_id, ward_name) VALUES (24892, 676, 'X횄짙 M횄짧 Linh');
INSERT INTO tbl_vn_ward (ward_id, district_id, ward_name) VALUES (24895, 676, 'X횄짙 횆혨찼쨘징 횆혨찼쨩혶n');
INSERT INTO tbl_vn_ward (ward_id, district_id, ward_name) VALUES (24898, 676, 'X횄짙 Ph횄쨘c Th찼쨩혥');
INSERT INTO tbl_vn_ward (ward_id, district_id, ward_name) VALUES (24901, 676, 'X횄짙 횆혨횄쨈ng Thanh');
INSERT INTO tbl_vn_ward (ward_id, district_id, ward_name) VALUES (24904, 676, 'X횄짙 Gia L횄짖m');
INSERT INTO tbl_vn_ward (ward_id, district_id, ward_name) VALUES (24907, 676, 'X횄짙 T횄짖n Thanh');
INSERT INTO tbl_vn_ward (ward_id, district_id, ward_name) VALUES (24910, 676, 'X횄짙 T횄짖n V횆혘n');
INSERT INTO tbl_vn_ward (ward_id, district_id, ward_name) VALUES (24913, 676, 'X횄짙 Ho횄혻i 횆혨찼쨩짤c');
INSERT INTO tbl_vn_ward (ward_id, district_id, ward_name) VALUES (24916, 676, 'X횄짙 T횄짖n H횄혻');
INSERT INTO tbl_vn_ward (ward_id, district_id, ward_name) VALUES (24919, 676, 'X횄짙 Li횄짧n H횄혻');
INSERT INTO tbl_vn_ward (ward_id, district_id, ward_name) VALUES (24922, 676, 'X횄짙 횆혨an Ph횈째찼쨩짙ng');
INSERT INTO tbl_vn_ward (ward_id, district_id, ward_name) VALUES (24925, 676, 'X횄짙 Nam H횄혻');
INSERT INTO tbl_vn_district (district_id, province_id, district_name) VALUES (677, 68, 'Huy찼쨩혝n 횆혨횈징n D횈째횈징ng');
INSERT INTO tbl_vn_ward (ward_id, district_id, ward_name) VALUES (24928, 677, 'Th찼쨩혢 tr찼쨘짜n D''Ran');
INSERT INTO tbl_vn_ward (ward_id, district_id, ward_name) VALUES (24931, 677, 'Th찼쨩혢 tr찼쨘짜n Th찼쨘징nh M찼쨩쨔');
INSERT INTO tbl_vn_ward (ward_id, district_id, ward_name) VALUES (24934, 677, 'X횄짙 L찼쨘징c Xu횄짖n');
INSERT INTO tbl_vn_ward (ward_id, district_id, ward_name) VALUES (24937, 677, 'X횄짙 횆혨찼쨘징 R횄짼n');
INSERT INTO tbl_vn_ward (ward_id, district_id, ward_name) VALUES (24940, 677, 'X횄짙 L찼쨘징c L횄짖m');
INSERT INTO tbl_vn_ward (ward_id, district_id, ward_name) VALUES (24943, 677, 'X횄짙 Ka 횆혨횄쨈');
INSERT INTO tbl_vn_ward (ward_id, district_id, ward_name) VALUES (24949, 677, 'X횄짙 Ka 횆혨횈징n');
INSERT INTO tbl_vn_ward (ward_id, district_id, ward_name) VALUES (24952, 677, 'X횄짙 Tu Tra');
INSERT INTO tbl_vn_ward (ward_id, district_id, ward_name) VALUES (24955, 677, 'X횄짙 Qu찼쨘짙ng L찼쨘짯p');
INSERT INTO tbl_vn_district (district_id, province_id, district_name) VALUES (678, 68, 'Huy찼쨩혝n 횆혨찼쨩짤c Tr찼쨩혥ng');
INSERT INTO tbl_vn_ward (ward_id, district_id, ward_name) VALUES (24958, 678, 'Th찼쨩혢 tr찼쨘짜n Li횄짧n Ngh횆짤a');
INSERT INTO tbl_vn_ward (ward_id, district_id, ward_name) VALUES (24961, 678, 'X횄짙 Hi찼쨩혝p An');
INSERT INTO tbl_vn_ward (ward_id, district_id, ward_name) VALUES (24964, 678, 'X횄짙 Li횄짧n Hi찼쨩혝p');
INSERT INTO tbl_vn_ward (ward_id, district_id, ward_name) VALUES (24967, 678, 'X횄짙 Hi찼쨩혝p Th찼쨘징nh');
INSERT INTO tbl_vn_ward (ward_id, district_id, ward_name) VALUES (24970, 678, 'X횄짙 B횄짭nh Th찼쨘징nh');
INSERT INTO tbl_vn_ward (ward_id, district_id, ward_name) VALUES (24973, 678, 'X횄짙 N''Thol H찼쨘징');
INSERT INTO tbl_vn_ward (ward_id, district_id, ward_name) VALUES (24976, 678, 'X횄짙 T횄짖n H찼쨩혲i');
INSERT INTO tbl_vn_ward (ward_id, district_id, ward_name) VALUES (24979, 678, 'X횄짙 T횄짖n Th횄혻nh');
INSERT INTO tbl_vn_ward (ward_id, district_id, ward_name) VALUES (24982, 678, 'X횄짙 Ph횄쨘 H찼쨩혲i');
INSERT INTO tbl_vn_ward (ward_id, district_id, ward_name) VALUES (24985, 678, 'X횄짙 Ninh Gia');
INSERT INTO tbl_vn_ward (ward_id, district_id, ward_name) VALUES (24988, 678, 'X횄짙 T횄혻 N횆혘ng');
INSERT INTO tbl_vn_ward (ward_id, district_id, ward_name) VALUES (24989, 678, 'X횄짙 횆혨a Quyn');
INSERT INTO tbl_vn_ward (ward_id, district_id, ward_name) VALUES (24991, 678, 'X횄짙 T횄혻 Hine');
INSERT INTO tbl_vn_ward (ward_id, district_id, ward_name) VALUES (24994, 678, 'X횄짙 횆혨횄혻 Loan');
INSERT INTO tbl_vn_ward (ward_id, district_id, ward_name) VALUES (24997, 678, 'X횄짙 Ninh Loan');
INSERT INTO tbl_vn_district (district_id, province_id, district_name) VALUES (679, 68, 'Huy찼쨩혝n Di Linh');
INSERT INTO tbl_vn_ward (ward_id, district_id, ward_name) VALUES (25000, 679, 'Th찼쨩혢 tr찼쨘짜n Di Linh');
INSERT INTO tbl_vn_ward (ward_id, district_id, ward_name) VALUES (25003, 679, 'X횄짙 횆혨inh Trang Th횈째찼쨩짙ng');
INSERT INTO tbl_vn_ward (ward_id, district_id, ward_name) VALUES (25006, 679, 'X횄짙 T횄짖n Th횈째찼쨩짙ng');
INSERT INTO tbl_vn_ward (ward_id, district_id, ward_name) VALUES (25007, 679, 'X횄짙 T횄짖n L횄짖m');
INSERT INTO tbl_vn_ward (ward_id, district_id, ward_name) VALUES (25009, 679, 'X횄짙 T횄짖n Ch횄짖u');
INSERT INTO tbl_vn_ward (ward_id, district_id, ward_name) VALUES (25012, 679, 'X횄짙 T횄짖n Ngh횆짤a');
INSERT INTO tbl_vn_ward (ward_id, district_id, ward_name) VALUES (25015, 679, 'X횄짙 Gia Hi찼쨩혝p');
INSERT INTO tbl_vn_ward (ward_id, district_id, ward_name) VALUES (25018, 679, 'X횄짙 횆혨inh L찼쨘징c');
INSERT INTO tbl_vn_ward (ward_id, district_id, ward_name) VALUES (25021, 679, 'X횄짙 Tam B찼쨩혩');
INSERT INTO tbl_vn_ward (ward_id, district_id, ward_name) VALUES (25024, 679, 'X횄짙 횆혨inh Trang H횄짼a');
INSERT INTO tbl_vn_ward (ward_id, district_id, ward_name) VALUES (25027, 679, 'X횄짙 Li횄짧n 횆혨찼쨘짠m');
INSERT INTO tbl_vn_ward (ward_id, district_id, ward_name) VALUES (25030, 679, 'X횄짙 Gung R횄짤');
INSERT INTO tbl_vn_ward (ward_id, district_id, ward_name) VALUES (25033, 679, 'X횄짙 B찼쨘짙o Thu찼쨘짯n');
INSERT INTO tbl_vn_ward (ward_id, district_id, ward_name) VALUES (25036, 679, 'X횄짙 H횄짼a Ninh');
INSERT INTO tbl_vn_ward (ward_id, district_id, ward_name) VALUES (25039, 679, 'X횄짙 H횄짼a Trung');
INSERT INTO tbl_vn_ward (ward_id, district_id, ward_name) VALUES (25042, 679, 'X횄짙 H횄짼a Nam');
INSERT INTO tbl_vn_ward (ward_id, district_id, ward_name) VALUES (25045, 679, 'X횄짙 H횄짼a B찼쨘짱c');
INSERT INTO tbl_vn_ward (ward_id, district_id, ward_name) VALUES (25048, 679, 'X횄짙 S횈징n 횆혨i찼쨩혖n');
INSERT INTO tbl_vn_ward (ward_id, district_id, ward_name) VALUES (25051, 679, 'X횄짙 Gia B찼쨘짱c');
INSERT INTO tbl_vn_district (district_id, province_id, district_name) VALUES (680, 68, 'Huy찼쨩혝n B찼쨘짙o L횄짖m');
INSERT INTO tbl_vn_ward (ward_id, district_id, ward_name) VALUES (25054, 680, 'Th찼쨩혢 tr찼쨘짜n L찼쨩혲c Th찼쨘짱ng');
INSERT INTO tbl_vn_ward (ward_id, district_id, ward_name) VALUES (25057, 680, 'X횄짙 L찼쨩혲c B찼쨘짙o');
INSERT INTO tbl_vn_ward (ward_id, district_id, ward_name) VALUES (25060, 680, 'X횄짙 L찼쨩혲c L횄짖m');
INSERT INTO tbl_vn_ward (ward_id, district_id, ward_name) VALUES (25063, 680, 'X횄짙 L찼쨩혲c Ph횄쨘');
INSERT INTO tbl_vn_ward (ward_id, district_id, ward_name) VALUES (25066, 680, 'X횄짙 L찼쨩혲c B찼쨘짱c');
INSERT INTO tbl_vn_ward (ward_id, district_id, ward_name) VALUES (25069, 680, 'X횄짙 B'' L횄징');
INSERT INTO tbl_vn_ward (ward_id, district_id, ward_name) VALUES (25072, 680, 'X횄짙 L찼쨩혲c Ng횄짙i');
INSERT INTO tbl_vn_ward (ward_id, district_id, ward_name) VALUES (25075, 680, 'X횄짙 L찼쨩혲c Qu찼쨘짙ng');
INSERT INTO tbl_vn_ward (ward_id, district_id, ward_name) VALUES (25078, 680, 'X횄짙 L찼쨩혲c T횄짖n');
INSERT INTO tbl_vn_ward (ward_id, district_id, ward_name) VALUES (25081, 680, 'X횄짙 L찼쨩혲c 횆혨찼쨩짤c');
INSERT INTO tbl_vn_ward (ward_id, district_id, ward_name) VALUES (25084, 680, 'X횄짙 L찼쨩혲c An');
INSERT INTO tbl_vn_ward (ward_id, district_id, ward_name) VALUES (25087, 680, 'X횄짙 T횄짖n L찼쨘징c');
INSERT INTO tbl_vn_ward (ward_id, district_id, ward_name) VALUES (25090, 680, 'X횄짙 L찼쨩혲c Th횄혻nh');
INSERT INTO tbl_vn_ward (ward_id, district_id, ward_name) VALUES (25093, 680, 'X횄짙 L찼쨩혲c Nam');
INSERT INTO tbl_vn_district (district_id, province_id, district_name) VALUES (682, 68, 'Huy찼쨩혝n 횆혨찼쨘징 Huoai');
INSERT INTO tbl_vn_ward (ward_id, district_id, ward_name) VALUES (25096, 682, 'Th찼쨩혢 tr찼쨘짜n 횆혨찼쨘징 M''ri');
INSERT INTO tbl_vn_ward (ward_id, district_id, ward_name) VALUES (25099, 682, 'Th찼쨩혢 tr찼쨘짜n Ma 횆혨a Gu횄쨈i');
INSERT INTO tbl_vn_ward (ward_id, district_id, ward_name) VALUES (25102, 682, 'X횄짙 횆혨찼쨘징 M''ri');
INSERT INTO tbl_vn_ward (ward_id, district_id, ward_name) VALUES (25105, 682, 'X횄짙 H횄혻 L횄짖m');
INSERT INTO tbl_vn_ward (ward_id, district_id, ward_name) VALUES (25111, 682, 'X횄짙 횆혨찼쨘징 Oai');
INSERT INTO tbl_vn_ward (ward_id, district_id, ward_name) VALUES (25114, 682, 'X횄짙 B횄혻 Gia');
INSERT INTO tbl_vn_ward (ward_id, district_id, ward_name) VALUES (25117, 682, 'X횄짙 Ma 횆혨a Gu횄쨈i');
INSERT INTO tbl_vn_ward (ward_id, district_id, ward_name) VALUES (25126, 682, 'Th찼쨩혢 tr찼쨘짜n 횆혨찼쨘징 T찼쨘쨩h');
INSERT INTO tbl_vn_ward (ward_id, district_id, ward_name) VALUES (25129, 682, 'X횄짙 An Nh횈징n');
INSERT INTO tbl_vn_ward (ward_id, district_id, ward_name) VALUES (25132, 682, 'X횄짙 Qu찼쨩혩c Oai');
INSERT INTO tbl_vn_ward (ward_id, district_id, ward_name) VALUES (25135, 682, 'X횄짙 M찼쨩쨔 횆혨찼쨩짤c');
INSERT INTO tbl_vn_ward (ward_id, district_id, ward_name) VALUES (25138, 682, 'X횄짙 Qu찼쨘짙ng Tr찼쨩혢');
INSERT INTO tbl_vn_ward (ward_id, district_id, ward_name) VALUES (25141, 682, 'X횄짙 횆혨찼쨘징 L횄짖y');
INSERT INTO tbl_vn_ward (ward_id, district_id, ward_name) VALUES (25153, 682, 'X횄짙 횆혨찼쨘징 Kho');
INSERT INTO tbl_vn_ward (ward_id, district_id, ward_name) VALUES (25156, 682, 'X횄짙 횆혨찼쨘징 Pal');
INSERT INTO tbl_vn_ward (ward_id, district_id, ward_name) VALUES (25159, 682, 'Th찼쨩혢 tr찼쨘짜n C횄징t Ti횄짧n');
INSERT INTO tbl_vn_ward (ward_id, district_id, ward_name) VALUES (25162, 682, 'X횄짙 Ti횄짧n Ho횄혻ng');
INSERT INTO tbl_vn_ward (ward_id, district_id, ward_name) VALUES (25165, 682, 'X횄짙 Ph횈째찼쨩혴c C횄징t 2');
INSERT INTO tbl_vn_ward (ward_id, district_id, ward_name) VALUES (25168, 682, 'X횄짙 Gia Vi찼쨩혚n');
INSERT INTO tbl_vn_ward (ward_id, district_id, ward_name) VALUES (25171, 682, 'X횄짙 Nam Ninh');
INSERT INTO tbl_vn_ward (ward_id, district_id, ward_name) VALUES (25174, 682, 'X횄짙 M찼쨩쨔 L횄짖m');
INSERT INTO tbl_vn_ward (ward_id, district_id, ward_name) VALUES (25177, 682, 'X횄짙 T횈째 Ngh횆짤a');
INSERT INTO tbl_vn_ward (ward_id, district_id, ward_name) VALUES (25180, 682, 'Th찼쨩혢 tr찼쨘짜n Ph횈째찼쨩혴c C횄징t');
INSERT INTO tbl_vn_ward (ward_id, district_id, ward_name) VALUES (25183, 682, 'X횄짙 횆혨찼쨩짤c Ph찼쨩혮');
INSERT INTO tbl_vn_ward (ward_id, district_id, ward_name) VALUES (25186, 682, 'X횄짙 Ph횄쨔 M찼쨩쨔');
INSERT INTO tbl_vn_ward (ward_id, district_id, ward_name) VALUES (25189, 682, 'X횄짙 Qu찼쨘짙ng Ng횄짙i');
INSERT INTO tbl_vn_ward (ward_id, district_id, ward_name) VALUES (25192, 682, 'X횄짙 횆혨찼쨩혫ng Nai Th횈째찼쨩짙ng');
INSERT INTO tbl_vn_province (province_id, province_name) VALUES (70, 'T찼쨩혟nh B횄짭nh Ph횈째찼쨩혴c');
INSERT INTO tbl_vn_district (district_id, province_id, district_name) VALUES (688, 70, 'Th찼쨩혢 x횄짙 Ph횈째찼쨩혴c Long');
INSERT INTO tbl_vn_ward (ward_id, district_id, ward_name) VALUES (25216, 688, 'Ph횈째찼쨩혶ng Th횄징c M횈징');
INSERT INTO tbl_vn_ward (ward_id, district_id, ward_name) VALUES (25217, 688, 'Ph횈째찼쨩혶ng Long Th찼쨩짠y');
INSERT INTO tbl_vn_ward (ward_id, district_id, ward_name) VALUES (25219, 688, 'Ph횈째찼쨩혶ng Ph횈째찼쨩혴c B횄짭nh');
INSERT INTO tbl_vn_ward (ward_id, district_id, ward_name) VALUES (25220, 688, 'Ph횈째찼쨩혶ng Long Ph횈째찼쨩혴c');
INSERT INTO tbl_vn_ward (ward_id, district_id, ward_name) VALUES (25237, 688, 'Ph횈째찼쨩혶ng S횈징n Giang');
INSERT INTO tbl_vn_ward (ward_id, district_id, ward_name) VALUES (25245, 688, 'X횄짙 Long Giang');
INSERT INTO tbl_vn_ward (ward_id, district_id, ward_name) VALUES (25249, 688, 'X횄짙 Ph횈째찼쨩혴c T횄짯n');
INSERT INTO tbl_vn_district (district_id, province_id, district_name) VALUES (689, 70, 'Th횄혻nh ph찼쨩혩 횆혨찼쨩혫ng Xo횄혻i');
INSERT INTO tbl_vn_ward (ward_id, district_id, ward_name) VALUES (25195, 689, 'Ph횈째찼쨩혶ng T횄짖n Ph횄쨘');
INSERT INTO tbl_vn_ward (ward_id, district_id, ward_name) VALUES (25198, 689, 'Ph횈째찼쨩혶ng T횄짖n 횆혨찼쨩혫ng');
INSERT INTO tbl_vn_ward (ward_id, district_id, ward_name) VALUES (25201, 689, 'Ph횈째찼쨩혶ng T횄짖n B횄짭nh');
INSERT INTO tbl_vn_ward (ward_id, district_id, ward_name) VALUES (25204, 689, 'Ph횈째찼쨩혶ng T횄짖n Xu횄짖n');
INSERT INTO tbl_vn_ward (ward_id, district_id, ward_name) VALUES (25205, 689, 'Ph횈째찼쨩혶ng T횄짖n Thi찼쨩혝n');
INSERT INTO tbl_vn_ward (ward_id, district_id, ward_name) VALUES (25207, 689, 'X횄짙 T횄짖n Th횄혻nh');
INSERT INTO tbl_vn_ward (ward_id, district_id, ward_name) VALUES (25210, 689, 'Ph횈째찼쨩혶ng Ti찼쨘쩔n Th횄혻nh');
INSERT INTO tbl_vn_ward (ward_id, district_id, ward_name) VALUES (25213, 689, 'X횄짙 Ti찼쨘쩔n H횈째ng');
INSERT INTO tbl_vn_district (district_id, province_id, district_name) VALUES (690, 70, 'Th찼쨩혢 x횄짙 B횄짭nh Long');
INSERT INTO tbl_vn_ward (ward_id, district_id, ward_name) VALUES (25320, 690, 'Ph횈째찼쨩혶ng H횈째ng Chi찼쨘쩔n');
INSERT INTO tbl_vn_ward (ward_id, district_id, ward_name) VALUES (25324, 690, 'Ph횈째찼쨩혶ng An L찼쨩혲c');
INSERT INTO tbl_vn_ward (ward_id, district_id, ward_name) VALUES (25325, 690, 'Ph횈째찼쨩혶ng Ph횄쨘 Th찼쨩혢nh');
INSERT INTO tbl_vn_ward (ward_id, district_id, ward_name) VALUES (25326, 690, 'Ph횈째찼쨩혶ng Ph횄쨘 횆혨찼쨩짤c');
INSERT INTO tbl_vn_ward (ward_id, district_id, ward_name) VALUES (25333, 690, 'X횄짙 Thanh L횈째횈징ng');
INSERT INTO tbl_vn_ward (ward_id, district_id, ward_name) VALUES (25336, 690, 'X횄짙 Thanh Ph횄쨘');
INSERT INTO tbl_vn_district (district_id, province_id, district_name) VALUES (691, 70, 'Huy찼쨩혝n B횄쨔 Gia M찼쨘짯p');
INSERT INTO tbl_vn_ward (ward_id, district_id, ward_name) VALUES (25222, 691, 'X횄짙 B횄쨔 Gia M찼쨘짯p');
INSERT INTO tbl_vn_ward (ward_id, district_id, ward_name) VALUES (25225, 691, 'X횄짙 횆혨ak 횈혻');
INSERT INTO tbl_vn_ward (ward_id, district_id, ward_name) VALUES (25228, 691, 'X횄짙 횆혨찼쨩짤c H찼쨘징nh');
INSERT INTO tbl_vn_ward (ward_id, district_id, ward_name) VALUES (25229, 691, 'X횄짙 Ph횄쨘 V횆혘n');
INSERT INTO tbl_vn_ward (ward_id, district_id, ward_name) VALUES (25231, 691, 'X횄짙 횆혨a Kia');
INSERT INTO tbl_vn_ward (ward_id, district_id, ward_name) VALUES (25232, 691, 'X횄짙 Ph횈째찼쨩혴c Minh');
INSERT INTO tbl_vn_ward (ward_id, district_id, ward_name) VALUES (25234, 691, 'X횄짙 B횄짭nh Th찼쨘짱ng');
INSERT INTO tbl_vn_ward (ward_id, district_id, ward_name) VALUES (25267, 691, 'X횄짙 Ph횄쨘 Ngh횆짤a');
INSERT INTO tbl_vn_district (district_id, province_id, district_name) VALUES (692, 70, 'Huy찼쨩혝n L찼쨩혲c Ninh');
INSERT INTO tbl_vn_ward (ward_id, district_id, ward_name) VALUES (25270, 692, 'Th찼쨩혢 tr찼쨘짜n L찼쨩혲c Ninh');
INSERT INTO tbl_vn_ward (ward_id, district_id, ward_name) VALUES (25273, 692, 'X횄짙 L찼쨩혲c H횄짼a');
INSERT INTO tbl_vn_ward (ward_id, district_id, ward_name) VALUES (25276, 692, 'X횄짙 L찼쨩혲c An');
INSERT INTO tbl_vn_ward (ward_id, district_id, ward_name) VALUES (25279, 692, 'X횄짙 L찼쨩혲c T찼쨘짜n');
INSERT INTO tbl_vn_ward (ward_id, district_id, ward_name) VALUES (25280, 692, 'X횄짙 L찼쨩혲c Th찼쨘징nh');
INSERT INTO tbl_vn_ward (ward_id, district_id, ward_name) VALUES (25282, 692, 'X횄짙 L찼쨩혲c Hi찼쨩혝p');
INSERT INTO tbl_vn_ward (ward_id, district_id, ward_name) VALUES (25285, 692, 'X횄짙 L찼쨩혲c Thi찼쨩혝n');
INSERT INTO tbl_vn_ward (ward_id, district_id, ward_name) VALUES (25288, 692, 'X횄짙 L찼쨩혲c Thu찼쨘짯n');
INSERT INTO tbl_vn_ward (ward_id, district_id, ward_name) VALUES (25291, 692, 'X횄짙 L찼쨩혲c Quang');
INSERT INTO tbl_vn_ward (ward_id, district_id, ward_name) VALUES (25292, 692, 'X횄짙 L찼쨩혲c Ph횄쨘');
INSERT INTO tbl_vn_ward (ward_id, district_id, ward_name) VALUES (25294, 692, 'X횄짙 L찼쨩혲c Th횄혻nh');
INSERT INTO tbl_vn_ward (ward_id, district_id, ward_name) VALUES (25297, 692, 'X횄짙 L찼쨩혲c Th횄징i');
INSERT INTO tbl_vn_ward (ward_id, district_id, ward_name) VALUES (25300, 692, 'X횄짙 L찼쨩혲c 횆혨i찼쨩혖n');
INSERT INTO tbl_vn_ward (ward_id, district_id, ward_name) VALUES (25303, 692, 'X횄짙 L찼쨩혲c H횈째ng');
INSERT INTO tbl_vn_ward (ward_id, district_id, ward_name) VALUES (25305, 692, 'X횄짙 L찼쨩혲c Th찼쨩혢nh');
INSERT INTO tbl_vn_ward (ward_id, district_id, ward_name) VALUES (25306, 692, 'X횄짙 L찼쨩혲c Kh횄징nh');
INSERT INTO tbl_vn_district (district_id, province_id, district_name) VALUES (693, 70, 'Huy찼쨩혝n B횄쨔 횆혨찼쨩혩p');
INSERT INTO tbl_vn_ward (ward_id, district_id, ward_name) VALUES (25308, 693, 'Th찼쨩혢 tr찼쨘짜n Thanh B횄짭nh');
INSERT INTO tbl_vn_ward (ward_id, district_id, ward_name) VALUES (25309, 693, 'X횄짙 H횈째ng Ph횈째찼쨩혴c');
INSERT INTO tbl_vn_ward (ward_id, district_id, ward_name) VALUES (25310, 693, 'X횄짙 Ph횈째찼쨩혴c Thi찼쨩혝n');
INSERT INTO tbl_vn_ward (ward_id, district_id, ward_name) VALUES (25312, 693, 'X횄짙 Thi찼쨩혝n H횈째ng');
INSERT INTO tbl_vn_ward (ward_id, district_id, ward_name) VALUES (25315, 693, 'X횄짙 Thanh H횄짼a');
INSERT INTO tbl_vn_ward (ward_id, district_id, ward_name) VALUES (25318, 693, 'X횄짙 T횄짖n Th횄혻nh');
INSERT INTO tbl_vn_ward (ward_id, district_id, ward_name) VALUES (25321, 693, 'X횄짙 T횄짖n Ti찼쨘쩔n');
INSERT INTO tbl_vn_district (district_id, province_id, district_name) VALUES (694, 70, 'Huy찼쨩혝n H찼쨩혴n Qu찼쨘짙n');
INSERT INTO tbl_vn_ward (ward_id, district_id, ward_name) VALUES (25327, 694, 'X횄짙 Thanh An');
INSERT INTO tbl_vn_ward (ward_id, district_id, ward_name) VALUES (25330, 694, 'X횄짙 An Kh횈째횈징ng');
INSERT INTO tbl_vn_ward (ward_id, district_id, ward_name) VALUES (25339, 694, 'X횄짙 An Ph횄쨘');
INSERT INTO tbl_vn_ward (ward_id, district_id, ward_name) VALUES (25342, 694, 'X횄짙 T횄짖n L찼쨩짙i');
INSERT INTO tbl_vn_ward (ward_id, district_id, ward_name) VALUES (25345, 694, 'X횄짙 T횄짖n H횈째ng');
INSERT INTO tbl_vn_ward (ward_id, district_id, ward_name) VALUES (25348, 694, 'X횄짙 Minh 횆혨찼쨩짤c');
INSERT INTO tbl_vn_ward (ward_id, district_id, ward_name) VALUES (25349, 694, 'X횄짙 Minh T횄짖m');
INSERT INTO tbl_vn_ward (ward_id, district_id, ward_name) VALUES (25351, 694, 'X횄짙 Ph횈째찼쨩혴c An');
INSERT INTO tbl_vn_ward (ward_id, district_id, ward_name) VALUES (25354, 694, 'X횄짙 Thanh B횄짭nh');
INSERT INTO tbl_vn_ward (ward_id, district_id, ward_name) VALUES (25357, 694, 'Th찼쨩혢 tr찼쨘짜n T횄짖n Khai');
INSERT INTO tbl_vn_ward (ward_id, district_id, ward_name) VALUES (25360, 694, 'X횄짙 횆혨찼쨩혫ng N횈징');
INSERT INTO tbl_vn_ward (ward_id, district_id, ward_name) VALUES (25361, 694, 'X횄짙 T횄짖n Hi찼쨩혝p');
INSERT INTO tbl_vn_ward (ward_id, district_id, ward_name) VALUES (25438, 694, 'X횄짙 T횄짖n Quan');
INSERT INTO tbl_vn_district (district_id, province_id, district_name) VALUES (695, 70, 'Huy찼쨩혝n 횆혨찼쨩혫ng Ph횄쨘');
INSERT INTO tbl_vn_ward (ward_id, district_id, ward_name) VALUES (25363, 695, 'Th찼쨩혢 tr찼쨘짜n T횄짖n Ph횄쨘');
INSERT INTO tbl_vn_ward (ward_id, district_id, ward_name) VALUES (25366, 695, 'X횄짙 Thu찼쨘짯n L찼쨩짙i');
INSERT INTO tbl_vn_ward (ward_id, district_id, ward_name) VALUES (25369, 695, 'X횄짙 횆혨찼쨩혫ng T횄짖m');
INSERT INTO tbl_vn_ward (ward_id, district_id, ward_name) VALUES (25372, 695, 'X횄짙 T횄짖n Ph횈째찼쨩혴c');
INSERT INTO tbl_vn_ward (ward_id, district_id, ward_name) VALUES (25375, 695, 'X횄짙 T횄짖n H횈째ng');
INSERT INTO tbl_vn_ward (ward_id, district_id, ward_name) VALUES (25378, 695, 'X횄짙 T횄짖n L찼쨩짙i');
INSERT INTO tbl_vn_ward (ward_id, district_id, ward_name) VALUES (25381, 695, 'X횄짙 T횄짖n L찼쨘짯p');
INSERT INTO tbl_vn_ward (ward_id, district_id, ward_name) VALUES (25384, 695, 'X횄짙 T횄짖n H횄짼a');
INSERT INTO tbl_vn_ward (ward_id, district_id, ward_name) VALUES (25387, 695, 'X횄짙 Thu찼쨘짯n Ph횄쨘');
INSERT INTO tbl_vn_ward (ward_id, district_id, ward_name) VALUES (25390, 695, 'X횄짙 횆혨찼쨩혫ng Ti찼쨘쩔n');
INSERT INTO tbl_vn_ward (ward_id, district_id, ward_name) VALUES (25393, 695, 'X횄짙 T횄짖n Ti찼쨘쩔n');
INSERT INTO tbl_vn_district (district_id, province_id, district_name) VALUES (696, 70, 'Huy찼쨩혝n B횄쨔 횆혨횆혘ng');
INSERT INTO tbl_vn_ward (ward_id, district_id, ward_name) VALUES (25396, 696, 'Th찼쨩혢 tr찼쨘짜n 횆혨찼쨩짤c Phong');
INSERT INTO tbl_vn_ward (ward_id, district_id, ward_name) VALUES (25398, 696, 'X횄짙 횆혨횈째찼쨩혶ng 10');
INSERT INTO tbl_vn_ward (ward_id, district_id, ward_name) VALUES (25399, 696, 'X횄짙 횆혨ak Nhau');
INSERT INTO tbl_vn_ward (ward_id, district_id, ward_name) VALUES (25400, 696, 'X횄짙 Ph횄쨘 S횈징n');
INSERT INTO tbl_vn_ward (ward_id, district_id, ward_name) VALUES (25402, 696, 'X횄짙 Th찼쨩혥 S횈징n');
INSERT INTO tbl_vn_ward (ward_id, district_id, ward_name) VALUES (25404, 696, 'X횄짙 B횄짭nh Minh');
INSERT INTO tbl_vn_ward (ward_id, district_id, ward_name) VALUES (25405, 696, 'X횄짙 Bom Bo');
INSERT INTO tbl_vn_ward (ward_id, district_id, ward_name) VALUES (25408, 696, 'X횄짙 Minh H횈째ng');
INSERT INTO tbl_vn_ward (ward_id, district_id, ward_name) VALUES (25411, 696, 'X횄짙 횆혨o횄혻n K찼쨘쩔t');
INSERT INTO tbl_vn_ward (ward_id, district_id, ward_name) VALUES (25414, 696, 'X횄짙 횆혨찼쨩혫ng Nai');
INSERT INTO tbl_vn_ward (ward_id, district_id, ward_name) VALUES (25417, 696, 'X횄짙 횆혨찼쨩짤c Li찼쨩혚u');
INSERT INTO tbl_vn_ward (ward_id, district_id, ward_name) VALUES (25420, 696, 'X횄짙 Th찼쨩혩ng Nh찼쨘짜t');
INSERT INTO tbl_vn_ward (ward_id, district_id, ward_name) VALUES (25423, 696, 'X횄짙 Ngh횆짤a Trung');
INSERT INTO tbl_vn_ward (ward_id, district_id, ward_name) VALUES (25424, 696, 'X횄짙 Ngh횆짤a B횄짭nh');
INSERT INTO tbl_vn_ward (ward_id, district_id, ward_name) VALUES (25426, 696, 'X횄짙 횆혨횆혘ng H횄혻');
INSERT INTO tbl_vn_ward (ward_id, district_id, ward_name) VALUES (25429, 696, 'X횄짙 Ph횈째찼쨩혴c S횈징n');
INSERT INTO tbl_vn_district (district_id, province_id, district_name) VALUES (697, 70, 'Th찼쨩혢 x횄짙 Ch횈징n Th횄혻nh');
INSERT INTO tbl_vn_ward (ward_id, district_id, ward_name) VALUES (25432, 697, 'Ph횈째찼쨩혶ng H횈째ng Long');
INSERT INTO tbl_vn_ward (ward_id, district_id, ward_name) VALUES (25433, 697, 'Ph횈째찼쨩혶ng Th횄혻nh T횄짖m');
INSERT INTO tbl_vn_ward (ward_id, district_id, ward_name) VALUES (25435, 697, 'X횄짙 Minh L찼쨘짯p');
INSERT INTO tbl_vn_ward (ward_id, district_id, ward_name) VALUES (25439, 697, 'X횄짙 Quang Minh');
INSERT INTO tbl_vn_ward (ward_id, district_id, ward_name) VALUES (25441, 697, 'Ph횈째찼쨩혶ng Minh H횈째ng');
INSERT INTO tbl_vn_ward (ward_id, district_id, ward_name) VALUES (25444, 697, 'Ph횈째찼쨩혶ng Minh Long');
INSERT INTO tbl_vn_ward (ward_id, district_id, ward_name) VALUES (25447, 697, 'Ph횈째찼쨩혶ng Minh Th횄혻nh');
INSERT INTO tbl_vn_ward (ward_id, district_id, ward_name) VALUES (25450, 697, 'X횄짙 Nha B횄짯ch');
INSERT INTO tbl_vn_ward (ward_id, district_id, ward_name) VALUES (25453, 697, 'X횄짙 Minh Th찼쨘짱ng');
INSERT INTO tbl_vn_district (district_id, province_id, district_name) VALUES (698, 70, 'Huy찼쨩혝n Ph횄쨘 Ri찼쨩혖ng');
INSERT INTO tbl_vn_ward (ward_id, district_id, ward_name) VALUES (25240, 698, 'X횄짙 Long B횄짭nh');
INSERT INTO tbl_vn_ward (ward_id, district_id, ward_name) VALUES (25243, 698, 'X횄짙 B횄짭nh T횄짖n');
INSERT INTO tbl_vn_ward (ward_id, district_id, ward_name) VALUES (25244, 698, 'X횄짙 B횄짭nh S횈징n');
INSERT INTO tbl_vn_ward (ward_id, district_id, ward_name) VALUES (25246, 698, 'X횄짙 Long H횈째ng');
INSERT INTO tbl_vn_ward (ward_id, district_id, ward_name) VALUES (25250, 698, 'X횄짙 Ph횈째찼쨩혴c T횄짖n');
INSERT INTO tbl_vn_ward (ward_id, district_id, ward_name) VALUES (25252, 698, 'X횄짙 B횄쨔 Nho');
INSERT INTO tbl_vn_ward (ward_id, district_id, ward_name) VALUES (25255, 698, 'X횄짙 Long H횄혻');
INSERT INTO tbl_vn_ward (ward_id, district_id, ward_name) VALUES (25258, 698, 'X횄짙 Long T횄짖n');
INSERT INTO tbl_vn_ward (ward_id, district_id, ward_name) VALUES (25261, 698, 'X횄짙 Ph횄쨘 Trung');
INSERT INTO tbl_vn_ward (ward_id, district_id, ward_name) VALUES (25264, 698, 'X횄짙 Ph횄쨘 Ri찼쨩혖ng');
INSERT INTO tbl_vn_province (province_id, province_name) VALUES (72, 'T찼쨩혟nh T횄짖y Ninh');
INSERT INTO tbl_vn_district (district_id, province_id, district_name) VALUES (703, 72, 'Th횄혻nh ph찼쨩혩 T횄짖y Ninh');
INSERT INTO tbl_vn_ward (ward_id, district_id, ward_name) VALUES (25456, 703, 'Ph횈째찼쨩혶ng 1');
INSERT INTO tbl_vn_ward (ward_id, district_id, ward_name) VALUES (25459, 703, 'Ph횈째찼쨩혶ng 3');
INSERT INTO tbl_vn_ward (ward_id, district_id, ward_name) VALUES (25462, 703, 'Ph횈째찼쨩혶ng 4');
INSERT INTO tbl_vn_ward (ward_id, district_id, ward_name) VALUES (25465, 703, 'Ph횈째찼쨩혶ng Hi찼쨩혝p Ninh');
INSERT INTO tbl_vn_ward (ward_id, district_id, ward_name) VALUES (25468, 703, 'Ph횈째찼쨩혶ng 2');
INSERT INTO tbl_vn_ward (ward_id, district_id, ward_name) VALUES (25471, 703, 'X횄짙 Th찼쨘징nh T횄짖n');
INSERT INTO tbl_vn_ward (ward_id, district_id, ward_name) VALUES (25474, 703, 'X횄짙 T횄짖n B횄짭nh');
INSERT INTO tbl_vn_ward (ward_id, district_id, ward_name) VALUES (25477, 703, 'X횄짙 B횄짭nh Minh');
INSERT INTO tbl_vn_ward (ward_id, district_id, ward_name) VALUES (25480, 703, 'Ph횈째찼쨩혶ng Ninh S횈징n');
INSERT INTO tbl_vn_ward (ward_id, district_id, ward_name) VALUES (25483, 703, 'Ph횈째찼쨩혶ng Ninh Th찼쨘징nh');
INSERT INTO tbl_vn_district (district_id, province_id, district_name) VALUES (705, 72, 'Huy찼쨩혝n T횄짖n Bi횄짧n');
INSERT INTO tbl_vn_ward (ward_id, district_id, ward_name) VALUES (25486, 705, 'Th찼쨩혢 tr찼쨘짜n T횄짖n Bi횄짧n');
INSERT INTO tbl_vn_ward (ward_id, district_id, ward_name) VALUES (25489, 705, 'X횄짙 T횄짖n L찼쨘짯p');
INSERT INTO tbl_vn_ward (ward_id, district_id, ward_name) VALUES (25492, 705, 'X횄짙 Th찼쨘징nh B찼쨘짱c');
INSERT INTO tbl_vn_ward (ward_id, district_id, ward_name) VALUES (25495, 705, 'X횄짙 T횄짖n B횄짭nh');
INSERT INTO tbl_vn_ward (ward_id, district_id, ward_name) VALUES (25498, 705, 'X횄짙 Th찼쨘징nh B횄짭nh');
INSERT INTO tbl_vn_ward (ward_id, district_id, ward_name) VALUES (25501, 705, 'X횄짙 Th찼쨘징nh T횄짖y');
INSERT INTO tbl_vn_ward (ward_id, district_id, ward_name) VALUES (25504, 705, 'X횄짙 H횄짼a Hi찼쨩혝p');
INSERT INTO tbl_vn_ward (ward_id, district_id, ward_name) VALUES (25507, 705, 'X횄짙 T횄짖n Phong');
INSERT INTO tbl_vn_ward (ward_id, district_id, ward_name) VALUES (25510, 705, 'X횄짙 M찼쨩혧 C횄쨈ng');
INSERT INTO tbl_vn_ward (ward_id, district_id, ward_name) VALUES (25513, 705, 'X횄짙 Tr횄혻 Vong');
INSERT INTO tbl_vn_district (district_id, province_id, district_name) VALUES (706, 72, 'Huy찼쨩혝n T횄짖n Ch횄짖u');
INSERT INTO tbl_vn_ward (ward_id, district_id, ward_name) VALUES (25516, 706, 'Th찼쨩혢 tr찼쨘짜n T횄짖n Ch횄짖u');
INSERT INTO tbl_vn_ward (ward_id, district_id, ward_name) VALUES (25519, 706, 'X횄짙 T횄짖n H횄혻');
INSERT INTO tbl_vn_ward (ward_id, district_id, ward_name) VALUES (25522, 706, 'X횄짙 T횄짖n 횆혨횄쨈ng');
INSERT INTO tbl_vn_ward (ward_id, district_id, ward_name) VALUES (25525, 706, 'X횄짙 T횄짖n H찼쨩혲i');
INSERT INTO tbl_vn_ward (ward_id, district_id, ward_name) VALUES (25528, 706, 'X횄짙 T횄짖n H횄짼a');
INSERT INTO tbl_vn_ward (ward_id, district_id, ward_name) VALUES (25531, 706, 'X횄짙 Su찼쨩혩i Ng횄쨈');
INSERT INTO tbl_vn_ward (ward_id, district_id, ward_name) VALUES (25534, 706, 'X횄짙 Su찼쨩혩i D횄짖y');
INSERT INTO tbl_vn_ward (ward_id, district_id, ward_name) VALUES (25537, 706, 'X횄짙 T횄짖n Hi찼쨩혝p');
INSERT INTO tbl_vn_ward (ward_id, district_id, ward_name) VALUES (25540, 706, 'X횄짙 Th찼쨘징nh 횆혨횄쨈ng');
INSERT INTO tbl_vn_ward (ward_id, district_id, ward_name) VALUES (25543, 706, 'X횄짙 T횄짖n Th횄혻nh');
INSERT INTO tbl_vn_ward (ward_id, district_id, ward_name) VALUES (25546, 706, 'X횄짙 T횄짖n Ph횄쨘');
INSERT INTO tbl_vn_ward (ward_id, district_id, ward_name) VALUES (25549, 706, 'X횄짙 T횄짖n H횈째ng');
INSERT INTO tbl_vn_district (district_id, province_id, district_name) VALUES (707, 72, 'Huy찼쨩혝n D횈째횈징ng Minh Ch횄짖u');
INSERT INTO tbl_vn_ward (ward_id, district_id, ward_name) VALUES (25552, 707, 'Th찼쨩혢 tr찼쨘짜n D횈째횈징ng Minh Ch횄짖u');
INSERT INTO tbl_vn_ward (ward_id, district_id, ward_name) VALUES (25555, 707, 'X횄짙 Su찼쨩혩i 횆혨횄징');
INSERT INTO tbl_vn_ward (ward_id, district_id, ward_name) VALUES (25558, 707, 'X횄짙 Phan');
INSERT INTO tbl_vn_ward (ward_id, district_id, ward_name) VALUES (25561, 707, 'X횄짙 Ph횈째찼쨩혴c Ninh');
INSERT INTO tbl_vn_ward (ward_id, district_id, ward_name) VALUES (25564, 707, 'X횄짙 Ph횈째찼쨩혴c Minh');
INSERT INTO tbl_vn_ward (ward_id, district_id, ward_name) VALUES (25567, 707, 'X횄짙 B횄혻u N횆혘ng');
INSERT INTO tbl_vn_ward (ward_id, district_id, ward_name) VALUES (25570, 707, 'X횄짙 Ch횄혻 L횄혻');
INSERT INTO tbl_vn_ward (ward_id, district_id, ward_name) VALUES (25573, 707, 'X횄짙 C찼쨘짠u Kh찼쨩혺i');
INSERT INTO tbl_vn_ward (ward_id, district_id, ward_name) VALUES (25576, 707, 'X횄짙 B찼쨘쩔n C찼쨩짠i');
INSERT INTO tbl_vn_ward (ward_id, district_id, ward_name) VALUES (25579, 707, 'X횄짙 L찼쨩혲c Ninh');
INSERT INTO tbl_vn_ward (ward_id, district_id, ward_name) VALUES (25582, 707, 'X횄짙 Tru횄쨈ng M횄짯t');
INSERT INTO tbl_vn_district (district_id, province_id, district_name) VALUES (708, 72, 'Huy찼쨩혝n Ch횄짖u Th횄혻nh');
INSERT INTO tbl_vn_ward (ward_id, district_id, ward_name) VALUES (25585, 708, 'Th찼쨩혢 tr찼쨘짜n Ch횄짖u Th횄혻nh');
INSERT INTO tbl_vn_ward (ward_id, district_id, ward_name) VALUES (25588, 708, 'X횄짙 H찼쨘짙o 횆혨횈째찼쨩혴c');
INSERT INTO tbl_vn_ward (ward_id, district_id, ward_name) VALUES (25591, 708, 'X횄짙 Ph횈째찼쨩혴c Vinh');
INSERT INTO tbl_vn_ward (ward_id, district_id, ward_name) VALUES (25594, 708, 'X횄짙 횆혨찼쨩혫ng Kh찼쨩혺i');
INSERT INTO tbl_vn_ward (ward_id, district_id, ward_name) VALUES (25597, 708, 'X횄짙 Th횄징i B횄짭nh');
INSERT INTO tbl_vn_ward (ward_id, district_id, ward_name) VALUES (25600, 708, 'X횄짙 An C횈징');
INSERT INTO tbl_vn_ward (ward_id, district_id, ward_name) VALUES (25603, 708, 'X횄짙 Bi횄짧n Gi찼쨩혴i');
INSERT INTO tbl_vn_ward (ward_id, district_id, ward_name) VALUES (25606, 708, 'X횄짙 H횄짼a Th찼쨘징nh');
INSERT INTO tbl_vn_ward (ward_id, district_id, ward_name) VALUES (25609, 708, 'X횄짙 Tr횄짯 B횄짭nh');
INSERT INTO tbl_vn_ward (ward_id, district_id, ward_name) VALUES (25612, 708, 'X횄짙 H횄짼a H찼쨩혲i');
INSERT INTO tbl_vn_ward (ward_id, district_id, ward_name) VALUES (25615, 708, 'X횄짙 An B횄짭nh');
INSERT INTO tbl_vn_ward (ward_id, district_id, ward_name) VALUES (25618, 708, 'X횄짙 Thanh 횆혨i찼쨩혖n');
INSERT INTO tbl_vn_ward (ward_id, district_id, ward_name) VALUES (25621, 708, 'X횄짙 Th횄혻nh Long');
INSERT INTO tbl_vn_ward (ward_id, district_id, ward_name) VALUES (25624, 708, 'X횄짙 Ninh 횆혨i찼쨩혖n');
INSERT INTO tbl_vn_ward (ward_id, district_id, ward_name) VALUES (25627, 708, 'X횄짙 Long V횆짤nh');
INSERT INTO tbl_vn_district (district_id, province_id, district_name) VALUES (709, 72, 'Th찼쨩혢 x횄짙 H횄짼a Th횄혻nh');
INSERT INTO tbl_vn_ward (ward_id, district_id, ward_name) VALUES (25630, 709, 'Ph횈째찼쨩혶ng Long Hoa');
INSERT INTO tbl_vn_ward (ward_id, district_id, ward_name) VALUES (25633, 709, 'Ph횈째찼쨩혶ng Hi찼쨩혝p T횄짖n');
INSERT INTO tbl_vn_ward (ward_id, district_id, ward_name) VALUES (25636, 709, 'Ph횈째찼쨩혶ng Long Th횄혻nh B찼쨘짱c');
INSERT INTO tbl_vn_ward (ward_id, district_id, ward_name) VALUES (25639, 709, 'X횄짙 Tr횈째찼쨩혶ng H횄짼a');
INSERT INTO tbl_vn_ward (ward_id, district_id, ward_name) VALUES (25642, 709, 'X횄짙 Tr횈째찼쨩혶ng 횆혨횄쨈ng');
INSERT INTO tbl_vn_ward (ward_id, district_id, ward_name) VALUES (25645, 709, 'Ph횈째찼쨩혶ng Long Th횄혻nh Trung');
INSERT INTO tbl_vn_ward (ward_id, district_id, ward_name) VALUES (25648, 709, 'X횄짙 Tr횈째찼쨩혶ng T횄짖y');
INSERT INTO tbl_vn_ward (ward_id, district_id, ward_name) VALUES (25651, 709, 'X횄짙 Long Th횄혻nh Nam');
INSERT INTO tbl_vn_district (district_id, province_id, district_name) VALUES (710, 72, 'Huy찼쨩혝n G횄짼 D찼쨘짠u');
INSERT INTO tbl_vn_ward (ward_id, district_id, ward_name) VALUES (25654, 710, 'Th찼쨩혢 tr찼쨘짜n G횄짼 D찼쨘짠u');
INSERT INTO tbl_vn_ward (ward_id, district_id, ward_name) VALUES (25657, 710, 'X횄짙 Th찼쨘징nh 횆혨찼쨩짤c');
INSERT INTO tbl_vn_ward (ward_id, district_id, ward_name) VALUES (25660, 710, 'X횄짙 C찼쨘짤m Giang');
INSERT INTO tbl_vn_ward (ward_id, district_id, ward_name) VALUES (25663, 710, 'X횄짙 Hi찼쨩혝p Th찼쨘징nh');
INSERT INTO tbl_vn_ward (ward_id, district_id, ward_name) VALUES (25666, 710, 'X횄짙 B횄혻u 횆혨찼쨩혫n');
INSERT INTO tbl_vn_ward (ward_id, district_id, ward_name) VALUES (25669, 710, 'X횄짙 Ph횈째찼쨩혴c Th찼쨘징nh');
INSERT INTO tbl_vn_ward (ward_id, district_id, ward_name) VALUES (25672, 710, 'X횄짙 Ph횈째찼쨩혴c 횆혨횄쨈ng');
INSERT INTO tbl_vn_ward (ward_id, district_id, ward_name) VALUES (25675, 710, 'X횄짙 Ph횈째찼쨩혴c Tr찼쨘징ch');
INSERT INTO tbl_vn_ward (ward_id, district_id, ward_name) VALUES (25678, 710, 'X횄짙 Thanh Ph횈째찼쨩혴c');
INSERT INTO tbl_vn_district (district_id, province_id, district_name) VALUES (711, 72, 'Huy찼쨩혝n B찼쨘쩔n C찼쨘짠u');
INSERT INTO tbl_vn_ward (ward_id, district_id, ward_name) VALUES (25681, 711, 'Th찼쨩혢 tr찼쨘짜n B찼쨘쩔n C찼쨘짠u');
INSERT INTO tbl_vn_ward (ward_id, district_id, ward_name) VALUES (25684, 711, 'X횄짙 Long Ch찼쨩짱');
INSERT INTO tbl_vn_ward (ward_id, district_id, ward_name) VALUES (25687, 711, 'X횄짙 Long Ph횈째찼쨩혴c');
INSERT INTO tbl_vn_ward (ward_id, district_id, ward_name) VALUES (25690, 711, 'X횄짙 Long Giang');
INSERT INTO tbl_vn_ward (ward_id, district_id, ward_name) VALUES (25693, 711, 'X횄짙 Ti횄짧n Thu찼쨘짯n');
INSERT INTO tbl_vn_ward (ward_id, district_id, ward_name) VALUES (25696, 711, 'X횄짙 Long Kh횄징nh');
INSERT INTO tbl_vn_ward (ward_id, district_id, ward_name) VALUES (25699, 711, 'X횄짙 L찼쨩짙i Thu찼쨘짯n');
INSERT INTO tbl_vn_ward (ward_id, district_id, ward_name) VALUES (25702, 711, 'X횄짙 Long Thu찼쨘짯n');
INSERT INTO tbl_vn_ward (ward_id, district_id, ward_name) VALUES (25705, 711, 'X횄짙 An Th찼쨘징nh');
INSERT INTO tbl_vn_district (district_id, province_id, district_name) VALUES (712, 72, 'Th찼쨩혢 x횄짙 Tr찼쨘짙ng B횄혻ng');
INSERT INTO tbl_vn_ward (ward_id, district_id, ward_name) VALUES (25708, 712, 'Ph횈째찼쨩혶ng Tr찼쨘짙ng B횄혻ng');
INSERT INTO tbl_vn_ward (ward_id, district_id, ward_name) VALUES (25711, 712, 'X횄짙 횆혨횄쨈n Thu찼쨘짯n');
INSERT INTO tbl_vn_ward (ward_id, district_id, ward_name) VALUES (25714, 712, 'X횄짙 H횈째ng Thu찼쨘짯n');
INSERT INTO tbl_vn_ward (ward_id, district_id, ward_name) VALUES (25717, 712, 'Ph횈째찼쨩혶ng L찼쨩혲c H횈째ng');
INSERT INTO tbl_vn_ward (ward_id, district_id, ward_name) VALUES (25720, 712, 'Ph횈째찼쨩혶ng Gia L찼쨩혲c');
INSERT INTO tbl_vn_ward (ward_id, district_id, ward_name) VALUES (25723, 712, 'Ph횈째찼쨩혶ng Gia B횄짭nh');
INSERT INTO tbl_vn_ward (ward_id, district_id, ward_name) VALUES (25729, 712, 'X횄짙 Ph횈째찼쨩혴c B횄짭nh');
INSERT INTO tbl_vn_ward (ward_id, district_id, ward_name) VALUES (25732, 712, 'Ph횈째찼쨩혶ng An T찼쨩혢nh');
INSERT INTO tbl_vn_ward (ward_id, district_id, ward_name) VALUES (25735, 712, 'Ph횈째찼쨩혶ng An H횄짼a');
INSERT INTO tbl_vn_ward (ward_id, district_id, ward_name) VALUES (25738, 712, 'X횄짙 Ph횈째찼쨩혴c Ch찼쨩혟');
INSERT INTO tbl_vn_province (province_id, province_name) VALUES (74, 'T찼쨩혟nh B횄짭nh D횈째횈징ng');
INSERT INTO tbl_vn_district (district_id, province_id, district_name) VALUES (718, 74, 'Th횄혻nh ph찼쨩혩 Th찼쨩짠 D찼쨘짠u M찼쨩혲t');
INSERT INTO tbl_vn_ward (ward_id, district_id, ward_name) VALUES (25741, 718, 'Ph횈째찼쨩혶ng Hi찼쨩혝p Th횄혻nh');
INSERT INTO tbl_vn_ward (ward_id, district_id, ward_name) VALUES (25744, 718, 'Ph횈째찼쨩혶ng Ph횄쨘 L찼쨩짙i');
INSERT INTO tbl_vn_ward (ward_id, district_id, ward_name) VALUES (25747, 718, 'Ph횈째찼쨩혶ng Ph횄쨘 C횈째찼쨩혶ng');
INSERT INTO tbl_vn_ward (ward_id, district_id, ward_name) VALUES (25750, 718, 'Ph횈째찼쨩혶ng Ph횄쨘 H횄짼a');
INSERT INTO tbl_vn_ward (ward_id, district_id, ward_name) VALUES (25753, 718, 'Ph횈째찼쨩혶ng Ph횄쨘 Th찼쨩혥');
INSERT INTO tbl_vn_ward (ward_id, district_id, ward_name) VALUES (25756, 718, 'Ph횈째찼쨩혶ng Ch횄징nh Ngh횆짤a');
INSERT INTO tbl_vn_ward (ward_id, district_id, ward_name) VALUES (25759, 718, 'Ph횈째찼쨩혶ng 횆혨찼쨩혢nh Ho횄혻');
INSERT INTO tbl_vn_ward (ward_id, district_id, ward_name) VALUES (25760, 718, 'Ph횈째찼쨩혶ng Ho횄혻 Ph횄쨘');
INSERT INTO tbl_vn_ward (ward_id, district_id, ward_name) VALUES (25762, 718, 'Ph횈째찼쨩혶ng Ph횄쨘 M찼쨩쨔');
INSERT INTO tbl_vn_ward (ward_id, district_id, ward_name) VALUES (25763, 718, 'Ph횈째찼쨩혶ng Ph횄쨘 T횄짖n');
INSERT INTO tbl_vn_ward (ward_id, district_id, ward_name) VALUES (25765, 718, 'Ph횈째찼쨩혶ng T횄짖n An');
INSERT INTO tbl_vn_ward (ward_id, district_id, ward_name) VALUES (25768, 718, 'Ph횈째찼쨩혶ng Hi찼쨩혝p An');
INSERT INTO tbl_vn_ward (ward_id, district_id, ward_name) VALUES (25771, 718, 'Ph횈째찼쨩혶ng T횈째횈징ng B횄짭nh Hi찼쨩혝p');
INSERT INTO tbl_vn_ward (ward_id, district_id, ward_name) VALUES (25774, 718, 'Ph횈째찼쨩혶ng Ch횄징nh M찼쨩쨔');
INSERT INTO tbl_vn_district (district_id, province_id, district_name) VALUES (719, 74, 'Huy찼쨩혝n B횄혻u B횄혻ng');
INSERT INTO tbl_vn_ward (ward_id, district_id, ward_name) VALUES (25816, 719, 'X횄짙 Tr찼쨩짬 V횆혘n Th찼쨩혩');
INSERT INTO tbl_vn_ward (ward_id, district_id, ward_name) VALUES (25819, 719, 'X횄짙 C횄짖y Tr횈째찼쨩혶ng II');
INSERT INTO tbl_vn_ward (ward_id, district_id, ward_name) VALUES (25822, 719, 'Th찼쨩혢 tr찼쨘짜n Lai Uy횄짧n');
INSERT INTO tbl_vn_ward (ward_id, district_id, ward_name) VALUES (25825, 719, 'X횄짙 T횄짖n H횈째ng');
INSERT INTO tbl_vn_ward (ward_id, district_id, ward_name) VALUES (25828, 719, 'X횄짙 Long Nguy횄짧n');
INSERT INTO tbl_vn_ward (ward_id, district_id, ward_name) VALUES (25831, 719, 'X횄짙 H횈째ng H횄짼a');
INSERT INTO tbl_vn_ward (ward_id, district_id, ward_name) VALUES (25834, 719, 'X횄짙 Lai H횈째ng');
INSERT INTO tbl_vn_district (district_id, province_id, district_name) VALUES (720, 74, 'Huy찼쨩혝n D찼쨘짠u Ti찼쨘쩔ng');
INSERT INTO tbl_vn_ward (ward_id, district_id, ward_name) VALUES (25777, 720, 'Th찼쨩혢 tr찼쨘짜n D찼쨘짠u Ti찼쨘쩔ng');
INSERT INTO tbl_vn_ward (ward_id, district_id, ward_name) VALUES (25780, 720, 'X횄짙 Minh Ho횄혻');
INSERT INTO tbl_vn_ward (ward_id, district_id, ward_name) VALUES (25783, 720, 'X횄짙 Minh Th찼쨘징nh');
INSERT INTO tbl_vn_ward (ward_id, district_id, ward_name) VALUES (25786, 720, 'X횄짙 Minh T횄짖n');
INSERT INTO tbl_vn_ward (ward_id, district_id, ward_name) VALUES (25789, 720, 'X횄짙 횆혨찼쨩혢nh An');
INSERT INTO tbl_vn_ward (ward_id, district_id, ward_name) VALUES (25792, 720, 'X횄짙 Long Ho횄혻');
INSERT INTO tbl_vn_ward (ward_id, district_id, ward_name) VALUES (25795, 720, 'X횄짙 횆혨찼쨩혢nh Th횄혻nh');
INSERT INTO tbl_vn_ward (ward_id, district_id, ward_name) VALUES (25798, 720, 'X횄짙 횆혨찼쨩혢nh Hi찼쨩혝p');
INSERT INTO tbl_vn_ward (ward_id, district_id, ward_name) VALUES (25801, 720, 'X횄짙 An L찼쨘짯p');
INSERT INTO tbl_vn_ward (ward_id, district_id, ward_name) VALUES (25804, 720, 'X횄짙 Long T횄짖n');
INSERT INTO tbl_vn_ward (ward_id, district_id, ward_name) VALUES (25807, 720, 'X횄짙 Thanh An');
INSERT INTO tbl_vn_ward (ward_id, district_id, ward_name) VALUES (25810, 720, 'X횄짙 Thanh Tuy찼쨩혖n');
INSERT INTO tbl_vn_district (district_id, province_id, district_name) VALUES (721, 74, 'Th횄혻nh ph찼쨩혩 B찼쨘쩔n C횄징t');
INSERT INTO tbl_vn_ward (ward_id, district_id, ward_name) VALUES (25813, 721, 'Ph횈째찼쨩혶ng M찼쨩쨔 Ph횈째찼쨩혴c');
INSERT INTO tbl_vn_ward (ward_id, district_id, ward_name) VALUES (25837, 721, 'Ph횈째찼쨩혶ng Ch횄징nh Ph횄쨘 H횄짼a');
INSERT INTO tbl_vn_ward (ward_id, district_id, ward_name) VALUES (25840, 721, 'Ph횈째찼쨩혶ng An 횆혨i찼쨩혖n');
INSERT INTO tbl_vn_ward (ward_id, district_id, ward_name) VALUES (25843, 721, 'Ph횈째찼쨩혶ng An T횄짖y');
INSERT INTO tbl_vn_ward (ward_id, district_id, ward_name) VALUES (25846, 721, 'Ph횈째찼쨩혶ng Th찼쨩혴i H횄짼a');
INSERT INTO tbl_vn_ward (ward_id, district_id, ward_name) VALUES (25849, 721, 'Ph횈째찼쨩혶ng H횄짼a L찼쨩짙i');
INSERT INTO tbl_vn_ward (ward_id, district_id, ward_name) VALUES (25852, 721, 'Ph횈째찼쨩혶ng T횄짖n 횆혨찼쨩혢nh');
INSERT INTO tbl_vn_ward (ward_id, district_id, ward_name) VALUES (25855, 721, 'X횄짙 Ph횄쨘 An');
INSERT INTO tbl_vn_district (district_id, province_id, district_name) VALUES (722, 74, 'Huy찼쨩혝n Ph횄쨘 Gi횄징o');
INSERT INTO tbl_vn_ward (ward_id, district_id, ward_name) VALUES (25858, 722, 'Th찼쨩혢 tr찼쨘짜n Ph횈째찼쨩혴c V횆짤nh');
INSERT INTO tbl_vn_ward (ward_id, district_id, ward_name) VALUES (25861, 722, 'X횄짙 An Linh');
INSERT INTO tbl_vn_ward (ward_id, district_id, ward_name) VALUES (25864, 722, 'X횄짙 Ph횈째찼쨩혴c Sang');
INSERT INTO tbl_vn_ward (ward_id, district_id, ward_name) VALUES (25865, 722, 'X횄짙 An Th횄징i');
INSERT INTO tbl_vn_ward (ward_id, district_id, ward_name) VALUES (25867, 722, 'X횄짙 An Long');
INSERT INTO tbl_vn_ward (ward_id, district_id, ward_name) VALUES (25870, 722, 'X횄짙 An B횄짭nh');
INSERT INTO tbl_vn_ward (ward_id, district_id, ward_name) VALUES (25873, 722, 'X횄짙 T횄짖n Hi찼쨩혝p');
INSERT INTO tbl_vn_ward (ward_id, district_id, ward_name) VALUES (25876, 722, 'X횄짙 Tam L찼쨘짯p');
INSERT INTO tbl_vn_ward (ward_id, district_id, ward_name) VALUES (25879, 722, 'X횄짙 T횄짖n Long');
INSERT INTO tbl_vn_ward (ward_id, district_id, ward_name) VALUES (25882, 722, 'X횄짙 V횆짤nh Ho횄혻');
INSERT INTO tbl_vn_ward (ward_id, district_id, ward_name) VALUES (25885, 722, 'X횄짙 Ph횈째찼쨩혴c Ho횄혻');
INSERT INTO tbl_vn_district (district_id, province_id, district_name) VALUES (723, 74, 'Th횄혻nh ph찼쨩혩 T횄짖n Uy횄짧n');
INSERT INTO tbl_vn_ward (ward_id, district_id, ward_name) VALUES (25888, 723, 'Ph횈째찼쨩혶ng Uy횄짧n H횈째ng');
INSERT INTO tbl_vn_ward (ward_id, district_id, ward_name) VALUES (25891, 723, 'Ph횈째찼쨩혶ng T횄짖n Ph횈째찼쨩혴c Kh횄징nh');
INSERT INTO tbl_vn_ward (ward_id, district_id, ward_name) VALUES (25912, 723, 'Ph횈째찼쨩혶ng V횆짤nh T횄짖n');
INSERT INTO tbl_vn_ward (ward_id, district_id, ward_name) VALUES (25915, 723, 'Ph횈째찼쨩혶ng H찼쨩혲i Ngh횆짤a');
INSERT INTO tbl_vn_ward (ward_id, district_id, ward_name) VALUES (25920, 723, 'Ph횈째찼쨩혶ng T횄짖n Hi찼쨩혝p');
INSERT INTO tbl_vn_ward (ward_id, district_id, ward_name) VALUES (25921, 723, 'Ph횈째찼쨩혶ng Kh횄징nh B횄짭nh');
INSERT INTO tbl_vn_ward (ward_id, district_id, ward_name) VALUES (25924, 723, 'Ph횈째찼쨩혶ng Ph횄쨘 Ch횄징nh');
INSERT INTO tbl_vn_ward (ward_id, district_id, ward_name) VALUES (25930, 723, 'X횄짙 B찼쨘징ch 횆혨찼쨘짹ng');
INSERT INTO tbl_vn_ward (ward_id, district_id, ward_name) VALUES (25933, 723, 'Ph횈째찼쨩혶ng T횄짖n V횆짤nh Hi찼쨩혝p');
INSERT INTO tbl_vn_ward (ward_id, district_id, ward_name) VALUES (25936, 723, 'Ph횈째찼쨩혶ng Th찼쨘징nh Ph횈째찼쨩혴c');
INSERT INTO tbl_vn_ward (ward_id, district_id, ward_name) VALUES (25937, 723, 'X횄짙 Th찼쨘징nh H찼쨩혲i');
INSERT INTO tbl_vn_ward (ward_id, district_id, ward_name) VALUES (25939, 723, 'Ph횈째찼쨩혶ng Th횄징i H횄짼a');
INSERT INTO tbl_vn_district (district_id, province_id, district_name) VALUES (724, 74, 'Th횄혻nh ph찼쨩혩 D횆짤 An');
INSERT INTO tbl_vn_ward (ward_id, district_id, ward_name) VALUES (25942, 724, 'Ph횈째찼쨩혶ng D횆짤 An');
INSERT INTO tbl_vn_ward (ward_id, district_id, ward_name) VALUES (25945, 724, 'Ph횈째찼쨩혶ng T횄짖n B횄짭nh');
INSERT INTO tbl_vn_ward (ward_id, district_id, ward_name) VALUES (25948, 724, 'Ph횈째찼쨩혶ng T횄짖n 횆혨횄쨈ng Hi찼쨩혝p');
INSERT INTO tbl_vn_ward (ward_id, district_id, ward_name) VALUES (25951, 724, 'Ph횈째찼쨩혶ng B횄짭nh An');
INSERT INTO tbl_vn_ward (ward_id, district_id, ward_name) VALUES (25954, 724, 'Ph횈째찼쨩혶ng B횄짭nh Th찼쨘짱ng');
INSERT INTO tbl_vn_ward (ward_id, district_id, ward_name) VALUES (25957, 724, 'Ph횈째찼쨩혶ng 횆혨횄쨈ng H횄짼a');
INSERT INTO tbl_vn_ward (ward_id, district_id, ward_name) VALUES (25960, 724, 'Ph횈째찼쨩혶ng An B횄짭nh');
INSERT INTO tbl_vn_district (district_id, province_id, district_name) VALUES (725, 74, 'Th횄혻nh ph찼쨩혩 Thu찼쨘짯n An');
INSERT INTO tbl_vn_ward (ward_id, district_id, ward_name) VALUES (25963, 725, 'Ph횈째찼쨩혶ng An Th찼쨘징nh');
INSERT INTO tbl_vn_ward (ward_id, district_id, ward_name) VALUES (25966, 725, 'Ph횈째찼쨩혶ng L횄징i Thi횄짧u');
INSERT INTO tbl_vn_ward (ward_id, district_id, ward_name) VALUES (25969, 725, 'Ph횈째찼쨩혶ng B횄짭nh Chu찼쨘짤n');
INSERT INTO tbl_vn_ward (ward_id, district_id, ward_name) VALUES (25972, 725, 'Ph횈째찼쨩혶ng Thu찼쨘짯n Giao');
INSERT INTO tbl_vn_ward (ward_id, district_id, ward_name) VALUES (25975, 725, 'Ph횈째찼쨩혶ng An Ph횄쨘');
INSERT INTO tbl_vn_ward (ward_id, district_id, ward_name) VALUES (25978, 725, 'Ph횈째찼쨩혶ng H횈째ng 횆혨찼쨩혢nh');
INSERT INTO tbl_vn_ward (ward_id, district_id, ward_name) VALUES (25981, 725, 'X횄짙 An S횈징n');
INSERT INTO tbl_vn_ward (ward_id, district_id, ward_name) VALUES (25984, 725, 'Ph횈째찼쨩혶ng B횄짭nh Nh횄짖m');
INSERT INTO tbl_vn_ward (ward_id, district_id, ward_name) VALUES (25987, 725, 'Ph횈째찼쨩혶ng B횄짭nh H횄짼a');
INSERT INTO tbl_vn_ward (ward_id, district_id, ward_name) VALUES (25990, 725, 'Ph횈째찼쨩혶ng V횆짤nh Ph횄쨘');
INSERT INTO tbl_vn_district (district_id, province_id, district_name) VALUES (726, 74, 'Huy찼쨩혝n B찼쨘짱c T횄짖n Uy횄짧n');
INSERT INTO tbl_vn_ward (ward_id, district_id, ward_name) VALUES (25894, 726, 'X횄짙 T횄짖n 횆혨찼쨩혢nh');
INSERT INTO tbl_vn_ward (ward_id, district_id, ward_name) VALUES (25897, 726, 'X횄짙 B횄짭nh M찼쨩쨔');
INSERT INTO tbl_vn_ward (ward_id, district_id, ward_name) VALUES (25900, 726, 'Th찼쨩혢 tr찼쨘짜n T횄짖n B횄짭nh');
INSERT INTO tbl_vn_ward (ward_id, district_id, ward_name) VALUES (25903, 726, 'X횄짙 T횄짖n L찼쨘짯p');
INSERT INTO tbl_vn_ward (ward_id, district_id, ward_name) VALUES (25906, 726, 'Th찼쨩혢 tr찼쨘짜n T횄짖n Th횄혻nh');
INSERT INTO tbl_vn_ward (ward_id, district_id, ward_name) VALUES (25907, 726, 'X횄짙 횆혨찼쨘짜t Cu찼쨩혩c');
INSERT INTO tbl_vn_ward (ward_id, district_id, ward_name) VALUES (25908, 726, 'X횄짙 Hi찼쨘쩔u Li횄짧m');
INSERT INTO tbl_vn_ward (ward_id, district_id, ward_name) VALUES (25909, 726, 'X횄짙 L찼쨘징c An');
INSERT INTO tbl_vn_ward (ward_id, district_id, ward_name) VALUES (25918, 726, 'X횄짙 T횄짖n M찼쨩쨔');
INSERT INTO tbl_vn_ward (ward_id, district_id, ward_name) VALUES (25927, 726, 'X횄짙 Th횈째찼쨩혶ng T횄짖n');
INSERT INTO tbl_vn_province (province_id, province_name) VALUES (75, 'T찼쨩혟nh 횆혨찼쨩혫ng Nai');
INSERT INTO tbl_vn_district (district_id, province_id, district_name) VALUES (731, 75, 'Th횄혻nh ph찼쨩혩 Bi횄짧n H횄짼a');
INSERT INTO tbl_vn_ward (ward_id, district_id, ward_name) VALUES (25993, 731, 'Ph횈째찼쨩혶ng Tr찼쨘짙ng D횄혻i');
INSERT INTO tbl_vn_ward (ward_id, district_id, ward_name) VALUES (25996, 731, 'Ph횈째찼쨩혶ng T횄짖n Phong');
INSERT INTO tbl_vn_ward (ward_id, district_id, ward_name) VALUES (25999, 731, 'Ph횈째찼쨩혶ng T횄짖n Bi횄짧n');
INSERT INTO tbl_vn_ward (ward_id, district_id, ward_name) VALUES (26002, 731, 'Ph횈째찼쨩혶ng H찼쨩혩 Nai');
INSERT INTO tbl_vn_ward (ward_id, district_id, ward_name) VALUES (26005, 731, 'Ph횈째찼쨩혶ng T횄짖n H횄짼a');
INSERT INTO tbl_vn_ward (ward_id, district_id, ward_name) VALUES (26008, 731, 'Ph횈째찼쨩혶ng T횄짖n Hi찼쨩혝p');
INSERT INTO tbl_vn_ward (ward_id, district_id, ward_name) VALUES (26011, 731, 'Ph횈째찼쨩혶ng B찼쨩짯u Long');
INSERT INTO tbl_vn_ward (ward_id, district_id, ward_name) VALUES (26014, 731, 'Ph횈째찼쨩혶ng T횄짖n Mai');
INSERT INTO tbl_vn_ward (ward_id, district_id, ward_name) VALUES (26017, 731, 'Ph횈째찼쨩혶ng Tam Hi찼쨩혝p');
INSERT INTO tbl_vn_ward (ward_id, district_id, ward_name) VALUES (26020, 731, 'Ph횈째찼쨩혶ng Long B횄짭nh');
INSERT INTO tbl_vn_ward (ward_id, district_id, ward_name) VALUES (26023, 731, 'Ph횈째찼쨩혶ng Quang Vinh');
INSERT INTO tbl_vn_ward (ward_id, district_id, ward_name) VALUES (26029, 731, 'Ph횈째찼쨩혶ng Th찼쨩혩ng Nh찼쨘짜t');
INSERT INTO tbl_vn_ward (ward_id, district_id, ward_name) VALUES (26041, 731, 'Ph횈째찼쨩혶ng Trung D횇짤ng');
INSERT INTO tbl_vn_ward (ward_id, district_id, ward_name) VALUES (26047, 731, 'Ph횈째찼쨩혶ng B횄짭nh 횆혨a');
INSERT INTO tbl_vn_ward (ward_id, district_id, ward_name) VALUES (26050, 731, 'Ph횈째찼쨩혶ng An B횄짭nh');
INSERT INTO tbl_vn_ward (ward_id, district_id, ward_name) VALUES (26053, 731, 'Ph횈째찼쨩혶ng B찼쨩짯u H횄짼a');
INSERT INTO tbl_vn_ward (ward_id, district_id, ward_name) VALUES (26056, 731, 'Ph횈째찼쨩혶ng Long B횄짭nh T횄짖n');
INSERT INTO tbl_vn_ward (ward_id, district_id, ward_name) VALUES (26059, 731, 'Ph횈째찼쨩혶ng T횄짖n V찼쨘징n');
INSERT INTO tbl_vn_ward (ward_id, district_id, ward_name) VALUES (26062, 731, 'Ph횈째찼쨩혶ng T횄짖n H찼쨘징nh');
INSERT INTO tbl_vn_ward (ward_id, district_id, ward_name) VALUES (26065, 731, 'Ph횈째찼쨩혶ng Hi찼쨩혝p H횄짼a');
INSERT INTO tbl_vn_ward (ward_id, district_id, ward_name) VALUES (26068, 731, 'Ph횈째찼쨩혶ng H횄쨀a An');
INSERT INTO tbl_vn_ward (ward_id, district_id, ward_name) VALUES (26371, 731, 'Ph횈째찼쨩혶ng An H횄짼a');
INSERT INTO tbl_vn_ward (ward_id, district_id, ward_name) VALUES (26374, 731, 'Ph횈째찼쨩혶ng Tam Ph횈째찼쨩혴c');
INSERT INTO tbl_vn_ward (ward_id, district_id, ward_name) VALUES (26377, 731, 'Ph횈째찼쨩혶ng Ph횈째찼쨩혴c T횄짖n');
INSERT INTO tbl_vn_ward (ward_id, district_id, ward_name) VALUES (26380, 731, 'X횄짙 Long H횈째ng');
INSERT INTO tbl_vn_district (district_id, province_id, district_name) VALUES (732, 75, 'Th횄혻nh ph찼쨩혩 Long Kh횄징nh');
INSERT INTO tbl_vn_ward (ward_id, district_id, ward_name) VALUES (26077, 732, 'Ph횈째찼쨩혶ng Xu횄짖n B횄짭nh');
INSERT INTO tbl_vn_ward (ward_id, district_id, ward_name) VALUES (26080, 732, 'Ph횈째찼쨩혶ng Xu횄짖n An');
INSERT INTO tbl_vn_ward (ward_id, district_id, ward_name) VALUES (26083, 732, 'Ph횈째찼쨩혶ng Xu횄짖n Ho횄혻');
INSERT INTO tbl_vn_ward (ward_id, district_id, ward_name) VALUES (26086, 732, 'Ph횈째찼쨩혶ng Ph횄쨘 B횄짭nh');
INSERT INTO tbl_vn_ward (ward_id, district_id, ward_name) VALUES (26089, 732, 'X횄짙 B횄짭nh L찼쨩혲c');
INSERT INTO tbl_vn_ward (ward_id, district_id, ward_name) VALUES (26092, 732, 'X횄짙 B찼쨘짙o Quang');
INSERT INTO tbl_vn_ward (ward_id, district_id, ward_name) VALUES (26095, 732, 'Ph횈째찼쨩혶ng Su찼쨩혩i Tre');
INSERT INTO tbl_vn_ward (ward_id, district_id, ward_name) VALUES (26098, 732, 'Ph횈째찼쨩혶ng B찼쨘짙o Vinh');
INSERT INTO tbl_vn_ward (ward_id, district_id, ward_name) VALUES (26101, 732, 'Ph횈째찼쨩혶ng Xu횄짖n L찼쨘짯p');
INSERT INTO tbl_vn_ward (ward_id, district_id, ward_name) VALUES (26104, 732, 'Ph횈째찼쨩혶ng B횄혻u Sen');
INSERT INTO tbl_vn_ward (ward_id, district_id, ward_name) VALUES (26107, 732, 'X횄짙 B횄혻u Tr횄짖m');
INSERT INTO tbl_vn_ward (ward_id, district_id, ward_name) VALUES (26110, 732, 'Ph횈째찼쨩혶ng Xu횄짖n T횄짖n');
INSERT INTO tbl_vn_ward (ward_id, district_id, ward_name) VALUES (26113, 732, 'X횄짙 H횄혻ng G횄짼n');
INSERT INTO tbl_vn_district (district_id, province_id, district_name) VALUES (734, 75, 'Huy찼쨩혝n T횄짖n Ph횄쨘');
INSERT INTO tbl_vn_ward (ward_id, district_id, ward_name) VALUES (26116, 734, 'Th찼쨩혢 tr찼쨘짜n T횄짖n Ph횄쨘');
INSERT INTO tbl_vn_ward (ward_id, district_id, ward_name) VALUES (26119, 734, 'X횄짙 Dak Lua');
INSERT INTO tbl_vn_ward (ward_id, district_id, ward_name) VALUES (26122, 734, 'X횄짙 Nam C횄징t Ti횄짧n');
INSERT INTO tbl_vn_ward (ward_id, district_id, ward_name) VALUES (26125, 734, 'X횄짙 Ph횄쨘 An');
INSERT INTO tbl_vn_ward (ward_id, district_id, ward_name) VALUES (26131, 734, 'X횄짙 T횄혻 L횄혻i');
INSERT INTO tbl_vn_ward (ward_id, district_id, ward_name) VALUES (26134, 734, 'X횄짙 Ph횄쨘 L찼쨘짯p');
INSERT INTO tbl_vn_ward (ward_id, district_id, ward_name) VALUES (26140, 734, 'X횄짙 Ph횄쨘 Th찼쨩혢nh');
INSERT INTO tbl_vn_ward (ward_id, district_id, ward_name) VALUES (26143, 734, 'X횄짙 Thanh S횈징n');
INSERT INTO tbl_vn_ward (ward_id, district_id, ward_name) VALUES (26146, 734, 'X횄짙 Ph횄쨘 S횈징n');
INSERT INTO tbl_vn_ward (ward_id, district_id, ward_name) VALUES (26149, 734, 'X횄짙 Ph횄쨘 Xu횄짖n');
INSERT INTO tbl_vn_ward (ward_id, district_id, ward_name) VALUES (26152, 734, 'X횄짙 Ph횄쨘 L찼쨩혲c');
INSERT INTO tbl_vn_ward (ward_id, district_id, ward_name) VALUES (26155, 734, 'X횄짙 Ph횄쨘 L횄짖m');
INSERT INTO tbl_vn_ward (ward_id, district_id, ward_name) VALUES (26158, 734, 'X횄짙 Ph횄쨘 B횄짭nh');
INSERT INTO tbl_vn_ward (ward_id, district_id, ward_name) VALUES (26161, 734, 'X횄짙 Ph횄쨘 Thanh');
INSERT INTO tbl_vn_ward (ward_id, district_id, ward_name) VALUES (26164, 734, 'X횄짙 Tr횄혻 C찼쨩혮');
INSERT INTO tbl_vn_ward (ward_id, district_id, ward_name) VALUES (26167, 734, 'X횄짙 Ph횄쨘 횆혨i찼쨩혖n');
INSERT INTO tbl_vn_district (district_id, province_id, district_name) VALUES (735, 75, 'Huy찼쨩혝n V횆짤nh C찼쨩짯u');
INSERT INTO tbl_vn_ward (ward_id, district_id, ward_name) VALUES (26170, 735, 'Th찼쨩혢 tr찼쨘짜n V횆짤nh An');
INSERT INTO tbl_vn_ward (ward_id, district_id, ward_name) VALUES (26173, 735, 'X횄짙 Ph횄쨘 L횄쩍');
INSERT INTO tbl_vn_ward (ward_id, district_id, ward_name) VALUES (26176, 735, 'X횄짙 Tr찼쨩혢 An');
INSERT INTO tbl_vn_ward (ward_id, district_id, ward_name) VALUES (26179, 735, 'X횄짙 T횄짖n An');
INSERT INTO tbl_vn_ward (ward_id, district_id, ward_name) VALUES (26182, 735, 'X횄짙 V횆짤nh T횄짖n');
INSERT INTO tbl_vn_ward (ward_id, district_id, ward_name) VALUES (26185, 735, 'X횄짙 B횄짭nh L찼쨩짙i');
INSERT INTO tbl_vn_ward (ward_id, district_id, ward_name) VALUES (26188, 735, 'X횄짙 Th찼쨘징nh Ph횄쨘');
INSERT INTO tbl_vn_ward (ward_id, district_id, ward_name) VALUES (26191, 735, 'X횄짙 Thi찼쨩혝n T횄짖n');
INSERT INTO tbl_vn_ward (ward_id, district_id, ward_name) VALUES (26194, 735, 'X횄짙 T횄짖n B횄짭nh');
INSERT INTO tbl_vn_ward (ward_id, district_id, ward_name) VALUES (26200, 735, 'X횄짙 M횄짙 횆혨횄혻');
INSERT INTO tbl_vn_district (district_id, province_id, district_name) VALUES (736, 75, 'Huy찼쨩혝n 횆혨찼쨩혢nh Qu횄징n');
INSERT INTO tbl_vn_ward (ward_id, district_id, ward_name) VALUES (26206, 736, 'Th찼쨩혢 tr찼쨘짜n 횆혨찼쨩혢nh Qu횄징n');
INSERT INTO tbl_vn_ward (ward_id, district_id, ward_name) VALUES (26209, 736, 'X횄짙 Thanh S횈징n');
INSERT INTO tbl_vn_ward (ward_id, district_id, ward_name) VALUES (26212, 736, 'X횄짙 Ph횄쨘 T횄짖n');
INSERT INTO tbl_vn_ward (ward_id, district_id, ward_name) VALUES (26215, 736, 'X횄짙 Ph횄쨘 Vinh');
INSERT INTO tbl_vn_ward (ward_id, district_id, ward_name) VALUES (26218, 736, 'X횄짙 Ph횄쨘 L찼쨩짙i');
INSERT INTO tbl_vn_ward (ward_id, district_id, ward_name) VALUES (26221, 736, 'X횄짙 Ph횄쨘 H횄짼a');
INSERT INTO tbl_vn_ward (ward_id, district_id, ward_name) VALUES (26224, 736, 'X횄짙 Ng찼쨩혥c 횆혨찼쨩혢nh');
INSERT INTO tbl_vn_ward (ward_id, district_id, ward_name) VALUES (26227, 736, 'X횄짙 La Ng횄혻');
INSERT INTO tbl_vn_ward (ward_id, district_id, ward_name) VALUES (26230, 736, 'X횄짙 Gia Canh');
INSERT INTO tbl_vn_ward (ward_id, district_id, ward_name) VALUES (26233, 736, 'X횄짙 Ph횄쨘 Ng찼쨩혥c');
INSERT INTO tbl_vn_ward (ward_id, district_id, ward_name) VALUES (26236, 736, 'X횄짙 Ph횄쨘 C횈째찼쨩혶ng');
INSERT INTO tbl_vn_ward (ward_id, district_id, ward_name) VALUES (26239, 736, 'X횄짙 T횄쨘c Tr횈째ng');
INSERT INTO tbl_vn_ward (ward_id, district_id, ward_name) VALUES (26242, 736, 'X횄짙 Ph횄쨘 T횄쨘c');
INSERT INTO tbl_vn_ward (ward_id, district_id, ward_name) VALUES (26245, 736, 'X횄짙 Su찼쨩혩i Nho');
INSERT INTO tbl_vn_district (district_id, province_id, district_name) VALUES (737, 75, 'Huy찼쨩혝n Tr찼쨘짙ng Bom');
INSERT INTO tbl_vn_ward (ward_id, district_id, ward_name) VALUES (26248, 737, 'Th찼쨩혢 tr찼쨘짜n Tr찼쨘짙ng Bom');
INSERT INTO tbl_vn_ward (ward_id, district_id, ward_name) VALUES (26251, 737, 'X횄짙 Thanh B횄짭nh');
INSERT INTO tbl_vn_ward (ward_id, district_id, ward_name) VALUES (26254, 737, 'X횄짙 C횄짖y G횄징o');
INSERT INTO tbl_vn_ward (ward_id, district_id, ward_name) VALUES (26257, 737, 'X횄짙 B횄혻u H횄혻m');
INSERT INTO tbl_vn_ward (ward_id, district_id, ward_name) VALUES (26260, 737, 'X횄짙 S횄쨈ng Thao');
INSERT INTO tbl_vn_ward (ward_id, district_id, ward_name) VALUES (26263, 737, 'X횄짙 S횄쨈ng Tr찼쨘짠u');
INSERT INTO tbl_vn_ward (ward_id, district_id, ward_name) VALUES (26266, 737, 'X횄짙 횆혨횄쨈ng Ho횄혻');
INSERT INTO tbl_vn_ward (ward_id, district_id, ward_name) VALUES (26269, 737, 'X횄짙 B찼쨘짱c S횈징n');
INSERT INTO tbl_vn_ward (ward_id, district_id, ward_name) VALUES (26272, 737, 'X횄짙 H찼쨩혩 Nai 3');
INSERT INTO tbl_vn_ward (ward_id, district_id, ward_name) VALUES (26275, 737, 'X횄짙 T횄짖y Ho횄혻');
INSERT INTO tbl_vn_ward (ward_id, district_id, ward_name) VALUES (26278, 737, 'X횄짙 B횄짭nh Minh');
INSERT INTO tbl_vn_ward (ward_id, district_id, ward_name) VALUES (26281, 737, 'X횄짙 Trung Ho횄혻');
INSERT INTO tbl_vn_ward (ward_id, district_id, ward_name) VALUES (26284, 737, 'X횄짙 횆혨찼쨩혫i 61');
INSERT INTO tbl_vn_ward (ward_id, district_id, ward_name) VALUES (26287, 737, 'X횄짙 H횈째ng Th찼쨩혢nh');
INSERT INTO tbl_vn_ward (ward_id, district_id, ward_name) VALUES (26290, 737, 'X횄짙 Qu찼쨘짙ng Ti찼쨘쩔n');
INSERT INTO tbl_vn_ward (ward_id, district_id, ward_name) VALUES (26293, 737, 'X횄짙 Giang 횆혨i찼쨩혖n');
INSERT INTO tbl_vn_ward (ward_id, district_id, ward_name) VALUES (26296, 737, 'X횄짙 An Vi찼쨩혚n');
INSERT INTO tbl_vn_district (district_id, province_id, district_name) VALUES (738, 75, 'Huy찼쨩혝n Th찼쨩혩ng Nh찼쨘짜t');
INSERT INTO tbl_vn_ward (ward_id, district_id, ward_name) VALUES (26299, 738, 'X횄짙 Gia T횄짖n 1');
INSERT INTO tbl_vn_ward (ward_id, district_id, ward_name) VALUES (26302, 738, 'X횄짙 Gia T횄짖n 2');
INSERT INTO tbl_vn_ward (ward_id, district_id, ward_name) VALUES (26305, 738, 'X횄짙 Gia T횄짖n 3');
INSERT INTO tbl_vn_ward (ward_id, district_id, ward_name) VALUES (26308, 738, 'X횄짙 Gia Ki찼쨩혝m');
INSERT INTO tbl_vn_ward (ward_id, district_id, ward_name) VALUES (26311, 738, 'X횄짙 Quang Trung');
INSERT INTO tbl_vn_ward (ward_id, district_id, ward_name) VALUES (26314, 738, 'X횄짙 B횄혻u H횄혻m 2');
INSERT INTO tbl_vn_ward (ward_id, district_id, ward_name) VALUES (26317, 738, 'X횄짙 H횈째ng L찼쨩혲c');
INSERT INTO tbl_vn_ward (ward_id, district_id, ward_name) VALUES (26320, 738, 'X횄짙 L찼쨩혲 25');
INSERT INTO tbl_vn_ward (ward_id, district_id, ward_name) VALUES (26323, 738, 'X횄짙 Xu횄짖n Thi찼쨩혝n');
INSERT INTO tbl_vn_ward (ward_id, district_id, ward_name) VALUES (26326, 738, 'Th찼쨩혢 tr찼쨘짜n D찼쨘짠u Gi횄짖y');
INSERT INTO tbl_vn_district (district_id, province_id, district_name) VALUES (739, 75, 'Huy찼쨩혝n C찼쨘짤m M찼쨩쨔');
INSERT INTO tbl_vn_ward (ward_id, district_id, ward_name) VALUES (26329, 739, 'X횄짙 S횄쨈ng Nh찼쨘징n');
INSERT INTO tbl_vn_ward (ward_id, district_id, ward_name) VALUES (26332, 739, 'X횄짙 Xu횄짖n Qu찼쨘쩔');
INSERT INTO tbl_vn_ward (ward_id, district_id, ward_name) VALUES (26335, 739, 'X횄짙 Nh횄짖n Ngh횆짤a');
INSERT INTO tbl_vn_ward (ward_id, district_id, ward_name) VALUES (26338, 739, 'X횄짙 Xu횄짖n 횆혨횈째찼쨩혶ng');
INSERT INTO tbl_vn_ward (ward_id, district_id, ward_name) VALUES (26341, 739, 'Th찼쨩혢 tr찼쨘짜n Long Giao');
INSERT INTO tbl_vn_ward (ward_id, district_id, ward_name) VALUES (26344, 739, 'X횄짙 Xu횄짖n M찼쨩쨔');
INSERT INTO tbl_vn_ward (ward_id, district_id, ward_name) VALUES (26347, 739, 'X횄짙 Th찼쨩짬a 횆혨찼쨩짤c');
INSERT INTO tbl_vn_ward (ward_id, district_id, ward_name) VALUES (26350, 739, 'X횄짙 B찼쨘짙o B횄짭nh');
INSERT INTO tbl_vn_ward (ward_id, district_id, ward_name) VALUES (26353, 739, 'X횄짙 Xu횄짖n B찼쨘짙o');
INSERT INTO tbl_vn_ward (ward_id, district_id, ward_name) VALUES (26356, 739, 'X횄짙 Xu횄짖n T횄짖y');
INSERT INTO tbl_vn_ward (ward_id, district_id, ward_name) VALUES (26359, 739, 'X횄짙 Xu횄짖n 횆혨횄쨈ng');
INSERT INTO tbl_vn_ward (ward_id, district_id, ward_name) VALUES (26362, 739, 'X횄짙 S횄쨈ng Ray');
INSERT INTO tbl_vn_ward (ward_id, district_id, ward_name) VALUES (26365, 739, 'X횄짙 L횄짖m San');
INSERT INTO tbl_vn_district (district_id, province_id, district_name) VALUES (740, 75, 'Huy찼쨩혝n Long Th횄혻nh');
INSERT INTO tbl_vn_ward (ward_id, district_id, ward_name) VALUES (26368, 740, 'Th찼쨩혢 tr찼쨘짜n Long Th횄혻nh');
INSERT INTO tbl_vn_ward (ward_id, district_id, ward_name) VALUES (26383, 740, 'X횄짙 An Ph횈째찼쨩혴c');
INSERT INTO tbl_vn_ward (ward_id, district_id, ward_name) VALUES (26386, 740, 'X횄짙 B횄짭nh An');
INSERT INTO tbl_vn_ward (ward_id, district_id, ward_name) VALUES (26389, 740, 'X횄짙 Long 횆혨찼쨩짤c');
INSERT INTO tbl_vn_ward (ward_id, district_id, ward_name) VALUES (26392, 740, 'X횄짙 L찼쨩혲c An');
INSERT INTO tbl_vn_ward (ward_id, district_id, ward_name) VALUES (26395, 740, 'X횄짙 B횄짭nh S횈징n');
INSERT INTO tbl_vn_ward (ward_id, district_id, ward_name) VALUES (26398, 740, 'X횄짙 Tam An');
INSERT INTO tbl_vn_ward (ward_id, district_id, ward_name) VALUES (26401, 740, 'X횄짙 C찼쨘짤m 횆혨횈째찼쨩혶ng');
INSERT INTO tbl_vn_ward (ward_id, district_id, ward_name) VALUES (26404, 740, 'X횄짙 Long An');
INSERT INTO tbl_vn_ward (ward_id, district_id, ward_name) VALUES (26410, 740, 'X횄짙 B횄혻u C찼쨘징n');
INSERT INTO tbl_vn_ward (ward_id, district_id, ward_name) VALUES (26413, 740, 'X횄짙 Long Ph횈째찼쨩혴c');
INSERT INTO tbl_vn_ward (ward_id, district_id, ward_name) VALUES (26416, 740, 'X횄짙 Ph횈째찼쨩혴c B횄짭nh');
INSERT INTO tbl_vn_ward (ward_id, district_id, ward_name) VALUES (26419, 740, 'X횄짙 T횄짖n Hi찼쨩혝p');
INSERT INTO tbl_vn_ward (ward_id, district_id, ward_name) VALUES (26422, 740, 'X횄짙 Ph횈째찼쨩혴c Th횄징i');
INSERT INTO tbl_vn_district (district_id, province_id, district_name) VALUES (741, 75, 'Huy찼쨩혝n Xu횄짖n L찼쨩혲c');
INSERT INTO tbl_vn_ward (ward_id, district_id, ward_name) VALUES (26425, 741, 'Th찼쨩혢 tr찼쨘짜n Gia Ray');
INSERT INTO tbl_vn_ward (ward_id, district_id, ward_name) VALUES (26428, 741, 'X횄짙 Xu횄짖n B찼쨘짱c');
INSERT INTO tbl_vn_ward (ward_id, district_id, ward_name) VALUES (26431, 741, 'X횄짙 Su찼쨩혩i Cao');
INSERT INTO tbl_vn_ward (ward_id, district_id, ward_name) VALUES (26434, 741, 'X횄짙 Xu횄짖n Th횄혻nh');
INSERT INTO tbl_vn_ward (ward_id, district_id, ward_name) VALUES (26437, 741, 'X횄짙 Xu횄짖n Th찼쨩혥');
INSERT INTO tbl_vn_ward (ward_id, district_id, ward_name) VALUES (26440, 741, 'X횄짙 Xu횄짖n Tr횈째찼쨩혶ng');
INSERT INTO tbl_vn_ward (ward_id, district_id, ward_name) VALUES (26443, 741, 'X횄짙 Xu횄짖n H횄짼a');
INSERT INTO tbl_vn_ward (ward_id, district_id, ward_name) VALUES (26446, 741, 'X횄짙 Xu횄짖n H횈째ng');
INSERT INTO tbl_vn_ward (ward_id, district_id, ward_name) VALUES (26449, 741, 'X횄짙 Xu횄짖n T횄짖m');
INSERT INTO tbl_vn_ward (ward_id, district_id, ward_name) VALUES (26452, 741, 'X횄짙 Su찼쨩혩i C횄징t');
INSERT INTO tbl_vn_ward (ward_id, district_id, ward_name) VALUES (26455, 741, 'X횄짙 Xu횄짖n Hi찼쨩혝p');
INSERT INTO tbl_vn_ward (ward_id, district_id, ward_name) VALUES (26458, 741, 'X횄짙 Xu횄짖n Ph횄쨘');
INSERT INTO tbl_vn_ward (ward_id, district_id, ward_name) VALUES (26461, 741, 'X횄짙 Xu횄짖n 횆혨찼쨩혢nh');
INSERT INTO tbl_vn_ward (ward_id, district_id, ward_name) VALUES (26464, 741, 'X횄짙 B찼쨘짙o Ho횄혻');
INSERT INTO tbl_vn_ward (ward_id, district_id, ward_name) VALUES (26467, 741, 'X횄짙 Lang Minh');
INSERT INTO tbl_vn_district (district_id, province_id, district_name) VALUES (742, 75, 'Huy찼쨩혝n Nh횈징n Tr찼쨘징ch');
INSERT INTO tbl_vn_ward (ward_id, district_id, ward_name) VALUES (26470, 742, 'X횄짙 Ph횈째찼쨩혴c Thi찼쨩혖n');
INSERT INTO tbl_vn_ward (ward_id, district_id, ward_name) VALUES (26473, 742, 'X횄짙 Long T횄짖n');
INSERT INTO tbl_vn_ward (ward_id, district_id, ward_name) VALUES (26476, 742, 'X횄짙 횆혨찼쨘징i Ph횈째찼쨩혴c');
INSERT INTO tbl_vn_ward (ward_id, district_id, ward_name) VALUES (26479, 742, 'Th찼쨩혢 tr찼쨘짜n Hi찼쨩혝p Ph횈째찼쨩혴c');
INSERT INTO tbl_vn_ward (ward_id, district_id, ward_name) VALUES (26482, 742, 'X횄짙 Ph횄쨘 H찼쨩짱u');
INSERT INTO tbl_vn_ward (ward_id, district_id, ward_name) VALUES (26485, 742, 'X횄짙 Ph횄쨘 H찼쨩혲i');
INSERT INTO tbl_vn_ward (ward_id, district_id, ward_name) VALUES (26488, 742, 'X횄짙 Ph횄쨘 Th찼쨘징nh');
INSERT INTO tbl_vn_ward (ward_id, district_id, ward_name) VALUES (26491, 742, 'X횄짙 Ph횄쨘 횆혨횄쨈ng');
INSERT INTO tbl_vn_ward (ward_id, district_id, ward_name) VALUES (26494, 742, 'X횄짙 Long Th찼쨩혥');
INSERT INTO tbl_vn_ward (ward_id, district_id, ward_name) VALUES (26497, 742, 'X횄짙 V횆짤nh Thanh');
INSERT INTO tbl_vn_ward (ward_id, district_id, ward_name) VALUES (26500, 742, 'X횄짙 Ph횈째찼쨩혴c Kh횄징nh');
INSERT INTO tbl_vn_ward (ward_id, district_id, ward_name) VALUES (26503, 742, 'X횄짙 Ph횈째찼쨩혴c An');
INSERT INTO tbl_vn_province (province_id, province_name) VALUES (77, 'T찼쨩혟nh B횄혻 R찼쨩혢a - V횇짤ng T횄혻u');
INSERT INTO tbl_vn_district (district_id, province_id, district_name) VALUES (747, 77, 'Th횄혻nh ph찼쨩혩 V횇짤ng T횄혻u');
INSERT INTO tbl_vn_ward (ward_id, district_id, ward_name) VALUES (26506, 747, 'Ph횈째찼쨩혶ng 1');
INSERT INTO tbl_vn_ward (ward_id, district_id, ward_name) VALUES (26508, 747, 'Ph횈째찼쨩혶ng Th찼쨘짱ng Tam');
INSERT INTO tbl_vn_ward (ward_id, district_id, ward_name) VALUES (26509, 747, 'Ph횈째찼쨩혶ng 2');
INSERT INTO tbl_vn_ward (ward_id, district_id, ward_name) VALUES (26512, 747, 'Ph횈째찼쨩혶ng 3');
INSERT INTO tbl_vn_ward (ward_id, district_id, ward_name) VALUES (26515, 747, 'Ph횈째찼쨩혶ng 4');
INSERT INTO tbl_vn_ward (ward_id, district_id, ward_name) VALUES (26518, 747, 'Ph횈째찼쨩혶ng 5');
INSERT INTO tbl_vn_ward (ward_id, district_id, ward_name) VALUES (26521, 747, 'Ph횈째찼쨩혶ng Th찼쨘짱ng Nh횄짭');
INSERT INTO tbl_vn_ward (ward_id, district_id, ward_name) VALUES (26524, 747, 'Ph횈째찼쨩혶ng 7');
INSERT INTO tbl_vn_ward (ward_id, district_id, ward_name) VALUES (26526, 747, 'Ph횈째찼쨩혶ng Nguy찼쨩혚n An Ninh');
INSERT INTO tbl_vn_ward (ward_id, district_id, ward_name) VALUES (26527, 747, 'Ph횈째찼쨩혶ng 8');
INSERT INTO tbl_vn_ward (ward_id, district_id, ward_name) VALUES (26530, 747, 'Ph횈째찼쨩혶ng 9');
INSERT INTO tbl_vn_ward (ward_id, district_id, ward_name) VALUES (26533, 747, 'Ph횈째찼쨩혶ng Th찼쨘짱ng Nh찼쨘짜t');
INSERT INTO tbl_vn_ward (ward_id, district_id, ward_name) VALUES (26535, 747, 'Ph횈째찼쨩혶ng R찼쨘징ch D찼쨩짬a');
INSERT INTO tbl_vn_ward (ward_id, district_id, ward_name) VALUES (26536, 747, 'Ph횈째찼쨩혶ng 10');
INSERT INTO tbl_vn_ward (ward_id, district_id, ward_name) VALUES (26539, 747, 'Ph횈째찼쨩혶ng 11');
INSERT INTO tbl_vn_ward (ward_id, district_id, ward_name) VALUES (26542, 747, 'Ph횈째찼쨩혶ng 12');
INSERT INTO tbl_vn_ward (ward_id, district_id, ward_name) VALUES (26545, 747, 'X횄짙 Long S횈징n');
INSERT INTO tbl_vn_district (district_id, province_id, district_name) VALUES (748, 77, 'Th횄혻nh ph찼쨩혩 B횄혻 R찼쨩혢a');
INSERT INTO tbl_vn_ward (ward_id, district_id, ward_name) VALUES (26548, 748, 'Ph횈째찼쨩혶ng Ph횈째찼쨩혴c H횈째ng');
INSERT INTO tbl_vn_ward (ward_id, district_id, ward_name) VALUES (26554, 748, 'Ph횈째찼쨩혶ng Ph횈째찼쨩혴c Nguy횄짧n');
INSERT INTO tbl_vn_ward (ward_id, district_id, ward_name) VALUES (26557, 748, 'Ph횈째찼쨩혶ng Long To횄혻n');
INSERT INTO tbl_vn_ward (ward_id, district_id, ward_name) VALUES (26558, 748, 'Ph횈째찼쨩혶ng Long T횄짖m');
INSERT INTO tbl_vn_ward (ward_id, district_id, ward_name) VALUES (26560, 748, 'Ph횈째찼쨩혶ng Ph횈째찼쨩혴c Trung');
INSERT INTO tbl_vn_ward (ward_id, district_id, ward_name) VALUES (26563, 748, 'Ph횈째찼쨩혶ng Long H횈째횈징ng');
INSERT INTO tbl_vn_ward (ward_id, district_id, ward_name) VALUES (26566, 748, 'Ph횈째찼쨩혶ng Kim Dinh');
INSERT INTO tbl_vn_ward (ward_id, district_id, ward_name) VALUES (26567, 748, 'X횄짙 T횄짖n H횈째ng');
INSERT INTO tbl_vn_ward (ward_id, district_id, ward_name) VALUES (26569, 748, 'X횄짙 Long Ph횈째찼쨩혴c');
INSERT INTO tbl_vn_ward (ward_id, district_id, ward_name) VALUES (26572, 748, 'X횄짙 Ho횄혻 Long');
INSERT INTO tbl_vn_district (district_id, province_id, district_name) VALUES (750, 77, 'Huy찼쨩혝n Ch횄짖u 횆혨찼쨩짤c');
INSERT INTO tbl_vn_ward (ward_id, district_id, ward_name) VALUES (26574, 750, 'X횄짙 B횄혻u Chinh');
INSERT INTO tbl_vn_ward (ward_id, district_id, ward_name) VALUES (26575, 750, 'Th찼쨩혢 tr찼쨘짜n Ng횄짙i Giao');
INSERT INTO tbl_vn_ward (ward_id, district_id, ward_name) VALUES (26578, 750, 'X횄짙 B횄짭nh Ba');
INSERT INTO tbl_vn_ward (ward_id, district_id, ward_name) VALUES (26581, 750, 'X횄짙 Su찼쨩혩i Ngh찼쨩혝');
INSERT INTO tbl_vn_ward (ward_id, district_id, ward_name) VALUES (26584, 750, 'X횄짙 Xu횄짖n S횈징n');
INSERT INTO tbl_vn_ward (ward_id, district_id, ward_name) VALUES (26587, 750, 'X횄짙 S횈징n B횄짭nh');
INSERT INTO tbl_vn_ward (ward_id, district_id, ward_name) VALUES (26590, 750, 'X횄짙 B횄짭nh Gi횄짙');
INSERT INTO tbl_vn_ward (ward_id, district_id, ward_name) VALUES (26593, 750, 'X횄짙 B횄짭nh Trung');
INSERT INTO tbl_vn_ward (ward_id, district_id, ward_name) VALUES (26596, 750, 'X횄짙 X횄혻 Bang');
INSERT INTO tbl_vn_ward (ward_id, district_id, ward_name) VALUES (26599, 750, 'X횄짙 C횄쨔 B찼쨩혢');
INSERT INTO tbl_vn_ward (ward_id, district_id, ward_name) VALUES (26602, 750, 'X횄짙 L횄징ng L찼쨩혴n');
INSERT INTO tbl_vn_ward (ward_id, district_id, ward_name) VALUES (26605, 750, 'X횄짙 Qu찼쨘짙ng Th횄혻nh');
INSERT INTO tbl_vn_ward (ward_id, district_id, ward_name) VALUES (26608, 750, 'Th찼쨩혢 tr찼쨘짜n Kim Long');
INSERT INTO tbl_vn_ward (ward_id, district_id, ward_name) VALUES (26611, 750, 'X횄짙 Su찼쨩혩i Rao');
INSERT INTO tbl_vn_ward (ward_id, district_id, ward_name) VALUES (26614, 750, 'X횄짙 횆혨횄징 B찼쨘징c');
INSERT INTO tbl_vn_ward (ward_id, district_id, ward_name) VALUES (26617, 750, 'X횄짙 Ngh횆짤a Th횄혻nh');
INSERT INTO tbl_vn_district (district_id, province_id, district_name) VALUES (751, 77, 'Huy찼쨩혝n Xuy횄짧n M찼쨩혲c');
INSERT INTO tbl_vn_ward (ward_id, district_id, ward_name) VALUES (26620, 751, 'Th찼쨩혢 tr찼쨘짜n Ph횈째찼쨩혴c B찼쨩짯u');
INSERT INTO tbl_vn_ward (ward_id, district_id, ward_name) VALUES (26623, 751, 'X횄짙 Ph횈째찼쨩혴c Thu찼쨘짯n');
INSERT INTO tbl_vn_ward (ward_id, district_id, ward_name) VALUES (26626, 751, 'X횄짙 Ph횈째찼쨩혴c T횄짖n');
INSERT INTO tbl_vn_ward (ward_id, district_id, ward_name) VALUES (26629, 751, 'X횄짙 Xuy횄짧n M찼쨩혲c');
INSERT INTO tbl_vn_ward (ward_id, district_id, ward_name) VALUES (26632, 751, 'X횄짙 B횄쨈ng Trang');
INSERT INTO tbl_vn_ward (ward_id, district_id, ward_name) VALUES (26635, 751, 'X횄짙 T횄짖n L횄짖m');
INSERT INTO tbl_vn_ward (ward_id, district_id, ward_name) VALUES (26638, 751, 'X횄짙 B횄혻u L횄짖m');
INSERT INTO tbl_vn_ward (ward_id, district_id, ward_name) VALUES (26641, 751, 'X횄짙 H횄짼a B횄짭nh');
INSERT INTO tbl_vn_ward (ward_id, district_id, ward_name) VALUES (26644, 751, 'X횄짙 H횄짼a H횈째ng');
INSERT INTO tbl_vn_ward (ward_id, district_id, ward_name) VALUES (26647, 751, 'X횄짙 H횄짼a Hi찼쨩혝p');
INSERT INTO tbl_vn_ward (ward_id, district_id, ward_name) VALUES (26650, 751, 'X횄짙 H횄짼a H찼쨩혲i');
INSERT INTO tbl_vn_ward (ward_id, district_id, ward_name) VALUES (26653, 751, 'X횄짙 B횈째ng Ri찼쨩혖ng');
INSERT INTO tbl_vn_ward (ward_id, district_id, ward_name) VALUES (26656, 751, 'X횄짙 B횄짭nh Ch횄짖u');
INSERT INTO tbl_vn_district (district_id, province_id, district_name) VALUES (753, 77, 'Huy찼쨩혝n Long 횆혨찼쨘짜t');
INSERT INTO tbl_vn_ward (ward_id, district_id, ward_name) VALUES (26659, 753, 'Th찼쨩혢 tr찼쨘짜n Long 횆혨i찼쨩혖n');
INSERT INTO tbl_vn_ward (ward_id, district_id, ward_name) VALUES (26662, 753, 'Th찼쨩혢 tr찼쨘짜n Long H찼쨘짙i');
INSERT INTO tbl_vn_ward (ward_id, district_id, ward_name) VALUES (26668, 753, 'X횄짙 Tam An');
INSERT INTO tbl_vn_ward (ward_id, district_id, ward_name) VALUES (26674, 753, 'X횄짙 Ph횈째찼쨩혴c T찼쨩혟nh');
INSERT INTO tbl_vn_ward (ward_id, district_id, ward_name) VALUES (26677, 753, 'X횄짙 Ph횈째찼쨩혴c H횈째ng');
INSERT INTO tbl_vn_ward (ward_id, district_id, ward_name) VALUES (26680, 753, 'Th찼쨩혢 tr찼쨘짜n 횆혨찼쨘짜t 횆혨찼쨩혧');
INSERT INTO tbl_vn_ward (ward_id, district_id, ward_name) VALUES (26683, 753, 'X횄짙 Ph횈째찼쨩혴c Long Th찼쨩혥');
INSERT INTO tbl_vn_ward (ward_id, district_id, ward_name) VALUES (26686, 753, 'X횄짙 Ph횈째찼쨩혴c H찼쨩혲i');
INSERT INTO tbl_vn_ward (ward_id, district_id, ward_name) VALUES (26689, 753, 'Th찼쨩혢 tr찼쨘짜n Ph횈째찼쨩혴c H찼쨘짙i');
INSERT INTO tbl_vn_ward (ward_id, district_id, ward_name) VALUES (26695, 753, 'X횄짙 Long T횄짖n');
INSERT INTO tbl_vn_ward (ward_id, district_id, ward_name) VALUES (26698, 753, 'X횄짙 L횄징ng D횄혻i');
INSERT INTO tbl_vn_district (district_id, province_id, district_name) VALUES (754, 77, 'Th찼쨩혢 x횄짙 Ph횄쨘 M찼쨩쨔');
INSERT INTO tbl_vn_ward (ward_id, district_id, ward_name) VALUES (26704, 754, 'Ph횈째찼쨩혶ng Ph횄쨘 M찼쨩쨔');
INSERT INTO tbl_vn_ward (ward_id, district_id, ward_name) VALUES (26707, 754, 'X횄짙 T횄짖n Ho횄혻');
INSERT INTO tbl_vn_ward (ward_id, district_id, ward_name) VALUES (26710, 754, 'X횄짙 T횄짖n H찼쨘짙i');
INSERT INTO tbl_vn_ward (ward_id, district_id, ward_name) VALUES (26713, 754, 'Ph횈째찼쨩혶ng Ph횈째찼쨩혴c Ho횄혻');
INSERT INTO tbl_vn_ward (ward_id, district_id, ward_name) VALUES (26716, 754, 'Ph횈째찼쨩혶ng T횄짖n Ph횈째찼쨩혴c');
INSERT INTO tbl_vn_ward (ward_id, district_id, ward_name) VALUES (26719, 754, 'Ph횈째찼쨩혶ng M찼쨩쨔 Xu횄짖n');
INSERT INTO tbl_vn_ward (ward_id, district_id, ward_name) VALUES (26722, 754, 'X횄짙 S횄쨈ng Xo횄혻i');
INSERT INTO tbl_vn_ward (ward_id, district_id, ward_name) VALUES (26725, 754, 'Ph횈째찼쨩혶ng H찼쨘짱c D찼쨩혢ch');
INSERT INTO tbl_vn_ward (ward_id, district_id, ward_name) VALUES (26728, 754, 'X횄짙 Ch횄짖u Pha');
INSERT INTO tbl_vn_ward (ward_id, district_id, ward_name) VALUES (26731, 754, 'X횄짙 T횄쨀c Ti횄짧n');
INSERT INTO tbl_vn_district (district_id, province_id, district_name) VALUES (755, 77, 'Huy찼쨩혝n C횄쨈n 횆혨찼쨘짙o');
INSERT INTO tbl_vn_province (province_id, province_name) VALUES (79, 'Th횄혻nh ph찼쨩혩 H찼쨩혫 Ch횄짯 Minh');
INSERT INTO tbl_vn_district (district_id, province_id, district_name) VALUES (760, 79, 'Qu찼쨘짯n 1');
INSERT INTO tbl_vn_ward (ward_id, district_id, ward_name) VALUES (26734, 760, 'Ph횈째찼쨩혶ng T횄짖n 횆혨찼쨩혢nh');
INSERT INTO tbl_vn_ward (ward_id, district_id, ward_name) VALUES (26737, 760, 'Ph횈째찼쨩혶ng 횆혨a Kao');
INSERT INTO tbl_vn_ward (ward_id, district_id, ward_name) VALUES (26740, 760, 'Ph횈째찼쨩혶ng B찼쨘쩔n Ngh횄짤');
INSERT INTO tbl_vn_ward (ward_id, district_id, ward_name) VALUES (26743, 760, 'Ph횈째찼쨩혶ng B찼쨘쩔n Th횄혻nh');
INSERT INTO tbl_vn_ward (ward_id, district_id, ward_name) VALUES (26746, 760, 'Ph횈째찼쨩혶ng Nguy찼쨩혚n Th횄징i B횄짭nh');
INSERT INTO tbl_vn_ward (ward_id, district_id, ward_name) VALUES (26749, 760, 'Ph횈째찼쨩혶ng Ph찼쨘징m Ng횇짤 L횄짙o');
INSERT INTO tbl_vn_ward (ward_id, district_id, ward_name) VALUES (26752, 760, 'Ph횈째찼쨩혶ng C찼쨘짠u 횄혬ng L횄짙nh');
INSERT INTO tbl_vn_ward (ward_id, district_id, ward_name) VALUES (26755, 760, 'Ph횈째찼쨩혶ng C횄쨈 Giang');
INSERT INTO tbl_vn_ward (ward_id, district_id, ward_name) VALUES (26758, 760, 'Ph횈째찼쨩혶ng Nguy찼쨩혚n C횈째 Trinh');
INSERT INTO tbl_vn_ward (ward_id, district_id, ward_name) VALUES (26761, 760, 'Ph횈째찼쨩혶ng C찼쨘짠u Kho');
INSERT INTO tbl_vn_district (district_id, province_id, district_name) VALUES (761, 79, 'Qu찼쨘짯n 12');
INSERT INTO tbl_vn_ward (ward_id, district_id, ward_name) VALUES (26764, 761, 'Ph횈째찼쨩혶ng Th찼쨘징nh Xu횄짖n');
INSERT INTO tbl_vn_ward (ward_id, district_id, ward_name) VALUES (26767, 761, 'Ph횈째찼쨩혶ng Th찼쨘징nh L찼쨩혲c');
INSERT INTO tbl_vn_ward (ward_id, district_id, ward_name) VALUES (26770, 761, 'Ph횈째찼쨩혶ng Hi찼쨩혝p Th횄혻nh');
INSERT INTO tbl_vn_ward (ward_id, district_id, ward_name) VALUES (26773, 761, 'Ph횈째찼쨩혶ng Th찼쨩혴i An');
INSERT INTO tbl_vn_ward (ward_id, district_id, ward_name) VALUES (26776, 761, 'Ph횈째찼쨩혶ng T횄짖n Ch횄징nh Hi찼쨩혝p');
INSERT INTO tbl_vn_ward (ward_id, district_id, ward_name) VALUES (26779, 761, 'Ph횈째찼쨩혶ng An Ph횄쨘 횆혨횄쨈ng');
INSERT INTO tbl_vn_ward (ward_id, district_id, ward_name) VALUES (26782, 761, 'Ph횈째찼쨩혶ng T횄짖n Th찼쨩혴i Hi찼쨩혝p');
INSERT INTO tbl_vn_ward (ward_id, district_id, ward_name) VALUES (26785, 761, 'Ph횈째찼쨩혶ng Trung M찼쨩쨔 T횄짖y');
INSERT INTO tbl_vn_ward (ward_id, district_id, ward_name) VALUES (26787, 761, 'Ph횈째찼쨩혶ng T횄짖n H횈째ng Thu찼쨘짯n');
INSERT INTO tbl_vn_ward (ward_id, district_id, ward_name) VALUES (26788, 761, 'Ph횈째찼쨩혶ng 횆혨횄쨈ng H횈째ng Thu찼쨘짯n');
INSERT INTO tbl_vn_ward (ward_id, district_id, ward_name) VALUES (26791, 761, 'Ph횈째찼쨩혶ng T횄짖n Th찼쨩혴i Nh찼쨘짜t');
INSERT INTO tbl_vn_district (district_id, province_id, district_name) VALUES (764, 79, 'Qu찼쨘짯n G횄짼 V찼쨘짜p');
INSERT INTO tbl_vn_ward (ward_id, district_id, ward_name) VALUES (26872, 764, 'Ph횈째찼쨩혶ng 15');
INSERT INTO tbl_vn_ward (ward_id, district_id, ward_name) VALUES (26875, 764, 'Ph횈째찼쨩혶ng 17');
INSERT INTO tbl_vn_ward (ward_id, district_id, ward_name) VALUES (26876, 764, 'Ph횈째찼쨩혶ng 6');
INSERT INTO tbl_vn_ward (ward_id, district_id, ward_name) VALUES (26878, 764, 'Ph횈째찼쨩혶ng 16');
INSERT INTO tbl_vn_ward (ward_id, district_id, ward_name) VALUES (26881, 764, 'Ph횈째찼쨩혶ng 12');
INSERT INTO tbl_vn_ward (ward_id, district_id, ward_name) VALUES (26882, 764, 'Ph횈째찼쨩혶ng 14');
INSERT INTO tbl_vn_ward (ward_id, district_id, ward_name) VALUES (26884, 764, 'Ph횈째찼쨩혶ng 10');
INSERT INTO tbl_vn_ward (ward_id, district_id, ward_name) VALUES (26887, 764, 'Ph횈째찼쨩혶ng 5');
INSERT INTO tbl_vn_ward (ward_id, district_id, ward_name) VALUES (26890, 764, 'Ph횈째찼쨩혶ng 1');
INSERT INTO tbl_vn_ward (ward_id, district_id, ward_name) VALUES (26898, 764, 'Ph횈째찼쨩혶ng 8');
INSERT INTO tbl_vn_ward (ward_id, district_id, ward_name) VALUES (26899, 764, 'Ph횈째찼쨩혶ng 11');
INSERT INTO tbl_vn_ward (ward_id, district_id, ward_name) VALUES (26902, 764, 'Ph횈째찼쨩혶ng 3');
INSERT INTO tbl_vn_district (district_id, province_id, district_name) VALUES (765, 79, 'Qu찼쨘짯n B횄짭nh Th찼쨘징nh');
INSERT INTO tbl_vn_ward (ward_id, district_id, ward_name) VALUES (26905, 765, 'Ph횈째찼쨩혶ng 13');
INSERT INTO tbl_vn_ward (ward_id, district_id, ward_name) VALUES (26908, 765, 'Ph횈째찼쨩혶ng 11');
INSERT INTO tbl_vn_ward (ward_id, district_id, ward_name) VALUES (26911, 765, 'Ph횈째찼쨩혶ng 27');
INSERT INTO tbl_vn_ward (ward_id, district_id, ward_name) VALUES (26914, 765, 'Ph횈째찼쨩혶ng 26');
INSERT INTO tbl_vn_ward (ward_id, district_id, ward_name) VALUES (26917, 765, 'Ph횈째찼쨩혶ng 12');
INSERT INTO tbl_vn_ward (ward_id, district_id, ward_name) VALUES (26920, 765, 'Ph횈째찼쨩혶ng 25');
INSERT INTO tbl_vn_ward (ward_id, district_id, ward_name) VALUES (26923, 765, 'Ph횈째찼쨩혶ng 5');
INSERT INTO tbl_vn_ward (ward_id, district_id, ward_name) VALUES (26926, 765, 'Ph횈째찼쨩혶ng 7');
INSERT INTO tbl_vn_ward (ward_id, district_id, ward_name) VALUES (26935, 765, 'Ph횈째찼쨩혶ng 14');
INSERT INTO tbl_vn_ward (ward_id, district_id, ward_name) VALUES (26941, 765, 'Ph횈째찼쨩혶ng 2');
INSERT INTO tbl_vn_ward (ward_id, district_id, ward_name) VALUES (26944, 765, 'Ph횈째찼쨩혶ng 1');
INSERT INTO tbl_vn_ward (ward_id, district_id, ward_name) VALUES (26950, 765, 'Ph횈째찼쨩혶ng 17');
INSERT INTO tbl_vn_ward (ward_id, district_id, ward_name) VALUES (26956, 765, 'Ph횈째찼쨩혶ng 22');
INSERT INTO tbl_vn_ward (ward_id, district_id, ward_name) VALUES (26959, 765, 'Ph횈째찼쨩혶ng 19');
INSERT INTO tbl_vn_ward (ward_id, district_id, ward_name) VALUES (26962, 765, 'Ph횈째찼쨩혶ng 28');
INSERT INTO tbl_vn_district (district_id, province_id, district_name) VALUES (766, 79, 'Qu찼쨘짯n T횄짖n B횄짭nh');
INSERT INTO tbl_vn_ward (ward_id, district_id, ward_name) VALUES (26965, 766, 'Ph횈째찼쨩혶ng 2');
INSERT INTO tbl_vn_ward (ward_id, district_id, ward_name) VALUES (26968, 766, 'Ph횈째찼쨩혶ng 4');
INSERT INTO tbl_vn_ward (ward_id, district_id, ward_name) VALUES (26971, 766, 'Ph횈째찼쨩혶ng 12');
INSERT INTO tbl_vn_ward (ward_id, district_id, ward_name) VALUES (26974, 766, 'Ph횈째찼쨩혶ng 13');
INSERT INTO tbl_vn_ward (ward_id, district_id, ward_name) VALUES (26977, 766, 'Ph횈째찼쨩혶ng 1');
INSERT INTO tbl_vn_ward (ward_id, district_id, ward_name) VALUES (26980, 766, 'Ph횈째찼쨩혶ng 3');
INSERT INTO tbl_vn_ward (ward_id, district_id, ward_name) VALUES (26983, 766, 'Ph횈째찼쨩혶ng 11');
INSERT INTO tbl_vn_ward (ward_id, district_id, ward_name) VALUES (26986, 766, 'Ph횈째찼쨩혶ng 7');
INSERT INTO tbl_vn_ward (ward_id, district_id, ward_name) VALUES (26989, 766, 'Ph횈째찼쨩혶ng 5');
INSERT INTO tbl_vn_ward (ward_id, district_id, ward_name) VALUES (26992, 766, 'Ph횈째찼쨩혶ng 10');
INSERT INTO tbl_vn_ward (ward_id, district_id, ward_name) VALUES (26995, 766, 'Ph횈째찼쨩혶ng 6');
INSERT INTO tbl_vn_ward (ward_id, district_id, ward_name) VALUES (26998, 766, 'Ph횈째찼쨩혶ng 8');
INSERT INTO tbl_vn_ward (ward_id, district_id, ward_name) VALUES (27001, 766, 'Ph횈째찼쨩혶ng 9');
INSERT INTO tbl_vn_ward (ward_id, district_id, ward_name) VALUES (27004, 766, 'Ph횈째찼쨩혶ng 14');
INSERT INTO tbl_vn_ward (ward_id, district_id, ward_name) VALUES (27007, 766, 'Ph횈째찼쨩혶ng 15');
INSERT INTO tbl_vn_district (district_id, province_id, district_name) VALUES (767, 79, 'Qu찼쨘짯n T횄짖n Ph횄쨘');
INSERT INTO tbl_vn_ward (ward_id, district_id, ward_name) VALUES (27010, 767, 'Ph횈째찼쨩혶ng T횄짖n S횈징n Nh횄짭');
INSERT INTO tbl_vn_ward (ward_id, district_id, ward_name) VALUES (27013, 767, 'Ph횈째찼쨩혶ng T횄짖y Th찼쨘징nh');
INSERT INTO tbl_vn_ward (ward_id, district_id, ward_name) VALUES (27016, 767, 'Ph횈째찼쨩혶ng S횈징n K찼쨩쨀');
INSERT INTO tbl_vn_ward (ward_id, district_id, ward_name) VALUES (27019, 767, 'Ph횈째찼쨩혶ng T횄짖n Qu횄쩍');
INSERT INTO tbl_vn_ward (ward_id, district_id, ward_name) VALUES (27022, 767, 'Ph횈째찼쨩혶ng T횄짖n Th횄혻nh');
INSERT INTO tbl_vn_ward (ward_id, district_id, ward_name) VALUES (27025, 767, 'Ph횈째찼쨩혶ng Ph횄쨘 Th찼쨩혥 H횄짼a');
INSERT INTO tbl_vn_ward (ward_id, district_id, ward_name) VALUES (27028, 767, 'Ph횈째찼쨩혶ng Ph횄쨘 Th찼쨘징nh');
INSERT INTO tbl_vn_ward (ward_id, district_id, ward_name) VALUES (27031, 767, 'Ph횈째찼쨩혶ng Ph횄쨘 Trung');
INSERT INTO tbl_vn_ward (ward_id, district_id, ward_name) VALUES (27034, 767, 'Ph횈째찼쨩혶ng H횄짼a Th찼쨘징nh');
INSERT INTO tbl_vn_ward (ward_id, district_id, ward_name) VALUES (27037, 767, 'Ph횈째찼쨩혶ng Hi찼쨩혝p T횄짖n');
INSERT INTO tbl_vn_ward (ward_id, district_id, ward_name) VALUES (27040, 767, 'Ph횈째찼쨩혶ng T횄짖n Th찼쨩혴i H횄짼a');
INSERT INTO tbl_vn_district (district_id, province_id, district_name) VALUES (768, 79, 'Qu찼쨘짯n Ph횄쨘 Nhu찼쨘짯n');
INSERT INTO tbl_vn_ward (ward_id, district_id, ward_name) VALUES (27043, 768, 'Ph횈째찼쨩혶ng 4');
INSERT INTO tbl_vn_ward (ward_id, district_id, ward_name) VALUES (27046, 768, 'Ph횈째찼쨩혶ng 5');
INSERT INTO tbl_vn_ward (ward_id, district_id, ward_name) VALUES (27049, 768, 'Ph횈째찼쨩혶ng 9');
INSERT INTO tbl_vn_ward (ward_id, district_id, ward_name) VALUES (27052, 768, 'Ph횈째찼쨩혶ng 7');
INSERT INTO tbl_vn_ward (ward_id, district_id, ward_name) VALUES (27058, 768, 'Ph횈째찼쨩혶ng 1');
INSERT INTO tbl_vn_ward (ward_id, district_id, ward_name) VALUES (27061, 768, 'Ph횈째찼쨩혶ng 2');
INSERT INTO tbl_vn_ward (ward_id, district_id, ward_name) VALUES (27064, 768, 'Ph횈째찼쨩혶ng 8');
INSERT INTO tbl_vn_ward (ward_id, district_id, ward_name) VALUES (27067, 768, 'Ph횈째찼쨩혶ng 15');
INSERT INTO tbl_vn_ward (ward_id, district_id, ward_name) VALUES (27070, 768, 'Ph횈째찼쨩혶ng 10');
INSERT INTO tbl_vn_ward (ward_id, district_id, ward_name) VALUES (27073, 768, 'Ph횈째찼쨩혶ng 11');
INSERT INTO tbl_vn_ward (ward_id, district_id, ward_name) VALUES (27085, 768, 'Ph횈째찼쨩혶ng 13');
INSERT INTO tbl_vn_district (district_id, province_id, district_name) VALUES (769, 79, 'Th횄혻nh ph찼쨩혩 Th찼쨩짠 횆혨찼쨩짤c');
INSERT INTO tbl_vn_ward (ward_id, district_id, ward_name) VALUES (26794, 769, 'Ph횈째찼쨩혶ng Linh Xu횄짖n');
INSERT INTO tbl_vn_ward (ward_id, district_id, ward_name) VALUES (26797, 769, 'Ph횈째찼쨩혶ng B횄짭nh Chi찼쨩혘u');
INSERT INTO tbl_vn_ward (ward_id, district_id, ward_name) VALUES (26800, 769, 'Ph횈째찼쨩혶ng Linh Trung');
INSERT INTO tbl_vn_ward (ward_id, district_id, ward_name) VALUES (26803, 769, 'Ph횈째찼쨩혶ng Tam B횄짭nh');
INSERT INTO tbl_vn_ward (ward_id, district_id, ward_name) VALUES (26806, 769, 'Ph횈째찼쨩혶ng Tam Ph횄쨘');
INSERT INTO tbl_vn_ward (ward_id, district_id, ward_name) VALUES (26809, 769, 'Ph횈째찼쨩혶ng Hi찼쨩혝p B횄짭nh Ph횈째찼쨩혴c');
INSERT INTO tbl_vn_ward (ward_id, district_id, ward_name) VALUES (26812, 769, 'Ph횈째찼쨩혶ng Hi찼쨩혝p B횄짭nh Ch횄징nh');
INSERT INTO tbl_vn_ward (ward_id, district_id, ward_name) VALUES (26815, 769, 'Ph횈째찼쨩혶ng Linh Chi찼쨩혘u');
INSERT INTO tbl_vn_ward (ward_id, district_id, ward_name) VALUES (26818, 769, 'Ph횈째찼쨩혶ng Linh T횄짖y');
INSERT INTO tbl_vn_ward (ward_id, district_id, ward_name) VALUES (26821, 769, 'Ph횈째찼쨩혶ng Linh 횆혨횄쨈ng');
INSERT INTO tbl_vn_ward (ward_id, district_id, ward_name) VALUES (26824, 769, 'Ph횈째찼쨩혶ng B횄짭nh Th찼쨩혥');
INSERT INTO tbl_vn_ward (ward_id, district_id, ward_name) VALUES (26827, 769, 'Ph횈째찼쨩혶ng Tr횈째찼쨩혶ng Th찼쨩혥');
INSERT INTO tbl_vn_ward (ward_id, district_id, ward_name) VALUES (26830, 769, 'Ph횈째찼쨩혶ng Long B횄짭nh');
INSERT INTO tbl_vn_ward (ward_id, district_id, ward_name) VALUES (26833, 769, 'Ph횈째찼쨩혶ng Long Th찼쨘징nh M찼쨩쨔');
INSERT INTO tbl_vn_ward (ward_id, district_id, ward_name) VALUES (26836, 769, 'Ph횈째찼쨩혶ng T횄짖n Ph횄쨘');
INSERT INTO tbl_vn_ward (ward_id, district_id, ward_name) VALUES (26839, 769, 'Ph횈째찼쨩혶ng Hi찼쨩혝p Ph횄쨘');
INSERT INTO tbl_vn_ward (ward_id, district_id, ward_name) VALUES (26842, 769, 'Ph횈째찼쨩혶ng T횆혘ng Nh횈징n Ph횄쨘 A');
INSERT INTO tbl_vn_ward (ward_id, district_id, ward_name) VALUES (26845, 769, 'Ph횈째찼쨩혶ng T횆혘ng Nh횈징n Ph횄쨘 B');
INSERT INTO tbl_vn_ward (ward_id, district_id, ward_name) VALUES (26848, 769, 'Ph횈째찼쨩혶ng Ph횈째찼쨩혴c Long B');
INSERT INTO tbl_vn_ward (ward_id, district_id, ward_name) VALUES (26851, 769, 'Ph횈째찼쨩혶ng Ph횈째찼쨩혴c Long A');
INSERT INTO tbl_vn_ward (ward_id, district_id, ward_name) VALUES (26854, 769, 'Ph횈째찼쨩혶ng Tr횈째찼쨩혶ng Th찼쨘징nh');
INSERT INTO tbl_vn_ward (ward_id, district_id, ward_name) VALUES (26857, 769, 'Ph횈째찼쨩혶ng Long Ph횈째찼쨩혴c');
INSERT INTO tbl_vn_ward (ward_id, district_id, ward_name) VALUES (26860, 769, 'Ph횈째찼쨩혶ng Long Tr횈째찼쨩혶ng');
INSERT INTO tbl_vn_ward (ward_id, district_id, ward_name) VALUES (26863, 769, 'Ph횈째찼쨩혶ng Ph횈째찼쨩혴c B횄짭nh');
INSERT INTO tbl_vn_ward (ward_id, district_id, ward_name) VALUES (26866, 769, 'Ph횈째찼쨩혶ng Ph횄쨘 H찼쨩짱u');
INSERT INTO tbl_vn_ward (ward_id, district_id, ward_name) VALUES (27088, 769, 'Ph횈째찼쨩혶ng Th찼쨘짙o 횆혨i찼쨩혖n');
INSERT INTO tbl_vn_ward (ward_id, district_id, ward_name) VALUES (27091, 769, 'Ph횈째찼쨩혶ng An Ph횄쨘');
INSERT INTO tbl_vn_ward (ward_id, district_id, ward_name) VALUES (27094, 769, 'Ph횈째찼쨩혶ng An Kh횄징nh');
INSERT INTO tbl_vn_ward (ward_id, district_id, ward_name) VALUES (27097, 769, 'Ph횈째찼쨩혶ng B횄짭nh Tr횈째ng 횆혨횄쨈ng');
INSERT INTO tbl_vn_ward (ward_id, district_id, ward_name) VALUES (27100, 769, 'Ph횈째찼쨩혶ng B횄짭nh Tr횈째ng T횄짖y');
INSERT INTO tbl_vn_ward (ward_id, district_id, ward_name) VALUES (27109, 769, 'Ph횈째찼쨩혶ng C횄징t L횄징i');
INSERT INTO tbl_vn_ward (ward_id, district_id, ward_name) VALUES (27112, 769, 'Ph횈째찼쨩혶ng Th찼쨘징nh M찼쨩쨔 L찼쨩짙i');
INSERT INTO tbl_vn_ward (ward_id, district_id, ward_name) VALUES (27115, 769, 'Ph횈째찼쨩혶ng An L찼쨩짙i 횆혨횄쨈ng');
INSERT INTO tbl_vn_ward (ward_id, district_id, ward_name) VALUES (27118, 769, 'Ph횈째찼쨩혶ng Th찼쨩짠 Thi횄짧m');
INSERT INTO tbl_vn_district (district_id, province_id, district_name) VALUES (770, 79, 'Qu찼쨘짯n 3');
INSERT INTO tbl_vn_ward (ward_id, district_id, ward_name) VALUES (27127, 770, 'Ph횈째찼쨩혶ng 14');
INSERT INTO tbl_vn_ward (ward_id, district_id, ward_name) VALUES (27130, 770, 'Ph횈째찼쨩혶ng 12');
INSERT INTO tbl_vn_ward (ward_id, district_id, ward_name) VALUES (27133, 770, 'Ph횈째찼쨩혶ng 11');
INSERT INTO tbl_vn_ward (ward_id, district_id, ward_name) VALUES (27139, 770, 'Ph횈째찼쨩혶ng V횄쨉 Th찼쨩혢 S횄징u');
INSERT INTO tbl_vn_ward (ward_id, district_id, ward_name) VALUES (27142, 770, 'Ph횈째찼쨩혶ng 9');
INSERT INTO tbl_vn_ward (ward_id, district_id, ward_name) VALUES (27148, 770, 'Ph횈째찼쨩혶ng 4');
INSERT INTO tbl_vn_ward (ward_id, district_id, ward_name) VALUES (27151, 770, 'Ph횈째찼쨩혶ng 5');
INSERT INTO tbl_vn_ward (ward_id, district_id, ward_name) VALUES (27154, 770, 'Ph횈째찼쨩혶ng 3');
INSERT INTO tbl_vn_ward (ward_id, district_id, ward_name) VALUES (27157, 770, 'Ph횈째찼쨩혶ng 2');
INSERT INTO tbl_vn_ward (ward_id, district_id, ward_name) VALUES (27160, 770, 'Ph횈째찼쨩혶ng 1');
INSERT INTO tbl_vn_district (district_id, province_id, district_name) VALUES (771, 79, 'Qu찼쨘짯n 10');
INSERT INTO tbl_vn_ward (ward_id, district_id, ward_name) VALUES (27163, 771, 'Ph횈째찼쨩혶ng 15');
INSERT INTO tbl_vn_ward (ward_id, district_id, ward_name) VALUES (27166, 771, 'Ph횈째찼쨩혶ng 13');
INSERT INTO tbl_vn_ward (ward_id, district_id, ward_name) VALUES (27169, 771, 'Ph횈째찼쨩혶ng 14');
INSERT INTO tbl_vn_ward (ward_id, district_id, ward_name) VALUES (27172, 771, 'Ph횈째찼쨩혶ng 12');
INSERT INTO tbl_vn_ward (ward_id, district_id, ward_name) VALUES (27178, 771, 'Ph횈째찼쨩혶ng 10');
INSERT INTO tbl_vn_ward (ward_id, district_id, ward_name) VALUES (27181, 771, 'Ph횈째찼쨩혶ng 9');
INSERT INTO tbl_vn_ward (ward_id, district_id, ward_name) VALUES (27184, 771, 'Ph횈째찼쨩혶ng 1');
INSERT INTO tbl_vn_ward (ward_id, district_id, ward_name) VALUES (27187, 771, 'Ph횈째찼쨩혶ng 8');
INSERT INTO tbl_vn_ward (ward_id, district_id, ward_name) VALUES (27190, 771, 'Ph횈째찼쨩혶ng 2');
INSERT INTO tbl_vn_ward (ward_id, district_id, ward_name) VALUES (27193, 771, 'Ph횈째찼쨩혶ng 4');
INSERT INTO tbl_vn_ward (ward_id, district_id, ward_name) VALUES (27202, 771, 'Ph횈째찼쨩혶ng 6');
INSERT INTO tbl_vn_district (district_id, province_id, district_name) VALUES (772, 79, 'Qu찼쨘짯n 11');
INSERT INTO tbl_vn_ward (ward_id, district_id, ward_name) VALUES (27208, 772, 'Ph횈째찼쨩혶ng 15');
INSERT INTO tbl_vn_ward (ward_id, district_id, ward_name) VALUES (27211, 772, 'Ph횈째찼쨩혶ng 5');
INSERT INTO tbl_vn_ward (ward_id, district_id, ward_name) VALUES (27214, 772, 'Ph횈째찼쨩혶ng 14');
INSERT INTO tbl_vn_ward (ward_id, district_id, ward_name) VALUES (27217, 772, 'Ph횈째찼쨩혶ng 11');
INSERT INTO tbl_vn_ward (ward_id, district_id, ward_name) VALUES (27220, 772, 'Ph횈째찼쨩혶ng 3');
INSERT INTO tbl_vn_ward (ward_id, district_id, ward_name) VALUES (27223, 772, 'Ph횈째찼쨩혶ng 10');
INSERT INTO tbl_vn_ward (ward_id, district_id, ward_name) VALUES (27229, 772, 'Ph횈째찼쨩혶ng 8');
INSERT INTO tbl_vn_ward (ward_id, district_id, ward_name) VALUES (27238, 772, 'Ph횈째찼쨩혶ng 7');
INSERT INTO tbl_vn_ward (ward_id, district_id, ward_name) VALUES (27247, 772, 'Ph횈째찼쨩혶ng 1');
INSERT INTO tbl_vn_ward (ward_id, district_id, ward_name) VALUES (27253, 772, 'Ph횈째찼쨩혶ng 16');
INSERT INTO tbl_vn_district (district_id, province_id, district_name) VALUES (773, 79, 'Qu찼쨘짯n 4');
INSERT INTO tbl_vn_ward (ward_id, district_id, ward_name) VALUES (27259, 773, 'Ph횈째찼쨩혶ng 13');
INSERT INTO tbl_vn_ward (ward_id, district_id, ward_name) VALUES (27265, 773, 'Ph횈째찼쨩혶ng 9');
INSERT INTO tbl_vn_ward (ward_id, district_id, ward_name) VALUES (27271, 773, 'Ph횈째찼쨩혶ng 8');
INSERT INTO tbl_vn_ward (ward_id, district_id, ward_name) VALUES (27277, 773, 'Ph횈째찼쨩혶ng 18');
INSERT INTO tbl_vn_ward (ward_id, district_id, ward_name) VALUES (27283, 773, 'Ph횈째찼쨩혶ng 4');
INSERT INTO tbl_vn_ward (ward_id, district_id, ward_name) VALUES (27286, 773, 'Ph횈째찼쨩혶ng 3');
INSERT INTO tbl_vn_ward (ward_id, district_id, ward_name) VALUES (27289, 773, 'Ph횈째찼쨩혶ng 16');
INSERT INTO tbl_vn_ward (ward_id, district_id, ward_name) VALUES (27292, 773, 'Ph횈째찼쨩혶ng 2');
INSERT INTO tbl_vn_ward (ward_id, district_id, ward_name) VALUES (27295, 773, 'Ph횈째찼쨩혶ng 15');
INSERT INTO tbl_vn_ward (ward_id, district_id, ward_name) VALUES (27298, 773, 'Ph횈째찼쨩혶ng 1');
INSERT INTO tbl_vn_district (district_id, province_id, district_name) VALUES (774, 79, 'Qu찼쨘짯n 5');
INSERT INTO tbl_vn_ward (ward_id, district_id, ward_name) VALUES (27301, 774, 'Ph횈째찼쨩혶ng 4');
INSERT INTO tbl_vn_ward (ward_id, district_id, ward_name) VALUES (27304, 774, 'Ph횈째찼쨩혶ng 9');
INSERT INTO tbl_vn_ward (ward_id, district_id, ward_name) VALUES (27307, 774, 'Ph횈째찼쨩혶ng 2');
INSERT INTO tbl_vn_ward (ward_id, district_id, ward_name) VALUES (27310, 774, 'Ph횈째찼쨩혶ng 12');
INSERT INTO tbl_vn_ward (ward_id, district_id, ward_name) VALUES (27316, 774, 'Ph횈째찼쨩혶ng 7');
INSERT INTO tbl_vn_ward (ward_id, district_id, ward_name) VALUES (27325, 774, 'Ph횈째찼쨩혶ng 1');
INSERT INTO tbl_vn_ward (ward_id, district_id, ward_name) VALUES (27328, 774, 'Ph횈째찼쨩혶ng 11');
INSERT INTO tbl_vn_ward (ward_id, district_id, ward_name) VALUES (27331, 774, 'Ph횈째찼쨩혶ng 14');
INSERT INTO tbl_vn_ward (ward_id, district_id, ward_name) VALUES (27334, 774, 'Ph횈째찼쨩혶ng 5');
INSERT INTO tbl_vn_ward (ward_id, district_id, ward_name) VALUES (27343, 774, 'Ph횈째찼쨩혶ng 13');
INSERT INTO tbl_vn_district (district_id, province_id, district_name) VALUES (775, 79, 'Qu찼쨘짯n 6');
INSERT INTO tbl_vn_ward (ward_id, district_id, ward_name) VALUES (27346, 775, 'Ph횈째찼쨩혶ng 14');
INSERT INTO tbl_vn_ward (ward_id, district_id, ward_name) VALUES (27349, 775, 'Ph횈째찼쨩혶ng 13');
INSERT INTO tbl_vn_ward (ward_id, district_id, ward_name) VALUES (27352, 775, 'Ph횈째찼쨩혶ng 9');
INSERT INTO tbl_vn_ward (ward_id, district_id, ward_name) VALUES (27358, 775, 'Ph횈째찼쨩혶ng 12');
INSERT INTO tbl_vn_ward (ward_id, district_id, ward_name) VALUES (27361, 775, 'Ph횈째찼쨩혶ng 2');
INSERT INTO tbl_vn_ward (ward_id, district_id, ward_name) VALUES (27364, 775, 'Ph횈째찼쨩혶ng 11');
INSERT INTO tbl_vn_ward (ward_id, district_id, ward_name) VALUES (27376, 775, 'Ph횈째찼쨩혶ng 8');
INSERT INTO tbl_vn_ward (ward_id, district_id, ward_name) VALUES (27379, 775, 'Ph횈째찼쨩혶ng 1');
INSERT INTO tbl_vn_ward (ward_id, district_id, ward_name) VALUES (27382, 775, 'Ph횈째찼쨩혶ng 7');
INSERT INTO tbl_vn_ward (ward_id, district_id, ward_name) VALUES (27385, 775, 'Ph횈째찼쨩혶ng 10');
INSERT INTO tbl_vn_district (district_id, province_id, district_name) VALUES (776, 79, 'Qu찼쨘짯n 8');
INSERT INTO tbl_vn_ward (ward_id, district_id, ward_name) VALUES (27397, 776, 'Ph횈째찼쨩혶ng R찼쨘징ch 횄혬ng');
INSERT INTO tbl_vn_ward (ward_id, district_id, ward_name) VALUES (27403, 776, 'Ph횈째찼쨩혶ng H횈째ng Ph횄쨘');
INSERT INTO tbl_vn_ward (ward_id, district_id, ward_name) VALUES (27409, 776, 'Ph횈째찼쨩혶ng 4');
INSERT INTO tbl_vn_ward (ward_id, district_id, ward_name) VALUES (27415, 776, 'Ph횈째찼쨩혶ng X횄쨀m C찼쨩짠i');
INSERT INTO tbl_vn_ward (ward_id, district_id, ward_name) VALUES (27418, 776, 'Ph횈째찼쨩혶ng 5');
INSERT INTO tbl_vn_ward (ward_id, district_id, ward_name) VALUES (27421, 776, 'Ph횈째찼쨩혶ng 14');
INSERT INTO tbl_vn_ward (ward_id, district_id, ward_name) VALUES (27424, 776, 'Ph횈째찼쨩혶ng 6');
INSERT INTO tbl_vn_ward (ward_id, district_id, ward_name) VALUES (27427, 776, 'Ph횈째찼쨩혶ng 15');
INSERT INTO tbl_vn_ward (ward_id, district_id, ward_name) VALUES (27430, 776, 'Ph횈째찼쨩혶ng 16');
INSERT INTO tbl_vn_ward (ward_id, district_id, ward_name) VALUES (27433, 776, 'Ph횈째찼쨩혶ng 7');
INSERT INTO tbl_vn_district (district_id, province_id, district_name) VALUES (777, 79, 'Qu찼쨘짯n B횄짭nh T횄짖n');
INSERT INTO tbl_vn_ward (ward_id, district_id, ward_name) VALUES (27436, 777, 'Ph횈째찼쨩혶ng B횄짭nh H횈째ng H횄짼a');
INSERT INTO tbl_vn_ward (ward_id, district_id, ward_name) VALUES (27439, 777, 'Ph횈째찼쨩혶ng B횄짭nh H횈째ng Ho횄혻 A');
INSERT INTO tbl_vn_ward (ward_id, district_id, ward_name) VALUES (27442, 777, 'Ph횈째찼쨩혶ng B횄짭nh H횈째ng Ho횄혻 B');
INSERT INTO tbl_vn_ward (ward_id, district_id, ward_name) VALUES (27445, 777, 'Ph횈째찼쨩혶ng B횄짭nh Tr찼쨩혢 횆혨횄쨈ng');
INSERT INTO tbl_vn_ward (ward_id, district_id, ward_name) VALUES (27448, 777, 'Ph횈째찼쨩혶ng B횄짭nh Tr찼쨩혢 횆혨횄쨈ng A');
INSERT INTO tbl_vn_ward (ward_id, district_id, ward_name) VALUES (27451, 777, 'Ph횈째찼쨩혶ng B횄짭nh Tr찼쨩혢 횆혨횄쨈ng B');
INSERT INTO tbl_vn_ward (ward_id, district_id, ward_name) VALUES (27454, 777, 'Ph횈째찼쨩혶ng T횄짖n T찼쨘징o');
INSERT INTO tbl_vn_ward (ward_id, district_id, ward_name) VALUES (27457, 777, 'Ph횈째찼쨩혶ng T횄짖n T찼쨘징o A');
INSERT INTO tbl_vn_ward (ward_id, district_id, ward_name) VALUES (27460, 777, 'Ph횈째찼쨩혶ng An L찼쨘징c');
INSERT INTO tbl_vn_ward (ward_id, district_id, ward_name) VALUES (27463, 777, 'Ph횈째찼쨩혶ng An L찼쨘징c A');
INSERT INTO tbl_vn_district (district_id, province_id, district_name) VALUES (778, 79, 'Qu찼쨘짯n 7');
INSERT INTO tbl_vn_ward (ward_id, district_id, ward_name) VALUES (27466, 778, 'Ph횈째찼쨩혶ng T횄짖n Thu찼쨘짯n 횆혨횄쨈ng');
INSERT INTO tbl_vn_ward (ward_id, district_id, ward_name) VALUES (27469, 778, 'Ph횈째찼쨩혶ng T횄짖n Thu찼쨘짯n T횄짖y');
INSERT INTO tbl_vn_ward (ward_id, district_id, ward_name) VALUES (27472, 778, 'Ph횈째찼쨩혶ng T횄짖n Ki찼쨩혘ng');
INSERT INTO tbl_vn_ward (ward_id, district_id, ward_name) VALUES (27475, 778, 'Ph횈째찼쨩혶ng T횄짖n H횈째ng');
INSERT INTO tbl_vn_ward (ward_id, district_id, ward_name) VALUES (27478, 778, 'Ph횈째찼쨩혶ng B횄짭nh Thu찼쨘짯n');
INSERT INTO tbl_vn_ward (ward_id, district_id, ward_name) VALUES (27481, 778, 'Ph횈째찼쨩혶ng T횄짖n Quy');
INSERT INTO tbl_vn_ward (ward_id, district_id, ward_name) VALUES (27484, 778, 'Ph횈째찼쨩혶ng Ph횄쨘 Thu찼쨘짯n');
INSERT INTO tbl_vn_ward (ward_id, district_id, ward_name) VALUES (27487, 778, 'Ph횈째찼쨩혶ng T횄짖n Ph횄쨘');
INSERT INTO tbl_vn_ward (ward_id, district_id, ward_name) VALUES (27490, 778, 'Ph횈째찼쨩혶ng T횄짖n Phong');
INSERT INTO tbl_vn_ward (ward_id, district_id, ward_name) VALUES (27493, 778, 'Ph횈째찼쨩혶ng Ph횄쨘 M찼쨩쨔');
INSERT INTO tbl_vn_district (district_id, province_id, district_name) VALUES (783, 79, 'Huy찼쨩혝n C찼쨩짠 Chi');
INSERT INTO tbl_vn_ward (ward_id, district_id, ward_name) VALUES (27496, 783, 'Th찼쨩혢 tr찼쨘짜n C찼쨩짠 Chi');
INSERT INTO tbl_vn_ward (ward_id, district_id, ward_name) VALUES (27499, 783, 'X횄짙 Ph횄쨘 M찼쨩쨔 H횈째ng');
INSERT INTO tbl_vn_ward (ward_id, district_id, ward_name) VALUES (27502, 783, 'X횄짙 An Ph횄쨘');
INSERT INTO tbl_vn_ward (ward_id, district_id, ward_name) VALUES (27505, 783, 'X횄짙 Trung L찼쨘짯p Th횈째찼쨩짙ng');
INSERT INTO tbl_vn_ward (ward_id, district_id, ward_name) VALUES (27508, 783, 'X횄짙 An Nh횈징n T횄짖y');
INSERT INTO tbl_vn_ward (ward_id, district_id, ward_name) VALUES (27511, 783, 'X횄짙 Nhu찼쨘짯n 횆혨찼쨩짤c');
INSERT INTO tbl_vn_ward (ward_id, district_id, ward_name) VALUES (27514, 783, 'X횄짙 Ph찼쨘징m V횆혘n C찼쨩혲i');
INSERT INTO tbl_vn_ward (ward_id, district_id, ward_name) VALUES (27517, 783, 'X횄짙 Ph횄쨘 H횄짼a 횆혨횄쨈ng');
INSERT INTO tbl_vn_ward (ward_id, district_id, ward_name) VALUES (27520, 783, 'X횄짙 Trung L찼쨘짯p H찼쨘징');
INSERT INTO tbl_vn_ward (ward_id, district_id, ward_name) VALUES (27523, 783, 'X횄짙 Trung An');
INSERT INTO tbl_vn_ward (ward_id, district_id, ward_name) VALUES (27526, 783, 'X횄짙 Ph횈째찼쨩혴c Th찼쨘징nh');
INSERT INTO tbl_vn_ward (ward_id, district_id, ward_name) VALUES (27529, 783, 'X횄짙 Ph횈째찼쨩혴c Hi찼쨩혝p');
INSERT INTO tbl_vn_ward (ward_id, district_id, ward_name) VALUES (27532, 783, 'X횄짙 T횄짖n An H찼쨩혲i');
INSERT INTO tbl_vn_ward (ward_id, district_id, ward_name) VALUES (27535, 783, 'X횄짙 Ph횈째찼쨩혴c V횆짤nh An');
INSERT INTO tbl_vn_ward (ward_id, district_id, ward_name) VALUES (27538, 783, 'X횄짙 Th횄징i M찼쨩쨔');
INSERT INTO tbl_vn_ward (ward_id, district_id, ward_name) VALUES (27541, 783, 'X횄짙 T횄짖n Th찼쨘징nh T횄짖y');
INSERT INTO tbl_vn_ward (ward_id, district_id, ward_name) VALUES (27544, 783, 'X횄짙 H횄짼a Ph횄쨘');
INSERT INTO tbl_vn_ward (ward_id, district_id, ward_name) VALUES (27547, 783, 'X횄짙 T횄짖n Th찼쨘징nh 횆혨횄쨈ng');
INSERT INTO tbl_vn_ward (ward_id, district_id, ward_name) VALUES (27550, 783, 'X횄짙 B횄짭nh M찼쨩쨔');
INSERT INTO tbl_vn_ward (ward_id, district_id, ward_name) VALUES (27553, 783, 'X횄짙 T횄짖n Ph횄쨘 Trung');
INSERT INTO tbl_vn_ward (ward_id, district_id, ward_name) VALUES (27556, 783, 'X횄짙 T횄짖n Th횄쨈ng H찼쨩혲i');
INSERT INTO tbl_vn_district (district_id, province_id, district_name) VALUES (784, 79, 'Huy찼쨩혝n H횄쨀c M횄쨈n');
INSERT INTO tbl_vn_ward (ward_id, district_id, ward_name) VALUES (27559, 784, 'Th찼쨩혢 tr찼쨘짜n H횄쨀c M횄쨈n');
INSERT INTO tbl_vn_ward (ward_id, district_id, ward_name) VALUES (27562, 784, 'X횄짙 T횄짖n Hi찼쨩혝p');
INSERT INTO tbl_vn_ward (ward_id, district_id, ward_name) VALUES (27565, 784, 'X횄짙 Nh찼쨩혢 B횄짭nh');
INSERT INTO tbl_vn_ward (ward_id, district_id, ward_name) VALUES (27568, 784, 'X횄짙 횆혨횄쨈ng Th찼쨘징nh');
INSERT INTO tbl_vn_ward (ward_id, district_id, ward_name) VALUES (27571, 784, 'X횄짙 T횄짖n Th찼쨩혴i Nh횄짭');
INSERT INTO tbl_vn_ward (ward_id, district_id, ward_name) VALUES (27574, 784, 'X횄짙 Th찼쨩혴i Tam Th횄쨈n');
INSERT INTO tbl_vn_ward (ward_id, district_id, ward_name) VALUES (27577, 784, 'X횄짙 Xu횄짖n Th찼쨩혴i S횈징n');
INSERT INTO tbl_vn_ward (ward_id, district_id, ward_name) VALUES (27580, 784, 'X횄짙 T횄짖n Xu횄짖n');
INSERT INTO tbl_vn_ward (ward_id, district_id, ward_name) VALUES (27583, 784, 'X횄짙 Xu횄짖n Th찼쨩혴i 횆혨횄쨈ng');
INSERT INTO tbl_vn_ward (ward_id, district_id, ward_name) VALUES (27586, 784, 'X횄짙 Trung Ch횄징nh');
INSERT INTO tbl_vn_ward (ward_id, district_id, ward_name) VALUES (27589, 784, 'X횄짙 Xu횄짖n Th찼쨩혴i Th횈째찼쨩짙ng');
INSERT INTO tbl_vn_ward (ward_id, district_id, ward_name) VALUES (27592, 784, 'X횄짙 B횄혻 횆혨i찼쨩혘m');
INSERT INTO tbl_vn_district (district_id, province_id, district_name) VALUES (785, 79, 'Huy찼쨩혝n B횄짭nh Ch횄징nh');
INSERT INTO tbl_vn_ward (ward_id, district_id, ward_name) VALUES (27595, 785, 'Th찼쨩혢 tr찼쨘짜n T횄짖n T횄쨘c');
INSERT INTO tbl_vn_ward (ward_id, district_id, ward_name) VALUES (27598, 785, 'X횄짙 Ph찼쨘징m V횆혘n Hai');
INSERT INTO tbl_vn_ward (ward_id, district_id, ward_name) VALUES (27601, 785, 'X횄짙 V횆짤nh L찼쨩혲c A');
INSERT INTO tbl_vn_ward (ward_id, district_id, ward_name) VALUES (27604, 785, 'X횄짙 V횆짤nh L찼쨩혲c B');
INSERT INTO tbl_vn_ward (ward_id, district_id, ward_name) VALUES (27607, 785, 'X횄짙 B횄짭nh L찼쨩짙i');
INSERT INTO tbl_vn_ward (ward_id, district_id, ward_name) VALUES (27610, 785, 'X횄짙 L횄짧 Minh Xu횄짖n');
INSERT INTO tbl_vn_ward (ward_id, district_id, ward_name) VALUES (27613, 785, 'X횄짙 T횄짖n Nh찼쨩짹t');
INSERT INTO tbl_vn_ward (ward_id, district_id, ward_name) VALUES (27616, 785, 'X횄짙 T횄짖n Ki횄짧n');
INSERT INTO tbl_vn_ward (ward_id, district_id, ward_name) VALUES (27619, 785, 'X횄짙 B횄짭nh H횈째ng');
INSERT INTO tbl_vn_ward (ward_id, district_id, ward_name) VALUES (27622, 785, 'X횄짙 Phong Ph횄쨘');
INSERT INTO tbl_vn_ward (ward_id, district_id, ward_name) VALUES (27625, 785, 'X횄짙 An Ph횄쨘 T횄짖y');
INSERT INTO tbl_vn_ward (ward_id, district_id, ward_name) VALUES (27628, 785, 'X횄짙 H횈째ng Long');
INSERT INTO tbl_vn_ward (ward_id, district_id, ward_name) VALUES (27631, 785, 'X횄짙 횆혨a Ph횈째찼쨩혴c');
INSERT INTO tbl_vn_ward (ward_id, district_id, ward_name) VALUES (27634, 785, 'X횄짙 T횄짖n Qu횄쩍 T횄짖y');
INSERT INTO tbl_vn_ward (ward_id, district_id, ward_name) VALUES (27637, 785, 'X횄짙 B횄짭nh Ch횄징nh');
INSERT INTO tbl_vn_ward (ward_id, district_id, ward_name) VALUES (27640, 785, 'X횄짙 Quy 횆혨찼쨩짤c');
INSERT INTO tbl_vn_district (district_id, province_id, district_name) VALUES (786, 79, 'Huy찼쨩혝n Nh횄혻 B횄짢');
INSERT INTO tbl_vn_ward (ward_id, district_id, ward_name) VALUES (27643, 786, 'Th찼쨩혢 tr찼쨘짜n Nh횄혻 B횄짢');
INSERT INTO tbl_vn_ward (ward_id, district_id, ward_name) VALUES (27646, 786, 'X횄짙 Ph횈째찼쨩혴c Ki찼쨩혘n');
INSERT INTO tbl_vn_ward (ward_id, district_id, ward_name) VALUES (27649, 786, 'X횄짙 Ph횈째찼쨩혴c L찼쨩혲c');
INSERT INTO tbl_vn_ward (ward_id, district_id, ward_name) VALUES (27652, 786, 'X횄짙 Nh횈징n 횆혨찼쨩짤c');
INSERT INTO tbl_vn_ward (ward_id, district_id, ward_name) VALUES (27655, 786, 'X횄짙 Ph횄쨘 Xu횄짖n');
INSERT INTO tbl_vn_ward (ward_id, district_id, ward_name) VALUES (27658, 786, 'X횄짙 Long Th찼쨩혴i');
INSERT INTO tbl_vn_ward (ward_id, district_id, ward_name) VALUES (27661, 786, 'X횄짙 Hi찼쨩혝p Ph횈째찼쨩혴c');
INSERT INTO tbl_vn_district (district_id, province_id, district_name) VALUES (787, 79, 'Huy찼쨩혝n C찼쨘짠n Gi찼쨩혶');
INSERT INTO tbl_vn_ward (ward_id, district_id, ward_name) VALUES (27664, 787, 'Th찼쨩혢 tr찼쨘짜n C찼쨘짠n Th찼쨘징nh');
INSERT INTO tbl_vn_ward (ward_id, district_id, ward_name) VALUES (27667, 787, 'X횄짙 B횄짭nh Kh횄징nh');
INSERT INTO tbl_vn_ward (ward_id, district_id, ward_name) VALUES (27670, 787, 'X횄짙 Tam Th횄쨈n Hi찼쨩혝p');
INSERT INTO tbl_vn_ward (ward_id, district_id, ward_name) VALUES (27673, 787, 'X횄짙 An Th찼쨩혴i 횆혨횄쨈ng');
INSERT INTO tbl_vn_ward (ward_id, district_id, ward_name) VALUES (27676, 787, 'X횄짙 Th찼쨘징nh An');
INSERT INTO tbl_vn_ward (ward_id, district_id, ward_name) VALUES (27679, 787, 'X횄짙 Long H횄짼a');
INSERT INTO tbl_vn_ward (ward_id, district_id, ward_name) VALUES (27682, 787, 'X횄짙 L횄쩍 Nh횈징n');
INSERT INTO tbl_vn_province (province_id, province_name) VALUES (80, 'T찼쨩혟nh Long An');
INSERT INTO tbl_vn_district (district_id, province_id, district_name) VALUES (794, 80, 'Th횄혻nh ph찼쨩혩 T횄짖n An');
INSERT INTO tbl_vn_ward (ward_id, district_id, ward_name) VALUES (27685, 794, 'Ph횈째찼쨩혶ng 5');
INSERT INTO tbl_vn_ward (ward_id, district_id, ward_name) VALUES (27691, 794, 'Ph횈째찼쨩혶ng 4');
INSERT INTO tbl_vn_ward (ward_id, district_id, ward_name) VALUES (27692, 794, 'Ph횈째찼쨩혶ng T횄짖n Kh횄징nh');
INSERT INTO tbl_vn_ward (ward_id, district_id, ward_name) VALUES (27694, 794, 'Ph횈째찼쨩혶ng 1');
INSERT INTO tbl_vn_ward (ward_id, district_id, ward_name) VALUES (27697, 794, 'Ph횈째찼쨩혶ng 3');
INSERT INTO tbl_vn_ward (ward_id, district_id, ward_name) VALUES (27698, 794, 'Ph횈째찼쨩혶ng 7');
INSERT INTO tbl_vn_ward (ward_id, district_id, ward_name) VALUES (27700, 794, 'Ph횈째찼쨩혶ng 6');
INSERT INTO tbl_vn_ward (ward_id, district_id, ward_name) VALUES (27703, 794, 'X횄짙 H횈째찼쨩혴ng Th찼쨩혥 Ph횄쨘');
INSERT INTO tbl_vn_ward (ward_id, district_id, ward_name) VALUES (27706, 794, 'X횄짙 Nh횈징n Th찼쨘징nh Trung');
INSERT INTO tbl_vn_ward (ward_id, district_id, ward_name) VALUES (27709, 794, 'X횄짙 L찼쨩짙i B횄짭nh Nh횈징n');
INSERT INTO tbl_vn_ward (ward_id, district_id, ward_name) VALUES (27712, 794, 'X횄짙 B횄짭nh T횄짖m');
INSERT INTO tbl_vn_ward (ward_id, district_id, ward_name) VALUES (27715, 794, 'Ph횈째찼쨩혶ng Kh횄징nh H찼쨘짯u');
INSERT INTO tbl_vn_ward (ward_id, district_id, ward_name) VALUES (27718, 794, 'X횄짙 An V횆짤nh Ng횄짙i');
INSERT INTO tbl_vn_district (district_id, province_id, district_name) VALUES (795, 80, 'Th찼쨩혢 x횄짙 Ki찼쨘쩔n T횈째찼쨩혶ng');
INSERT INTO tbl_vn_ward (ward_id, district_id, ward_name) VALUES (27787, 795, 'Ph횈째찼쨩혶ng 1');
INSERT INTO tbl_vn_ward (ward_id, district_id, ward_name) VALUES (27788, 795, 'Ph횈째찼쨩혶ng 2');
INSERT INTO tbl_vn_ward (ward_id, district_id, ward_name) VALUES (27790, 795, 'X횄짙 Th찼쨘징nh Tr찼쨩혢');
INSERT INTO tbl_vn_ward (ward_id, district_id, ward_name) VALUES (27793, 795, 'X횄짙 B횄짭nh Hi찼쨩혝p');
INSERT INTO tbl_vn_ward (ward_id, district_id, ward_name) VALUES (27799, 795, 'X횄짙 B횄짭nh T횄짖n');
INSERT INTO tbl_vn_ward (ward_id, district_id, ward_name) VALUES (27805, 795, 'X횄짙 Tuy횄짧n Th찼쨘징nh');
INSERT INTO tbl_vn_ward (ward_id, district_id, ward_name) VALUES (27806, 795, 'Ph횈째찼쨩혶ng 3');
INSERT INTO tbl_vn_ward (ward_id, district_id, ward_name) VALUES (27817, 795, 'X횄짙 Th찼쨘징nh H횈째ng');
INSERT INTO tbl_vn_district (district_id, province_id, district_name) VALUES (796, 80, 'Huy찼쨩혝n T횄짖n H횈째ng');
INSERT INTO tbl_vn_ward (ward_id, district_id, ward_name) VALUES (27721, 796, 'Th찼쨩혢 tr찼쨘짜n T횄짖n H횈째ng');
INSERT INTO tbl_vn_ward (ward_id, district_id, ward_name) VALUES (27724, 796, 'X횄짙 H횈째ng H횄혻');
INSERT INTO tbl_vn_ward (ward_id, district_id, ward_name) VALUES (27727, 796, 'X횄짙 H횈째ng 횆혨i찼쨩혖n B');
INSERT INTO tbl_vn_ward (ward_id, district_id, ward_name) VALUES (27730, 796, 'X횄짙 H횈째ng 횆혨i찼쨩혖n');
INSERT INTO tbl_vn_ward (ward_id, district_id, ward_name) VALUES (27733, 796, 'X횄짙 Th찼쨘징nh H횈째ng');
INSERT INTO tbl_vn_ward (ward_id, district_id, ward_name) VALUES (27736, 796, 'X횄짙 H횈째ng Th찼쨘징nh');
INSERT INTO tbl_vn_ward (ward_id, district_id, ward_name) VALUES (27739, 796, 'X횄짙 V횆짤nh Th찼쨘징nh');
INSERT INTO tbl_vn_ward (ward_id, district_id, ward_name) VALUES (27742, 796, 'X횄짙 V횆짤nh Ch횄짖u B');
INSERT INTO tbl_vn_ward (ward_id, district_id, ward_name) VALUES (27745, 796, 'X횄짙 V횆짤nh L찼쨩짙i');
INSERT INTO tbl_vn_ward (ward_id, district_id, ward_name) VALUES (27748, 796, 'X횄짙 V횆짤nh 횆혨찼쨘징i');
INSERT INTO tbl_vn_ward (ward_id, district_id, ward_name) VALUES (27751, 796, 'X횄짙 V횆짤nh Ch횄짖u A');
INSERT INTO tbl_vn_ward (ward_id, district_id, ward_name) VALUES (27754, 796, 'X횄짙 V횆짤nh B찼쨩짯u');
INSERT INTO tbl_vn_district (district_id, province_id, district_name) VALUES (797, 80, 'Huy찼쨩혝n V횆짤nh H횈째ng');
INSERT INTO tbl_vn_ward (ward_id, district_id, ward_name) VALUES (27757, 797, 'Th찼쨩혢 tr찼쨘짜n V횆짤nh H횈째ng');
INSERT INTO tbl_vn_ward (ward_id, district_id, ward_name) VALUES (27760, 797, 'X횄짙 H횈째ng 횆혨i찼쨩혖n A');
INSERT INTO tbl_vn_ward (ward_id, district_id, ward_name) VALUES (27763, 797, 'X횄짙 Kh횄징nh H횈째ng');
INSERT INTO tbl_vn_ward (ward_id, district_id, ward_name) VALUES (27766, 797, 'X횄짙 Th횄징i Tr찼쨩혢');
INSERT INTO tbl_vn_ward (ward_id, district_id, ward_name) VALUES (27769, 797, 'X횄짙 V횆짤nh Tr찼쨩혢');
INSERT INTO tbl_vn_ward (ward_id, district_id, ward_name) VALUES (27772, 797, 'X횄짙 Th횄징i B횄짭nh Trung');
INSERT INTO tbl_vn_ward (ward_id, district_id, ward_name) VALUES (27775, 797, 'X횄짙 V횆짤nh B횄짭nh');
INSERT INTO tbl_vn_ward (ward_id, district_id, ward_name) VALUES (27778, 797, 'X횄짙 V횆짤nh Thu찼쨘짯n');
INSERT INTO tbl_vn_ward (ward_id, district_id, ward_name) VALUES (27781, 797, 'X횄짙 Tuy횄짧n B횄짭nh');
INSERT INTO tbl_vn_ward (ward_id, district_id, ward_name) VALUES (27784, 797, 'X횄짙 Tuy횄짧n B횄짭nh T횄짖y');
INSERT INTO tbl_vn_district (district_id, province_id, district_name) VALUES (798, 80, 'Huy찼쨩혝n M찼쨩혲c H횄쨀a');
INSERT INTO tbl_vn_ward (ward_id, district_id, ward_name) VALUES (27796, 798, 'X횄짙 B횄짭nh H횄짼a T횄짖y');
INSERT INTO tbl_vn_ward (ward_id, district_id, ward_name) VALUES (27802, 798, 'X횄짙 B횄짭nh Th찼쨘징nh');
INSERT INTO tbl_vn_ward (ward_id, district_id, ward_name) VALUES (27808, 798, 'X횄짙 B횄짭nh H횄짼a Trung');
INSERT INTO tbl_vn_ward (ward_id, district_id, ward_name) VALUES (27811, 798, 'X횄짙 B횄짭nh H횄짼a 횆혨횄쨈ng');
INSERT INTO tbl_vn_ward (ward_id, district_id, ward_name) VALUES (27814, 798, 'Th찼쨩혢 tr찼쨘짜n B횄짭nh Phong Th찼쨘징nh');
INSERT INTO tbl_vn_ward (ward_id, district_id, ward_name) VALUES (27820, 798, 'X횄짙 T횄짖n L찼쨘짯p');
INSERT INTO tbl_vn_ward (ward_id, district_id, ward_name) VALUES (27823, 798, 'X횄짙 T횄짖n Th횄혻nh');
INSERT INTO tbl_vn_district (district_id, province_id, district_name) VALUES (799, 80, 'Huy찼쨩혝n T횄짖n Th찼쨘징nh');
INSERT INTO tbl_vn_ward (ward_id, district_id, ward_name) VALUES (27826, 799, 'Th찼쨩혢 tr찼쨘짜n T횄짖n Th찼쨘징nh');
INSERT INTO tbl_vn_ward (ward_id, district_id, ward_name) VALUES (27829, 799, 'X횄짙 B찼쨘짱c H횄짼a');
INSERT INTO tbl_vn_ward (ward_id, district_id, ward_name) VALUES (27832, 799, 'X횄짙 H찼쨘짯u Th찼쨘징nh T횄짖y');
INSERT INTO tbl_vn_ward (ward_id, district_id, ward_name) VALUES (27835, 799, 'X횄짙 Nh횈징n H횄짼a L찼쨘짯p');
INSERT INTO tbl_vn_ward (ward_id, district_id, ward_name) VALUES (27838, 799, 'X횄짙 T횄짖n L찼쨘짯p');
INSERT INTO tbl_vn_ward (ward_id, district_id, ward_name) VALUES (27841, 799, 'X횄짙 H찼쨘짯u Th찼쨘징nh 횆혨횄쨈ng');
INSERT INTO tbl_vn_ward (ward_id, district_id, ward_name) VALUES (27844, 799, 'X횄짙 Nh횈징n Ho횄혻');
INSERT INTO tbl_vn_ward (ward_id, district_id, ward_name) VALUES (27847, 799, 'X횄짙 Ki찼쨘쩔n B횄짭nh');
INSERT INTO tbl_vn_ward (ward_id, district_id, ward_name) VALUES (27850, 799, 'X횄짙 T횄짖n Th횄혻nh');
INSERT INTO tbl_vn_ward (ward_id, district_id, ward_name) VALUES (27853, 799, 'X횄짙 T횄짖n B횄짭nh');
INSERT INTO tbl_vn_ward (ward_id, district_id, ward_name) VALUES (27856, 799, 'X횄짙 T횄짖n Ninh');
INSERT INTO tbl_vn_ward (ward_id, district_id, ward_name) VALUES (27859, 799, 'X횄짙 Nh횈징n Ninh');
INSERT INTO tbl_vn_ward (ward_id, district_id, ward_name) VALUES (27862, 799, 'X횄짙 T횄짖n H횄짼a');
INSERT INTO tbl_vn_district (district_id, province_id, district_name) VALUES (800, 80, 'Huy찼쨩혝n Th찼쨘징nh H횄쨀a');
INSERT INTO tbl_vn_ward (ward_id, district_id, ward_name) VALUES (27865, 800, 'Th찼쨩혢 tr찼쨘짜n Th찼쨘징nh H횄쨀a');
INSERT INTO tbl_vn_ward (ward_id, district_id, ward_name) VALUES (27868, 800, 'X횄짙 T횄짖n Hi찼쨩혝p');
INSERT INTO tbl_vn_ward (ward_id, district_id, ward_name) VALUES (27871, 800, 'X횄짙 Thu찼쨘짯n B횄짭nh');
INSERT INTO tbl_vn_ward (ward_id, district_id, ward_name) VALUES (27874, 800, 'X횄짙 Th찼쨘징nh Ph횈째찼쨩혴c');
INSERT INTO tbl_vn_ward (ward_id, district_id, ward_name) VALUES (27877, 800, 'X횄짙 Th찼쨘징nh Ph횄쨘');
INSERT INTO tbl_vn_ward (ward_id, district_id, ward_name) VALUES (27880, 800, 'X횄짙 Thu찼쨘짯n Ngh횆짤a H횄짼a');
INSERT INTO tbl_vn_ward (ward_id, district_id, ward_name) VALUES (27883, 800, 'X횄짙 Th찼쨩짠y 횆혨횄쨈ng');
INSERT INTO tbl_vn_ward (ward_id, district_id, ward_name) VALUES (27886, 800, 'X횄짙 Th찼쨩짠y T횄짖y');
INSERT INTO tbl_vn_ward (ward_id, district_id, ward_name) VALUES (27889, 800, 'X횄짙 T횄짖n T횄짖y');
INSERT INTO tbl_vn_ward (ward_id, district_id, ward_name) VALUES (27892, 800, 'X횄짙 T횄짖n 횆혨횄쨈ng');
INSERT INTO tbl_vn_ward (ward_id, district_id, ward_name) VALUES (27895, 800, 'X횄짙 Th찼쨘징nh An');
INSERT INTO tbl_vn_district (district_id, province_id, district_name) VALUES (801, 80, 'Huy찼쨩혝n 횆혨찼쨩짤c Hu찼쨩혝');
INSERT INTO tbl_vn_ward (ward_id, district_id, ward_name) VALUES (27898, 801, 'Th찼쨩혢 tr찼쨘짜n 횆혨횄쨈ng Th횄혻nh');
INSERT INTO tbl_vn_ward (ward_id, district_id, ward_name) VALUES (27901, 801, 'X횄짙 M찼쨩쨔 Qu횄쩍 횆혨횄쨈ng');
INSERT INTO tbl_vn_ward (ward_id, district_id, ward_name) VALUES (27904, 801, 'X횄짙 M찼쨩쨔 Th찼쨘징nh B찼쨘짱c');
INSERT INTO tbl_vn_ward (ward_id, district_id, ward_name) VALUES (27907, 801, 'X횄짙 M찼쨩쨔 Qu횄쩍 T횄짖y');
INSERT INTO tbl_vn_ward (ward_id, district_id, ward_name) VALUES (27910, 801, 'X횄짙 M찼쨩쨔 Th찼쨘징nh T횄짖y');
INSERT INTO tbl_vn_ward (ward_id, district_id, ward_name) VALUES (27913, 801, 'X횄짙 M찼쨩쨔 Th찼쨘징nh 횆혨횄쨈ng');
INSERT INTO tbl_vn_ward (ward_id, district_id, ward_name) VALUES (27916, 801, 'X횄짙 B횄짭nh Th횄혻nh');
INSERT INTO tbl_vn_ward (ward_id, district_id, ward_name) VALUES (27919, 801, 'X횄짙 B횄짭nh H횄짼a B찼쨘짱c');
INSERT INTO tbl_vn_ward (ward_id, district_id, ward_name) VALUES (27922, 801, 'X횄짙 B횄짭nh H횄짼a H횈째ng');
INSERT INTO tbl_vn_ward (ward_id, district_id, ward_name) VALUES (27925, 801, 'X횄짙 B횄짭nh H횄짼a Nam');
INSERT INTO tbl_vn_ward (ward_id, district_id, ward_name) VALUES (27928, 801, 'X횄짙 M찼쨩쨔 B횄짭nh');
INSERT INTO tbl_vn_district (district_id, province_id, district_name) VALUES (802, 80, 'Huy찼쨩혝n 횆혨찼쨩짤c H횄짼a');
INSERT INTO tbl_vn_ward (ward_id, district_id, ward_name) VALUES (27931, 802, 'Th찼쨩혢 tr찼쨘짜n H찼쨘짯u Ngh횆짤a');
INSERT INTO tbl_vn_ward (ward_id, district_id, ward_name) VALUES (27934, 802, 'Th찼쨩혢 tr찼쨘짜n Hi찼쨩혝p H횄짼a');
INSERT INTO tbl_vn_ward (ward_id, district_id, ward_name) VALUES (27937, 802, 'Th찼쨩혢 tr찼쨘짜n 횆혨찼쨩짤c H횄짼a');
INSERT INTO tbl_vn_ward (ward_id, district_id, ward_name) VALUES (27940, 802, 'X횄짙 L찼쨩혲c Giang');
INSERT INTO tbl_vn_ward (ward_id, district_id, ward_name) VALUES (27943, 802, 'X횄짙 An Ninh 횆혨횄쨈ng');
INSERT INTO tbl_vn_ward (ward_id, district_id, ward_name) VALUES (27946, 802, 'X횄짙 An Ninh T횄짖y');
INSERT INTO tbl_vn_ward (ward_id, district_id, ward_name) VALUES (27949, 802, 'X횄짙 T횄짖n M찼쨩쨔');
INSERT INTO tbl_vn_ward (ward_id, district_id, ward_name) VALUES (27952, 802, 'X횄짙 Hi찼쨩혝p H횄짼a');
INSERT INTO tbl_vn_ward (ward_id, district_id, ward_name) VALUES (27955, 802, 'X횄짙 횆혨찼쨩짤c L찼쨘짯p Th횈째찼쨩짙ng');
INSERT INTO tbl_vn_ward (ward_id, district_id, ward_name) VALUES (27958, 802, 'X횄짙 횆혨찼쨩짤c L찼쨘짯p H찼쨘징');
INSERT INTO tbl_vn_ward (ward_id, district_id, ward_name) VALUES (27961, 802, 'X횄짙 T횄짖n Ph횄쨘');
INSERT INTO tbl_vn_ward (ward_id, district_id, ward_name) VALUES (27964, 802, 'X횄짙 M찼쨩쨔 H찼쨘징nh B찼쨘짱c');
INSERT INTO tbl_vn_ward (ward_id, district_id, ward_name) VALUES (27967, 802, 'X횄짙 횆혨찼쨩짤c H횄짼a Th횈째찼쨩짙ng');
INSERT INTO tbl_vn_ward (ward_id, district_id, ward_name) VALUES (27970, 802, 'X횄짙 H횄짼a Kh횄징nh T횄짖y');
INSERT INTO tbl_vn_ward (ward_id, district_id, ward_name) VALUES (27973, 802, 'X횄짙 H횄짼a Kh횄징nh 횆혨횄쨈ng');
INSERT INTO tbl_vn_ward (ward_id, district_id, ward_name) VALUES (27976, 802, 'X횄짙 M찼쨩쨔 H찼쨘징nh Nam');
INSERT INTO tbl_vn_ward (ward_id, district_id, ward_name) VALUES (27979, 802, 'X횄짙 H횄짼a Kh횄징nh Nam');
INSERT INTO tbl_vn_ward (ward_id, district_id, ward_name) VALUES (27982, 802, 'X횄짙 횆혨찼쨩짤c H횄짼a 횆혨횄쨈ng');
INSERT INTO tbl_vn_ward (ward_id, district_id, ward_name) VALUES (27985, 802, 'X횄짙 횆혨찼쨩짤c H횄짼a H찼쨘징');
INSERT INTO tbl_vn_ward (ward_id, district_id, ward_name) VALUES (27988, 802, 'X횄짙 H찼쨩짹u Th찼쨘징nh');
INSERT INTO tbl_vn_district (district_id, province_id, district_name) VALUES (803, 80, 'Huy찼쨩혝n B찼쨘쩔n L찼쨩짤c');
INSERT INTO tbl_vn_ward (ward_id, district_id, ward_name) VALUES (27991, 803, 'Th찼쨩혢 tr찼쨘짜n B찼쨘쩔n L찼쨩짤c');
INSERT INTO tbl_vn_ward (ward_id, district_id, ward_name) VALUES (27994, 803, 'X횄짙 Th찼쨘징nh L찼쨩짙i');
INSERT INTO tbl_vn_ward (ward_id, district_id, ward_name) VALUES (27997, 803, 'X횄짙 L횈째횈징ng B횄짭nh');
INSERT INTO tbl_vn_ward (ward_id, district_id, ward_name) VALUES (28000, 803, 'X횄짙 Th찼쨘징nh H횄짼a');
INSERT INTO tbl_vn_ward (ward_id, district_id, ward_name) VALUES (28003, 803, 'X횄짙 L횈째횈징ng H횄짼a');
INSERT INTO tbl_vn_ward (ward_id, district_id, ward_name) VALUES (28009, 803, 'X횄짙 T횄짖n B찼쨩짯u');
INSERT INTO tbl_vn_ward (ward_id, district_id, ward_name) VALUES (28012, 803, 'X횄짙 An Th찼쨘징nh');
INSERT INTO tbl_vn_ward (ward_id, district_id, ward_name) VALUES (28015, 803, 'X횄짙 B횄짭nh 횆혨찼쨩짤c');
INSERT INTO tbl_vn_ward (ward_id, district_id, ward_name) VALUES (28018, 803, 'X횄짙 M찼쨩쨔 Y횄짧n');
INSERT INTO tbl_vn_ward (ward_id, district_id, ward_name) VALUES (28021, 803, 'X횄짙 Thanh Ph횄쨘');
INSERT INTO tbl_vn_ward (ward_id, district_id, ward_name) VALUES (28024, 803, 'X횄짙 Long Hi찼쨩혝p');
INSERT INTO tbl_vn_ward (ward_id, district_id, ward_name) VALUES (28027, 803, 'X횄짙 Th찼쨘징nh 횆혨찼쨩짤c');
INSERT INTO tbl_vn_ward (ward_id, district_id, ward_name) VALUES (28030, 803, 'X횄짙 Ph횈째찼쨩혴c L찼쨩짙i');
INSERT INTO tbl_vn_ward (ward_id, district_id, ward_name) VALUES (28033, 803, 'X횄짙 Nh찼쨩짹t Ch횄징nh');
INSERT INTO tbl_vn_district (district_id, province_id, district_name) VALUES (804, 80, 'Huy찼쨩혝n Th찼쨩짠 Th찼쨩짬a');
INSERT INTO tbl_vn_ward (ward_id, district_id, ward_name) VALUES (28036, 804, 'Th찼쨩혢 tr찼쨘짜n Th찼쨩짠 Th찼쨩짬a');
INSERT INTO tbl_vn_ward (ward_id, district_id, ward_name) VALUES (28039, 804, 'X횄짙 Long Th찼쨘징nh');
INSERT INTO tbl_vn_ward (ward_id, district_id, ward_name) VALUES (28042, 804, 'X횄짙 T횄짖n Th횄혻nh');
INSERT INTO tbl_vn_ward (ward_id, district_id, ward_name) VALUES (28045, 804, 'X횄짙 Long Thu찼쨘짯n');
INSERT INTO tbl_vn_ward (ward_id, district_id, ward_name) VALUES (28048, 804, 'X횄짙 M찼쨩쨔 L찼쨘징c');
INSERT INTO tbl_vn_ward (ward_id, district_id, ward_name) VALUES (28051, 804, 'X횄짙 M찼쨩쨔 Th찼쨘징nh');
INSERT INTO tbl_vn_ward (ward_id, district_id, ward_name) VALUES (28054, 804, 'X횄짙 B횄짭nh An');
INSERT INTO tbl_vn_ward (ward_id, district_id, ward_name) VALUES (28057, 804, 'X횄짙 Nh찼쨩혢 Th횄혻nh');
INSERT INTO tbl_vn_ward (ward_id, district_id, ward_name) VALUES (28060, 804, 'X횄짙 M찼쨩쨔 An');
INSERT INTO tbl_vn_ward (ward_id, district_id, ward_name) VALUES (28063, 804, 'X횄짙 B횄짭nh Th찼쨘징nh');
INSERT INTO tbl_vn_ward (ward_id, district_id, ward_name) VALUES (28066, 804, 'X횄짙 M찼쨩쨔 Ph횄쨘');
INSERT INTO tbl_vn_ward (ward_id, district_id, ward_name) VALUES (28072, 804, 'X횄짙 T횄짖n Long');
INSERT INTO tbl_vn_district (district_id, province_id, district_name) VALUES (805, 80, 'Huy찼쨩혝n T횄짖n Tr찼쨩짜');
INSERT INTO tbl_vn_ward (ward_id, district_id, ward_name) VALUES (28075, 805, 'Th찼쨩혢 tr찼쨘짜n T횄짖n Tr찼쨩짜');
INSERT INTO tbl_vn_ward (ward_id, district_id, ward_name) VALUES (28078, 805, 'X횄짙 T횄짖n B횄짭nh');
INSERT INTO tbl_vn_ward (ward_id, district_id, ward_name) VALUES (28084, 805, 'X횄짙 Qu횄짧 M찼쨩쨔 Th찼쨘징nh');
INSERT INTO tbl_vn_ward (ward_id, district_id, ward_name) VALUES (28087, 805, 'X횄짙 L찼쨘징c T찼쨘짜n');
INSERT INTO tbl_vn_ward (ward_id, district_id, ward_name) VALUES (28090, 805, 'X횄짙 B횄짭nh Trinh 횆혨횄쨈ng');
INSERT INTO tbl_vn_ward (ward_id, district_id, ward_name) VALUES (28093, 805, 'X횄짙 T횄짖n Ph횈째찼쨩혴c T횄짖y');
INSERT INTO tbl_vn_ward (ward_id, district_id, ward_name) VALUES (28096, 805, 'X횄짙 B횄짭nh L횄짙ng');
INSERT INTO tbl_vn_ward (ward_id, district_id, ward_name) VALUES (28099, 805, 'X횄짙 B횄짭nh T찼쨩혢nh');
INSERT INTO tbl_vn_ward (ward_id, district_id, ward_name) VALUES (28102, 805, 'X횄짙 횆혨찼쨩짤c T횄짖n');
INSERT INTO tbl_vn_ward (ward_id, district_id, ward_name) VALUES (28105, 805, 'X횄짙 Nh찼쨩짹t Ninh');
INSERT INTO tbl_vn_district (district_id, province_id, district_name) VALUES (806, 80, 'Huy찼쨩혝n C찼쨘짠n 횆혨횈째찼쨩혴c');
INSERT INTO tbl_vn_ward (ward_id, district_id, ward_name) VALUES (28108, 806, 'Th찼쨩혢 tr찼쨘짜n C찼쨘짠n 횆혨횈째찼쨩혴c');
INSERT INTO tbl_vn_ward (ward_id, district_id, ward_name) VALUES (28111, 806, 'X횄짙 Long Tr찼쨘징ch');
INSERT INTO tbl_vn_ward (ward_id, district_id, ward_name) VALUES (28114, 806, 'X횄짙 Long Kh횄짧');
INSERT INTO tbl_vn_ward (ward_id, district_id, ward_name) VALUES (28117, 806, 'X횄짙 Long 횆혨찼쨩혢nh');
INSERT INTO tbl_vn_ward (ward_id, district_id, ward_name) VALUES (28120, 806, 'X횄짙 Ph횈째찼쨩혴c V횄짖n');
INSERT INTO tbl_vn_ward (ward_id, district_id, ward_name) VALUES (28123, 806, 'X횄짙 Long H횄짼a');
INSERT INTO tbl_vn_ward (ward_id, district_id, ward_name) VALUES (28126, 806, 'X횄짙 Long Cang');
INSERT INTO tbl_vn_ward (ward_id, district_id, ward_name) VALUES (28129, 806, 'X횄짙 Long S횈징n');
INSERT INTO tbl_vn_ward (ward_id, district_id, ward_name) VALUES (28132, 806, 'X횄짙 T횄짖n Tr찼쨘징ch');
INSERT INTO tbl_vn_ward (ward_id, district_id, ward_name) VALUES (28135, 806, 'X횄짙 M찼쨩쨔 L찼쨩혝');
INSERT INTO tbl_vn_ward (ward_id, district_id, ward_name) VALUES (28138, 806, 'X횄짙 T횄짖n L횄짖n');
INSERT INTO tbl_vn_ward (ward_id, district_id, ward_name) VALUES (28141, 806, 'X횄짙 Ph횈째찼쨩혴c Tuy');
INSERT INTO tbl_vn_ward (ward_id, district_id, ward_name) VALUES (28144, 806, 'X횄짙 Long H찼쨩짹u 횆혨횄쨈ng');
INSERT INTO tbl_vn_ward (ward_id, district_id, ward_name) VALUES (28147, 806, 'X횄짙 T횄짖n 횄혗n');
INSERT INTO tbl_vn_ward (ward_id, district_id, ward_name) VALUES (28150, 806, 'X횄짙 Ph횈째찼쨩혴c 횆혨횄쨈ng');
INSERT INTO tbl_vn_ward (ward_id, district_id, ward_name) VALUES (28153, 806, 'X횄짙 Long H찼쨩짹u T횄짖y');
INSERT INTO tbl_vn_ward (ward_id, district_id, ward_name) VALUES (28156, 806, 'X횄짙 T횄짖n Ch횄징nh');
INSERT INTO tbl_vn_district (district_id, province_id, district_name) VALUES (807, 80, 'Huy찼쨩혝n C찼쨘짠n Giu찼쨩혲c');
INSERT INTO tbl_vn_ward (ward_id, district_id, ward_name) VALUES (28159, 807, 'Th찼쨩혢 tr찼쨘짜n C찼쨘짠n Giu찼쨩혲c');
INSERT INTO tbl_vn_ward (ward_id, district_id, ward_name) VALUES (28162, 807, 'X횄짙 Ph횈째찼쨩혴c L횄쩍');
INSERT INTO tbl_vn_ward (ward_id, district_id, ward_name) VALUES (28165, 807, 'X횄짙 Long Th횈째찼쨩짙ng');
INSERT INTO tbl_vn_ward (ward_id, district_id, ward_name) VALUES (28168, 807, 'X횄짙 Long H찼쨘짯u');
INSERT INTO tbl_vn_ward (ward_id, district_id, ward_name) VALUES (28174, 807, 'X횄짙 Ph횈째찼쨩혴c H찼쨘짯u');
INSERT INTO tbl_vn_ward (ward_id, district_id, ward_name) VALUES (28177, 807, 'X횄짙 M찼쨩쨔 L찼쨩혲c');
INSERT INTO tbl_vn_ward (ward_id, district_id, ward_name) VALUES (28180, 807, 'X횄짙 Ph횈째찼쨩혴c L찼쨘징i');
INSERT INTO tbl_vn_ward (ward_id, district_id, ward_name) VALUES (28183, 807, 'X횄짙 Ph횈째찼쨩혴c L횄짖m');
INSERT INTO tbl_vn_ward (ward_id, district_id, ward_name) VALUES (28189, 807, 'X횄짙 Thu찼쨘짯n Th횄혻nh');
INSERT INTO tbl_vn_ward (ward_id, district_id, ward_name) VALUES (28192, 807, 'X횄짙 Ph횈째찼쨩혴c V횆짤nh T횄짖y');
INSERT INTO tbl_vn_ward (ward_id, district_id, ward_name) VALUES (28195, 807, 'X횄짙 Ph횈째찼쨩혴c V횆짤nh 횆혨횄쨈ng');
INSERT INTO tbl_vn_ward (ward_id, district_id, ward_name) VALUES (28198, 807, 'X횄짙 Long An');
INSERT INTO tbl_vn_ward (ward_id, district_id, ward_name) VALUES (28201, 807, 'X횄짙 Long Ph찼쨩짜ng');
INSERT INTO tbl_vn_ward (ward_id, district_id, ward_name) VALUES (28204, 807, 'X횄짙 횆혨횄쨈ng Th찼쨘징nh');
INSERT INTO tbl_vn_ward (ward_id, district_id, ward_name) VALUES (28207, 807, 'X횄짙 T횄짖n T찼쨘짯p');
INSERT INTO tbl_vn_district (district_id, province_id, district_name) VALUES (808, 80, 'Huy찼쨩혝n Ch횄짖u Th횄혻nh');
INSERT INTO tbl_vn_ward (ward_id, district_id, ward_name) VALUES (28210, 808, 'Th찼쨩혢 tr찼쨘짜n T찼쨘짠m Vu');
INSERT INTO tbl_vn_ward (ward_id, district_id, ward_name) VALUES (28213, 808, 'X횄짙 B횄짭nh Qu찼쨩혴i');
INSERT INTO tbl_vn_ward (ward_id, district_id, ward_name) VALUES (28216, 808, 'X횄짙 H횄짼a Ph횄쨘');
INSERT INTO tbl_vn_ward (ward_id, district_id, ward_name) VALUES (28219, 808, 'X횄짙 Ph횄쨘 Ng횄짙i Tr찼쨩혢');
INSERT INTO tbl_vn_ward (ward_id, district_id, ward_name) VALUES (28222, 808, 'X횄짙 V횆짤nh C횄쨈ng');
INSERT INTO tbl_vn_ward (ward_id, district_id, ward_name) VALUES (28225, 808, 'X횄짙 Thu찼쨘짯n M찼쨩쨔');
INSERT INTO tbl_vn_ward (ward_id, district_id, ward_name) VALUES (28228, 808, 'X횄짙 Hi찼쨩혝p Th찼쨘징nh');
INSERT INTO tbl_vn_ward (ward_id, district_id, ward_name) VALUES (28231, 808, 'X횄짙 Ph횈째찼쨩혴c T횄짖n H횈째ng');
INSERT INTO tbl_vn_ward (ward_id, district_id, ward_name) VALUES (28234, 808, 'X횄짙 Thanh Ph횄쨘 Long');
INSERT INTO tbl_vn_ward (ward_id, district_id, ward_name) VALUES (28237, 808, 'X횄짙 D횈째횈징ng Xu횄짖n H찼쨩혲i');
INSERT INTO tbl_vn_ward (ward_id, district_id, ward_name) VALUES (28240, 808, 'X횄짙 An L찼쨩짜c Long');
INSERT INTO tbl_vn_ward (ward_id, district_id, ward_name) VALUES (28243, 808, 'X횄짙 Long Tr횄짭');
INSERT INTO tbl_vn_ward (ward_id, district_id, ward_name) VALUES (28246, 808, 'X횄짙 Thanh V횆짤nh 횆혨횄쨈ng');
INSERT INTO tbl_vn_province (province_id, province_name) VALUES (82, 'T찼쨩혟nh Ti찼쨩혖n Giang');
INSERT INTO tbl_vn_district (district_id, province_id, district_name) VALUES (815, 82, 'Th횄혻nh ph찼쨩혩 M찼쨩쨔 Tho');
INSERT INTO tbl_vn_ward (ward_id, district_id, ward_name) VALUES (28249, 815, 'Ph횈째찼쨩혶ng 5');
INSERT INTO tbl_vn_ward (ward_id, district_id, ward_name) VALUES (28252, 815, 'Ph횈째찼쨩혶ng 4');
INSERT INTO tbl_vn_ward (ward_id, district_id, ward_name) VALUES (28261, 815, 'Ph횈째찼쨩혶ng 1');
INSERT INTO tbl_vn_ward (ward_id, district_id, ward_name) VALUES (28264, 815, 'Ph횈째찼쨩혶ng 2');
INSERT INTO tbl_vn_ward (ward_id, district_id, ward_name) VALUES (28270, 815, 'Ph횈째찼쨩혶ng 6');
INSERT INTO tbl_vn_ward (ward_id, district_id, ward_name) VALUES (28273, 815, 'Ph횈째찼쨩혶ng 9');
INSERT INTO tbl_vn_ward (ward_id, district_id, ward_name) VALUES (28276, 815, 'Ph횈째찼쨩혶ng 10');
INSERT INTO tbl_vn_ward (ward_id, district_id, ward_name) VALUES (28279, 815, 'Ph횈째찼쨩혶ng T횄짖n Long');
INSERT INTO tbl_vn_ward (ward_id, district_id, ward_name) VALUES (28282, 815, 'X횄짙 횆혨찼쨘징o Th찼쨘징nh');
INSERT INTO tbl_vn_ward (ward_id, district_id, ward_name) VALUES (28285, 815, 'X횄짙 Trung An');
INSERT INTO tbl_vn_ward (ward_id, district_id, ward_name) VALUES (28288, 815, 'X횄짙 M찼쨩쨔 Phong');
INSERT INTO tbl_vn_ward (ward_id, district_id, ward_name) VALUES (28291, 815, 'X횄짙 T횄짖n M찼쨩쨔 Ch횄징nh');
INSERT INTO tbl_vn_ward (ward_id, district_id, ward_name) VALUES (28567, 815, 'X횄짙 Ph횈째찼쨩혴c Th찼쨘징nh');
INSERT INTO tbl_vn_ward (ward_id, district_id, ward_name) VALUES (28591, 815, 'X횄짙 Th찼쨩혴i S횈징n');
INSERT INTO tbl_vn_district (district_id, province_id, district_name) VALUES (816, 82, 'Th횄혻nh ph찼쨩혩 G횄짼 C횄쨈ng');
INSERT INTO tbl_vn_ward (ward_id, district_id, ward_name) VALUES (28297, 816, 'Ph횈째찼쨩혶ng 2');
INSERT INTO tbl_vn_ward (ward_id, district_id, ward_name) VALUES (28300, 816, 'Ph횈째찼쨩혶ng 1');
INSERT INTO tbl_vn_ward (ward_id, district_id, ward_name) VALUES (28306, 816, 'Ph횈째찼쨩혶ng 5');
INSERT INTO tbl_vn_ward (ward_id, district_id, ward_name) VALUES (28309, 816, 'Ph횈째찼쨩혶ng Long H횈째ng');
INSERT INTO tbl_vn_ward (ward_id, district_id, ward_name) VALUES (28312, 816, 'Ph횈째찼쨩혶ng Long Thu찼쨘짯n');
INSERT INTO tbl_vn_ward (ward_id, district_id, ward_name) VALUES (28315, 816, 'Ph횈째찼쨩혶ng Long Ch횄징nh');
INSERT INTO tbl_vn_ward (ward_id, district_id, ward_name) VALUES (28318, 816, 'Ph횈째찼쨩혶ng Long H횄짼a');
INSERT INTO tbl_vn_ward (ward_id, district_id, ward_name) VALUES (28708, 816, 'X횄짙 B횄짭nh 횆혨횄쨈ng');
INSERT INTO tbl_vn_ward (ward_id, district_id, ward_name) VALUES (28717, 816, 'X횄짙 B횄짭nh Xu횄짖n');
INSERT INTO tbl_vn_ward (ward_id, district_id, ward_name) VALUES (28729, 816, 'X횄짙 T횄짖n Trung');
INSERT INTO tbl_vn_district (district_id, province_id, district_name) VALUES (817, 82, 'Th찼쨩혢 x횄짙 Cai L찼쨘짯y');
INSERT INTO tbl_vn_ward (ward_id, district_id, ward_name) VALUES (28435, 817, 'Ph횈째찼쨩혶ng 1');
INSERT INTO tbl_vn_ward (ward_id, district_id, ward_name) VALUES (28436, 817, 'Ph횈째찼쨩혶ng 2');
INSERT INTO tbl_vn_ward (ward_id, district_id, ward_name) VALUES (28437, 817, 'Ph횈째찼쨩혶ng 3');
INSERT INTO tbl_vn_ward (ward_id, district_id, ward_name) VALUES (28439, 817, 'Ph횈째찼쨩혶ng 4');
INSERT INTO tbl_vn_ward (ward_id, district_id, ward_name) VALUES (28440, 817, 'Ph횈째찼쨩혶ng 5');
INSERT INTO tbl_vn_ward (ward_id, district_id, ward_name) VALUES (28447, 817, 'X횄짙 M찼쨩쨔 Ph횈째찼쨩혴c T횄짖y');
INSERT INTO tbl_vn_ward (ward_id, district_id, ward_name) VALUES (28450, 817, 'X횄짙 M찼쨩쨔 H찼쨘징nh 횆혨횄쨈ng');
INSERT INTO tbl_vn_ward (ward_id, district_id, ward_name) VALUES (28453, 817, 'X횄짙 M찼쨩쨔 H찼쨘징nh Trung');
INSERT INTO tbl_vn_ward (ward_id, district_id, ward_name) VALUES (28459, 817, 'X횄짙 T횄짖n Ph횄쨘');
INSERT INTO tbl_vn_ward (ward_id, district_id, ward_name) VALUES (28462, 817, 'X횄짙 T횄짖n B횄짭nh');
INSERT INTO tbl_vn_ward (ward_id, district_id, ward_name) VALUES (28468, 817, 'X횄짙 T횄짖n H찼쨩혲i');
INSERT INTO tbl_vn_ward (ward_id, district_id, ward_name) VALUES (28474, 817, 'Ph횈째찼쨩혶ng Nh찼쨩혢 M찼쨩쨔');
INSERT INTO tbl_vn_ward (ward_id, district_id, ward_name) VALUES (28477, 817, 'X횄짙 Nh찼쨩혢 Qu횄쩍');
INSERT INTO tbl_vn_ward (ward_id, district_id, ward_name) VALUES (28480, 817, 'X횄짙 Thanh H횄짼a');
INSERT INTO tbl_vn_ward (ward_id, district_id, ward_name) VALUES (28483, 817, 'X횄짙 Ph횄쨘 Qu횄쩍');
INSERT INTO tbl_vn_ward (ward_id, district_id, ward_name) VALUES (28486, 817, 'X횄짙 Long Kh횄징nh');
INSERT INTO tbl_vn_district (district_id, province_id, district_name) VALUES (818, 82, 'Huy찼쨩혝n T횄짖n Ph횈째찼쨩혴c');
INSERT INTO tbl_vn_ward (ward_id, district_id, ward_name) VALUES (28321, 818, 'Th찼쨩혢 tr찼쨘짜n M찼쨩쨔 Ph횈째찼쨩혴c');
INSERT INTO tbl_vn_ward (ward_id, district_id, ward_name) VALUES (28324, 818, 'X횄짙 T횄짖n H횄짼a 횆혨횄쨈ng');
INSERT INTO tbl_vn_ward (ward_id, district_id, ward_name) VALUES (28327, 818, 'X횄짙 Th찼쨘징nh T횄짖n');
INSERT INTO tbl_vn_ward (ward_id, district_id, ward_name) VALUES (28330, 818, 'X횄짙 Th찼쨘징nh M찼쨩쨔');
INSERT INTO tbl_vn_ward (ward_id, district_id, ward_name) VALUES (28333, 818, 'X횄짙 Th찼쨘징nh Ho횄혻');
INSERT INTO tbl_vn_ward (ward_id, district_id, ward_name) VALUES (28336, 818, 'X횄짙 Ph횄쨘 M찼쨩쨔');
INSERT INTO tbl_vn_ward (ward_id, district_id, ward_name) VALUES (28339, 818, 'X횄짙 T횄짖n H횄짼a Th횄혻nh');
INSERT INTO tbl_vn_ward (ward_id, district_id, ward_name) VALUES (28342, 818, 'X횄짙 H횈째ng Th찼쨘징nh');
INSERT INTO tbl_vn_ward (ward_id, district_id, ward_name) VALUES (28345, 818, 'X횄짙 T횄짖n L찼쨘짯p 1');
INSERT INTO tbl_vn_ward (ward_id, district_id, ward_name) VALUES (28348, 818, 'X횄짙 T횄짖n H횄짼a T횄짖y');
INSERT INTO tbl_vn_ward (ward_id, district_id, ward_name) VALUES (28354, 818, 'X횄짙 T횄짖n L찼쨘짯p 2');
INSERT INTO tbl_vn_ward (ward_id, district_id, ward_name) VALUES (28357, 818, 'X횄짙 Ph횈째찼쨩혴c L찼쨘짯p');
INSERT INTO tbl_vn_district (district_id, province_id, district_name) VALUES (819, 82, 'Huy찼쨩혝n C횄징i B횄짢');
INSERT INTO tbl_vn_ward (ward_id, district_id, ward_name) VALUES (28360, 819, 'Th찼쨩혢 tr찼쨘짜n C횄징i B횄짢');
INSERT INTO tbl_vn_ward (ward_id, district_id, ward_name) VALUES (28363, 819, 'X횄짙 H찼쨘짯u M찼쨩쨔 B찼쨘짱c B');
INSERT INTO tbl_vn_ward (ward_id, district_id, ward_name) VALUES (28366, 819, 'X횄짙 H찼쨘짯u M찼쨩쨔 B찼쨘짱c A');
INSERT INTO tbl_vn_ward (ward_id, district_id, ward_name) VALUES (28369, 819, 'X횄짙 M찼쨩쨔 Trung');
INSERT INTO tbl_vn_ward (ward_id, district_id, ward_name) VALUES (28372, 819, 'X횄짙 H찼쨘짯u M찼쨩쨔 Trinh');
INSERT INTO tbl_vn_ward (ward_id, district_id, ward_name) VALUES (28375, 819, 'X횄짙 H찼쨘짯u M찼쨩쨔 Ph횄쨘');
INSERT INTO tbl_vn_ward (ward_id, district_id, ward_name) VALUES (28378, 819, 'X횄짙 M찼쨩쨔 T횄짖n');
INSERT INTO tbl_vn_ward (ward_id, district_id, ward_name) VALUES (28381, 819, 'X횄짙 M찼쨩쨔 L찼쨩짙i B');
INSERT INTO tbl_vn_ward (ward_id, district_id, ward_name) VALUES (28384, 819, 'X횄짙 Thi찼쨩혝n Trung');
INSERT INTO tbl_vn_ward (ward_id, district_id, ward_name) VALUES (28387, 819, 'X횄짙 M찼쨩쨔 H찼쨩혲i');
INSERT INTO tbl_vn_ward (ward_id, district_id, ward_name) VALUES (28390, 819, 'X횄짙 An C횈째');
INSERT INTO tbl_vn_ward (ward_id, district_id, ward_name) VALUES (28393, 819, 'X횄짙 H찼쨘짯u Th횄혻nh');
INSERT INTO tbl_vn_ward (ward_id, district_id, ward_name) VALUES (28396, 819, 'X횄짙 M찼쨩쨔 L찼쨩짙i A');
INSERT INTO tbl_vn_ward (ward_id, district_id, ward_name) VALUES (28399, 819, 'X횄짙 H횄짼a Kh횄징nh');
INSERT INTO tbl_vn_ward (ward_id, district_id, ward_name) VALUES (28402, 819, 'X횄짙 Thi찼쨩혝n Tr횄짯');
INSERT INTO tbl_vn_ward (ward_id, district_id, ward_name) VALUES (28405, 819, 'X횄짙 M찼쨩쨔 횆혨찼쨩짤c 횆혨횄쨈ng');
INSERT INTO tbl_vn_ward (ward_id, district_id, ward_name) VALUES (28408, 819, 'X횄짙 M찼쨩쨔 횆혨찼쨩짤c T횄짖y');
INSERT INTO tbl_vn_ward (ward_id, district_id, ward_name) VALUES (28411, 819, 'X횄짙 횆혨횄쨈ng H횄짼a Hi찼쨩혝p');
INSERT INTO tbl_vn_ward (ward_id, district_id, ward_name) VALUES (28414, 819, 'X횄짙 An Th횄징i 횆혨횄쨈ng');
INSERT INTO tbl_vn_ward (ward_id, district_id, ward_name) VALUES (28417, 819, 'X횄짙 T횄짖n H횈째ng');
INSERT INTO tbl_vn_ward (ward_id, district_id, ward_name) VALUES (28420, 819, 'X횄짙 M찼쨩쨔 L횈째횈징ng');
INSERT INTO tbl_vn_ward (ward_id, district_id, ward_name) VALUES (28423, 819, 'X횄짙 T횄짖n Thanh');
INSERT INTO tbl_vn_ward (ward_id, district_id, ward_name) VALUES (28426, 819, 'X횄짙 An Th횄징i Trung');
INSERT INTO tbl_vn_ward (ward_id, district_id, ward_name) VALUES (28429, 819, 'X횄짙 An H찼쨩짱u');
INSERT INTO tbl_vn_ward (ward_id, district_id, ward_name) VALUES (28432, 819, 'X횄짙 H횄짼a H횈째ng');
INSERT INTO tbl_vn_district (district_id, province_id, district_name) VALUES (820, 82, 'Huy찼쨩혝n Cai L찼쨘짯y');
INSERT INTO tbl_vn_ward (ward_id, district_id, ward_name) VALUES (28438, 820, 'X횄짙 Th찼쨘징nh L찼쨩혲c');
INSERT INTO tbl_vn_ward (ward_id, district_id, ward_name) VALUES (28441, 820, 'X횄짙 M찼쨩쨔 Th횄혻nh B찼쨘짱c');
INSERT INTO tbl_vn_ward (ward_id, district_id, ward_name) VALUES (28444, 820, 'X횄짙 Ph횄쨘 C횈째찼쨩혶ng');
INSERT INTO tbl_vn_ward (ward_id, district_id, ward_name) VALUES (28456, 820, 'X횄짙 M찼쨩쨔 Th횄혻nh Nam');
INSERT INTO tbl_vn_ward (ward_id, district_id, ward_name) VALUES (28465, 820, 'X횄짙 Ph횄쨘 Nhu찼쨘짯n');
INSERT INTO tbl_vn_ward (ward_id, district_id, ward_name) VALUES (28471, 820, 'Th찼쨩혢 tr찼쨘짜n B횄짭nh Ph횄쨘');
INSERT INTO tbl_vn_ward (ward_id, district_id, ward_name) VALUES (28489, 820, 'X횄짙 C찼쨘짤m S횈징n');
INSERT INTO tbl_vn_ward (ward_id, district_id, ward_name) VALUES (28492, 820, 'X횄짙 Ph횄쨘 An');
INSERT INTO tbl_vn_ward (ward_id, district_id, ward_name) VALUES (28495, 820, 'X횄짙 M찼쨩쨔 Long');
INSERT INTO tbl_vn_ward (ward_id, district_id, ward_name) VALUES (28498, 820, 'X횄짙 Long Ti횄짧n');
INSERT INTO tbl_vn_ward (ward_id, district_id, ward_name) VALUES (28501, 820, 'X횄짙 Hi찼쨩혝p 횆혨찼쨩짤c');
INSERT INTO tbl_vn_ward (ward_id, district_id, ward_name) VALUES (28504, 820, 'X횄짙 Long Trung');
INSERT INTO tbl_vn_ward (ward_id, district_id, ward_name) VALUES (28507, 820, 'X횄짙 H찼쨩혲i Xu횄짖n');
INSERT INTO tbl_vn_ward (ward_id, district_id, ward_name) VALUES (28510, 820, 'X횄짙 T횄짖n Phong');
INSERT INTO tbl_vn_ward (ward_id, district_id, ward_name) VALUES (28513, 820, 'X횄짙 Tam B횄짭nh');
INSERT INTO tbl_vn_ward (ward_id, district_id, ward_name) VALUES (28516, 820, 'X횄짙 Ng횇짤 Hi찼쨩혝p');
INSERT INTO tbl_vn_district (district_id, province_id, district_name) VALUES (821, 82, 'Huy찼쨩혝n Ch횄짖u Th횄혻nh');
INSERT INTO tbl_vn_ward (ward_id, district_id, ward_name) VALUES (28519, 821, 'Th찼쨩혢 tr찼쨘짜n T횄짖n Hi찼쨩혝p');
INSERT INTO tbl_vn_ward (ward_id, district_id, ward_name) VALUES (28522, 821, 'X횄짙 T횄짖n H찼쨩혲i 횆혨횄쨈ng');
INSERT INTO tbl_vn_ward (ward_id, district_id, ward_name) VALUES (28525, 821, 'X횄짙 T횄짖n H횈째횈징ng');
INSERT INTO tbl_vn_ward (ward_id, district_id, ward_name) VALUES (28528, 821, 'X횄짙 T횄짖n L횄쩍 횆혨횄쨈ng');
INSERT INTO tbl_vn_ward (ward_id, district_id, ward_name) VALUES (28534, 821, 'X횄짙 Th횄짖n C찼쨩짯u Ngh횆짤a');
INSERT INTO tbl_vn_ward (ward_id, district_id, ward_name) VALUES (28537, 821, 'X횄짙 Tam Hi찼쨩혝p');
INSERT INTO tbl_vn_ward (ward_id, district_id, ward_name) VALUES (28540, 821, 'X횄짙 횆혨i찼쨩혖m Hy');
INSERT INTO tbl_vn_ward (ward_id, district_id, ward_name) VALUES (28543, 821, 'X횄짙 Nh찼쨩혢 B횄짭nh');
INSERT INTO tbl_vn_ward (ward_id, district_id, ward_name) VALUES (28549, 821, 'X횄짙 횆혨횄쨈ng H횄짼a');
INSERT INTO tbl_vn_ward (ward_id, district_id, ward_name) VALUES (28552, 821, 'X횄짙 Long 횆혨찼쨩혢nh');
INSERT INTO tbl_vn_ward (ward_id, district_id, ward_name) VALUES (28558, 821, 'X횄짙 Long An');
INSERT INTO tbl_vn_ward (ward_id, district_id, ward_name) VALUES (28561, 821, 'X횄짙 Long H횈째ng');
INSERT INTO tbl_vn_ward (ward_id, district_id, ward_name) VALUES (28564, 821, 'X횄짙 B횄짭nh Tr횈째ng');
INSERT INTO tbl_vn_ward (ward_id, district_id, ward_name) VALUES (28570, 821, 'X횄짙 Th찼쨘징nh Ph횄쨘');
INSERT INTO tbl_vn_ward (ward_id, district_id, ward_name) VALUES (28573, 821, 'X횄짙 B횄혻n Long');
INSERT INTO tbl_vn_ward (ward_id, district_id, ward_name) VALUES (28576, 821, 'X횄짙 V횆짤nh Kim');
INSERT INTO tbl_vn_ward (ward_id, district_id, ward_name) VALUES (28579, 821, 'X횄짙 B횄짭nh 횆혨찼쨩짤c');
INSERT INTO tbl_vn_ward (ward_id, district_id, ward_name) VALUES (28582, 821, 'X횄짙 Song Thu찼쨘짯n');
INSERT INTO tbl_vn_ward (ward_id, district_id, ward_name) VALUES (28585, 821, 'X횄짙 Kim S횈징n');
INSERT INTO tbl_vn_ward (ward_id, district_id, ward_name) VALUES (28588, 821, 'X횄짙 Ph횄쨘 Phong');
INSERT INTO tbl_vn_district (district_id, province_id, district_name) VALUES (822, 82, 'Huy찼쨩혝n Ch찼쨩짙 G찼쨘징o');
INSERT INTO tbl_vn_ward (ward_id, district_id, ward_name) VALUES (28594, 822, 'Th찼쨩혢 tr찼쨘짜n Ch찼쨩짙 G찼쨘징o');
INSERT INTO tbl_vn_ward (ward_id, district_id, ward_name) VALUES (28597, 822, 'X횄짙 Trung H횄짼a');
INSERT INTO tbl_vn_ward (ward_id, district_id, ward_name) VALUES (28600, 822, 'X횄짙 H횄짼a T찼쨩혢nh');
INSERT INTO tbl_vn_ward (ward_id, district_id, ward_name) VALUES (28603, 822, 'X횄짙 M찼쨩쨔 T찼쨩혢nh An');
INSERT INTO tbl_vn_ward (ward_id, district_id, ward_name) VALUES (28606, 822, 'X횄짙 T횄짖n B횄짭nh Th찼쨘징nh');
INSERT INTO tbl_vn_ward (ward_id, district_id, ward_name) VALUES (28609, 822, 'X횄짙 Ph횄쨘 Ki찼쨘쩔t');
INSERT INTO tbl_vn_ward (ward_id, district_id, ward_name) VALUES (28612, 822, 'X횄짙 L횈째횈징ng H횄짼a L찼쨘징c');
INSERT INTO tbl_vn_ward (ward_id, district_id, ward_name) VALUES (28615, 822, 'X횄짙 Thanh B횄짭nh');
INSERT INTO tbl_vn_ward (ward_id, district_id, ward_name) VALUES (28618, 822, 'X횄짙 Qu횈징n Long');
INSERT INTO tbl_vn_ward (ward_id, district_id, ward_name) VALUES (28621, 822, 'X횄짙 B횄짭nh Ph찼쨩짜c Nh찼쨩짤t');
INSERT INTO tbl_vn_ward (ward_id, district_id, ward_name) VALUES (28624, 822, 'X횄짙 횆혨횆혘ng H횈째ng Ph횈째찼쨩혴c');
INSERT INTO tbl_vn_ward (ward_id, district_id, ward_name) VALUES (28627, 822, 'X횄짙 T횄짖n Thu찼쨘짯n B횄짭nh');
INSERT INTO tbl_vn_ward (ward_id, district_id, ward_name) VALUES (28630, 822, 'X횄짙 Song B횄짭nh');
INSERT INTO tbl_vn_ward (ward_id, district_id, ward_name) VALUES (28633, 822, 'X횄짙 B횄짭nh Phan');
INSERT INTO tbl_vn_ward (ward_id, district_id, ward_name) VALUES (28636, 822, 'X횄짙 Long B횄짭nh 횆혨i찼쨩혖n');
INSERT INTO tbl_vn_ward (ward_id, district_id, ward_name) VALUES (28639, 822, 'X횄짙 An Th찼쨘징nh Th찼쨩짠y');
INSERT INTO tbl_vn_ward (ward_id, district_id, ward_name) VALUES (28642, 822, 'X횄짙 Xu횄짖n 횆혨횄쨈ng');
INSERT INTO tbl_vn_ward (ward_id, district_id, ward_name) VALUES (28645, 822, 'X횄짙 H횄짼a 횆혨찼쨩혢nh');
INSERT INTO tbl_vn_ward (ward_id, district_id, ward_name) VALUES (28648, 822, 'X횄짙 B횄짭nh Ninh');
INSERT INTO tbl_vn_district (district_id, province_id, district_name) VALUES (823, 82, 'Huy찼쨩혝n G횄짼 C횄쨈ng T횄짖y');
INSERT INTO tbl_vn_ward (ward_id, district_id, ward_name) VALUES (28651, 823, 'Th찼쨩혢 tr찼쨘짜n V횆짤nh B횄짭nh');
INSERT INTO tbl_vn_ward (ward_id, district_id, ward_name) VALUES (28654, 823, 'X횄짙 횆혨찼쨩혫ng S횈징n');
INSERT INTO tbl_vn_ward (ward_id, district_id, ward_name) VALUES (28657, 823, 'X횄짙 B횄짭nh Ph횄쨘');
INSERT INTO tbl_vn_ward (ward_id, district_id, ward_name) VALUES (28660, 823, 'X횄짙 횆혨찼쨩혫ng Th찼쨘징nh');
INSERT INTO tbl_vn_ward (ward_id, district_id, ward_name) VALUES (28663, 823, 'X횄짙 Th횄혻nh C횄쨈ng');
INSERT INTO tbl_vn_ward (ward_id, district_id, ward_name) VALUES (28666, 823, 'X횄짙 B횄짭nh Nh횄짭');
INSERT INTO tbl_vn_ward (ward_id, district_id, ward_name) VALUES (28669, 823, 'X횄짙 Y횄짧n Lu횄쨈ng');
INSERT INTO tbl_vn_ward (ward_id, district_id, ward_name) VALUES (28672, 823, 'X횄짙 Th찼쨘징nh Tr찼쨩혢');
INSERT INTO tbl_vn_ward (ward_id, district_id, ward_name) VALUES (28675, 823, 'X횄짙 Th찼쨘징nh Nh찼쨩짹t');
INSERT INTO tbl_vn_ward (ward_id, district_id, ward_name) VALUES (28678, 823, 'X횄짙 Long V횆짤nh');
INSERT INTO tbl_vn_ward (ward_id, district_id, ward_name) VALUES (28681, 823, 'X횄짙 B횄짭nh T횄짖n');
INSERT INTO tbl_vn_ward (ward_id, district_id, ward_name) VALUES (28684, 823, 'X횄짙 V횆짤nh H찼쨩짹u');
INSERT INTO tbl_vn_ward (ward_id, district_id, ward_name) VALUES (28687, 823, 'X횄짙 Long B횄짭nh');
INSERT INTO tbl_vn_district (district_id, province_id, district_name) VALUES (824, 82, 'Huy찼쨩혝n G횄짼 C횄쨈ng 횆혨횄쨈ng');
INSERT INTO tbl_vn_ward (ward_id, district_id, ward_name) VALUES (28702, 824, 'Th찼쨩혢 tr찼쨘짜n T횄짖n H횄짼a');
INSERT INTO tbl_vn_ward (ward_id, district_id, ward_name) VALUES (28705, 824, 'X횄짙 T횆혘ng Ho횄혻');
INSERT INTO tbl_vn_ward (ward_id, district_id, ward_name) VALUES (28711, 824, 'X횄짙 T횄짖n Ph횈째찼쨩혴c');
INSERT INTO tbl_vn_ward (ward_id, district_id, ward_name) VALUES (28714, 824, 'X횄짙 Gia Thu찼쨘짯n');
INSERT INTO tbl_vn_ward (ward_id, district_id, ward_name) VALUES (28720, 824, 'Th찼쨩혢 tr찼쨘짜n V횄혻m L횄징ng');
INSERT INTO tbl_vn_ward (ward_id, district_id, ward_name) VALUES (28723, 824, 'X횄짙 T횄짖n T횄짖y');
INSERT INTO tbl_vn_ward (ward_id, district_id, ward_name) VALUES (28726, 824, 'X횄짙 Ki찼쨩혘ng Ph횈째찼쨩혴c');
INSERT INTO tbl_vn_ward (ward_id, district_id, ward_name) VALUES (28732, 824, 'X횄짙 T횄짖n 횆혨횄쨈ng');
INSERT INTO tbl_vn_ward (ward_id, district_id, ward_name) VALUES (28735, 824, 'X횄짙 B횄짭nh 횄혗n');
INSERT INTO tbl_vn_ward (ward_id, district_id, ward_name) VALUES (28738, 824, 'X횄짙 T횄짖n 횆혨i찼쨩혖n');
INSERT INTO tbl_vn_ward (ward_id, district_id, ward_name) VALUES (28741, 824, 'X횄짙 B횄짭nh Ngh찼쨩혢');
INSERT INTO tbl_vn_ward (ward_id, district_id, ward_name) VALUES (28744, 824, 'X횄짙 Ph횈째찼쨩혴c Trung');
INSERT INTO tbl_vn_ward (ward_id, district_id, ward_name) VALUES (28747, 824, 'X횄짙 T횄짖n Th횄혻nh');
INSERT INTO tbl_vn_district (district_id, province_id, district_name) VALUES (825, 82, 'Huy찼쨩혝n T횄짖n Ph횄쨘 횆혨횄쨈ng');
INSERT INTO tbl_vn_ward (ward_id, district_id, ward_name) VALUES (28690, 825, 'X횄짙 T횄짖n Th찼쨩혴i');
INSERT INTO tbl_vn_ward (ward_id, district_id, ward_name) VALUES (28693, 825, 'X횄짙 T횄짖n Ph횄쨘');
INSERT INTO tbl_vn_ward (ward_id, district_id, ward_name) VALUES (28696, 825, 'X횄짙 Ph횄쨘 Th찼쨘징nh');
INSERT INTO tbl_vn_ward (ward_id, district_id, ward_name) VALUES (28699, 825, 'X횄짙 T횄짖n Th찼쨘징nh');
INSERT INTO tbl_vn_ward (ward_id, district_id, ward_name) VALUES (28750, 825, 'X횄짙 Ph횄쨘 횆혨횄쨈ng');
INSERT INTO tbl_vn_ward (ward_id, district_id, ward_name) VALUES (28753, 825, 'X횄짙 Ph횄쨘 T횄짖n');
INSERT INTO tbl_vn_province (province_id, province_name) VALUES (83, 'T찼쨩혟nh B찼쨘쩔n Tre');
INSERT INTO tbl_vn_district (district_id, province_id, district_name) VALUES (829, 83, 'Th횄혻nh ph찼쨩혩 B찼쨘쩔n Tre');
INSERT INTO tbl_vn_ward (ward_id, district_id, ward_name) VALUES (28756, 829, 'Ph횈째찼쨩혶ng Ph횄쨘 Kh횈째횈징ng');
INSERT INTO tbl_vn_ward (ward_id, district_id, ward_name) VALUES (28757, 829, 'Ph횈째찼쨩혶ng Ph횄쨘 T횄짖n');
INSERT INTO tbl_vn_ward (ward_id, district_id, ward_name) VALUES (28759, 829, 'Ph횈째찼쨩혶ng 8');
INSERT INTO tbl_vn_ward (ward_id, district_id, ward_name) VALUES (28762, 829, 'Ph횈째찼쨩혶ng 6');
INSERT INTO tbl_vn_ward (ward_id, district_id, ward_name) VALUES (28777, 829, 'Ph횈째찼쨩혶ng An H찼쨩혲i');
INSERT INTO tbl_vn_ward (ward_id, district_id, ward_name) VALUES (28780, 829, 'Ph횈째찼쨩혶ng 7');
INSERT INTO tbl_vn_ward (ward_id, district_id, ward_name) VALUES (28783, 829, 'X횄짙 S횈징n 횆혨횄쨈ng');
INSERT INTO tbl_vn_ward (ward_id, district_id, ward_name) VALUES (28786, 829, 'X횄짙 Ph횄쨘 H횈째ng');
INSERT INTO tbl_vn_ward (ward_id, district_id, ward_name) VALUES (28789, 829, 'X횄짙 B횄짭nh Ph횄쨘');
INSERT INTO tbl_vn_ward (ward_id, district_id, ward_name) VALUES (28792, 829, 'X횄짙 M찼쨩쨔 Th찼쨘징nh An');
INSERT INTO tbl_vn_ward (ward_id, district_id, ward_name) VALUES (28795, 829, 'X횄짙 Nh횈징n Th찼쨘징nh');
INSERT INTO tbl_vn_ward (ward_id, district_id, ward_name) VALUES (28798, 829, 'X횄짙 Ph횄쨘 Nhu찼쨘짯n');
INSERT INTO tbl_vn_district (district_id, province_id, district_name) VALUES (831, 83, 'Huy찼쨩혝n Ch횄짖u Th횄혻nh');
INSERT INTO tbl_vn_ward (ward_id, district_id, ward_name) VALUES (28804, 831, 'X횄짙 T횄짖n Th찼쨘징ch');
INSERT INTO tbl_vn_ward (ward_id, district_id, ward_name) VALUES (28807, 831, 'X횄짙 Q횈째찼쨩혴i S횈징n');
INSERT INTO tbl_vn_ward (ward_id, district_id, ward_name) VALUES (28810, 831, 'Th찼쨩혢 tr찼쨘짜n Ch횄짖u Th횄혻nh');
INSERT INTO tbl_vn_ward (ward_id, district_id, ward_name) VALUES (28813, 831, 'X횄짙 Giao Long');
INSERT INTO tbl_vn_ward (ward_id, district_id, ward_name) VALUES (28819, 831, 'X횄짙 Ph횄쨘 T횄쨘c');
INSERT INTO tbl_vn_ward (ward_id, district_id, ward_name) VALUES (28822, 831, 'X횄짙 Ph횄쨘 횆혨찼쨩짤c');
INSERT INTO tbl_vn_ward (ward_id, district_id, ward_name) VALUES (28828, 831, 'X횄짙 An Ph횈째찼쨩혴c');
INSERT INTO tbl_vn_ward (ward_id, district_id, ward_name) VALUES (28831, 831, 'X횄짙 Tam Ph횈째찼쨩혴c');
INSERT INTO tbl_vn_ward (ward_id, district_id, ward_name) VALUES (28834, 831, 'X횄짙 Th횄혻nh Tri찼쨩혝u');
INSERT INTO tbl_vn_ward (ward_id, district_id, ward_name) VALUES (28840, 831, 'X횄짙 T횄짖n Ph횄쨘');
INSERT INTO tbl_vn_ward (ward_id, district_id, ward_name) VALUES (28843, 831, 'X횄짙 Qu찼쨩혴i Th횄혻nh');
INSERT INTO tbl_vn_ward (ward_id, district_id, ward_name) VALUES (28846, 831, 'X횄짙 Ph횈째찼쨩혴c Th찼쨘징nh');
INSERT INTO tbl_vn_ward (ward_id, district_id, ward_name) VALUES (28852, 831, 'X횄짙 Ti횄짧n Long');
INSERT INTO tbl_vn_ward (ward_id, district_id, ward_name) VALUES (28855, 831, 'X횄짙 T횈째찼쨩혶ng 횆혨a');
INSERT INTO tbl_vn_ward (ward_id, district_id, ward_name) VALUES (28858, 831, 'X횄짙 H찼쨩짱u 횆혨찼쨩혢nh');
INSERT INTO tbl_vn_ward (ward_id, district_id, ward_name) VALUES (28861, 831, 'Th찼쨩혢 tr찼쨘짜n Ti횄짧n Th찼쨩짠y');
INSERT INTO tbl_vn_district (district_id, province_id, district_name) VALUES (832, 83, 'Huy찼쨩혝n Ch찼쨩짙 L횄징ch');
INSERT INTO tbl_vn_ward (ward_id, district_id, ward_name) VALUES (28870, 832, 'Th찼쨩혢 tr찼쨘짜n Ch찼쨩짙 L횄징ch');
INSERT INTO tbl_vn_ward (ward_id, district_id, ward_name) VALUES (28873, 832, 'X횄짙 Ph횄쨘 Ph찼쨩짜ng');
INSERT INTO tbl_vn_ward (ward_id, district_id, ward_name) VALUES (28876, 832, 'X횄짙 S횈징n 횆혨찼쨩혢nh');
INSERT INTO tbl_vn_ward (ward_id, district_id, ward_name) VALUES (28879, 832, 'X횄짙 V횆짤nh B횄짭nh');
INSERT INTO tbl_vn_ward (ward_id, district_id, ward_name) VALUES (28882, 832, 'X횄짙 H횄짼a Ngh횆짤a');
INSERT INTO tbl_vn_ward (ward_id, district_id, ward_name) VALUES (28885, 832, 'X횄짙 Long Th찼쨩혴i');
INSERT INTO tbl_vn_ward (ward_id, district_id, ward_name) VALUES (28888, 832, 'X횄짙 Ph횄쨘 S횈징n');
INSERT INTO tbl_vn_ward (ward_id, district_id, ward_name) VALUES (28891, 832, 'X횄짙 T횄짖n Thi찼쨩혖ng');
INSERT INTO tbl_vn_ward (ward_id, district_id, ward_name) VALUES (28894, 832, 'X횄짙 V횆짤nh Th횄혻nh');
INSERT INTO tbl_vn_ward (ward_id, district_id, ward_name) VALUES (28897, 832, 'X횄짙 V횆짤nh H횄짼a');
INSERT INTO tbl_vn_ward (ward_id, district_id, ward_name) VALUES (28900, 832, 'X횄짙 H횈째ng Kh횄징nh Trung B');
INSERT INTO tbl_vn_district (district_id, province_id, district_name) VALUES (833, 83, 'Huy찼쨩혝n M찼쨩혧 C횄혻y Nam');
INSERT INTO tbl_vn_ward (ward_id, district_id, ward_name) VALUES (28903, 833, 'Th찼쨩혢 tr찼쨘짜n M찼쨩혧 C횄혻y');
INSERT INTO tbl_vn_ward (ward_id, district_id, ward_name) VALUES (28930, 833, 'X횄짙 횆혨찼쨩혢nh Th찼쨩짠y');
INSERT INTO tbl_vn_ward (ward_id, district_id, ward_name) VALUES (28939, 833, 'X횄짙 횆혨a Ph횈째찼쨩혴c H찼쨩혲i');
INSERT INTO tbl_vn_ward (ward_id, district_id, ward_name) VALUES (28940, 833, 'X횄짙 T횄짖n H찼쨩혲i');
INSERT INTO tbl_vn_ward (ward_id, district_id, ward_name) VALUES (28942, 833, 'X횄짙 Ph횈째찼쨩혴c Hi찼쨩혝p');
INSERT INTO tbl_vn_ward (ward_id, district_id, ward_name) VALUES (28945, 833, 'X횄짙 B횄짭nh Kh횄징nh');
INSERT INTO tbl_vn_ward (ward_id, district_id, ward_name) VALUES (28951, 833, 'X횄짙 An Th찼쨘징nh');
INSERT INTO tbl_vn_ward (ward_id, district_id, ward_name) VALUES (28957, 833, 'X횄짙 An 횆혨찼쨩혢nh');
INSERT INTO tbl_vn_ward (ward_id, district_id, ward_name) VALUES (28960, 833, 'X횄짙 Th횄혻nh Th찼쨩혴i B');
INSERT INTO tbl_vn_ward (ward_id, district_id, ward_name) VALUES (28963, 833, 'X횄짙 T횄짖n Trung');
INSERT INTO tbl_vn_ward (ward_id, district_id, ward_name) VALUES (28966, 833, 'X횄짙 An Th찼쨩혴i');
INSERT INTO tbl_vn_ward (ward_id, district_id, ward_name) VALUES (28969, 833, 'X횄짙 Th횄혻nh Th찼쨩혴i A');
INSERT INTO tbl_vn_ward (ward_id, district_id, ward_name) VALUES (28972, 833, 'X횄짙 Minh 횆혨찼쨩짤c');
INSERT INTO tbl_vn_ward (ward_id, district_id, ward_name) VALUES (28975, 833, 'X횄짙 Ng횄짙i 횆혨횆혘ng');
INSERT INTO tbl_vn_ward (ward_id, district_id, ward_name) VALUES (28978, 833, 'X횄짙 C찼쨘짤m S횈징n');
INSERT INTO tbl_vn_ward (ward_id, district_id, ward_name) VALUES (28981, 833, 'X횄짙 H횈째횈징ng M찼쨩쨔');
INSERT INTO tbl_vn_district (district_id, province_id, district_name) VALUES (834, 83, 'Huy찼쨩혝n Gi찼쨩혫ng Tr횄쨈m');
INSERT INTO tbl_vn_ward (ward_id, district_id, ward_name) VALUES (28984, 834, 'Th찼쨩혢 tr찼쨘짜n Gi찼쨩혫ng Tr횄쨈m');
INSERT INTO tbl_vn_ward (ward_id, district_id, ward_name) VALUES (28987, 834, 'X횄짙 Phong N찼쨘짬m');
INSERT INTO tbl_vn_ward (ward_id, district_id, ward_name) VALUES (28993, 834, 'X횄짙 M찼쨩쨔 Th찼쨘징nh');
INSERT INTO tbl_vn_ward (ward_id, district_id, ward_name) VALUES (28996, 834, 'X횄짙 Ch횄짖u H횄짼a');
INSERT INTO tbl_vn_ward (ward_id, district_id, ward_name) VALUES (28999, 834, 'X횄짙 L횈째횈징ng H횄짼a');
INSERT INTO tbl_vn_ward (ward_id, district_id, ward_name) VALUES (29002, 834, 'X횄짙 L횈째횈징ng Qu찼쨩혴i');
INSERT INTO tbl_vn_ward (ward_id, district_id, ward_name) VALUES (29005, 834, 'X횄짙 L횈째횈징ng Ph횄쨘');
INSERT INTO tbl_vn_ward (ward_id, district_id, ward_name) VALUES (29008, 834, 'X횄짙 Ch횄짖u B횄짭nh');
INSERT INTO tbl_vn_ward (ward_id, district_id, ward_name) VALUES (29011, 834, 'X횄짙 Thu찼쨘짯n 횆혨i찼쨩혖n');
INSERT INTO tbl_vn_ward (ward_id, district_id, ward_name) VALUES (29014, 834, 'X횄짙 S횈징n Ph횄쨘');
INSERT INTO tbl_vn_ward (ward_id, district_id, ward_name) VALUES (29017, 834, 'X횄짙 B횄짭nh Ho횄혻');
INSERT INTO tbl_vn_ward (ward_id, district_id, ward_name) VALUES (29020, 834, 'X횄짙 Ph횈째찼쨩혴c Long');
INSERT INTO tbl_vn_ward (ward_id, district_id, ward_name) VALUES (29023, 834, 'X횄짙 H횈째ng Phong');
INSERT INTO tbl_vn_ward (ward_id, district_id, ward_name) VALUES (29026, 834, 'X횄짙 Long M찼쨩쨔');
INSERT INTO tbl_vn_ward (ward_id, district_id, ward_name) VALUES (29029, 834, 'X횄짙 T횄짖n H횄혻o');
INSERT INTO tbl_vn_ward (ward_id, district_id, ward_name) VALUES (29032, 834, 'X횄짙 B횄짭nh Th횄혻nh');
INSERT INTO tbl_vn_ward (ward_id, district_id, ward_name) VALUES (29035, 834, 'X횄짙 T횄짖n Thanh');
INSERT INTO tbl_vn_ward (ward_id, district_id, ward_name) VALUES (29038, 834, 'X횄짙 T횄짖n L찼쨩짙i Th찼쨘징nh');
INSERT INTO tbl_vn_ward (ward_id, district_id, ward_name) VALUES (29041, 834, 'X횄짙 Th찼쨘징nh Ph횄쨘 횆혨횄쨈ng');
INSERT INTO tbl_vn_ward (ward_id, district_id, ward_name) VALUES (29044, 834, 'X횄짙 H횈째ng Nh횈째찼쨩짙ng');
INSERT INTO tbl_vn_ward (ward_id, district_id, ward_name) VALUES (29047, 834, 'X횄짙 H횈째ng L찼쨩혚');
INSERT INTO tbl_vn_district (district_id, province_id, district_name) VALUES (835, 83, 'Huy찼쨩혝n B횄짭nh 횆혨찼쨘징i');
INSERT INTO tbl_vn_ward (ward_id, district_id, ward_name) VALUES (29050, 835, 'Th찼쨩혢 tr찼쨘짜n B횄짭nh 횆혨찼쨘징i');
INSERT INTO tbl_vn_ward (ward_id, district_id, ward_name) VALUES (29053, 835, 'X횄짙 Tam Hi찼쨩혝p');
INSERT INTO tbl_vn_ward (ward_id, district_id, ward_name) VALUES (29056, 835, 'X횄짙 Long 횆혨찼쨩혢nh');
INSERT INTO tbl_vn_ward (ward_id, district_id, ward_name) VALUES (29059, 835, 'X횄짙 Long H횄짼a');
INSERT INTO tbl_vn_ward (ward_id, district_id, ward_name) VALUES (29062, 835, 'X횄짙 Ph횄쨘 Thu찼쨘짯n');
INSERT INTO tbl_vn_ward (ward_id, district_id, ward_name) VALUES (29065, 835, 'X횄짙 Vang Qu찼쨩혴i T횄짖y');
INSERT INTO tbl_vn_ward (ward_id, district_id, ward_name) VALUES (29068, 835, 'X횄짙 Vang Qu찼쨩혴i 횆혨횄쨈ng');
INSERT INTO tbl_vn_ward (ward_id, district_id, ward_name) VALUES (29071, 835, 'X횄짙 Ch횄짖u H횈째ng');
INSERT INTO tbl_vn_ward (ward_id, district_id, ward_name) VALUES (29077, 835, 'X횄짙 L찼쨩혲c Thu찼쨘짯n');
INSERT INTO tbl_vn_ward (ward_id, district_id, ward_name) VALUES (29080, 835, 'X횄짙 횆혨찼쨩혢nh Trung');
INSERT INTO tbl_vn_ward (ward_id, district_id, ward_name) VALUES (29083, 835, 'X횄짙 Th찼쨩혴i Lai');
INSERT INTO tbl_vn_ward (ward_id, district_id, ward_name) VALUES (29086, 835, 'X횄짙 B횄짭nh Th찼쨩혴i');
INSERT INTO tbl_vn_ward (ward_id, district_id, ward_name) VALUES (29089, 835, 'X횄짙 Ph횄쨘 Long');
INSERT INTO tbl_vn_ward (ward_id, district_id, ward_name) VALUES (29092, 835, 'X횄짙 B횄짭nh Th찼쨘짱ng');
INSERT INTO tbl_vn_ward (ward_id, district_id, ward_name) VALUES (29095, 835, 'X횄짙 Th찼쨘징nh Tr찼쨩혢');
INSERT INTO tbl_vn_ward (ward_id, district_id, ward_name) VALUES (29098, 835, 'X횄짙 횆혨찼쨘징i H횄짼a L찼쨩혲c');
INSERT INTO tbl_vn_ward (ward_id, district_id, ward_name) VALUES (29101, 835, 'X횄짙 Th찼쨩짬a 횆혨찼쨩짤c');
INSERT INTO tbl_vn_ward (ward_id, district_id, ward_name) VALUES (29104, 835, 'X횄짙 Th찼쨘징nh Ph횈째찼쨩혴c');
INSERT INTO tbl_vn_ward (ward_id, district_id, ward_name) VALUES (29107, 835, 'X횄짙 Th찼쨩혴i Thu찼쨘짯n');
INSERT INTO tbl_vn_district (district_id, province_id, district_name) VALUES (836, 83, 'Huy찼쨩혝n Ba Tri');
INSERT INTO tbl_vn_ward (ward_id, district_id, ward_name) VALUES (29110, 836, 'Th찼쨩혢 tr찼쨘짜n Ba Tri');
INSERT INTO tbl_vn_ward (ward_id, district_id, ward_name) VALUES (29116, 836, 'X횄짙 M찼쨩쨔 H횄짼a');
INSERT INTO tbl_vn_ward (ward_id, district_id, ward_name) VALUES (29119, 836, 'X횄짙 T횄짖n Xu횄짖n');
INSERT INTO tbl_vn_ward (ward_id, district_id, ward_name) VALUES (29122, 836, 'X횄짙 M찼쨩쨔 Ch횄징nh');
INSERT INTO tbl_vn_ward (ward_id, district_id, ward_name) VALUES (29125, 836, 'X횄짙 B찼쨘짙o Th찼쨘징nh');
INSERT INTO tbl_vn_ward (ward_id, district_id, ward_name) VALUES (29128, 836, 'X횄짙 An Ph횄쨘 Trung');
INSERT INTO tbl_vn_ward (ward_id, district_id, ward_name) VALUES (29131, 836, 'X횄짙 M찼쨩쨔 Th찼쨘징nh');
INSERT INTO tbl_vn_ward (ward_id, district_id, ward_name) VALUES (29134, 836, 'X횄짙 M찼쨩쨔 Nh횈징n');
INSERT INTO tbl_vn_ward (ward_id, district_id, ward_name) VALUES (29137, 836, 'X횄짙 Ph횈째찼쨩혴c Ng횄짙i');
INSERT INTO tbl_vn_ward (ward_id, district_id, ward_name) VALUES (29143, 836, 'X횄짙 An Ng횄짙i Trung');
INSERT INTO tbl_vn_ward (ward_id, district_id, ward_name) VALUES (29146, 836, 'X횄짙 Ph횄쨘 L찼쨩혚');
INSERT INTO tbl_vn_ward (ward_id, district_id, ward_name) VALUES (29149, 836, 'X횄짙 An B횄짭nh T횄짖y');
INSERT INTO tbl_vn_ward (ward_id, district_id, ward_name) VALUES (29152, 836, 'X횄짙 B찼쨘짙o Thu찼쨘짯n');
INSERT INTO tbl_vn_ward (ward_id, district_id, ward_name) VALUES (29155, 836, 'X횄짙 T횄짖n H횈째ng');
INSERT INTO tbl_vn_ward (ward_id, district_id, ward_name) VALUES (29158, 836, 'X횄짙 An Ng횄짙i T횄짖y');
INSERT INTO tbl_vn_ward (ward_id, district_id, ward_name) VALUES (29161, 836, 'X횄짙 An Hi찼쨩혝p');
INSERT INTO tbl_vn_ward (ward_id, district_id, ward_name) VALUES (29164, 836, 'X횄짙 V횆짤nh H횄짼a');
INSERT INTO tbl_vn_ward (ward_id, district_id, ward_name) VALUES (29167, 836, 'X횄짙 T횄짖n Th찼쨩짠y');
INSERT INTO tbl_vn_ward (ward_id, district_id, ward_name) VALUES (29170, 836, 'X횄짙 V횆짤nh An');
INSERT INTO tbl_vn_ward (ward_id, district_id, ward_name) VALUES (29173, 836, 'X횄짙 An 횆혨찼쨩짤c');
INSERT INTO tbl_vn_ward (ward_id, district_id, ward_name) VALUES (29176, 836, 'X횄짙 An H횄짼a T횄짖y');
INSERT INTO tbl_vn_ward (ward_id, district_id, ward_name) VALUES (29179, 836, 'Th찼쨩혢 tr찼쨘짜n Ti찼쨩혝m T횄쨈m');
INSERT INTO tbl_vn_district (district_id, province_id, district_name) VALUES (837, 83, 'Huy찼쨩혝n Th찼쨘징nh Ph횄쨘');
INSERT INTO tbl_vn_ward (ward_id, district_id, ward_name) VALUES (29182, 837, 'Th찼쨩혢 tr찼쨘짜n Th찼쨘징nh Ph횄쨘');
INSERT INTO tbl_vn_ward (ward_id, district_id, ward_name) VALUES (29185, 837, 'X횄짙 Ph횄쨘 Kh횄징nh');
INSERT INTO tbl_vn_ward (ward_id, district_id, ward_name) VALUES (29188, 837, 'X횄짙 횆혨찼쨘징i 횆혨i찼쨩혖n');
INSERT INTO tbl_vn_ward (ward_id, district_id, ward_name) VALUES (29191, 837, 'X횄짙 Qu찼쨩혴i 횆혨i찼쨩혖n');
INSERT INTO tbl_vn_ward (ward_id, district_id, ward_name) VALUES (29194, 837, 'X횄짙 T횄짖n Phong');
INSERT INTO tbl_vn_ward (ward_id, district_id, ward_name) VALUES (29197, 837, 'X횄짙 M찼쨩쨔 H횈째ng');
INSERT INTO tbl_vn_ward (ward_id, district_id, ward_name) VALUES (29200, 837, 'X횄짙 An Th찼쨘징nh');
INSERT INTO tbl_vn_ward (ward_id, district_id, ward_name) VALUES (29203, 837, 'X횄짙 Th찼쨩혴i Th찼쨘징nh');
INSERT INTO tbl_vn_ward (ward_id, district_id, ward_name) VALUES (29206, 837, 'X횄짙 H횄짼a L찼쨩짙i');
INSERT INTO tbl_vn_ward (ward_id, district_id, ward_name) VALUES (29209, 837, 'X횄짙 An 횆혨i찼쨩혖n');
INSERT INTO tbl_vn_ward (ward_id, district_id, ward_name) VALUES (29212, 837, 'X횄짙 B횄짭nh Th찼쨘징nh');
INSERT INTO tbl_vn_ward (ward_id, district_id, ward_name) VALUES (29215, 837, 'X횄짙 An Thu찼쨘짯n');
INSERT INTO tbl_vn_ward (ward_id, district_id, ward_name) VALUES (29218, 837, 'X횄짙 An Quy');
INSERT INTO tbl_vn_ward (ward_id, district_id, ward_name) VALUES (29221, 837, 'X횄짙 Th찼쨘징nh H찼쨘짙i');
INSERT INTO tbl_vn_ward (ward_id, district_id, ward_name) VALUES (29224, 837, 'X횄짙 An Nh횈징n');
INSERT INTO tbl_vn_ward (ward_id, district_id, ward_name) VALUES (29227, 837, 'X횄짙 Giao Th찼쨘징nh');
INSERT INTO tbl_vn_ward (ward_id, district_id, ward_name) VALUES (29230, 837, 'X횄짙 Th찼쨘징nh Phong');
INSERT INTO tbl_vn_ward (ward_id, district_id, ward_name) VALUES (29233, 837, 'X횄짙 M찼쨩쨔 An');
INSERT INTO tbl_vn_district (district_id, province_id, district_name) VALUES (838, 83, 'Huy찼쨩혝n M찼쨩혧 C횄혻y B찼쨘짱c');
INSERT INTO tbl_vn_ward (ward_id, district_id, ward_name) VALUES (28889, 838, 'X횄짙 Ph횄쨘 M찼쨩쨔');
INSERT INTO tbl_vn_ward (ward_id, district_id, ward_name) VALUES (28901, 838, 'X횄짙 H횈째ng Kh횄징nh Trung A');
INSERT INTO tbl_vn_ward (ward_id, district_id, ward_name) VALUES (28906, 838, 'X횄짙 Thanh T횄짖n');
INSERT INTO tbl_vn_ward (ward_id, district_id, ward_name) VALUES (28909, 838, 'X횄짙 Th찼쨘징nh Ng횄짙i');
INSERT INTO tbl_vn_ward (ward_id, district_id, ward_name) VALUES (28912, 838, 'X횄짙 T횄짖n Ph횄쨘 T횄짖y');
INSERT INTO tbl_vn_ward (ward_id, district_id, ward_name) VALUES (28915, 838, 'Th찼쨩혢 tr찼쨘짜n Ph횈째찼쨩혴c M찼쨩쨔 Trung');
INSERT INTO tbl_vn_ward (ward_id, district_id, ward_name) VALUES (28918, 838, 'X횄짙 T횄짖n Th횄혻nh B횄짭nh');
INSERT INTO tbl_vn_ward (ward_id, district_id, ward_name) VALUES (28921, 838, 'X횄짙 Th횄혻nh An');
INSERT INTO tbl_vn_ward (ward_id, district_id, ward_name) VALUES (28924, 838, 'X횄짙 H횄짼a L찼쨩혲c');
INSERT INTO tbl_vn_ward (ward_id, district_id, ward_name) VALUES (28927, 838, 'X횄짙 T횄짖n Thanh T횄짖y');
INSERT INTO tbl_vn_ward (ward_id, district_id, ward_name) VALUES (28933, 838, 'X횄짙 T횄짖n B횄짭nh');
INSERT INTO tbl_vn_ward (ward_id, district_id, ward_name) VALUES (28936, 838, 'X횄짙 Nhu찼쨘짯n Ph횄쨘 T횄짖n');
INSERT INTO tbl_vn_ward (ward_id, district_id, ward_name) VALUES (28948, 838, 'X횄짙 Kh횄징nh Th찼쨘징nh T횄짖n');
INSERT INTO tbl_vn_province (province_id, province_name) VALUES (84, 'T찼쨩혟nh Tr횄혻 Vinh');
INSERT INTO tbl_vn_district (district_id, province_id, district_name) VALUES (842, 84, 'Th횄혻nh ph찼쨩혩 Tr횄혻 Vinh');
INSERT INTO tbl_vn_ward (ward_id, district_id, ward_name) VALUES (29236, 842, 'Ph횈째찼쨩혶ng 4');
INSERT INTO tbl_vn_ward (ward_id, district_id, ward_name) VALUES (29239, 842, 'Ph횈째찼쨩혶ng 1');
INSERT INTO tbl_vn_ward (ward_id, district_id, ward_name) VALUES (29242, 842, 'Ph횈째찼쨩혶ng 3');
INSERT INTO tbl_vn_ward (ward_id, district_id, ward_name) VALUES (29248, 842, 'Ph횈째찼쨩혶ng 5');
INSERT INTO tbl_vn_ward (ward_id, district_id, ward_name) VALUES (29254, 842, 'Ph횈째찼쨩혶ng 7');
INSERT INTO tbl_vn_ward (ward_id, district_id, ward_name) VALUES (29257, 842, 'Ph횈째찼쨩혶ng 8');
INSERT INTO tbl_vn_ward (ward_id, district_id, ward_name) VALUES (29260, 842, 'Ph횈째찼쨩혶ng 9');
INSERT INTO tbl_vn_ward (ward_id, district_id, ward_name) VALUES (29263, 842, 'X횄짙 Long 횆혨찼쨩짤c');
INSERT INTO tbl_vn_district (district_id, province_id, district_name) VALUES (844, 84, 'Huy찼쨩혝n C횄혻ng Long');
INSERT INTO tbl_vn_ward (ward_id, district_id, ward_name) VALUES (29266, 844, 'Th찼쨩혢 tr찼쨘짜n C횄혻ng Long');
INSERT INTO tbl_vn_ward (ward_id, district_id, ward_name) VALUES (29269, 844, 'X횄짙 M찼쨩쨔 C찼쨘짤m');
INSERT INTO tbl_vn_ward (ward_id, district_id, ward_name) VALUES (29272, 844, 'X횄짙 An Tr횈째찼쨩혶ng A');
INSERT INTO tbl_vn_ward (ward_id, district_id, ward_name) VALUES (29275, 844, 'X횄짙 An Tr횈째찼쨩혶ng');
INSERT INTO tbl_vn_ward (ward_id, district_id, ward_name) VALUES (29278, 844, 'X횄짙 Huy찼쨩혖n H찼쨩혲i');
INSERT INTO tbl_vn_ward (ward_id, district_id, ward_name) VALUES (29281, 844, 'X횄짙 T횄짖n An');
INSERT INTO tbl_vn_ward (ward_id, district_id, ward_name) VALUES (29284, 844, 'X횄짙 T횄짖n B횄짭nh');
INSERT INTO tbl_vn_ward (ward_id, district_id, ward_name) VALUES (29287, 844, 'X횄짙 B횄짭nh Ph횄쨘');
INSERT INTO tbl_vn_ward (ward_id, district_id, ward_name) VALUES (29290, 844, 'X횄짙 Ph횈째횈징ng Th찼쨘징nh');
INSERT INTO tbl_vn_ward (ward_id, district_id, ward_name) VALUES (29293, 844, 'X횄짙 횆혨찼쨘징i Ph횄쨘c');
INSERT INTO tbl_vn_ward (ward_id, district_id, ward_name) VALUES (29296, 844, 'X횄짙 횆혨찼쨘징i Ph횈째찼쨩혴c');
INSERT INTO tbl_vn_ward (ward_id, district_id, ward_name) VALUES (29299, 844, 'X횄짙 Nh찼쨩혢 Long Ph횄쨘');
INSERT INTO tbl_vn_ward (ward_id, district_id, ward_name) VALUES (29302, 844, 'X횄짙 Nh찼쨩혢 Long');
INSERT INTO tbl_vn_ward (ward_id, district_id, ward_name) VALUES (29305, 844, 'X횄짙 횆혨찼쨩짤c M찼쨩쨔');
INSERT INTO tbl_vn_district (district_id, province_id, district_name) VALUES (845, 84, 'Huy찼쨩혝n C찼쨘짠u K횄짢');
INSERT INTO tbl_vn_ward (ward_id, district_id, ward_name) VALUES (29308, 845, 'Th찼쨩혢 tr찼쨘짜n C찼쨘짠u K횄짢');
INSERT INTO tbl_vn_ward (ward_id, district_id, ward_name) VALUES (29311, 845, 'X횄짙 H횄짼a 횄혗n');
INSERT INTO tbl_vn_ward (ward_id, district_id, ward_name) VALUES (29314, 845, 'X횄짙 Ch횄짖u 횆혨i찼쨩혖n');
INSERT INTO tbl_vn_ward (ward_id, district_id, ward_name) VALUES (29317, 845, 'X횄짙 An Ph횄쨘 T횄짖n');
INSERT INTO tbl_vn_ward (ward_id, district_id, ward_name) VALUES (29320, 845, 'X횄짙 Ho횄혻 T횄짖n');
INSERT INTO tbl_vn_ward (ward_id, district_id, ward_name) VALUES (29323, 845, 'X횄짙 Ninh Th찼쨩혴i');
INSERT INTO tbl_vn_ward (ward_id, district_id, ward_name) VALUES (29326, 845, 'X횄짙 Phong Ph횄쨘');
INSERT INTO tbl_vn_ward (ward_id, district_id, ward_name) VALUES (29329, 845, 'X횄짙 Phong Th찼쨘징nh');
INSERT INTO tbl_vn_ward (ward_id, district_id, ward_name) VALUES (29332, 845, 'X횄짙 Tam Ng횄짙i');
INSERT INTO tbl_vn_ward (ward_id, district_id, ward_name) VALUES (29335, 845, 'X횄짙 Th횄쨈ng H횄짼a');
INSERT INTO tbl_vn_ward (ward_id, district_id, ward_name) VALUES (29338, 845, 'X횄짙 Th찼쨘징nh Ph횄쨘');
INSERT INTO tbl_vn_district (district_id, province_id, district_name) VALUES (846, 84, 'Huy찼쨩혝n Ti찼쨩혘u C찼쨘짠n');
INSERT INTO tbl_vn_ward (ward_id, district_id, ward_name) VALUES (29341, 846, 'Th찼쨩혢 tr찼쨘짜n Ti찼쨩혘u C찼쨘짠n');
INSERT INTO tbl_vn_ward (ward_id, district_id, ward_name) VALUES (29344, 846, 'Th찼쨩혢 tr찼쨘짜n C찼쨘짠u Quan');
INSERT INTO tbl_vn_ward (ward_id, district_id, ward_name) VALUES (29347, 846, 'X횄짙 Ph횄쨘 C찼쨘짠n');
INSERT INTO tbl_vn_ward (ward_id, district_id, ward_name) VALUES (29350, 846, 'X횄짙 Hi찼쨘쩔u T찼쨩짯');
INSERT INTO tbl_vn_ward (ward_id, district_id, ward_name) VALUES (29353, 846, 'X횄짙 Hi찼쨘쩔u Trung');
INSERT INTO tbl_vn_ward (ward_id, district_id, ward_name) VALUES (29356, 846, 'X횄짙 Long Th찼쨩혴i');
INSERT INTO tbl_vn_ward (ward_id, district_id, ward_name) VALUES (29359, 846, 'X횄짙 H횄쨔ng H횄짼a');
INSERT INTO tbl_vn_ward (ward_id, district_id, ward_name) VALUES (29362, 846, 'X횄짙 T횄짖n H횄쨔ng');
INSERT INTO tbl_vn_ward (ward_id, district_id, ward_name) VALUES (29365, 846, 'X횄짙 T찼쨘짯p Ng횄짙i');
INSERT INTO tbl_vn_ward (ward_id, district_id, ward_name) VALUES (29368, 846, 'X횄짙 Ng횄짙i H횄쨔ng');
INSERT INTO tbl_vn_ward (ward_id, district_id, ward_name) VALUES (29371, 846, 'X횄짙 T횄짖n H횄짼a');
INSERT INTO tbl_vn_district (district_id, province_id, district_name) VALUES (847, 84, 'Huy찼쨩혝n Ch횄짖u Th횄혻nh');
INSERT INTO tbl_vn_ward (ward_id, district_id, ward_name) VALUES (29374, 847, 'Th찼쨩혢 tr찼쨘짜n Ch횄짖u Th횄혻nh');
INSERT INTO tbl_vn_ward (ward_id, district_id, ward_name) VALUES (29377, 847, 'X횄짙 횆혨a L찼쨩혲c');
INSERT INTO tbl_vn_ward (ward_id, district_id, ward_name) VALUES (29380, 847, 'X횄짙 M찼쨩쨔 Ch횄징nh');
INSERT INTO tbl_vn_ward (ward_id, district_id, ward_name) VALUES (29383, 847, 'X횄짙 Thanh M찼쨩쨔');
INSERT INTO tbl_vn_ward (ward_id, district_id, ward_name) VALUES (29386, 847, 'X횄짙 L횈째횈징ng Ho횄혻 A');
INSERT INTO tbl_vn_ward (ward_id, district_id, ward_name) VALUES (29389, 847, 'X횄짙 L횈째횈징ng H횄짼a');
INSERT INTO tbl_vn_ward (ward_id, district_id, ward_name) VALUES (29392, 847, 'X횄짙 Song L찼쨩혲c');
INSERT INTO tbl_vn_ward (ward_id, district_id, ward_name) VALUES (29395, 847, 'X횄짙 Nguy찼쨩혝t H횄쨀a');
INSERT INTO tbl_vn_ward (ward_id, district_id, ward_name) VALUES (29398, 847, 'X횄짙 H횄짼a Thu찼쨘짯n');
INSERT INTO tbl_vn_ward (ward_id, district_id, ward_name) VALUES (29401, 847, 'X횄짙 H횄짼a L찼쨩짙i');
INSERT INTO tbl_vn_ward (ward_id, district_id, ward_name) VALUES (29404, 847, 'X횄짙 Ph횈째찼쨩혴c H찼쨘짙o');
INSERT INTO tbl_vn_ward (ward_id, district_id, ward_name) VALUES (29407, 847, 'X횄짙 H횈째ng M찼쨩쨔');
INSERT INTO tbl_vn_ward (ward_id, district_id, ward_name) VALUES (29410, 847, 'X횄짙 H횄짼a Minh');
INSERT INTO tbl_vn_ward (ward_id, district_id, ward_name) VALUES (29413, 847, 'X횄짙 Long H횄짼a');
INSERT INTO tbl_vn_district (district_id, province_id, district_name) VALUES (848, 84, 'Huy찼쨩혝n C찼쨘짠u Ngang');
INSERT INTO tbl_vn_ward (ward_id, district_id, ward_name) VALUES (29416, 848, 'Th찼쨩혢 tr찼쨘짜n C찼쨘짠u Ngang');
INSERT INTO tbl_vn_ward (ward_id, district_id, ward_name) VALUES (29419, 848, 'Th찼쨩혢 tr찼쨘짜n M찼쨩쨔 Long');
INSERT INTO tbl_vn_ward (ward_id, district_id, ward_name) VALUES (29422, 848, 'X횄짙 M찼쨩쨔 Long B찼쨘짱c');
INSERT INTO tbl_vn_ward (ward_id, district_id, ward_name) VALUES (29425, 848, 'X횄짙 M찼쨩쨔 Long Nam');
INSERT INTO tbl_vn_ward (ward_id, district_id, ward_name) VALUES (29428, 848, 'X횄짙 M찼쨩쨔 H횄짼a');
INSERT INTO tbl_vn_ward (ward_id, district_id, ward_name) VALUES (29431, 848, 'X횄짙 V횆짤nh Kim');
INSERT INTO tbl_vn_ward (ward_id, district_id, ward_name) VALUES (29434, 848, 'X횄짙 Kim H횄짼a');
INSERT INTO tbl_vn_ward (ward_id, district_id, ward_name) VALUES (29437, 848, 'X횄짙 Hi찼쨩혝p H횄짼a');
INSERT INTO tbl_vn_ward (ward_id, district_id, ward_name) VALUES (29440, 848, 'X횄짙 Thu찼쨘짯n H횄짼a');
INSERT INTO tbl_vn_ward (ward_id, district_id, ward_name) VALUES (29443, 848, 'X횄짙 Long S횈징n');
INSERT INTO tbl_vn_ward (ward_id, district_id, ward_name) VALUES (29446, 848, 'X횄짙 Nh찼쨩혢 Tr횈째찼쨩혶ng');
INSERT INTO tbl_vn_ward (ward_id, district_id, ward_name) VALUES (29449, 848, 'X횄짙 Tr횈째찼쨩혶ng Th찼쨩혥');
INSERT INTO tbl_vn_ward (ward_id, district_id, ward_name) VALUES (29452, 848, 'X횄짙 Hi찼쨩혝p M찼쨩쨔 횆혨횄쨈ng');
INSERT INTO tbl_vn_ward (ward_id, district_id, ward_name) VALUES (29455, 848, 'X횄짙 Hi찼쨩혝p M찼쨩쨔 T횄짖y');
INSERT INTO tbl_vn_ward (ward_id, district_id, ward_name) VALUES (29458, 848, 'X횄짙 Th찼쨘징nh H횄짼a S횈징n');
INSERT INTO tbl_vn_district (district_id, province_id, district_name) VALUES (849, 84, 'Huy찼쨩혝n Tr횄혻 C횄쨘');
INSERT INTO tbl_vn_ward (ward_id, district_id, ward_name) VALUES (29461, 849, 'Th찼쨩혢 tr찼쨘짜n Tr횄혻 C횄쨘');
INSERT INTO tbl_vn_ward (ward_id, district_id, ward_name) VALUES (29462, 849, 'Th찼쨩혢 tr찼쨘짜n 횆혨찼쨩혢nh An');
INSERT INTO tbl_vn_ward (ward_id, district_id, ward_name) VALUES (29464, 849, 'X횄짙 Ph횈째찼쨩혴c H횈째ng');
INSERT INTO tbl_vn_ward (ward_id, district_id, ward_name) VALUES (29467, 849, 'X횄짙 T찼쨘짯p S횈징n');
INSERT INTO tbl_vn_ward (ward_id, district_id, ward_name) VALUES (29470, 849, 'X횄짙 T횄짖n S횈징n');
INSERT INTO tbl_vn_ward (ward_id, district_id, ward_name) VALUES (29473, 849, 'X횄짙 An Qu찼쨘짙ng H찼쨩짱u');
INSERT INTO tbl_vn_ward (ward_id, district_id, ward_name) VALUES (29476, 849, 'X횄짙 L횈째u Nghi찼쨩혝p Anh');
INSERT INTO tbl_vn_ward (ward_id, district_id, ward_name) VALUES (29479, 849, 'X횄짙 Ng횄짙i Xuy횄짧n');
INSERT INTO tbl_vn_ward (ward_id, district_id, ward_name) VALUES (29482, 849, 'X횄짙 Kim S횈징n');
INSERT INTO tbl_vn_ward (ward_id, district_id, ward_name) VALUES (29485, 849, 'X횄짙 Thanh S횈징n');
INSERT INTO tbl_vn_ward (ward_id, district_id, ward_name) VALUES (29488, 849, 'X횄짙 H횄혻m Giang');
INSERT INTO tbl_vn_ward (ward_id, district_id, ward_name) VALUES (29489, 849, 'X횄짙 H횄혻m T횄짖n');
INSERT INTO tbl_vn_ward (ward_id, district_id, ward_name) VALUES (29491, 849, 'X횄짙 횆혨찼쨘징i An');
INSERT INTO tbl_vn_ward (ward_id, district_id, ward_name) VALUES (29494, 849, 'X횄짙 횆혨찼쨩혢nh An');
INSERT INTO tbl_vn_ward (ward_id, district_id, ward_name) VALUES (29503, 849, 'X횄짙 Ng찼쨩혥c Bi횄짧n');
INSERT INTO tbl_vn_ward (ward_id, district_id, ward_name) VALUES (29506, 849, 'X횄짙 Long Hi찼쨩혝p');
INSERT INTO tbl_vn_ward (ward_id, district_id, ward_name) VALUES (29509, 849, 'X횄짙 T횄짖n Hi찼쨩혝p');
INSERT INTO tbl_vn_district (district_id, province_id, district_name) VALUES (850, 84, 'Huy찼쨩혝n Duy횄짧n H찼쨘짙i');
INSERT INTO tbl_vn_ward (ward_id, district_id, ward_name) VALUES (29497, 850, 'X횄짙 횆혨횄쨈n Xu횄짖n');
INSERT INTO tbl_vn_ward (ward_id, district_id, ward_name) VALUES (29500, 850, 'X횄짙 횆혨횄쨈n Ch횄짖u');
INSERT INTO tbl_vn_ward (ward_id, district_id, ward_name) VALUES (29513, 850, 'Th찼쨩혢 tr찼쨘짜n Long Th횄혻nh');
INSERT INTO tbl_vn_ward (ward_id, district_id, ward_name) VALUES (29521, 850, 'X횄짙 Long Kh횄징nh');
INSERT INTO tbl_vn_ward (ward_id, district_id, ward_name) VALUES (29530, 850, 'X횄짙 Ng횇짤 L찼쨘징c');
INSERT INTO tbl_vn_ward (ward_id, district_id, ward_name) VALUES (29533, 850, 'X횄짙 Long V횆짤nh');
INSERT INTO tbl_vn_ward (ward_id, district_id, ward_name) VALUES (29536, 850, 'X횄짙 횆혨횄쨈ng H찼쨘짙i');
INSERT INTO tbl_vn_district (district_id, province_id, district_name) VALUES (851, 84, 'Th찼쨩혢 x횄짙 Duy횄짧n H찼쨘짙i');
INSERT INTO tbl_vn_ward (ward_id, district_id, ward_name) VALUES (29512, 851, 'Ph횈째찼쨩혶ng 1');
INSERT INTO tbl_vn_ward (ward_id, district_id, ward_name) VALUES (29515, 851, 'X횄짙 Long To횄혻n');
INSERT INTO tbl_vn_ward (ward_id, district_id, ward_name) VALUES (29516, 851, 'Ph횈째찼쨩혶ng 2');
INSERT INTO tbl_vn_ward (ward_id, district_id, ward_name) VALUES (29518, 851, 'X횄짙 Long H찼쨩짱u');
INSERT INTO tbl_vn_ward (ward_id, district_id, ward_name) VALUES (29524, 851, 'X횄짙 D횄짖n Th횄혻nh');
INSERT INTO tbl_vn_ward (ward_id, district_id, ward_name) VALUES (29527, 851, 'X횄짙 Tr횈째찼쨩혶ng Long H횄짼a');
INSERT INTO tbl_vn_ward (ward_id, district_id, ward_name) VALUES (29539, 851, 'X횄짙 Hi찼쨩혝p Th찼쨘징nh');
INSERT INTO tbl_vn_province (province_id, province_name) VALUES (86, 'T찼쨩혟nh V횆짤nh Long');
INSERT INTO tbl_vn_district (district_id, province_id, district_name) VALUES (855, 86, 'Th횄혻nh ph찼쨩혩 V횆짤nh Long');
INSERT INTO tbl_vn_ward (ward_id, district_id, ward_name) VALUES (29542, 855, 'Ph횈째찼쨩혶ng 9');
INSERT INTO tbl_vn_ward (ward_id, district_id, ward_name) VALUES (29545, 855, 'Ph횈째찼쨩혶ng 5');
INSERT INTO tbl_vn_ward (ward_id, district_id, ward_name) VALUES (29551, 855, 'Ph횈째찼쨩혶ng 1');
INSERT INTO tbl_vn_ward (ward_id, district_id, ward_name) VALUES (29554, 855, 'Ph횈째찼쨩혶ng 4');
INSERT INTO tbl_vn_ward (ward_id, district_id, ward_name) VALUES (29557, 855, 'Ph횈째찼쨩혶ng 3');
INSERT INTO tbl_vn_ward (ward_id, district_id, ward_name) VALUES (29560, 855, 'Ph횈째찼쨩혶ng 8');
INSERT INTO tbl_vn_ward (ward_id, district_id, ward_name) VALUES (29563, 855, 'Ph횈째찼쨩혶ng T횄짖n Ng횄짙i');
INSERT INTO tbl_vn_ward (ward_id, district_id, ward_name) VALUES (29566, 855, 'Ph횈째찼쨩혶ng T횄짖n H횄짼a');
INSERT INTO tbl_vn_ward (ward_id, district_id, ward_name) VALUES (29569, 855, 'Ph횈째찼쨩혶ng T횄짖n H찼쨩혲i');
INSERT INTO tbl_vn_ward (ward_id, district_id, ward_name) VALUES (29572, 855, 'Ph횈째찼쨩혶ng Tr횈째찼쨩혶ng An');
INSERT INTO tbl_vn_district (district_id, province_id, district_name) VALUES (857, 86, 'Huy찼쨩혝n Long H찼쨩혫');
INSERT INTO tbl_vn_ward (ward_id, district_id, ward_name) VALUES (29578, 857, 'X횄짙 횆혨찼쨩혫ng Ph횄쨘');
INSERT INTO tbl_vn_ward (ward_id, district_id, ward_name) VALUES (29581, 857, 'X횄짙 B횄짭nh H횄짼a Ph횈째찼쨩혴c');
INSERT INTO tbl_vn_ward (ward_id, district_id, ward_name) VALUES (29584, 857, 'X횄짙 H횄짼a Ninh');
INSERT INTO tbl_vn_ward (ward_id, district_id, ward_name) VALUES (29587, 857, 'X횄짙 An B횄짭nh');
INSERT INTO tbl_vn_ward (ward_id, district_id, ward_name) VALUES (29590, 857, 'X횄짙 Thanh 횆혨찼쨩짤c');
INSERT INTO tbl_vn_ward (ward_id, district_id, ward_name) VALUES (29593, 857, 'X횄짙 T횄짖n H찼쨘징nh');
INSERT INTO tbl_vn_ward (ward_id, district_id, ward_name) VALUES (29596, 857, 'X횄짙 Ph횈째찼쨩혴c H찼쨘짯u');
INSERT INTO tbl_vn_ward (ward_id, district_id, ward_name) VALUES (29599, 857, 'X횄짙 Long Ph횈째찼쨩혴c');
INSERT INTO tbl_vn_ward (ward_id, district_id, ward_name) VALUES (29602, 857, 'Th찼쨩혢 tr찼쨘짜n Long H찼쨩혫');
INSERT INTO tbl_vn_ward (ward_id, district_id, ward_name) VALUES (29605, 857, 'X횄짙 L찼쨩혲c H횄짼a');
INSERT INTO tbl_vn_ward (ward_id, district_id, ward_name) VALUES (29608, 857, 'X횄짙 Long An');
INSERT INTO tbl_vn_ward (ward_id, district_id, ward_name) VALUES (29611, 857, 'X횄짙 Ph횄쨘 Qu찼쨩혴i');
INSERT INTO tbl_vn_ward (ward_id, district_id, ward_name) VALUES (29614, 857, 'X횄짙 Th찼쨘징nh Qu찼쨩혴i');
INSERT INTO tbl_vn_ward (ward_id, district_id, ward_name) VALUES (29617, 857, 'X횄짙 H횄짼a Ph횄쨘');
INSERT INTO tbl_vn_district (district_id, province_id, district_name) VALUES (858, 86, 'Huy찼쨩혝n Mang Th횄짯t');
INSERT INTO tbl_vn_ward (ward_id, district_id, ward_name) VALUES (29623, 858, 'X횄짙 M찼쨩쨔 An');
INSERT INTO tbl_vn_ward (ward_id, district_id, ward_name) VALUES (29626, 858, 'X횄짙 M찼쨩쨔 Ph횈째찼쨩혴c');
INSERT INTO tbl_vn_ward (ward_id, district_id, ward_name) VALUES (29629, 858, 'X횄짙 An Ph횈째찼쨩혴c');
INSERT INTO tbl_vn_ward (ward_id, district_id, ward_name) VALUES (29632, 858, 'X횄짙 Nh횈징n Ph횄쨘');
INSERT INTO tbl_vn_ward (ward_id, district_id, ward_name) VALUES (29635, 858, 'X횄짙 Long M찼쨩쨔');
INSERT INTO tbl_vn_ward (ward_id, district_id, ward_name) VALUES (29638, 858, 'X횄짙 H횄짼a T찼쨩혢nh');
INSERT INTO tbl_vn_ward (ward_id, district_id, ward_name) VALUES (29641, 858, 'Th찼쨩혢 tr찼쨘짜n C횄징i Nhum');
INSERT INTO tbl_vn_ward (ward_id, district_id, ward_name) VALUES (29644, 858, 'X횄짙 B횄짭nh Ph횈째찼쨩혴c');
INSERT INTO tbl_vn_ward (ward_id, district_id, ward_name) VALUES (29647, 858, 'X횄짙 Ch횄징nh An');
INSERT INTO tbl_vn_ward (ward_id, district_id, ward_name) VALUES (29650, 858, 'X횄짙 T횄짖n An H찼쨩혲i');
INSERT INTO tbl_vn_ward (ward_id, district_id, ward_name) VALUES (29653, 858, 'X횄짙 T횄짖n Long');
INSERT INTO tbl_vn_ward (ward_id, district_id, ward_name) VALUES (29656, 858, 'X횄짙 T횄짖n Long H찼쨩혲i');
INSERT INTO tbl_vn_district (district_id, province_id, district_name) VALUES (859, 86, 'Huy찼쨩혝n V횇짤ng Li횄짧m');
INSERT INTO tbl_vn_ward (ward_id, district_id, ward_name) VALUES (29659, 859, 'Th찼쨩혢 tr찼쨘짜n V횇짤ng Li횄짧m');
INSERT INTO tbl_vn_ward (ward_id, district_id, ward_name) VALUES (29662, 859, 'X횄짙 T횄짖n Qu찼쨩혴i Trung');
INSERT INTO tbl_vn_ward (ward_id, district_id, ward_name) VALUES (29665, 859, 'X횄짙 Qu찼쨩혴i Thi찼쨩혝n');
INSERT INTO tbl_vn_ward (ward_id, district_id, ward_name) VALUES (29668, 859, 'X횄짙 Qu찼쨩혴i An');
INSERT INTO tbl_vn_ward (ward_id, district_id, ward_name) VALUES (29671, 859, 'X횄짙 Trung Ch횄징nh');
INSERT INTO tbl_vn_ward (ward_id, district_id, ward_name) VALUES (29674, 859, 'X횄짙 T횄짖n An Lu횄쨈ng');
INSERT INTO tbl_vn_ward (ward_id, district_id, ward_name) VALUES (29677, 859, 'X횄짙 Thanh B횄짭nh');
INSERT INTO tbl_vn_ward (ward_id, district_id, ward_name) VALUES (29680, 859, 'X횄짙 Trung Th횄혻nh T횄짖y');
INSERT INTO tbl_vn_ward (ward_id, district_id, ward_name) VALUES (29683, 859, 'X횄짙 Trung Hi찼쨩혝p');
INSERT INTO tbl_vn_ward (ward_id, district_id, ward_name) VALUES (29686, 859, 'X횄짙 Hi찼쨘쩔u Ph찼쨩짜ng');
INSERT INTO tbl_vn_ward (ward_id, district_id, ward_name) VALUES (29689, 859, 'X횄짙 Trung Th횄혻nh 횆혨횄쨈ng');
INSERT INTO tbl_vn_ward (ward_id, district_id, ward_name) VALUES (29692, 859, 'X횄짙 Trung Th횄혻nh');
INSERT INTO tbl_vn_ward (ward_id, district_id, ward_name) VALUES (29695, 859, 'X횄짙 Trung Hi찼쨘쩔u');
INSERT INTO tbl_vn_ward (ward_id, district_id, ward_name) VALUES (29698, 859, 'X횄짙 Trung Ng횄짙i');
INSERT INTO tbl_vn_ward (ward_id, district_id, ward_name) VALUES (29701, 859, 'X횄짙 Hi찼쨘쩔u Thu찼쨘짯n');
INSERT INTO tbl_vn_ward (ward_id, district_id, ward_name) VALUES (29704, 859, 'X횄짙 Trung Ngh횆짤a');
INSERT INTO tbl_vn_ward (ward_id, district_id, ward_name) VALUES (29707, 859, 'X횄짙 Trung An');
INSERT INTO tbl_vn_ward (ward_id, district_id, ward_name) VALUES (29710, 859, 'X횄짙 Hi찼쨘쩔u Nh횈징n');
INSERT INTO tbl_vn_ward (ward_id, district_id, ward_name) VALUES (29713, 859, 'X횄짙 Hi찼쨘쩔u Th횄혻nh');
INSERT INTO tbl_vn_ward (ward_id, district_id, ward_name) VALUES (29716, 859, 'X횄짙 Hi찼쨘쩔u Ngh횆짤a');
INSERT INTO tbl_vn_district (district_id, province_id, district_name) VALUES (860, 86, 'Huy찼쨩혝n Tam B횄짭nh');
INSERT INTO tbl_vn_ward (ward_id, district_id, ward_name) VALUES (29719, 860, 'Th찼쨩혢 tr찼쨘짜n Tam B횄짭nh');
INSERT INTO tbl_vn_ward (ward_id, district_id, ward_name) VALUES (29722, 860, 'X횄짙 T횄짖n L찼쨩혲c');
INSERT INTO tbl_vn_ward (ward_id, district_id, ward_name) VALUES (29725, 860, 'X횄짙 Ph횄쨘 Th찼쨩혢nh');
INSERT INTO tbl_vn_ward (ward_id, district_id, ward_name) VALUES (29728, 860, 'X횄짙 H찼쨘짯u L찼쨩혲c');
INSERT INTO tbl_vn_ward (ward_id, district_id, ward_name) VALUES (29731, 860, 'X횄짙 H횄짼a Th찼쨘징nh');
INSERT INTO tbl_vn_ward (ward_id, district_id, ward_name) VALUES (29734, 860, 'X횄짙 Ho횄혻 L찼쨩혲c');
INSERT INTO tbl_vn_ward (ward_id, district_id, ward_name) VALUES (29737, 860, 'X횄짙 Ph횄쨘 L찼쨩혲c');
INSERT INTO tbl_vn_ward (ward_id, district_id, ward_name) VALUES (29740, 860, 'X횄짙 Song Ph횄쨘');
INSERT INTO tbl_vn_ward (ward_id, district_id, ward_name) VALUES (29743, 860, 'X횄짙 H횄짼a Hi찼쨩혝p');
INSERT INTO tbl_vn_ward (ward_id, district_id, ward_name) VALUES (29746, 860, 'X횄짙 M찼쨩쨔 L찼쨩혲c');
INSERT INTO tbl_vn_ward (ward_id, district_id, ward_name) VALUES (29749, 860, 'X횄짙 T횄짖n Ph횄쨘');
INSERT INTO tbl_vn_ward (ward_id, district_id, ward_name) VALUES (29752, 860, 'X횄짙 Long Ph횄쨘');
INSERT INTO tbl_vn_ward (ward_id, district_id, ward_name) VALUES (29755, 860, 'X횄짙 M찼쨩쨔 Th찼쨘징nh Trung');
INSERT INTO tbl_vn_ward (ward_id, district_id, ward_name) VALUES (29761, 860, 'X횄짙 Loan M찼쨩쨔');
INSERT INTO tbl_vn_ward (ward_id, district_id, ward_name) VALUES (29764, 860, 'X횄짙 Ng횄짙i T찼쨩짤');
INSERT INTO tbl_vn_ward (ward_id, district_id, ward_name) VALUES (29767, 860, 'X횄짙 B횄짭nh Ninh');
INSERT INTO tbl_vn_district (district_id, province_id, district_name) VALUES (861, 86, 'Th찼쨩혢 x횄짙 B횄짭nh Minh');
INSERT INTO tbl_vn_ward (ward_id, district_id, ward_name) VALUES (29770, 861, 'Ph횈째찼쨩혶ng C횄징i V찼쨩혫n');
INSERT INTO tbl_vn_ward (ward_id, district_id, ward_name) VALUES (29771, 861, 'Ph횈째찼쨩혶ng Th횄혻nh Ph횈째찼쨩혴c');
INSERT INTO tbl_vn_ward (ward_id, district_id, ward_name) VALUES (29806, 861, 'X횄짙 Thu찼쨘짯n An');
INSERT INTO tbl_vn_ward (ward_id, district_id, ward_name) VALUES (29809, 861, 'X횄짙 횆혨횄쨈ng Th찼쨘징nh');
INSERT INTO tbl_vn_ward (ward_id, district_id, ward_name) VALUES (29812, 861, 'X횄짙 횆혨횄쨈ng B횄짭nh');
INSERT INTO tbl_vn_ward (ward_id, district_id, ward_name) VALUES (29813, 861, 'Ph횈째찼쨩혶ng 횆혨횄쨈ng Thu찼쨘짯n');
INSERT INTO tbl_vn_ward (ward_id, district_id, ward_name) VALUES (29815, 861, 'X횄짙 M찼쨩쨔 H횄짼a');
INSERT INTO tbl_vn_ward (ward_id, district_id, ward_name) VALUES (29818, 861, 'X횄짙 횆혨횄쨈ng Th횄혻nh');
INSERT INTO tbl_vn_district (district_id, province_id, district_name) VALUES (862, 86, 'Huy찼쨩혝n Tr횄혻 횄혬n');
INSERT INTO tbl_vn_ward (ward_id, district_id, ward_name) VALUES (29821, 862, 'Th찼쨩혢 tr찼쨘짜n Tr횄혻 횄혬n');
INSERT INTO tbl_vn_ward (ward_id, district_id, ward_name) VALUES (29824, 862, 'X횄짙 Xu횄짖n Hi찼쨩혝p');
INSERT INTO tbl_vn_ward (ward_id, district_id, ward_name) VALUES (29827, 862, 'X횄짙 Nh횈징n B횄짭nh');
INSERT INTO tbl_vn_ward (ward_id, district_id, ward_name) VALUES (29830, 862, 'X횄짙 H횄짼a B횄짭nh');
INSERT INTO tbl_vn_ward (ward_id, district_id, ward_name) VALUES (29833, 862, 'X횄짙 Th찼쨩혴i H횄짼a');
INSERT INTO tbl_vn_ward (ward_id, district_id, ward_name) VALUES (29836, 862, 'X횄짙 Tr횄혻 C횄쨈n');
INSERT INTO tbl_vn_ward (ward_id, district_id, ward_name) VALUES (29839, 862, 'X횄짙 T횄짖n M찼쨩쨔');
INSERT INTO tbl_vn_ward (ward_id, district_id, ward_name) VALUES (29842, 862, 'X횄짙 H찼쨩짹u Th횄혻nh');
INSERT INTO tbl_vn_ward (ward_id, district_id, ward_name) VALUES (29845, 862, 'X횄짙 V횆짤nh Xu횄짖n');
INSERT INTO tbl_vn_ward (ward_id, district_id, ward_name) VALUES (29848, 862, 'X횄짙 Thu찼쨘짯n Th찼쨩혴i');
INSERT INTO tbl_vn_ward (ward_id, district_id, ward_name) VALUES (29851, 862, 'X횄짙 Ph횄쨘 Th횄혻nh');
INSERT INTO tbl_vn_ward (ward_id, district_id, ward_name) VALUES (29857, 862, 'X횄짙 L찼쨩짜c S찼쨩쨔 Th횄혻nh');
INSERT INTO tbl_vn_ward (ward_id, district_id, ward_name) VALUES (29860, 862, 'X횄짙 T횄짯ch Thi찼쨩혝n');
INSERT INTO tbl_vn_district (district_id, province_id, district_name) VALUES (863, 86, 'Huy찼쨩혝n B횄짭nh T횄짖n');
INSERT INTO tbl_vn_ward (ward_id, district_id, ward_name) VALUES (29776, 863, 'X횄짙 T횄짖n Th횄혻nh');
INSERT INTO tbl_vn_ward (ward_id, district_id, ward_name) VALUES (29779, 863, 'X횄짙 Th횄혻nh Trung');
INSERT INTO tbl_vn_ward (ward_id, district_id, ward_name) VALUES (29782, 863, 'X횄짙 T횄짖n An Th찼쨘징nh');
INSERT INTO tbl_vn_ward (ward_id, district_id, ward_name) VALUES (29785, 863, 'X횄짙 T횄짖n L횈째찼쨩짙c');
INSERT INTO tbl_vn_ward (ward_id, district_id, ward_name) VALUES (29788, 863, 'X횄짙 Nguy찼쨩혚n V횆혘n Th찼쨘짙nh');
INSERT INTO tbl_vn_ward (ward_id, district_id, ward_name) VALUES (29791, 863, 'X횄짙 Th횄혻nh L찼쨩짙i');
INSERT INTO tbl_vn_ward (ward_id, district_id, ward_name) VALUES (29794, 863, 'X횄짙 M찼쨩쨔 Thu찼쨘짯n');
INSERT INTO tbl_vn_ward (ward_id, district_id, ward_name) VALUES (29797, 863, 'X횄짙 T횄짖n B횄짭nh');
INSERT INTO tbl_vn_ward (ward_id, district_id, ward_name) VALUES (29800, 863, 'Th찼쨩혢 tr찼쨘짜n T횄짖n Qu찼쨩혴i');
INSERT INTO tbl_vn_province (province_id, province_name) VALUES (87, 'T찼쨩혟nh 횆혨찼쨩혫ng Th횄징p');
INSERT INTO tbl_vn_district (district_id, province_id, district_name) VALUES (866, 87, 'Th횄혻nh ph찼쨩혩 Cao L횄짙nh');
INSERT INTO tbl_vn_ward (ward_id, district_id, ward_name) VALUES (29869, 866, 'Ph횈째찼쨩혶ng 1');
INSERT INTO tbl_vn_ward (ward_id, district_id, ward_name) VALUES (29872, 866, 'Ph횈째찼쨩혶ng 4');
INSERT INTO tbl_vn_ward (ward_id, district_id, ward_name) VALUES (29875, 866, 'Ph횈째찼쨩혶ng 3');
INSERT INTO tbl_vn_ward (ward_id, district_id, ward_name) VALUES (29878, 866, 'Ph횈째찼쨩혶ng 6');
INSERT INTO tbl_vn_ward (ward_id, district_id, ward_name) VALUES (29881, 866, 'Ph횈째찼쨩혶ng M찼쨩쨔 Ng횄짙i');
INSERT INTO tbl_vn_ward (ward_id, district_id, ward_name) VALUES (29884, 866, 'X횄짙 M찼쨩쨔 T횄짖n');
INSERT INTO tbl_vn_ward (ward_id, district_id, ward_name) VALUES (29887, 866, 'X횄짙 M찼쨩쨔 Tr횄혻');
INSERT INTO tbl_vn_ward (ward_id, district_id, ward_name) VALUES (29888, 866, 'Ph횈째찼쨩혶ng M찼쨩쨔 Ph횄쨘');
INSERT INTO tbl_vn_ward (ward_id, district_id, ward_name) VALUES (29890, 866, 'X횄짙 T횄짖n Thu찼쨘짯n T횄짖y');
INSERT INTO tbl_vn_ward (ward_id, district_id, ward_name) VALUES (29892, 866, 'Ph횈째찼쨩혶ng Ho횄혻 Thu찼쨘짯n');
INSERT INTO tbl_vn_ward (ward_id, district_id, ward_name) VALUES (29893, 866, 'X횄짙 H횄짼a An');
INSERT INTO tbl_vn_ward (ward_id, district_id, ward_name) VALUES (29896, 866, 'X횄짙 T횄짖n Thu찼쨘짯n 횆혨횄쨈ng');
INSERT INTO tbl_vn_ward (ward_id, district_id, ward_name) VALUES (29899, 866, 'X횄짙 T찼쨩혢nh Th찼쨩혴i');
INSERT INTO tbl_vn_district (district_id, province_id, district_name) VALUES (867, 87, 'Th횄혻nh ph찼쨩혩 Sa 횆혨횄짤c');
INSERT INTO tbl_vn_ward (ward_id, district_id, ward_name) VALUES (29902, 867, 'Ph횈째찼쨩혶ng 3');
INSERT INTO tbl_vn_ward (ward_id, district_id, ward_name) VALUES (29905, 867, 'Ph횈째찼쨩혶ng 1');
INSERT INTO tbl_vn_ward (ward_id, district_id, ward_name) VALUES (29908, 867, 'Ph횈째찼쨩혶ng 4');
INSERT INTO tbl_vn_ward (ward_id, district_id, ward_name) VALUES (29911, 867, 'Ph횈째찼쨩혶ng 2');
INSERT INTO tbl_vn_ward (ward_id, district_id, ward_name) VALUES (29914, 867, 'X횄짙 T횄짖n Kh횄징nh 횆혨횄쨈ng');
INSERT INTO tbl_vn_ward (ward_id, district_id, ward_name) VALUES (29917, 867, 'Ph횈째찼쨩혶ng T횄짖n Quy 횆혨횄쨈ng');
INSERT INTO tbl_vn_ward (ward_id, district_id, ward_name) VALUES (29919, 867, 'Ph횈째찼쨩혶ng An Ho횄혻');
INSERT INTO tbl_vn_ward (ward_id, district_id, ward_name) VALUES (29920, 867, 'X횄짙 T횄짖n Quy T횄짖y');
INSERT INTO tbl_vn_ward (ward_id, district_id, ward_name) VALUES (29923, 867, 'X횄짙 T횄짖n Ph횄쨘 횆혨횄쨈ng');
INSERT INTO tbl_vn_district (district_id, province_id, district_name) VALUES (868, 87, 'Th횄혻nh ph찼쨩혩 H찼쨩혫ng Ng찼쨩짹');
INSERT INTO tbl_vn_ward (ward_id, district_id, ward_name) VALUES (29954, 868, 'Ph횈째찼쨩혶ng An L찼쨩혲c');
INSERT INTO tbl_vn_ward (ward_id, district_id, ward_name) VALUES (29955, 868, 'Ph횈째찼쨩혶ng An Th찼쨘징nh');
INSERT INTO tbl_vn_ward (ward_id, district_id, ward_name) VALUES (29959, 868, 'X횄짙 B횄짭nh Th찼쨘징nh');
INSERT INTO tbl_vn_ward (ward_id, district_id, ward_name) VALUES (29965, 868, 'X횄짙 T횄짖n H찼쨩혲i');
INSERT INTO tbl_vn_ward (ward_id, district_id, ward_name) VALUES (29978, 868, 'Ph횈째찼쨩혶ng An L찼쨘징c');
INSERT INTO tbl_vn_ward (ward_id, district_id, ward_name) VALUES (29986, 868, 'Ph횈째찼쨩혶ng An B횄짭nh B');
INSERT INTO tbl_vn_ward (ward_id, district_id, ward_name) VALUES (29989, 868, 'Ph횈째찼쨩혶ng An B횄짭nh A');
INSERT INTO tbl_vn_district (district_id, province_id, district_name) VALUES (869, 87, 'Huy찼쨩혝n T횄짖n H찼쨩혫ng');
INSERT INTO tbl_vn_ward (ward_id, district_id, ward_name) VALUES (29926, 869, 'Th찼쨩혢 tr찼쨘짜n Sa R횄혻i');
INSERT INTO tbl_vn_ward (ward_id, district_id, ward_name) VALUES (29929, 869, 'X횄짙 T횄짖n H찼쨩혲 C횈징');
INSERT INTO tbl_vn_ward (ward_id, district_id, ward_name) VALUES (29932, 869, 'X횄짙 Th횄쨈ng B횄짭nh');
INSERT INTO tbl_vn_ward (ward_id, district_id, ward_name) VALUES (29935, 869, 'X횄짙 B횄짭nh Ph횄쨘');
INSERT INTO tbl_vn_ward (ward_id, district_id, ward_name) VALUES (29938, 869, 'X횄짙 T횄짖n Th횄혻nh A');
INSERT INTO tbl_vn_ward (ward_id, district_id, ward_name) VALUES (29941, 869, 'X횄짙 T횄짖n Th횄혻nh B');
INSERT INTO tbl_vn_ward (ward_id, district_id, ward_name) VALUES (29944, 869, 'X횄짙 T횄짖n Ph횈째찼쨩혴c');
INSERT INTO tbl_vn_ward (ward_id, district_id, ward_name) VALUES (29947, 869, 'X횄짙 T횄짖n C횄쨈ng Ch횄짯');
INSERT INTO tbl_vn_ward (ward_id, district_id, ward_name) VALUES (29950, 869, 'X횄짙 An Ph횈째찼쨩혴c');
INSERT INTO tbl_vn_district (district_id, province_id, district_name) VALUES (870, 87, 'Huy찼쨩혝n H찼쨩혫ng Ng찼쨩짹');
INSERT INTO tbl_vn_ward (ward_id, district_id, ward_name) VALUES (29956, 870, 'X횄짙 Th횈째찼쨩혶ng Ph횈째찼쨩혴c 1');
INSERT INTO tbl_vn_ward (ward_id, district_id, ward_name) VALUES (29962, 870, 'X횄짙 Th횈째찼쨩혶ng Th찼쨩혴i H찼쨘짯u A');
INSERT INTO tbl_vn_ward (ward_id, district_id, ward_name) VALUES (29971, 870, 'Th찼쨩혢 tr찼쨘짜n Th횈째찼쨩혶ng Th찼쨩혴i Ti찼쨩혖n');
INSERT INTO tbl_vn_ward (ward_id, district_id, ward_name) VALUES (29974, 870, 'X횄짙 Th횈째찼쨩혶ng Ph횈째찼쨩혴c 2');
INSERT INTO tbl_vn_ward (ward_id, district_id, ward_name) VALUES (29977, 870, 'X횄짙 Th횈째찼쨩혶ng L찼쨘징c');
INSERT INTO tbl_vn_ward (ward_id, district_id, ward_name) VALUES (29980, 870, 'X횄짙 Long Kh횄징nh A');
INSERT INTO tbl_vn_ward (ward_id, district_id, ward_name) VALUES (29983, 870, 'X횄짙 Long Kh횄징nh B');
INSERT INTO tbl_vn_ward (ward_id, district_id, ward_name) VALUES (29992, 870, 'X횄짙 Long Thu찼쨘짯n');
INSERT INTO tbl_vn_ward (ward_id, district_id, ward_name) VALUES (29995, 870, 'X횄짙 Ph횄쨘 Thu찼쨘짯n B');
INSERT INTO tbl_vn_ward (ward_id, district_id, ward_name) VALUES (29998, 870, 'X횄짙 Ph횄쨘 Thu찼쨘짯n A');
INSERT INTO tbl_vn_district (district_id, province_id, district_name) VALUES (871, 87, 'Huy찼쨩혝n Tam N횄쨈ng');
INSERT INTO tbl_vn_ward (ward_id, district_id, ward_name) VALUES (30001, 871, 'Th찼쨩혢 tr찼쨘짜n Tr횄혻m Chim');
INSERT INTO tbl_vn_ward (ward_id, district_id, ward_name) VALUES (30004, 871, 'X횄짙 Ho횄혻 B횄짭nh');
INSERT INTO tbl_vn_ward (ward_id, district_id, ward_name) VALUES (30007, 871, 'X횄짙 T횄짖n C횄쨈ng S횄짯nh');
INSERT INTO tbl_vn_ward (ward_id, district_id, ward_name) VALUES (30010, 871, 'X횄짙 Ph횄쨘 Hi찼쨩혝p');
INSERT INTO tbl_vn_ward (ward_id, district_id, ward_name) VALUES (30013, 871, 'X횄짙 Ph횄쨘 횆혨찼쨩짤c');
INSERT INTO tbl_vn_ward (ward_id, district_id, ward_name) VALUES (30016, 871, 'X횄짙 Ph횄쨘 Th횄혻nh B');
INSERT INTO tbl_vn_ward (ward_id, district_id, ward_name) VALUES (30019, 871, 'X횄짙 An H횄짼a');
INSERT INTO tbl_vn_ward (ward_id, district_id, ward_name) VALUES (30022, 871, 'X횄짙 An Long');
INSERT INTO tbl_vn_ward (ward_id, district_id, ward_name) VALUES (30025, 871, 'X횄짙 Ph횄쨘 C횈째찼쨩혶ng');
INSERT INTO tbl_vn_ward (ward_id, district_id, ward_name) VALUES (30028, 871, 'X횄짙 Ph횄쨘 Ninh');
INSERT INTO tbl_vn_ward (ward_id, district_id, ward_name) VALUES (30031, 871, 'X횄짙 Ph횄쨘 Th찼쨩혥');
INSERT INTO tbl_vn_ward (ward_id, district_id, ward_name) VALUES (30034, 871, 'X횄짙 Ph횄쨘 Th횄혻nh A');
INSERT INTO tbl_vn_district (district_id, province_id, district_name) VALUES (872, 87, 'Huy찼쨩혝n Th횄징p M횈째찼쨩혶i');
INSERT INTO tbl_vn_ward (ward_id, district_id, ward_name) VALUES (30037, 872, 'Th찼쨩혢 tr찼쨘짜n M찼쨩쨔 An');
INSERT INTO tbl_vn_ward (ward_id, district_id, ward_name) VALUES (30040, 872, 'X횄짙 Th찼쨘징nh L찼쨩짙i');
INSERT INTO tbl_vn_ward (ward_id, district_id, ward_name) VALUES (30043, 872, 'X횄짙 H횈째ng Th찼쨘징nh');
INSERT INTO tbl_vn_ward (ward_id, district_id, ward_name) VALUES (30046, 872, 'X횄짙 Tr횈째찼쨩혶ng Xu횄짖n');
INSERT INTO tbl_vn_ward (ward_id, district_id, ward_name) VALUES (30049, 872, 'X횄짙 T횄짖n Ki찼쨩혖u');
INSERT INTO tbl_vn_ward (ward_id, district_id, ward_name) VALUES (30052, 872, 'X횄짙 M찼쨩쨔 H횄짼a');
INSERT INTO tbl_vn_ward (ward_id, district_id, ward_name) VALUES (30055, 872, 'X횄짙 M찼쨩쨔 Qu횄쩍');
INSERT INTO tbl_vn_ward (ward_id, district_id, ward_name) VALUES (30058, 872, 'X횄짙 M찼쨩쨔 횆혨횄쨈ng');
INSERT INTO tbl_vn_ward (ward_id, district_id, ward_name) VALUES (30061, 872, 'X횄짙 횆혨찼쨩혩c Binh Ki찼쨩혖u');
INSERT INTO tbl_vn_ward (ward_id, district_id, ward_name) VALUES (30064, 872, 'X횄짙 M찼쨩쨔 An');
INSERT INTO tbl_vn_ward (ward_id, district_id, ward_name) VALUES (30067, 872, 'X횄짙 Ph횄쨘 횆혨i찼쨩혖n');
INSERT INTO tbl_vn_ward (ward_id, district_id, ward_name) VALUES (30070, 872, 'X횄짙 L횄징ng Bi찼쨩혘n');
INSERT INTO tbl_vn_ward (ward_id, district_id, ward_name) VALUES (30073, 872, 'X횄짙 Thanh M찼쨩쨔');
INSERT INTO tbl_vn_district (district_id, province_id, district_name) VALUES (873, 87, 'Huy찼쨩혝n Cao L횄짙nh');
INSERT INTO tbl_vn_ward (ward_id, district_id, ward_name) VALUES (30076, 873, 'Th찼쨩혢 tr찼쨘짜n M찼쨩쨔 Th찼쨩혥');
INSERT INTO tbl_vn_ward (ward_id, district_id, ward_name) VALUES (30079, 873, 'X횄짙 G횄징o Gi찼쨩혫ng');
INSERT INTO tbl_vn_ward (ward_id, district_id, ward_name) VALUES (30082, 873, 'X횄짙 Ph횈째횈징ng Th찼쨩혢nh');
INSERT INTO tbl_vn_ward (ward_id, district_id, ward_name) VALUES (30085, 873, 'X횄짙 Ba Sao');
INSERT INTO tbl_vn_ward (ward_id, district_id, ward_name) VALUES (30088, 873, 'X횄짙 Phong M찼쨩쨔');
INSERT INTO tbl_vn_ward (ward_id, district_id, ward_name) VALUES (30091, 873, 'X횄짙 T횄짖n Ngh횆짤a');
INSERT INTO tbl_vn_ward (ward_id, district_id, ward_name) VALUES (30094, 873, 'X횄짙 Ph횈째횈징ng Tr횄혻');
INSERT INTO tbl_vn_ward (ward_id, district_id, ward_name) VALUES (30097, 873, 'X횄짙 Nh찼쨩혢 M찼쨩쨔');
INSERT INTO tbl_vn_ward (ward_id, district_id, ward_name) VALUES (30100, 873, 'X횄짙 M찼쨩쨔 Th찼쨩혥');
INSERT INTO tbl_vn_ward (ward_id, district_id, ward_name) VALUES (30103, 873, 'X횄짙 T횄짖n H찼쨩혲i Trung');
INSERT INTO tbl_vn_ward (ward_id, district_id, ward_name) VALUES (30106, 873, 'X횄짙 An B횄짭nh');
INSERT INTO tbl_vn_ward (ward_id, district_id, ward_name) VALUES (30109, 873, 'X횄짙 M찼쨩쨔 H찼쨩혲i');
INSERT INTO tbl_vn_ward (ward_id, district_id, ward_name) VALUES (30112, 873, 'X횄짙 M찼쨩쨔 Hi찼쨩혝p');
INSERT INTO tbl_vn_ward (ward_id, district_id, ward_name) VALUES (30115, 873, 'X횄짙 M찼쨩쨔 Long');
INSERT INTO tbl_vn_ward (ward_id, district_id, ward_name) VALUES (30118, 873, 'X횄짙 B횄짭nh H횄혻ng Trung');
INSERT INTO tbl_vn_ward (ward_id, district_id, ward_name) VALUES (30121, 873, 'X횄짙 M찼쨩쨔 X횈째횈징ng');
INSERT INTO tbl_vn_ward (ward_id, district_id, ward_name) VALUES (30124, 873, 'X횄짙 B횄짭nh H횄혻ng T횄짖y');
INSERT INTO tbl_vn_ward (ward_id, district_id, ward_name) VALUES (30127, 873, 'X횄짙 B횄짭nh Th찼쨘징nh');
INSERT INTO tbl_vn_district (district_id, province_id, district_name) VALUES (874, 87, 'Huy찼쨩혝n Thanh B횄짭nh');
INSERT INTO tbl_vn_ward (ward_id, district_id, ward_name) VALUES (30130, 874, 'Th찼쨩혢 tr찼쨘짜n Thanh B횄짭nh');
INSERT INTO tbl_vn_ward (ward_id, district_id, ward_name) VALUES (30133, 874, 'X횄짙 T횄짖n Qu찼쨩혴i');
INSERT INTO tbl_vn_ward (ward_id, district_id, ward_name) VALUES (30136, 874, 'X횄짙 T횄짖n H횄짼a');
INSERT INTO tbl_vn_ward (ward_id, district_id, ward_name) VALUES (30139, 874, 'X횄짙 An Phong');
INSERT INTO tbl_vn_ward (ward_id, district_id, ward_name) VALUES (30142, 874, 'X횄짙 Ph횄쨘 L찼쨩짙i');
INSERT INTO tbl_vn_ward (ward_id, district_id, ward_name) VALUES (30145, 874, 'X횄짙 T횄짖n M찼쨩쨔');
INSERT INTO tbl_vn_ward (ward_id, district_id, ward_name) VALUES (30148, 874, 'X횄짙 B횄짭nh T찼쨘짜n');
INSERT INTO tbl_vn_ward (ward_id, district_id, ward_name) VALUES (30151, 874, 'X횄짙 T횄짖n Hu찼쨩혖');
INSERT INTO tbl_vn_ward (ward_id, district_id, ward_name) VALUES (30154, 874, 'X횄짙 T횄짖n B횄짭nh');
INSERT INTO tbl_vn_ward (ward_id, district_id, ward_name) VALUES (30157, 874, 'X횄짙 T횄짖n Th찼쨘징nh');
INSERT INTO tbl_vn_ward (ward_id, district_id, ward_name) VALUES (30160, 874, 'X횄짙 T횄짖n Ph횄쨘');
INSERT INTO tbl_vn_ward (ward_id, district_id, ward_name) VALUES (30163, 874, 'X횄짙 B횄짭nh Th횄혻nh');
INSERT INTO tbl_vn_ward (ward_id, district_id, ward_name) VALUES (30166, 874, 'X횄짙 T횄짖n Long');
INSERT INTO tbl_vn_district (district_id, province_id, district_name) VALUES (875, 87, 'Huy찼쨩혝n L찼쨘짜p V횄짼');
INSERT INTO tbl_vn_ward (ward_id, district_id, ward_name) VALUES (30169, 875, 'Th찼쨩혢 tr찼쨘짜n L찼쨘짜p V횄짼');
INSERT INTO tbl_vn_ward (ward_id, district_id, ward_name) VALUES (30172, 875, 'X횄짙 M찼쨩쨔 An H횈째ng A');
INSERT INTO tbl_vn_ward (ward_id, district_id, ward_name) VALUES (30175, 875, 'X횄짙 T횄짖n M찼쨩쨔');
INSERT INTO tbl_vn_ward (ward_id, district_id, ward_name) VALUES (30178, 875, 'X횄짙 M찼쨩쨔 An H횈째ng B');
INSERT INTO tbl_vn_ward (ward_id, district_id, ward_name) VALUES (30181, 875, 'X횄짙 T횄짖n Kh횄징nh Trung');
INSERT INTO tbl_vn_ward (ward_id, district_id, ward_name) VALUES (30184, 875, 'X횄짙 Long H횈째ng A');
INSERT INTO tbl_vn_ward (ward_id, district_id, ward_name) VALUES (30187, 875, 'X횄짙 V횆짤nh Th찼쨘징nh');
INSERT INTO tbl_vn_ward (ward_id, district_id, ward_name) VALUES (30190, 875, 'X횄짙 Long H횈째ng B');
INSERT INTO tbl_vn_ward (ward_id, district_id, ward_name) VALUES (30193, 875, 'X횄짙 B횄짭nh Th횄혻nh');
INSERT INTO tbl_vn_ward (ward_id, district_id, ward_name) VALUES (30196, 875, 'X횄짙 횆혨찼쨩혢nh An');
INSERT INTO tbl_vn_ward (ward_id, district_id, ward_name) VALUES (30199, 875, 'X횄짙 횆혨찼쨩혢nh Y횄짧n');
INSERT INTO tbl_vn_ward (ward_id, district_id, ward_name) VALUES (30202, 875, 'X횄짙 H찼쨩혲i An 횆혨횄쨈ng');
INSERT INTO tbl_vn_ward (ward_id, district_id, ward_name) VALUES (30205, 875, 'X횄짙 B횄짭nh Th찼쨘징nh Trung');
INSERT INTO tbl_vn_district (district_id, province_id, district_name) VALUES (876, 87, 'Huy찼쨩혝n Lai Vung');
INSERT INTO tbl_vn_ward (ward_id, district_id, ward_name) VALUES (30208, 876, 'Th찼쨩혢 tr찼쨘짜n Lai Vung');
INSERT INTO tbl_vn_ward (ward_id, district_id, ward_name) VALUES (30211, 876, 'X횄짙 T횄짖n D횈째횈징ng');
INSERT INTO tbl_vn_ward (ward_id, district_id, ward_name) VALUES (30214, 876, 'X횄짙 H횄짼a Th횄혻nh');
INSERT INTO tbl_vn_ward (ward_id, district_id, ward_name) VALUES (30217, 876, 'X횄짙 Long H찼쨘짯u');
INSERT INTO tbl_vn_ward (ward_id, district_id, ward_name) VALUES (30220, 876, 'X횄짙 T횄짖n Ph횈째찼쨩혴c');
INSERT INTO tbl_vn_ward (ward_id, district_id, ward_name) VALUES (30223, 876, 'X횄짙 H횄짼a Long');
INSERT INTO tbl_vn_ward (ward_id, district_id, ward_name) VALUES (30226, 876, 'X횄짙 T횄짖n Th횄혻nh');
INSERT INTO tbl_vn_ward (ward_id, district_id, ward_name) VALUES (30229, 876, 'X횄짙 Long Th찼쨘짱ng');
INSERT INTO tbl_vn_ward (ward_id, district_id, ward_name) VALUES (30232, 876, 'X횄짙 V횆짤nh Th찼쨩혴i');
INSERT INTO tbl_vn_ward (ward_id, district_id, ward_name) VALUES (30235, 876, 'X횄짙 T횄짖n H횄짼a');
INSERT INTO tbl_vn_ward (ward_id, district_id, ward_name) VALUES (30238, 876, 'X횄짙 횆혨찼쨩혢nh H횄짼a');
INSERT INTO tbl_vn_ward (ward_id, district_id, ward_name) VALUES (30241, 876, 'X횄짙 Phong H횄짼a');
INSERT INTO tbl_vn_district (district_id, province_id, district_name) VALUES (877, 87, 'Huy찼쨩혝n Ch횄짖u Th횄혻nh');
INSERT INTO tbl_vn_ward (ward_id, district_id, ward_name) VALUES (30244, 877, 'Th찼쨩혢 tr찼쨘짜n C횄징i T횄혻u H찼쨘징');
INSERT INTO tbl_vn_ward (ward_id, district_id, ward_name) VALUES (30247, 877, 'X횄짙 An Hi찼쨩혝p');
INSERT INTO tbl_vn_ward (ward_id, district_id, ward_name) VALUES (30250, 877, 'X횄짙 An Nh횈징n');
INSERT INTO tbl_vn_ward (ward_id, district_id, ward_name) VALUES (30253, 877, 'X횄짙 T횄짖n Nhu찼쨘짯n 횆혨횄쨈ng');
INSERT INTO tbl_vn_ward (ward_id, district_id, ward_name) VALUES (30256, 877, 'X횄짙 T횄짖n B횄짭nh');
INSERT INTO tbl_vn_ward (ward_id, district_id, ward_name) VALUES (30259, 877, 'X횄짙 T횄짖n Ph횄쨘 Trung');
INSERT INTO tbl_vn_ward (ward_id, district_id, ward_name) VALUES (30262, 877, 'X횄짙 Ph횄쨘 Long');
INSERT INTO tbl_vn_ward (ward_id, district_id, ward_name) VALUES (30265, 877, 'X횄짙 An Ph횄쨘 Thu찼쨘짯n');
INSERT INTO tbl_vn_ward (ward_id, district_id, ward_name) VALUES (30268, 877, 'X횄짙 Ph횄쨘 H찼쨩짹u');
INSERT INTO tbl_vn_ward (ward_id, district_id, ward_name) VALUES (30271, 877, 'X횄짙 An Kh횄징nh');
INSERT INTO tbl_vn_ward (ward_id, district_id, ward_name) VALUES (30274, 877, 'X횄짙 T횄짖n Ph횄쨘');
INSERT INTO tbl_vn_ward (ward_id, district_id, ward_name) VALUES (30277, 877, 'X횄짙 H횄짼a T횄짖n');
INSERT INTO tbl_vn_province (province_id, province_name) VALUES (89, 'T찼쨩혟nh An Giang');
INSERT INTO tbl_vn_district (district_id, province_id, district_name) VALUES (883, 89, 'Th횄혻nh ph찼쨩혩 Long Xuy횄짧n');
INSERT INTO tbl_vn_ward (ward_id, district_id, ward_name) VALUES (30280, 883, 'Ph횈째찼쨩혶ng M찼쨩쨔 B횄짭nh');
INSERT INTO tbl_vn_ward (ward_id, district_id, ward_name) VALUES (30283, 883, 'Ph횈째찼쨩혶ng M찼쨩쨔 Long');
INSERT INTO tbl_vn_ward (ward_id, district_id, ward_name) VALUES (30286, 883, 'Ph횈째찼쨩혶ng M찼쨩쨔 Xuy횄짧n');
INSERT INTO tbl_vn_ward (ward_id, district_id, ward_name) VALUES (30289, 883, 'Ph횈째찼쨩혶ng B횄짭nh 횆혨찼쨩짤c');
INSERT INTO tbl_vn_ward (ward_id, district_id, ward_name) VALUES (30292, 883, 'Ph횈째찼쨩혶ng B횄짭nh Kh횄징nh');
INSERT INTO tbl_vn_ward (ward_id, district_id, ward_name) VALUES (30295, 883, 'Ph횈째찼쨩혶ng M찼쨩쨔 Ph횈째찼쨩혴c');
INSERT INTO tbl_vn_ward (ward_id, district_id, ward_name) VALUES (30298, 883, 'Ph횈째찼쨩혶ng M찼쨩쨔 Qu횄쩍');
INSERT INTO tbl_vn_ward (ward_id, district_id, ward_name) VALUES (30301, 883, 'Ph횈째찼쨩혶ng M찼쨩쨔 Th찼쨩혴i');
INSERT INTO tbl_vn_ward (ward_id, district_id, ward_name) VALUES (30304, 883, 'Ph횈째찼쨩혶ng M찼쨩쨔 Th찼쨘징nh');
INSERT INTO tbl_vn_ward (ward_id, district_id, ward_name) VALUES (30307, 883, 'Ph횈째찼쨩혶ng M찼쨩쨔 H횄짼a');
INSERT INTO tbl_vn_ward (ward_id, district_id, ward_name) VALUES (30310, 883, 'X횄짙 M찼쨩쨔 Kh횄징nh');
INSERT INTO tbl_vn_ward (ward_id, district_id, ward_name) VALUES (30313, 883, 'X횄짙 M찼쨩쨔 Ho횄혻 H횈째ng');
INSERT INTO tbl_vn_district (district_id, province_id, district_name) VALUES (884, 89, 'Th횄혻nh ph찼쨩혩 Ch횄짖u 횆혨찼쨩혩c');
INSERT INTO tbl_vn_ward (ward_id, district_id, ward_name) VALUES (30316, 884, 'Ph횈째찼쨩혶ng Ch횄짖u Ph횄쨘 B');
INSERT INTO tbl_vn_ward (ward_id, district_id, ward_name) VALUES (30319, 884, 'Ph횈째찼쨩혶ng Ch횄짖u Ph횄쨘 A');
INSERT INTO tbl_vn_ward (ward_id, district_id, ward_name) VALUES (30322, 884, 'Ph횈째찼쨩혶ng V횆짤nh M찼쨩쨔');
INSERT INTO tbl_vn_ward (ward_id, district_id, ward_name) VALUES (30325, 884, 'Ph횈째찼쨩혶ng N횄쨘i Sam');
INSERT INTO tbl_vn_ward (ward_id, district_id, ward_name) VALUES (30328, 884, 'Ph횈째찼쨩혶ng V횆짤nh Ng횈째횈징n');
INSERT INTO tbl_vn_ward (ward_id, district_id, ward_name) VALUES (30331, 884, 'X횄짙 V횆짤nh T찼쨘쩔');
INSERT INTO tbl_vn_ward (ward_id, district_id, ward_name) VALUES (30334, 884, 'X횄짙 V횆짤nh Ch횄짖u');
INSERT INTO tbl_vn_district (district_id, province_id, district_name) VALUES (886, 89, 'Huy찼쨩혝n An Ph횄쨘');
INSERT INTO tbl_vn_ward (ward_id, district_id, ward_name) VALUES (30337, 886, 'Th찼쨩혢 tr찼쨘짜n An Ph횄쨘');
INSERT INTO tbl_vn_ward (ward_id, district_id, ward_name) VALUES (30340, 886, 'X횄짙 Kh횄징nh An');
INSERT INTO tbl_vn_ward (ward_id, district_id, ward_name) VALUES (30341, 886, 'Th찼쨩혢 tr찼쨘짜n Long B횄짭nh');
INSERT INTO tbl_vn_ward (ward_id, district_id, ward_name) VALUES (30343, 886, 'X횄짙 Kh횄징nh B횄짭nh');
INSERT INTO tbl_vn_ward (ward_id, district_id, ward_name) VALUES (30346, 886, 'X횄짙 Qu찼쨩혩c Th횄징i');
INSERT INTO tbl_vn_ward (ward_id, district_id, ward_name) VALUES (30349, 886, 'X횄짙 Nh횈징n H찼쨩혲i');
INSERT INTO tbl_vn_ward (ward_id, district_id, ward_name) VALUES (30352, 886, 'X횄짙 Ph횄쨘 H찼쨩짱u');
INSERT INTO tbl_vn_ward (ward_id, district_id, ward_name) VALUES (30355, 886, 'X횄짙 Ph횄쨘 H찼쨩혲i');
INSERT INTO tbl_vn_ward (ward_id, district_id, ward_name) VALUES (30358, 886, 'X횄짙 Ph횈째찼쨩혴c H횈째ng');
INSERT INTO tbl_vn_ward (ward_id, district_id, ward_name) VALUES (30361, 886, 'X횄짙 V횆짤nh L찼쨩혲c');
INSERT INTO tbl_vn_ward (ward_id, district_id, ward_name) VALUES (30364, 886, 'X횄짙 V횆짤nh H찼쨘짯u');
INSERT INTO tbl_vn_ward (ward_id, district_id, ward_name) VALUES (30367, 886, 'X횄짙 V횆짤nh Tr횈째찼쨩혶ng');
INSERT INTO tbl_vn_ward (ward_id, district_id, ward_name) VALUES (30370, 886, 'X횄짙 V횆짤nh H찼쨩혲i 횆혨횄쨈ng');
INSERT INTO tbl_vn_ward (ward_id, district_id, ward_name) VALUES (30373, 886, 'Th찼쨩혢 tr찼쨘짜n 횆혨a Ph횈째찼쨩혴c');
INSERT INTO tbl_vn_district (district_id, province_id, district_name) VALUES (887, 89, 'Th찼쨩혢 x횄짙 T횄짖n Ch횄짖u');
INSERT INTO tbl_vn_ward (ward_id, district_id, ward_name) VALUES (30376, 887, 'Ph횈째찼쨩혶ng Long Th찼쨘징nh');
INSERT INTO tbl_vn_ward (ward_id, district_id, ward_name) VALUES (30377, 887, 'Ph횈째찼쨩혶ng Long H횈째ng');
INSERT INTO tbl_vn_ward (ward_id, district_id, ward_name) VALUES (30378, 887, 'Ph횈째찼쨩혶ng Long Ch횄짖u');
INSERT INTO tbl_vn_ward (ward_id, district_id, ward_name) VALUES (30379, 887, 'X횄짙 Ph횄쨘 L찼쨩혲c');
INSERT INTO tbl_vn_ward (ward_id, district_id, ward_name) VALUES (30382, 887, 'X횄짙 V횆짤nh X횈째횈징ng');
INSERT INTO tbl_vn_ward (ward_id, district_id, ward_name) VALUES (30385, 887, 'X횄짙 V횆짤nh H횄짼a');
INSERT INTO tbl_vn_ward (ward_id, district_id, ward_name) VALUES (30387, 887, 'X횄짙 T횄짖n Th찼쨘징nh');
INSERT INTO tbl_vn_ward (ward_id, district_id, ward_name) VALUES (30388, 887, 'X횄짙 T횄짖n An');
INSERT INTO tbl_vn_ward (ward_id, district_id, ward_name) VALUES (30391, 887, 'X횄짙 Long An');
INSERT INTO tbl_vn_ward (ward_id, district_id, ward_name) VALUES (30394, 887, 'Ph횈째찼쨩혶ng Long Ph횄쨘');
INSERT INTO tbl_vn_ward (ward_id, district_id, ward_name) VALUES (30397, 887, 'X횄짙 Ch횄짖u Phong');
INSERT INTO tbl_vn_ward (ward_id, district_id, ward_name) VALUES (30400, 887, 'X횄짙 Ph횄쨘 V횆짤nh');
INSERT INTO tbl_vn_ward (ward_id, district_id, ward_name) VALUES (30403, 887, 'X횄짙 L횄짧 Ch횄징nh');
INSERT INTO tbl_vn_ward (ward_id, district_id, ward_name) VALUES (30412, 887, 'Ph횈째찼쨩혶ng Long S횈징n');
INSERT INTO tbl_vn_district (district_id, province_id, district_name) VALUES (888, 89, 'Huy찼쨩혝n Ph횄쨘 T횄짖n');
INSERT INTO tbl_vn_ward (ward_id, district_id, ward_name) VALUES (30406, 888, 'Th찼쨩혢 tr찼쨘짜n Ph횄쨘 M찼쨩쨔');
INSERT INTO tbl_vn_ward (ward_id, district_id, ward_name) VALUES (30409, 888, 'Th찼쨩혢 tr찼쨘짜n Ch찼쨩짙 V횄혻m');
INSERT INTO tbl_vn_ward (ward_id, district_id, ward_name) VALUES (30415, 888, 'X횄짙 Long Ho횄혻');
INSERT INTO tbl_vn_ward (ward_id, district_id, ward_name) VALUES (30418, 888, 'X횄짙 Ph횄쨘 Long');
INSERT INTO tbl_vn_ward (ward_id, district_id, ward_name) VALUES (30421, 888, 'X횄짙 Ph횄쨘 L횄짖m');
INSERT INTO tbl_vn_ward (ward_id, district_id, ward_name) VALUES (30424, 888, 'X횄짙 Ph횄쨘 Hi찼쨩혝p');
INSERT INTO tbl_vn_ward (ward_id, district_id, ward_name) VALUES (30427, 888, 'X횄짙 Ph횄쨘 Th찼쨘징nh');
INSERT INTO tbl_vn_ward (ward_id, district_id, ward_name) VALUES (30430, 888, 'X횄짙 Ho횄혻 L찼쨘징c');
INSERT INTO tbl_vn_ward (ward_id, district_id, ward_name) VALUES (30433, 888, 'X횄짙 Ph횄쨘 Th횄혻nh');
INSERT INTO tbl_vn_ward (ward_id, district_id, ward_name) VALUES (30436, 888, 'X횄짙 Ph횄쨘 An');
INSERT INTO tbl_vn_ward (ward_id, district_id, ward_name) VALUES (30439, 888, 'X횄짙 Ph횄쨘 Xu횄짖n');
INSERT INTO tbl_vn_ward (ward_id, district_id, ward_name) VALUES (30442, 888, 'X횄짙 Hi찼쨩혝p X횈째횈징ng');
INSERT INTO tbl_vn_ward (ward_id, district_id, ward_name) VALUES (30445, 888, 'X횄짙 Ph횄쨘 B횄짭nh');
INSERT INTO tbl_vn_ward (ward_id, district_id, ward_name) VALUES (30448, 888, 'X횄짙 Ph횄쨘 Th찼쨩혥');
INSERT INTO tbl_vn_ward (ward_id, district_id, ward_name) VALUES (30451, 888, 'X횄짙 Ph횄쨘 H횈째ng');
INSERT INTO tbl_vn_ward (ward_id, district_id, ward_name) VALUES (30454, 888, 'X횄짙 B횄짭nh Th찼쨘징nh 횆혨횄쨈ng');
INSERT INTO tbl_vn_ward (ward_id, district_id, ward_name) VALUES (30457, 888, 'X횄짙 T횄짖n H횄짼a');
INSERT INTO tbl_vn_ward (ward_id, district_id, ward_name) VALUES (30460, 888, 'X횄짙 T횄짖n Trung');
INSERT INTO tbl_vn_district (district_id, province_id, district_name) VALUES (889, 89, 'Huy찼쨩혝n Ch횄짖u Ph횄쨘');
INSERT INTO tbl_vn_ward (ward_id, district_id, ward_name) VALUES (30463, 889, 'Th찼쨩혢 tr찼쨘짜n C횄징i D찼쨘짠u');
INSERT INTO tbl_vn_ward (ward_id, district_id, ward_name) VALUES (30466, 889, 'X횄짙 Kh횄징nh H횄짼a');
INSERT INTO tbl_vn_ward (ward_id, district_id, ward_name) VALUES (30469, 889, 'X횄짙 M찼쨩쨔 횆혨찼쨩짤c');
INSERT INTO tbl_vn_ward (ward_id, district_id, ward_name) VALUES (30472, 889, 'X횄짙 M찼쨩쨔 Ph횄쨘');
INSERT INTO tbl_vn_ward (ward_id, district_id, ward_name) VALUES (30475, 889, 'X횄짙 횄혬 Long V찼쨩쨔');
INSERT INTO tbl_vn_ward (ward_id, district_id, ward_name) VALUES (30478, 889, 'Th찼쨩혢 tr찼쨘짜n V횆짤nh Th찼쨘징nh Trung');
INSERT INTO tbl_vn_ward (ward_id, district_id, ward_name) VALUES (30481, 889, 'X횄짙 Th찼쨘징nh M찼쨩쨔 T횄짖y');
INSERT INTO tbl_vn_ward (ward_id, district_id, ward_name) VALUES (30484, 889, 'X횄짙 B횄짭nh Long');
INSERT INTO tbl_vn_ward (ward_id, district_id, ward_name) VALUES (30487, 889, 'X횄짙 B횄짭nh M찼쨩쨔');
INSERT INTO tbl_vn_ward (ward_id, district_id, ward_name) VALUES (30490, 889, 'X횄짙 B횄짭nh Th찼쨩짠y');
INSERT INTO tbl_vn_ward (ward_id, district_id, ward_name) VALUES (30493, 889, 'X횄짙 횆혨횄혻o H찼쨩짱u C찼쨘짙nh');
INSERT INTO tbl_vn_ward (ward_id, district_id, ward_name) VALUES (30496, 889, 'X횄짙 B횄짭nh Ph횄쨘');
INSERT INTO tbl_vn_ward (ward_id, district_id, ward_name) VALUES (30499, 889, 'X횄짙 B횄짭nh Ch횄징nh');
INSERT INTO tbl_vn_district (district_id, province_id, district_name) VALUES (890, 89, 'Th찼쨩혢 x횄짙 T찼쨩혢nh Bi횄짧n');
INSERT INTO tbl_vn_ward (ward_id, district_id, ward_name) VALUES (30502, 890, 'Ph횈째찼쨩혶ng Nh횄혻 B횄혻ng');
INSERT INTO tbl_vn_ward (ward_id, district_id, ward_name) VALUES (30505, 890, 'Ph횈째찼쨩혶ng Chi L횆혘ng');
INSERT INTO tbl_vn_ward (ward_id, district_id, ward_name) VALUES (30508, 890, 'Ph횈째찼쨩혶ng N횄쨘i Voi');
INSERT INTO tbl_vn_ward (ward_id, district_id, ward_name) VALUES (30511, 890, 'Ph횈째찼쨩혶ng Nh횈징n H횈째ng');
INSERT INTO tbl_vn_ward (ward_id, district_id, ward_name) VALUES (30514, 890, 'Ph횈째찼쨩혶ng An Ph횄쨘');
INSERT INTO tbl_vn_ward (ward_id, district_id, ward_name) VALUES (30517, 890, 'Ph횈째찼쨩혶ng Th찼쨩혴i S횈징n');
INSERT INTO tbl_vn_ward (ward_id, district_id, ward_name) VALUES (30520, 890, 'Ph횈째찼쨩혶ng T찼쨩혢nh Bi횄짧n');
INSERT INTO tbl_vn_ward (ward_id, district_id, ward_name) VALUES (30523, 890, 'X횄짙 V횆혘n Gi횄징o');
INSERT INTO tbl_vn_ward (ward_id, district_id, ward_name) VALUES (30526, 890, 'X횄짙 An C횈째');
INSERT INTO tbl_vn_ward (ward_id, district_id, ward_name) VALUES (30529, 890, 'X횄짙 An N횄쨈ng');
INSERT INTO tbl_vn_ward (ward_id, district_id, ward_name) VALUES (30532, 890, 'X횄짙 V횆짤nh Trung');
INSERT INTO tbl_vn_ward (ward_id, district_id, ward_name) VALUES (30535, 890, 'X횄짙 T횄짖n L찼쨩짙i');
INSERT INTO tbl_vn_ward (ward_id, district_id, ward_name) VALUES (30538, 890, 'X횄짙 An H찼쨘짙o');
INSERT INTO tbl_vn_ward (ward_id, district_id, ward_name) VALUES (30541, 890, 'X횄짙 T횄짖n L찼쨘짯p');
INSERT INTO tbl_vn_district (district_id, province_id, district_name) VALUES (891, 89, 'Huy찼쨩혝n Tri T횄쨈n');
INSERT INTO tbl_vn_ward (ward_id, district_id, ward_name) VALUES (30544, 891, 'Th찼쨩혢 tr찼쨘짜n Tri T횄쨈n');
INSERT INTO tbl_vn_ward (ward_id, district_id, ward_name) VALUES (30547, 891, 'Th찼쨩혢 tr찼쨘짜n Ba Ch횄쨘c');
INSERT INTO tbl_vn_ward (ward_id, district_id, ward_name) VALUES (30550, 891, 'X횄짙 L찼쨘징c Qu찼쨩혴i');
INSERT INTO tbl_vn_ward (ward_id, district_id, ward_name) VALUES (30553, 891, 'X횄짙 L횄짧 Tr횄짭');
INSERT INTO tbl_vn_ward (ward_id, district_id, ward_name) VALUES (30556, 891, 'X횄짙 V횆짤nh Gia');
INSERT INTO tbl_vn_ward (ward_id, district_id, ward_name) VALUES (30559, 891, 'X횄짙 V횆짤nh Ph횈째찼쨩혴c');
INSERT INTO tbl_vn_ward (ward_id, district_id, ward_name) VALUES (30562, 891, 'X횄짙 Ch횄짖u L횆혘ng');
INSERT INTO tbl_vn_ward (ward_id, district_id, ward_name) VALUES (30565, 891, 'X횄짙 L횈째횈징ng Phi');
INSERT INTO tbl_vn_ward (ward_id, district_id, ward_name) VALUES (30568, 891, 'X횄짙 L횈째횈징ng An Tr횄혻');
INSERT INTO tbl_vn_ward (ward_id, district_id, ward_name) VALUES (30571, 891, 'X횄짙 T횄혻 횆혨찼쨘짙nh');
INSERT INTO tbl_vn_ward (ward_id, district_id, ward_name) VALUES (30574, 891, 'X횄짙 N횄쨘i T횄쨈');
INSERT INTO tbl_vn_ward (ward_id, district_id, ward_name) VALUES (30577, 891, 'X횄짙 An T찼쨩짤c');
INSERT INTO tbl_vn_ward (ward_id, district_id, ward_name) VALUES (30580, 891, 'Th찼쨩혢 tr찼쨘짜n C횄쨈 T횄쨈');
INSERT INTO tbl_vn_ward (ward_id, district_id, ward_name) VALUES (30583, 891, 'X횄짙 T횄짖n Tuy찼쨘쩔n');
INSERT INTO tbl_vn_ward (ward_id, district_id, ward_name) VALUES (30586, 891, 'X횄짙 횄혬 L횄짖m');
INSERT INTO tbl_vn_district (district_id, province_id, district_name) VALUES (892, 89, 'Huy찼쨩혝n Ch횄짖u Th횄혻nh');
INSERT INTO tbl_vn_ward (ward_id, district_id, ward_name) VALUES (30589, 892, 'Th찼쨩혢 tr찼쨘짜n An Ch횄짖u');
INSERT INTO tbl_vn_ward (ward_id, district_id, ward_name) VALUES (30592, 892, 'X횄짙 An H횄짼a');
INSERT INTO tbl_vn_ward (ward_id, district_id, ward_name) VALUES (30595, 892, 'X횄짙 C찼쨘짠n 횆혨횆혘ng');
INSERT INTO tbl_vn_ward (ward_id, district_id, ward_name) VALUES (30598, 892, 'X횄짙 V횆짤nh Hanh');
INSERT INTO tbl_vn_ward (ward_id, district_id, ward_name) VALUES (30601, 892, 'X횄짙 B횄짭nh Th찼쨘징nh');
INSERT INTO tbl_vn_ward (ward_id, district_id, ward_name) VALUES (30604, 892, 'Th찼쨩혢 tr찼쨘짜n V횆짤nh B횄짭nh');
INSERT INTO tbl_vn_ward (ward_id, district_id, ward_name) VALUES (30607, 892, 'X횄짙 B횄짭nh H횄짼a');
INSERT INTO tbl_vn_ward (ward_id, district_id, ward_name) VALUES (30610, 892, 'X횄짙 V횆짤nh An');
INSERT INTO tbl_vn_ward (ward_id, district_id, ward_name) VALUES (30613, 892, 'X횄짙 H횄짼a B횄짭nh Th찼쨘징nh');
INSERT INTO tbl_vn_ward (ward_id, district_id, ward_name) VALUES (30616, 892, 'X횄짙 V횆짤nh L찼쨩짙i');
INSERT INTO tbl_vn_ward (ward_id, district_id, ward_name) VALUES (30619, 892, 'X횄짙 V횆짤nh Nhu찼쨘짯n');
INSERT INTO tbl_vn_ward (ward_id, district_id, ward_name) VALUES (30622, 892, 'X횄짙 T횄짖n Ph횄쨘');
INSERT INTO tbl_vn_ward (ward_id, district_id, ward_name) VALUES (30625, 892, 'X횄짙 V횆짤nh Th횄혻nh');
INSERT INTO tbl_vn_district (district_id, province_id, district_name) VALUES (893, 89, 'Huy찼쨩혝n Ch찼쨩짙 M찼쨩혴i');
INSERT INTO tbl_vn_ward (ward_id, district_id, ward_name) VALUES (30628, 893, 'Th찼쨩혢 tr찼쨘짜n Ch찼쨩짙 M찼쨩혴i');
INSERT INTO tbl_vn_ward (ward_id, district_id, ward_name) VALUES (30631, 893, 'Th찼쨩혢 tr찼쨘짜n M찼쨩쨔 Lu횄쨈ng');
INSERT INTO tbl_vn_ward (ward_id, district_id, ward_name) VALUES (30634, 893, 'X횄짙 Ki찼쨘쩔n An');
INSERT INTO tbl_vn_ward (ward_id, district_id, ward_name) VALUES (30637, 893, 'X횄짙 M찼쨩쨔 H찼쨩혲i 횆혨횄쨈ng');
INSERT INTO tbl_vn_ward (ward_id, district_id, ward_name) VALUES (30640, 893, 'X횄짙 Long 횆혨i찼쨩혖n A');
INSERT INTO tbl_vn_ward (ward_id, district_id, ward_name) VALUES (30643, 893, 'X횄짙 T찼쨘짜n M찼쨩쨔');
INSERT INTO tbl_vn_ward (ward_id, district_id, ward_name) VALUES (30646, 893, 'X횄짙 Long 횆혨i찼쨩혖n B');
INSERT INTO tbl_vn_ward (ward_id, district_id, ward_name) VALUES (30649, 893, 'X횄짙 Ki찼쨘쩔n Th횄혻nh');
INSERT INTO tbl_vn_ward (ward_id, district_id, ward_name) VALUES (30652, 893, 'X횄짙 M찼쨩쨔 Hi찼쨩혝p');
INSERT INTO tbl_vn_ward (ward_id, district_id, ward_name) VALUES (30655, 893, 'X횄짙 M찼쨩쨔 An');
INSERT INTO tbl_vn_ward (ward_id, district_id, ward_name) VALUES (30658, 893, 'X횄짙 Nh횈징n M찼쨩쨔');
INSERT INTO tbl_vn_ward (ward_id, district_id, ward_name) VALUES (30661, 893, 'X횄짙 Long Giang');
INSERT INTO tbl_vn_ward (ward_id, district_id, ward_name) VALUES (30664, 893, 'X횄짙 Long Ki찼쨘쩔n');
INSERT INTO tbl_vn_ward (ward_id, district_id, ward_name) VALUES (30667, 893, 'X횄짙 B횄짭nh Ph횈째찼쨩혴c Xu횄짖n');
INSERT INTO tbl_vn_ward (ward_id, district_id, ward_name) VALUES (30670, 893, 'X횄짙 An Th찼쨘징nh Trung');
INSERT INTO tbl_vn_ward (ward_id, district_id, ward_name) VALUES (30673, 893, 'Th찼쨩혢 tr찼쨘짜n H찼쨩혲i An');
INSERT INTO tbl_vn_ward (ward_id, district_id, ward_name) VALUES (30676, 893, 'X횄짙 H횄짼a B횄짭nh');
INSERT INTO tbl_vn_ward (ward_id, district_id, ward_name) VALUES (30679, 893, 'X횄짙 H횄짼a An');
INSERT INTO tbl_vn_district (district_id, province_id, district_name) VALUES (894, 89, 'Huy찼쨩혝n Tho찼쨘징i S횈징n');
INSERT INTO tbl_vn_ward (ward_id, district_id, ward_name) VALUES (30682, 894, 'Th찼쨩혢 tr찼쨘짜n N횄쨘i S찼쨘짯p');
INSERT INTO tbl_vn_ward (ward_id, district_id, ward_name) VALUES (30685, 894, 'Th찼쨩혢 tr찼쨘짜n Ph횄쨘 Ho횄혻');
INSERT INTO tbl_vn_ward (ward_id, district_id, ward_name) VALUES (30688, 894, 'Th찼쨩혢 tr찼쨘짜n 횄혫c Eo');
INSERT INTO tbl_vn_ward (ward_id, district_id, ward_name) VALUES (30691, 894, 'X횄짙 T횄짖y Ph횄쨘');
INSERT INTO tbl_vn_ward (ward_id, district_id, ward_name) VALUES (30692, 894, 'X횄짙 An B횄짭nh');
INSERT INTO tbl_vn_ward (ward_id, district_id, ward_name) VALUES (30694, 894, 'X횄짙 V횆짤nh Ph횄쨘');
INSERT INTO tbl_vn_ward (ward_id, district_id, ward_name) VALUES (30697, 894, 'X횄짙 V횆짤nh Tr찼쨘징ch');
INSERT INTO tbl_vn_ward (ward_id, district_id, ward_name) VALUES (30700, 894, 'X횄짙 Ph횄쨘 Thu찼쨘짯n');
INSERT INTO tbl_vn_ward (ward_id, district_id, ward_name) VALUES (30703, 894, 'X횄짙 V횆짤nh Ch횄징nh');
INSERT INTO tbl_vn_ward (ward_id, district_id, ward_name) VALUES (30706, 894, 'X횄짙 횆혨찼쨩혢nh M찼쨩쨔');
INSERT INTO tbl_vn_ward (ward_id, district_id, ward_name) VALUES (30709, 894, 'X횄짙 횆혨찼쨩혢nh Th횄혻nh');
INSERT INTO tbl_vn_ward (ward_id, district_id, ward_name) VALUES (30712, 894, 'X횄짙 M찼쨩쨔 Ph횄쨘 횆혨횄쨈ng');
INSERT INTO tbl_vn_ward (ward_id, district_id, ward_name) VALUES (30715, 894, 'X횄짙 V찼쨩혥ng 횆혨횄쨈ng');
INSERT INTO tbl_vn_ward (ward_id, district_id, ward_name) VALUES (30718, 894, 'X횄짙 V횆짤nh Kh횄징nh');
INSERT INTO tbl_vn_ward (ward_id, district_id, ward_name) VALUES (30721, 894, 'X횄짙 Tho찼쨘징i Giang');
INSERT INTO tbl_vn_ward (ward_id, district_id, ward_name) VALUES (30724, 894, 'X횄짙 B횄짭nh Th횄혻nh');
INSERT INTO tbl_vn_ward (ward_id, district_id, ward_name) VALUES (30727, 894, 'X횄짙 V찼쨩혥ng Th횄짧');
INSERT INTO tbl_vn_province (province_id, province_name) VALUES (91, 'T찼쨩혟nh Ki횄짧n Giang');
INSERT INTO tbl_vn_district (district_id, province_id, district_name) VALUES (899, 91, 'Th횄혻nh ph찼쨩혩 R찼쨘징ch Gi횄징');
INSERT INTO tbl_vn_ward (ward_id, district_id, ward_name) VALUES (30733, 899, 'Ph횈째찼쨩혶ng V횆짤nh Thanh');
INSERT INTO tbl_vn_ward (ward_id, district_id, ward_name) VALUES (30736, 899, 'Ph횈째찼쨩혶ng V횆짤nh Quang');
INSERT INTO tbl_vn_ward (ward_id, district_id, ward_name) VALUES (30739, 899, 'Ph횈째찼쨩혶ng V횆짤nh Hi찼쨩혝p');
INSERT INTO tbl_vn_ward (ward_id, district_id, ward_name) VALUES (30742, 899, 'Ph횈째찼쨩혶ng V횆짤nh Thanh V횄짖n');
INSERT INTO tbl_vn_ward (ward_id, district_id, ward_name) VALUES (30745, 899, 'Ph횈째찼쨩혶ng V횆짤nh L찼쨘징c');
INSERT INTO tbl_vn_ward (ward_id, district_id, ward_name) VALUES (30748, 899, 'Ph횈째찼쨩혶ng An H횄짼a');
INSERT INTO tbl_vn_ward (ward_id, district_id, ward_name) VALUES (30751, 899, 'Ph횈째찼쨩혶ng An B횄짭nh');
INSERT INTO tbl_vn_ward (ward_id, district_id, ward_name) VALUES (30754, 899, 'Ph횈째찼쨩혶ng R찼쨘징ch S찼쨩혧i');
INSERT INTO tbl_vn_ward (ward_id, district_id, ward_name) VALUES (30757, 899, 'Ph횈째찼쨩혶ng V횆짤nh L찼쨩짙i');
INSERT INTO tbl_vn_ward (ward_id, district_id, ward_name) VALUES (30760, 899, 'Ph횈째찼쨩혶ng V횆짤nh Th횄쨈ng');
INSERT INTO tbl_vn_ward (ward_id, district_id, ward_name) VALUES (30763, 899, 'X횄짙 Phi Th횄쨈ng');
INSERT INTO tbl_vn_district (district_id, province_id, district_name) VALUES (900, 91, 'Th횄혻nh ph찼쨩혩 H횄혻 Ti횄짧n');
INSERT INTO tbl_vn_ward (ward_id, district_id, ward_name) VALUES (30766, 900, 'Ph횈째찼쨩혶ng T횄쨈 Ch횄짖u');
INSERT INTO tbl_vn_ward (ward_id, district_id, ward_name) VALUES (30769, 900, 'Ph횈째찼쨩혶ng 횆혨횄쨈ng H찼쨩혫');
INSERT INTO tbl_vn_ward (ward_id, district_id, ward_name) VALUES (30772, 900, 'Ph횈째찼쨩혶ng B횄짭nh San');
INSERT INTO tbl_vn_ward (ward_id, district_id, ward_name) VALUES (30775, 900, 'Ph횈째찼쨩혶ng Ph횄징o 횆혨횄혻i');
INSERT INTO tbl_vn_ward (ward_id, district_id, ward_name) VALUES (30778, 900, 'Ph횈째찼쨩혶ng M찼쨩쨔 횆혨찼쨩짤c');
INSERT INTO tbl_vn_ward (ward_id, district_id, ward_name) VALUES (30781, 900, 'X횄짙 Ti횄짧n H찼쨘짙i');
INSERT INTO tbl_vn_ward (ward_id, district_id, ward_name) VALUES (30784, 900, 'X횄짙 Thu찼쨘짯n Y횄짧n');
INSERT INTO tbl_vn_district (district_id, province_id, district_name) VALUES (902, 91, 'Huy찼쨩혝n Ki횄짧n L횈째횈징ng');
INSERT INTO tbl_vn_ward (ward_id, district_id, ward_name) VALUES (30787, 902, 'Th찼쨩혢 tr찼쨘짜n Ki횄짧n L횈째횈징ng');
INSERT INTO tbl_vn_ward (ward_id, district_id, ward_name) VALUES (30790, 902, 'X횄짙 Ki횄짧n B횄짭nh');
INSERT INTO tbl_vn_ward (ward_id, district_id, ward_name) VALUES (30802, 902, 'X횄짙 H횄짼a 횆혨i찼쨩혖n');
INSERT INTO tbl_vn_ward (ward_id, district_id, ward_name) VALUES (30805, 902, 'X횄짙 D횈째횈징ng H횄짼a');
INSERT INTO tbl_vn_ward (ward_id, district_id, ward_name) VALUES (30808, 902, 'X횄짙 B횄짭nh An');
INSERT INTO tbl_vn_ward (ward_id, district_id, ward_name) VALUES (30809, 902, 'X횄짙 B횄짭nh Tr찼쨩혢');
INSERT INTO tbl_vn_ward (ward_id, district_id, ward_name) VALUES (30811, 902, 'X횄짙 S횈징n H찼쨘짙i');
INSERT INTO tbl_vn_ward (ward_id, district_id, ward_name) VALUES (30814, 902, 'X횄짙 H횄짼n Ngh찼쨩혝');
INSERT INTO tbl_vn_district (district_id, province_id, district_name) VALUES (903, 91, 'Huy찼쨩혝n H횄짼n 횆혨찼쨘짜t');
INSERT INTO tbl_vn_ward (ward_id, district_id, ward_name) VALUES (30817, 903, 'Th찼쨩혢 tr찼쨘짜n H횄짼n 횆혨찼쨘짜t');
INSERT INTO tbl_vn_ward (ward_id, district_id, ward_name) VALUES (30820, 903, 'Th찼쨩혢 tr찼쨘짜n S횄쨀c S횈징n');
INSERT INTO tbl_vn_ward (ward_id, district_id, ward_name) VALUES (30823, 903, 'X횄짙 B횄짭nh S횈징n');
INSERT INTO tbl_vn_ward (ward_id, district_id, ward_name) VALUES (30826, 903, 'X횄짙 B횄짭nh Giang');
INSERT INTO tbl_vn_ward (ward_id, district_id, ward_name) VALUES (30828, 903, 'X횄짙 M찼쨩쨔 Th횄징i');
INSERT INTO tbl_vn_ward (ward_id, district_id, ward_name) VALUES (30829, 903, 'X횄짙 Nam Th횄징i S횈징n');
INSERT INTO tbl_vn_ward (ward_id, district_id, ward_name) VALUES (30832, 903, 'X횄짙 M찼쨩쨔 Hi찼쨩혝p S횈징n');
INSERT INTO tbl_vn_ward (ward_id, district_id, ward_name) VALUES (30835, 903, 'X횄짙 S횈징n Ki횄짧n');
INSERT INTO tbl_vn_ward (ward_id, district_id, ward_name) VALUES (30836, 903, 'X횄짙 S횈징n B횄짭nh');
INSERT INTO tbl_vn_ward (ward_id, district_id, ward_name) VALUES (30838, 903, 'X횄짙 M찼쨩쨔 Thu찼쨘짯n');
INSERT INTO tbl_vn_ward (ward_id, district_id, ward_name) VALUES (30840, 903, 'X횄짙 L횄짭nh Hu찼쨩쨀nh');
INSERT INTO tbl_vn_ward (ward_id, district_id, ward_name) VALUES (30841, 903, 'X횄짙 Th찼쨩혮 S횈징n');
INSERT INTO tbl_vn_ward (ward_id, district_id, ward_name) VALUES (30844, 903, 'X횄짙 M찼쨩쨔 L횄짖m');
INSERT INTO tbl_vn_ward (ward_id, district_id, ward_name) VALUES (30847, 903, 'X횄짙 M찼쨩쨔 Ph횈째찼쨩혴c');
INSERT INTO tbl_vn_district (district_id, province_id, district_name) VALUES (904, 91, 'Huy찼쨩혝n T횄짖n Hi찼쨩혝p');
INSERT INTO tbl_vn_ward (ward_id, district_id, ward_name) VALUES (30850, 904, 'Th찼쨩혢 tr찼쨘짜n T횄짖n Hi찼쨩혝p');
INSERT INTO tbl_vn_ward (ward_id, district_id, ward_name) VALUES (30853, 904, 'X횄짙 T횄짖n H찼쨩혲i');
INSERT INTO tbl_vn_ward (ward_id, district_id, ward_name) VALUES (30856, 904, 'X횄짙 T횄짖n Th횄혻nh');
INSERT INTO tbl_vn_ward (ward_id, district_id, ward_name) VALUES (30859, 904, 'X횄짙 T횄짖n Hi찼쨩혝p B');
INSERT INTO tbl_vn_ward (ward_id, district_id, ward_name) VALUES (30860, 904, 'X횄짙 T횄짖n Ho횄혻');
INSERT INTO tbl_vn_ward (ward_id, district_id, ward_name) VALUES (30862, 904, 'X횄짙 Th찼쨘징nh 횆혨횄쨈ng B');
INSERT INTO tbl_vn_ward (ward_id, district_id, ward_name) VALUES (30865, 904, 'X횄짙 Th찼쨘징nh 횆혨횄쨈ng');
INSERT INTO tbl_vn_ward (ward_id, district_id, ward_name) VALUES (30868, 904, 'X횄짙 T횄짖n Hi찼쨩혝p A');
INSERT INTO tbl_vn_ward (ward_id, district_id, ward_name) VALUES (30871, 904, 'X횄짙 T횄짖n An');
INSERT INTO tbl_vn_ward (ward_id, district_id, ward_name) VALUES (30874, 904, 'X횄짙 Th찼쨘징nh 횆혨횄쨈ng A');
INSERT INTO tbl_vn_ward (ward_id, district_id, ward_name) VALUES (30877, 904, 'X횄짙 Th찼쨘징nh Tr찼쨩혢');
INSERT INTO tbl_vn_district (district_id, province_id, district_name) VALUES (905, 91, 'Huy찼쨩혝n Ch횄짖u Th횄혻nh');
INSERT INTO tbl_vn_ward (ward_id, district_id, ward_name) VALUES (30880, 905, 'Th찼쨩혢 tr찼쨘짜n Minh L횈째횈징ng');
INSERT INTO tbl_vn_ward (ward_id, district_id, ward_name) VALUES (30883, 905, 'X횄짙 Mong Th찼쨩혥 A');
INSERT INTO tbl_vn_ward (ward_id, district_id, ward_name) VALUES (30886, 905, 'X횄짙 Mong Th찼쨩혥 B');
INSERT INTO tbl_vn_ward (ward_id, district_id, ward_name) VALUES (30887, 905, 'X횄짙 Mong Th찼쨩혥');
INSERT INTO tbl_vn_ward (ward_id, district_id, ward_name) VALUES (30889, 905, 'X횄짙 Gi찼쨩짜c T횈째찼쨩짙ng');
INSERT INTO tbl_vn_ward (ward_id, district_id, ward_name) VALUES (30892, 905, 'X횄짙 V횆짤nh H횄짼a Hi찼쨩혝p');
INSERT INTO tbl_vn_ward (ward_id, district_id, ward_name) VALUES (30893, 905, 'X횄짙 V횆짤nh Ho횄혻 Ph횄쨘');
INSERT INTO tbl_vn_ward (ward_id, district_id, ward_name) VALUES (30895, 905, 'X횄짙 Minh H횄짼a');
INSERT INTO tbl_vn_ward (ward_id, district_id, ward_name) VALUES (30898, 905, 'X횄짙 B횄짭nh An');
INSERT INTO tbl_vn_ward (ward_id, district_id, ward_name) VALUES (30901, 905, 'X횄짙 Th찼쨘징nh L찼쨩혲c');
INSERT INTO tbl_vn_district (district_id, province_id, district_name) VALUES (906, 91, 'Huy찼쨩혝n Gi찼쨩혫ng Ri찼쨩혖ng');
INSERT INTO tbl_vn_ward (ward_id, district_id, ward_name) VALUES (30904, 906, 'Th찼쨩혢 tr찼쨘짜n Gi찼쨩혫ng Ri찼쨩혖ng');
INSERT INTO tbl_vn_ward (ward_id, district_id, ward_name) VALUES (30907, 906, 'X횄짙 Th찼쨘징nh H횈째ng');
INSERT INTO tbl_vn_ward (ward_id, district_id, ward_name) VALUES (30910, 906, 'X횄짙 Th찼쨘징nh Ph횈째찼쨩혴c');
INSERT INTO tbl_vn_ward (ward_id, district_id, ward_name) VALUES (30913, 906, 'X횄짙 Th찼쨘징nh L찼쨩혲c');
INSERT INTO tbl_vn_ward (ward_id, district_id, ward_name) VALUES (30916, 906, 'X횄짙 Th찼쨘징nh H횄짼a');
INSERT INTO tbl_vn_ward (ward_id, district_id, ward_name) VALUES (30917, 906, 'X횄짙 Th찼쨘징nh B횄짭nh');
INSERT INTO tbl_vn_ward (ward_id, district_id, ward_name) VALUES (30919, 906, 'X횄짙 B횄혻n Th찼쨘징ch');
INSERT INTO tbl_vn_ward (ward_id, district_id, ward_name) VALUES (30922, 906, 'X횄짙 B횄혻n T횄짖n 횆혨찼쨩혢nh');
INSERT INTO tbl_vn_ward (ward_id, district_id, ward_name) VALUES (30925, 906, 'X횄짙 Ng찼쨩혥c Th횄혻nh');
INSERT INTO tbl_vn_ward (ward_id, district_id, ward_name) VALUES (30928, 906, 'X횄짙 Ng찼쨩혥c Ch횄쨘c');
INSERT INTO tbl_vn_ward (ward_id, district_id, ward_name) VALUES (30931, 906, 'X횄짙 Ng찼쨩혥c Thu찼쨘짯n');
INSERT INTO tbl_vn_ward (ward_id, district_id, ward_name) VALUES (30934, 906, 'X횄짙 H횄짼a H횈째ng');
INSERT INTO tbl_vn_ward (ward_id, district_id, ward_name) VALUES (30937, 906, 'X횄짙 Ho횄혻 L찼쨩짙i');
INSERT INTO tbl_vn_ward (ward_id, district_id, ward_name) VALUES (30940, 906, 'X횄짙 Ho횄혻 An');
INSERT INTO tbl_vn_ward (ward_id, district_id, ward_name) VALUES (30943, 906, 'X횄짙 Long Th찼쨘징nh');
INSERT INTO tbl_vn_ward (ward_id, district_id, ward_name) VALUES (30946, 906, 'X횄짙 V횆짤nh Th찼쨘징nh');
INSERT INTO tbl_vn_ward (ward_id, district_id, ward_name) VALUES (30947, 906, 'X횄짙 V횆짤nh Ph횄쨘');
INSERT INTO tbl_vn_ward (ward_id, district_id, ward_name) VALUES (30949, 906, 'X횄짙 H횄짼a Thu찼쨘짯n');
INSERT INTO tbl_vn_ward (ward_id, district_id, ward_name) VALUES (30950, 906, 'X횄짙 Ng찼쨩혥c Ho횄혻');
INSERT INTO tbl_vn_district (district_id, province_id, district_name) VALUES (907, 91, 'Huy찼쨩혝n G횄짼 Quao');
INSERT INTO tbl_vn_ward (ward_id, district_id, ward_name) VALUES (30952, 907, 'Th찼쨩혢 tr찼쨘짜n G횄짼 Quao');
INSERT INTO tbl_vn_ward (ward_id, district_id, ward_name) VALUES (30955, 907, 'X횄짙 V횆짤nh H횄짼a H횈째ng B찼쨘짱c');
INSERT INTO tbl_vn_ward (ward_id, district_id, ward_name) VALUES (30958, 907, 'X횄짙 횆혨찼쨩혢nh H횄짼a');
INSERT INTO tbl_vn_ward (ward_id, district_id, ward_name) VALUES (30961, 907, 'X횄짙 Th찼쨩혴i Qu찼쨘짙n');
INSERT INTO tbl_vn_ward (ward_id, district_id, ward_name) VALUES (30964, 907, 'X횄짙 횆혨찼쨩혢nh An');
INSERT INTO tbl_vn_ward (ward_id, district_id, ward_name) VALUES (30967, 907, 'X횄짙 Th찼쨩짠y Li찼쨩혚u');
INSERT INTO tbl_vn_ward (ward_id, district_id, ward_name) VALUES (30970, 907, 'X횄짙 V횆짤nh H횄짼a H횈째ng Nam');
INSERT INTO tbl_vn_ward (ward_id, district_id, ward_name) VALUES (30973, 907, 'X횄짙 V횆짤nh Ph횈째찼쨩혴c A');
INSERT INTO tbl_vn_ward (ward_id, district_id, ward_name) VALUES (30976, 907, 'X횄짙 V횆짤nh Ph횈째찼쨩혴c B');
INSERT INTO tbl_vn_ward (ward_id, district_id, ward_name) VALUES (30979, 907, 'X횄짙 V횆짤nh Tuy');
INSERT INTO tbl_vn_ward (ward_id, district_id, ward_name) VALUES (30982, 907, 'X횄짙 V횆짤nh Th찼쨘짱ng');
INSERT INTO tbl_vn_district (district_id, province_id, district_name) VALUES (908, 91, 'Huy찼쨩혝n An Bi횄짧n');
INSERT INTO tbl_vn_ward (ward_id, district_id, ward_name) VALUES (30985, 908, 'Th찼쨩혢 tr찼쨘짜n Th찼쨩짤 Ba');
INSERT INTO tbl_vn_ward (ward_id, district_id, ward_name) VALUES (30988, 908, 'X횄짙 T횄짖y Y횄짧n');
INSERT INTO tbl_vn_ward (ward_id, district_id, ward_name) VALUES (30991, 908, 'X횄짙 T횄짖y Y횄짧n A');
INSERT INTO tbl_vn_ward (ward_id, district_id, ward_name) VALUES (30994, 908, 'X횄짙 Nam Y횄짧n');
INSERT INTO tbl_vn_ward (ward_id, district_id, ward_name) VALUES (30997, 908, 'X횄짙 H횈째ng Y횄짧n');
INSERT INTO tbl_vn_ward (ward_id, district_id, ward_name) VALUES (31000, 908, 'X횄짙 Nam Th횄징i');
INSERT INTO tbl_vn_ward (ward_id, district_id, ward_name) VALUES (31003, 908, 'X횄짙 Nam Th횄징i A');
INSERT INTO tbl_vn_ward (ward_id, district_id, ward_name) VALUES (31006, 908, 'X횄짙 횆혨횄쨈ng Th횄징i');
INSERT INTO tbl_vn_ward (ward_id, district_id, ward_name) VALUES (31009, 908, 'X횄짙 횆혨횄쨈ng Y횄짧n');
INSERT INTO tbl_vn_district (district_id, province_id, district_name) VALUES (909, 91, 'Huy찼쨩혝n An Minh');
INSERT INTO tbl_vn_ward (ward_id, district_id, ward_name) VALUES (31018, 909, 'Th찼쨩혢 tr찼쨘짜n Th찼쨩짤 M횈째찼쨩혶i M찼쨩혲t');
INSERT INTO tbl_vn_ward (ward_id, district_id, ward_name) VALUES (31021, 909, 'X횄짙 Thu찼쨘짯n Ho횄혻');
INSERT INTO tbl_vn_ward (ward_id, district_id, ward_name) VALUES (31024, 909, 'X횄짙 횆혨횄쨈ng H횄짼a');
INSERT INTO tbl_vn_ward (ward_id, district_id, ward_name) VALUES (31030, 909, 'X횄짙 횆혨횄쨈ng Th찼쨘징nh');
INSERT INTO tbl_vn_ward (ward_id, district_id, ward_name) VALUES (31031, 909, 'X횄짙 T횄짖n Th찼쨘징nh');
INSERT INTO tbl_vn_ward (ward_id, district_id, ward_name) VALUES (31033, 909, 'X횄짙 횆혨횄쨈ng H횈째ng');
INSERT INTO tbl_vn_ward (ward_id, district_id, ward_name) VALUES (31036, 909, 'X횄짙 횆혨횄쨈ng H횈째ng A');
INSERT INTO tbl_vn_ward (ward_id, district_id, ward_name) VALUES (31039, 909, 'X횄짙 횆혨횄쨈ng H횈째ng B');
INSERT INTO tbl_vn_ward (ward_id, district_id, ward_name) VALUES (31042, 909, 'X횄짙 V횄짖n Kh횄징nh');
INSERT INTO tbl_vn_ward (ward_id, district_id, ward_name) VALUES (31045, 909, 'X횄짙 V횄짖n Kh횄징nh 횆혨횄쨈ng');
INSERT INTO tbl_vn_ward (ward_id, district_id, ward_name) VALUES (31048, 909, 'X횄짙 V횄짖n Kh횄징nh T횄짖y');
INSERT INTO tbl_vn_district (district_id, province_id, district_name) VALUES (910, 91, 'Huy찼쨩혝n V횆짤nh Thu찼쨘짯n');
INSERT INTO tbl_vn_ward (ward_id, district_id, ward_name) VALUES (31051, 910, 'Th찼쨩혢 tr찼쨘짜n V횆짤nh Thu찼쨘짯n');
INSERT INTO tbl_vn_ward (ward_id, district_id, ward_name) VALUES (31060, 910, 'X횄짙 V횆짤nh B횄짭nh B찼쨘짱c');
INSERT INTO tbl_vn_ward (ward_id, district_id, ward_name) VALUES (31063, 910, 'X횄짙 V횆짤nh B횄짭nh Nam');
INSERT INTO tbl_vn_ward (ward_id, district_id, ward_name) VALUES (31064, 910, 'X횄짙 B횄짭nh Minh');
INSERT INTO tbl_vn_ward (ward_id, district_id, ward_name) VALUES (31069, 910, 'X횄짙 V횆짤nh Thu찼쨘짯n');
INSERT INTO tbl_vn_ward (ward_id, district_id, ward_name) VALUES (31072, 910, 'X횄짙 T횄짖n Thu찼쨘짯n');
INSERT INTO tbl_vn_ward (ward_id, district_id, ward_name) VALUES (31074, 910, 'X횄짙 Phong 횆혨횄쨈ng');
INSERT INTO tbl_vn_ward (ward_id, district_id, ward_name) VALUES (31075, 910, 'X횄짙 V횆짤nh Phong');
INSERT INTO tbl_vn_district (district_id, province_id, district_name) VALUES (911, 91, 'Th횄혻nh ph찼쨩혩 Ph횄쨘 Qu찼쨩혩c');
INSERT INTO tbl_vn_ward (ward_id, district_id, ward_name) VALUES (31078, 911, 'Ph횈째찼쨩혶ng D횈째횈징ng 횆혨횄쨈ng');
INSERT INTO tbl_vn_ward (ward_id, district_id, ward_name) VALUES (31081, 911, 'Ph횈째찼쨩혶ng An Th찼쨩혴i');
INSERT INTO tbl_vn_ward (ward_id, district_id, ward_name) VALUES (31084, 911, 'X횄짙 C찼쨩짯a C찼쨘징n');
INSERT INTO tbl_vn_ward (ward_id, district_id, ward_name) VALUES (31087, 911, 'X횄짙 G횄혻nh D찼쨘짠u');
INSERT INTO tbl_vn_ward (ward_id, district_id, ward_name) VALUES (31090, 911, 'X횄짙 C찼쨩짯a D횈째횈징ng');
INSERT INTO tbl_vn_ward (ward_id, district_id, ward_name) VALUES (31093, 911, 'X횄짙 H횄혻m Ninh');
INSERT INTO tbl_vn_ward (ward_id, district_id, ward_name) VALUES (31096, 911, 'X횄짙 D횈째횈징ng T횈징');
INSERT INTO tbl_vn_ward (ward_id, district_id, ward_name) VALUES (31102, 911, 'X횄짙 B횄짙i Th횈징m');
INSERT INTO tbl_vn_ward (ward_id, district_id, ward_name) VALUES (31105, 911, 'X횄짙 Th찼쨩혮 Ch횄짖u');
INSERT INTO tbl_vn_district (district_id, province_id, district_name) VALUES (912, 91, 'Huy찼쨩혝n Ki횄짧n H찼쨘짙i');
INSERT INTO tbl_vn_ward (ward_id, district_id, ward_name) VALUES (31108, 912, 'X횄짙 H횄짼n Tre');
INSERT INTO tbl_vn_ward (ward_id, district_id, ward_name) VALUES (31111, 912, 'X횄짙 L찼쨘징i S횈징n');
INSERT INTO tbl_vn_ward (ward_id, district_id, ward_name) VALUES (31114, 912, 'X횄짙 An S횈징n');
INSERT INTO tbl_vn_ward (ward_id, district_id, ward_name) VALUES (31115, 912, 'X횄짙 Nam Du');
INSERT INTO tbl_vn_district (district_id, province_id, district_name) VALUES (913, 91, 'Huy찼쨩혝n U Minh Th횈째찼쨩짙ng');
INSERT INTO tbl_vn_ward (ward_id, district_id, ward_name) VALUES (31012, 913, 'X횄짙 Th찼쨘징nh Y횄짧n');
INSERT INTO tbl_vn_ward (ward_id, district_id, ward_name) VALUES (31015, 913, 'X횄짙 Th찼쨘징nh Y횄짧n A');
INSERT INTO tbl_vn_ward (ward_id, district_id, ward_name) VALUES (31027, 913, 'X횄짙 An Minh B찼쨘짱c');
INSERT INTO tbl_vn_ward (ward_id, district_id, ward_name) VALUES (31054, 913, 'X횄짙 V횆짤nh H횄짼a');
INSERT INTO tbl_vn_ward (ward_id, district_id, ward_name) VALUES (31057, 913, 'X횄짙 Ho횄혻 Ch횄징nh');
INSERT INTO tbl_vn_ward (ward_id, district_id, ward_name) VALUES (31066, 913, 'X횄짙 Minh Thu찼쨘짯n');
INSERT INTO tbl_vn_district (district_id, province_id, district_name) VALUES (914, 91, 'Huy찼쨩혝n Giang Th횄혻nh');
INSERT INTO tbl_vn_ward (ward_id, district_id, ward_name) VALUES (30791, 914, 'X횄짙 V횆짤nh Ph횄쨘');
INSERT INTO tbl_vn_ward (ward_id, district_id, ward_name) VALUES (30793, 914, 'X횄짙 V횆짤nh 횆혨i찼쨩혖u');
INSERT INTO tbl_vn_ward (ward_id, district_id, ward_name) VALUES (30796, 914, 'X횄짙 T횄짖n Kh횄징nh H횄짼a');
INSERT INTO tbl_vn_ward (ward_id, district_id, ward_name) VALUES (30797, 914, 'X횄짙 Ph횄쨘 L찼쨩짙i');
INSERT INTO tbl_vn_ward (ward_id, district_id, ward_name) VALUES (30799, 914, 'X횄짙 Ph횄쨘 M찼쨩쨔');
INSERT INTO tbl_vn_province (province_id, province_name) VALUES (92, 'Th횄혻nh ph찼쨩혩 C찼쨘짠n Th횈징');
INSERT INTO tbl_vn_district (district_id, province_id, district_name) VALUES (916, 92, 'Qu찼쨘짯n Ninh Ki찼쨩혖u');
INSERT INTO tbl_vn_ward (ward_id, district_id, ward_name) VALUES (31117, 916, 'Ph횈째찼쨩혶ng C횄징i Kh찼쨘쩔');
INSERT INTO tbl_vn_ward (ward_id, district_id, ward_name) VALUES (31120, 916, 'Ph횈째찼쨩혶ng An H횄짼a');
INSERT INTO tbl_vn_ward (ward_id, district_id, ward_name) VALUES (31123, 916, 'Ph횈째찼쨩혶ng Th찼쨩혴i B횄짭nh');
INSERT INTO tbl_vn_ward (ward_id, district_id, ward_name) VALUES (31135, 916, 'Ph횈째찼쨩혶ng T횄짖n An');
INSERT INTO tbl_vn_ward (ward_id, district_id, ward_name) VALUES (31144, 916, 'Ph횈째찼쨩혶ng Xu횄짖n Kh횄징nh');
INSERT INTO tbl_vn_ward (ward_id, district_id, ward_name) VALUES (31147, 916, 'Ph횈째찼쨩혶ng H횈째ng L찼쨩짙i');
INSERT INTO tbl_vn_ward (ward_id, district_id, ward_name) VALUES (31149, 916, 'Ph횈째찼쨩혶ng An Kh횄징nh');
INSERT INTO tbl_vn_ward (ward_id, district_id, ward_name) VALUES (31150, 916, 'Ph횈째찼쨩혶ng An B횄짭nh');
INSERT INTO tbl_vn_district (district_id, province_id, district_name) VALUES (917, 92, 'Qu찼쨘짯n 횄혬 M횄쨈n');
INSERT INTO tbl_vn_ward (ward_id, district_id, ward_name) VALUES (31153, 917, 'Ph횈째찼쨩혶ng Ch횄짖u V횆혘n Li횄짧m');
INSERT INTO tbl_vn_ward (ward_id, district_id, ward_name) VALUES (31154, 917, 'Ph횈째찼쨩혶ng Th찼쨩혴i H횄짼a');
INSERT INTO tbl_vn_ward (ward_id, district_id, ward_name) VALUES (31156, 917, 'Ph횈째찼쨩혶ng Th찼쨩혴i Long');
INSERT INTO tbl_vn_ward (ward_id, district_id, ward_name) VALUES (31157, 917, 'Ph횈째찼쨩혶ng Long H횈째ng');
INSERT INTO tbl_vn_ward (ward_id, district_id, ward_name) VALUES (31159, 917, 'Ph횈째찼쨩혶ng Th찼쨩혴i An');
INSERT INTO tbl_vn_ward (ward_id, district_id, ward_name) VALUES (31162, 917, 'Ph횈째찼쨩혶ng Ph횈째찼쨩혴c Th찼쨩혴i');
INSERT INTO tbl_vn_ward (ward_id, district_id, ward_name) VALUES (31165, 917, 'Ph횈째찼쨩혶ng Tr횈째찼쨩혶ng L찼쨘징c');
INSERT INTO tbl_vn_district (district_id, province_id, district_name) VALUES (918, 92, 'Qu찼쨘짯n B횄짭nh Thu찼쨩쨌');
INSERT INTO tbl_vn_ward (ward_id, district_id, ward_name) VALUES (31168, 918, 'Ph횈째찼쨩혶ng B횄짭nh Th찼쨩짠y');
INSERT INTO tbl_vn_ward (ward_id, district_id, ward_name) VALUES (31169, 918, 'Ph횈째찼쨩혶ng Tr횄혻 An');
INSERT INTO tbl_vn_ward (ward_id, district_id, ward_name) VALUES (31171, 918, 'Ph횈째찼쨩혶ng Tr횄혻 N횄쨀c');
INSERT INTO tbl_vn_ward (ward_id, district_id, ward_name) VALUES (31174, 918, 'Ph횈째찼쨩혶ng Th찼쨩혴i An 횆혨횄쨈ng');
INSERT INTO tbl_vn_ward (ward_id, district_id, ward_name) VALUES (31177, 918, 'Ph횈째찼쨩혶ng An Th찼쨩혴i');
INSERT INTO tbl_vn_ward (ward_id, district_id, ward_name) VALUES (31178, 918, 'Ph횈째찼쨩혶ng B횄쨔i H찼쨩짱u Ngh횆짤a');
INSERT INTO tbl_vn_ward (ward_id, district_id, ward_name) VALUES (31180, 918, 'Ph횈째찼쨩혶ng Long H횄짼a');
INSERT INTO tbl_vn_ward (ward_id, district_id, ward_name) VALUES (31183, 918, 'Ph횈째찼쨩혶ng Long Tuy찼쨩혖n');
INSERT INTO tbl_vn_district (district_id, province_id, district_name) VALUES (919, 92, 'Qu찼쨘짯n C횄징i R횆혘ng');
INSERT INTO tbl_vn_ward (ward_id, district_id, ward_name) VALUES (31186, 919, 'Ph횈째찼쨩혶ng L횄짧 B횄짭nh');
INSERT INTO tbl_vn_ward (ward_id, district_id, ward_name) VALUES (31189, 919, 'Ph횈째찼쨩혶ng H횈째ng Ph횄쨘');
INSERT INTO tbl_vn_ward (ward_id, district_id, ward_name) VALUES (31192, 919, 'Ph횈째찼쨩혶ng H횈째ng Th찼쨘징nh');
INSERT INTO tbl_vn_ward (ward_id, district_id, ward_name) VALUES (31195, 919, 'Ph횈째찼쨩혶ng Ba L횄징ng');
INSERT INTO tbl_vn_ward (ward_id, district_id, ward_name) VALUES (31198, 919, 'Ph횈째찼쨩혶ng Th횈째찼쨩혶ng Th찼쨘징nh');
INSERT INTO tbl_vn_ward (ward_id, district_id, ward_name) VALUES (31201, 919, 'Ph횈째찼쨩혶ng Ph횄쨘 Th찼쨩짤');
INSERT INTO tbl_vn_ward (ward_id, district_id, ward_name) VALUES (31204, 919, 'Ph횈째찼쨩혶ng T횄짖n Ph횄쨘');
INSERT INTO tbl_vn_district (district_id, province_id, district_name) VALUES (923, 92, 'Qu찼쨘짯n Th찼쨩혩t N찼쨩혩t');
INSERT INTO tbl_vn_ward (ward_id, district_id, ward_name) VALUES (31207, 923, 'Ph횈째찼쨩혶ng Th찼쨩혩t N찼쨩혩t');
INSERT INTO tbl_vn_ward (ward_id, district_id, ward_name) VALUES (31210, 923, 'Ph횈째찼쨩혶ng Th찼쨩혴i Thu찼쨘짯n');
INSERT INTO tbl_vn_ward (ward_id, district_id, ward_name) VALUES (31212, 923, 'Ph횈째찼쨩혶ng Thu찼쨘짯n An');
INSERT INTO tbl_vn_ward (ward_id, district_id, ward_name) VALUES (31213, 923, 'Ph횈째찼쨩혶ng T횄짖n L찼쨩혲c');
INSERT INTO tbl_vn_ward (ward_id, district_id, ward_name) VALUES (31216, 923, 'Ph횈째찼쨩혶ng Trung Nh찼쨩짤t');
INSERT INTO tbl_vn_ward (ward_id, district_id, ward_name) VALUES (31217, 923, 'Ph횈째찼쨩혶ng Th찼쨘징nh Ho횄혻');
INSERT INTO tbl_vn_ward (ward_id, district_id, ward_name) VALUES (31219, 923, 'Ph횈째찼쨩혶ng Trung Ki횄짧n');
INSERT INTO tbl_vn_ward (ward_id, district_id, ward_name) VALUES (31227, 923, 'Ph횈째찼쨩혶ng T횄짖n H횈째ng');
INSERT INTO tbl_vn_ward (ward_id, district_id, ward_name) VALUES (31228, 923, 'Ph횈째찼쨩혶ng Thu찼쨘짯n H횈째ng');
INSERT INTO tbl_vn_district (district_id, province_id, district_name) VALUES (924, 92, 'Huy찼쨩혝n V횆짤nh Th찼쨘징nh');
INSERT INTO tbl_vn_ward (ward_id, district_id, ward_name) VALUES (31211, 924, 'X횄짙 V횆짤nh B횄짭nh');
INSERT INTO tbl_vn_ward (ward_id, district_id, ward_name) VALUES (31231, 924, 'Th찼쨩혢 tr찼쨘짜n Thanh An');
INSERT INTO tbl_vn_ward (ward_id, district_id, ward_name) VALUES (31232, 924, 'Th찼쨩혢 tr찼쨘짜n V횆짤nh Th찼쨘징nh');
INSERT INTO tbl_vn_ward (ward_id, district_id, ward_name) VALUES (31234, 924, 'X횄짙 Th찼쨘징nh M찼쨩쨔');
INSERT INTO tbl_vn_ward (ward_id, district_id, ward_name) VALUES (31237, 924, 'X횄짙 V횆짤nh Trinh');
INSERT INTO tbl_vn_ward (ward_id, district_id, ward_name) VALUES (31240, 924, 'X횄짙 Th찼쨘징nh An');
INSERT INTO tbl_vn_ward (ward_id, district_id, ward_name) VALUES (31241, 924, 'X횄짙 Th찼쨘징nh Ti찼쨘쩔n');
INSERT INTO tbl_vn_ward (ward_id, district_id, ward_name) VALUES (31243, 924, 'X횄짙 Th찼쨘징nh Th찼쨘짱ng');
INSERT INTO tbl_vn_ward (ward_id, district_id, ward_name) VALUES (31244, 924, 'X횄짙 Th찼쨘징nh L찼쨩짙i');
INSERT INTO tbl_vn_ward (ward_id, district_id, ward_name) VALUES (31246, 924, 'X횄짙 Th찼쨘징nh Q횈째찼쨩혴i');
INSERT INTO tbl_vn_ward (ward_id, district_id, ward_name) VALUES (31252, 924, 'X횄짙 Th찼쨘징nh L찼쨩혲c');
INSERT INTO tbl_vn_district (district_id, province_id, district_name) VALUES (925, 92, 'Huy찼쨩혝n C찼쨩혶 횆혨찼쨩혧');
INSERT INTO tbl_vn_ward (ward_id, district_id, ward_name) VALUES (31222, 925, 'X횄짙 Trung An');
INSERT INTO tbl_vn_ward (ward_id, district_id, ward_name) VALUES (31225, 925, 'X횄짙 Trung Th찼쨘징nh');
INSERT INTO tbl_vn_ward (ward_id, district_id, ward_name) VALUES (31249, 925, 'X횄짙 Th찼쨘징nh Ph횄쨘');
INSERT INTO tbl_vn_ward (ward_id, district_id, ward_name) VALUES (31255, 925, 'X횄짙 Trung H횈째ng');
INSERT INTO tbl_vn_ward (ward_id, district_id, ward_name) VALUES (31261, 925, 'Th찼쨩혢 tr찼쨘짜n C찼쨩혶 횆혨찼쨩혧');
INSERT INTO tbl_vn_ward (ward_id, district_id, ward_name) VALUES (31264, 925, 'X횄짙 Th찼쨩혴i H횈째ng');
INSERT INTO tbl_vn_ward (ward_id, district_id, ward_name) VALUES (31273, 925, 'X횄짙 횆혨횄쨈ng Hi찼쨩혝p');
INSERT INTO tbl_vn_ward (ward_id, district_id, ward_name) VALUES (31274, 925, 'X횄짙 횆혨횄쨈ng Th찼쨘짱ng');
INSERT INTO tbl_vn_ward (ward_id, district_id, ward_name) VALUES (31276, 925, 'X횄짙 Th찼쨩혴i 횆혨횄쨈ng');
INSERT INTO tbl_vn_ward (ward_id, district_id, ward_name) VALUES (31277, 925, 'X횄짙 Th찼쨩혴i Xu횄짖n');
INSERT INTO tbl_vn_district (district_id, province_id, district_name) VALUES (926, 92, 'Huy찼쨩혝n Phong 횆혨i찼쨩혖n');
INSERT INTO tbl_vn_ward (ward_id, district_id, ward_name) VALUES (31299, 926, 'Th찼쨩혢 tr찼쨘짜n Phong 횆혨i찼쨩혖n');
INSERT INTO tbl_vn_ward (ward_id, district_id, ward_name) VALUES (31300, 926, 'X횄짙 Nh횈징n 횄혖i');
INSERT INTO tbl_vn_ward (ward_id, district_id, ward_name) VALUES (31303, 926, 'X횄짙 Giai Xu횄짖n');
INSERT INTO tbl_vn_ward (ward_id, district_id, ward_name) VALUES (31306, 926, 'X횄짙 T횄짖n Th찼쨩혴i');
INSERT INTO tbl_vn_ward (ward_id, district_id, ward_name) VALUES (31309, 926, 'X횄짙 Tr횈째찼쨩혶ng Long');
INSERT INTO tbl_vn_ward (ward_id, district_id, ward_name) VALUES (31312, 926, 'X횄짙 M찼쨩쨔 Kh횄징nh');
INSERT INTO tbl_vn_ward (ward_id, district_id, ward_name) VALUES (31315, 926, 'X횄짙 Nh횈징n Ngh횆짤a');
INSERT INTO tbl_vn_district (district_id, province_id, district_name) VALUES (927, 92, 'Huy찼쨩혝n Th찼쨩혴i Lai');
INSERT INTO tbl_vn_ward (ward_id, district_id, ward_name) VALUES (31258, 927, 'Th찼쨩혢 tr찼쨘짜n Th찼쨩혴i Lai');
INSERT INTO tbl_vn_ward (ward_id, district_id, ward_name) VALUES (31267, 927, 'X횄짙 Th찼쨩혴i Th찼쨘징nh');
INSERT INTO tbl_vn_ward (ward_id, district_id, ward_name) VALUES (31268, 927, 'X횄짙 T횄짖n Th찼쨘징nh');
INSERT INTO tbl_vn_ward (ward_id, district_id, ward_name) VALUES (31270, 927, 'X횄짙 Xu횄짖n Th찼쨘짱ng');
INSERT INTO tbl_vn_ward (ward_id, district_id, ward_name) VALUES (31279, 927, 'X횄짙 횆혨횄쨈ng B횄짭nh');
INSERT INTO tbl_vn_ward (ward_id, district_id, ward_name) VALUES (31282, 927, 'X횄짙 횆혨횄쨈ng Thu찼쨘짯n');
INSERT INTO tbl_vn_ward (ward_id, district_id, ward_name) VALUES (31285, 927, 'X횄짙 Th찼쨩혴i T횄짖n');
INSERT INTO tbl_vn_ward (ward_id, district_id, ward_name) VALUES (31286, 927, 'X횄짙 Tr횈째찼쨩혶ng Th찼쨘짱ng');
INSERT INTO tbl_vn_ward (ward_id, district_id, ward_name) VALUES (31288, 927, 'X횄짙 횆혨찼쨩혢nh M횄쨈n');
INSERT INTO tbl_vn_ward (ward_id, district_id, ward_name) VALUES (31291, 927, 'X횄짙 Tr횈째찼쨩혶ng Th횄혻nh');
INSERT INTO tbl_vn_ward (ward_id, district_id, ward_name) VALUES (31294, 927, 'X횄짙 Tr횈째찼쨩혶ng Xu횄짖n');
INSERT INTO tbl_vn_ward (ward_id, district_id, ward_name) VALUES (31297, 927, 'X횄짙 Tr횈째찼쨩혶ng Xu횄짖n A');
INSERT INTO tbl_vn_ward (ward_id, district_id, ward_name) VALUES (31298, 927, 'X횄짙 Tr횈째찼쨩혶ng Xu횄짖n B');
INSERT INTO tbl_vn_province (province_id, province_name) VALUES (93, 'T찼쨩혟nh H찼쨘짯u Giang');
INSERT INTO tbl_vn_district (district_id, province_id, district_name) VALUES (930, 93, 'Th횄혻nh ph찼쨩혩 V찼쨩혢 Thanh');
INSERT INTO tbl_vn_ward (ward_id, district_id, ward_name) VALUES (31318, 930, 'Ph횈째찼쨩혶ng I');
INSERT INTO tbl_vn_ward (ward_id, district_id, ward_name) VALUES (31321, 930, 'Ph횈째찼쨩혶ng III');
INSERT INTO tbl_vn_ward (ward_id, district_id, ward_name) VALUES (31324, 930, 'Ph횈째찼쨩혶ng IV');
INSERT INTO tbl_vn_ward (ward_id, district_id, ward_name) VALUES (31327, 930, 'Ph횈째찼쨩혶ng V');
INSERT INTO tbl_vn_ward (ward_id, district_id, ward_name) VALUES (31330, 930, 'Ph횈째찼쨩혶ng VII');
INSERT INTO tbl_vn_ward (ward_id, district_id, ward_name) VALUES (31333, 930, 'X횄짙 V찼쨩혢 T횄짖n');
INSERT INTO tbl_vn_ward (ward_id, district_id, ward_name) VALUES (31336, 930, 'X횄짙 Ho찼쨘짙 L찼쨩짹u');
INSERT INTO tbl_vn_ward (ward_id, district_id, ward_name) VALUES (31338, 930, 'X횄짙 T횄짖n Ti찼쨘쩔n');
INSERT INTO tbl_vn_ward (ward_id, district_id, ward_name) VALUES (31339, 930, 'X횄짙 Ho찼쨘짙 Ti찼쨘쩔n');
INSERT INTO tbl_vn_district (district_id, province_id, district_name) VALUES (931, 93, 'Th횄혻nh ph찼쨩혩 Ng횄짙 B찼쨘짙y');
INSERT INTO tbl_vn_ward (ward_id, district_id, ward_name) VALUES (31340, 931, 'Ph횈째찼쨩혶ng Ng횄짙 B찼쨘짙y');
INSERT INTO tbl_vn_ward (ward_id, district_id, ward_name) VALUES (31341, 931, 'Ph횈째찼쨩혶ng L횄징i Hi찼쨘쩔u');
INSERT INTO tbl_vn_ward (ward_id, district_id, ward_name) VALUES (31343, 931, 'Ph횈째찼쨩혶ng Hi찼쨩혝p Th횄혻nh');
INSERT INTO tbl_vn_ward (ward_id, district_id, ward_name) VALUES (31344, 931, 'Ph횈째찼쨩혶ng Hi찼쨩혝p L찼쨩짙i');
INSERT INTO tbl_vn_ward (ward_id, district_id, ward_name) VALUES (31411, 931, 'X횄짙 횆혨찼쨘징i Th횄혻nh');
INSERT INTO tbl_vn_ward (ward_id, district_id, ward_name) VALUES (31414, 931, 'X횄짙 T횄짖n Th횄혻nh');
INSERT INTO tbl_vn_district (district_id, province_id, district_name) VALUES (932, 93, 'Huy찼쨩혝n Ch횄짖u Th횄혻nh A');
INSERT INTO tbl_vn_ward (ward_id, district_id, ward_name) VALUES (31342, 932, 'Th찼쨩혢 tr찼쨘짜n M찼쨩혲t Ng횄혻n');
INSERT INTO tbl_vn_ward (ward_id, district_id, ward_name) VALUES (31345, 932, 'X횄짙 T횄짖n Ho횄혻');
INSERT INTO tbl_vn_ward (ward_id, district_id, ward_name) VALUES (31346, 932, 'Th찼쨩혢 tr찼쨘짜n B찼쨘짙y Ng횄혻n');
INSERT INTO tbl_vn_ward (ward_id, district_id, ward_name) VALUES (31348, 932, 'X횄짙 Tr횈째찼쨩혶ng Long T횄짖y');
INSERT INTO tbl_vn_ward (ward_id, district_id, ward_name) VALUES (31351, 932, 'X횄짙 Tr횈째찼쨩혶ng Long A');
INSERT INTO tbl_vn_ward (ward_id, district_id, ward_name) VALUES (31357, 932, 'X횄짙 Nh횈징n Ngh횆짤a A');
INSERT INTO tbl_vn_ward (ward_id, district_id, ward_name) VALUES (31359, 932, 'Th찼쨩혢 tr찼쨘짜n R찼쨘징ch G횄짼i');
INSERT INTO tbl_vn_ward (ward_id, district_id, ward_name) VALUES (31360, 932, 'X횄짙 Th찼쨘징nh Xu횄짖n');
INSERT INTO tbl_vn_ward (ward_id, district_id, ward_name) VALUES (31362, 932, 'Th찼쨩혢 tr찼쨘짜n C횄징i T찼쨘짱c');
INSERT INTO tbl_vn_ward (ward_id, district_id, ward_name) VALUES (31363, 932, 'X횄짙 T횄짖n Ph횄쨘 Th찼쨘징nh');
INSERT INTO tbl_vn_district (district_id, province_id, district_name) VALUES (933, 93, 'Huy찼쨩혝n Ch횄짖u Th횄혻nh');
INSERT INTO tbl_vn_ward (ward_id, district_id, ward_name) VALUES (31366, 933, 'Th찼쨩혢 tr찼쨘짜n Ng횄짙 S횄징u');
INSERT INTO tbl_vn_ward (ward_id, district_id, ward_name) VALUES (31369, 933, 'X횄짙 횆혨횄쨈ng Th찼쨘징nh');
INSERT INTO tbl_vn_ward (ward_id, district_id, ward_name) VALUES (31375, 933, 'X횄짙 횆혨횄쨈ng Ph횄쨘');
INSERT INTO tbl_vn_ward (ward_id, district_id, ward_name) VALUES (31378, 933, 'X횄짙 Ph횄쨘 H찼쨩짱u');
INSERT INTO tbl_vn_ward (ward_id, district_id, ward_name) VALUES (31379, 933, 'X횄짙 Ph횄쨘 T횄짖n');
INSERT INTO tbl_vn_ward (ward_id, district_id, ward_name) VALUES (31381, 933, 'Th찼쨩혢 tr찼쨘짜n M횄징i D찼쨘짠m');
INSERT INTO tbl_vn_ward (ward_id, district_id, ward_name) VALUES (31384, 933, 'X횄짙 횆혨횄쨈ng Ph횈째찼쨩혴c');
INSERT INTO tbl_vn_ward (ward_id, district_id, ward_name) VALUES (31387, 933, 'X횄짙 횆혨횄쨈ng Ph횈째찼쨩혴c A');
INSERT INTO tbl_vn_district (district_id, province_id, district_name) VALUES (934, 93, 'Huy찼쨩혝n Ph찼쨩짜ng Hi찼쨩혝p');
INSERT INTO tbl_vn_ward (ward_id, district_id, ward_name) VALUES (31393, 934, 'Th찼쨩혢 tr찼쨘짜n Kinh C횄쨔ng');
INSERT INTO tbl_vn_ward (ward_id, district_id, ward_name) VALUES (31396, 934, 'Th찼쨩혢 tr찼쨘짜n C횄짖y D횈째횈징ng');
INSERT INTO tbl_vn_ward (ward_id, district_id, ward_name) VALUES (31399, 934, 'X횄짙 T횄짖n B횄짭nh');
INSERT INTO tbl_vn_ward (ward_id, district_id, ward_name) VALUES (31402, 934, 'X횄짙 B횄짭nh Th횄혻nh');
INSERT INTO tbl_vn_ward (ward_id, district_id, ward_name) VALUES (31405, 934, 'X횄짙 Th찼쨘징nh H횄짼a');
INSERT INTO tbl_vn_ward (ward_id, district_id, ward_name) VALUES (31408, 934, 'X횄짙 Long Th찼쨘징nh');
INSERT INTO tbl_vn_ward (ward_id, district_id, ward_name) VALUES (31417, 934, 'X횄짙 Ph찼쨩짜ng Hi찼쨩혝p');
INSERT INTO tbl_vn_ward (ward_id, district_id, ward_name) VALUES (31420, 934, 'X횄짙 H횄짼a M찼쨩쨔');
INSERT INTO tbl_vn_ward (ward_id, district_id, ward_name) VALUES (31423, 934, 'X횄짙 H횄짼a An');
INSERT INTO tbl_vn_ward (ward_id, district_id, ward_name) VALUES (31426, 934, 'X횄짙 Ph횈째횈징ng B횄짭nh');
INSERT INTO tbl_vn_ward (ward_id, district_id, ward_name) VALUES (31429, 934, 'X횄짙 Hi찼쨩혝p H횈째ng');
INSERT INTO tbl_vn_ward (ward_id, district_id, ward_name) VALUES (31432, 934, 'X횄짙 T횄짖n Ph횈째찼쨩혴c H횈째ng');
INSERT INTO tbl_vn_ward (ward_id, district_id, ward_name) VALUES (31433, 934, 'Th찼쨩혢 tr찼쨘짜n B횄쨘ng T횄혻u');
INSERT INTO tbl_vn_ward (ward_id, district_id, ward_name) VALUES (31435, 934, 'X횄짙 Ph횈째횈징ng Ph횄쨘');
INSERT INTO tbl_vn_ward (ward_id, district_id, ward_name) VALUES (31438, 934, 'X횄짙 T횄짖n Long');
INSERT INTO tbl_vn_district (district_id, province_id, district_name) VALUES (935, 93, 'Huy찼쨩혝n V찼쨩혢 Thu찼쨩쨌');
INSERT INTO tbl_vn_ward (ward_id, district_id, ward_name) VALUES (31441, 935, 'Th찼쨩혢 tr찼쨘짜n N횄혻ng Mau');
INSERT INTO tbl_vn_ward (ward_id, district_id, ward_name) VALUES (31444, 935, 'X횄짙 V찼쨩혢 Trung');
INSERT INTO tbl_vn_ward (ward_id, district_id, ward_name) VALUES (31447, 935, 'X횄짙 V찼쨩혢 Thu찼쨩쨌');
INSERT INTO tbl_vn_ward (ward_id, district_id, ward_name) VALUES (31450, 935, 'X횄짙 V찼쨩혢 Th찼쨘짱ng');
INSERT INTO tbl_vn_ward (ward_id, district_id, ward_name) VALUES (31453, 935, 'X횄짙 V횆짤nh Thu찼쨘짯n T횄짖y');
INSERT INTO tbl_vn_ward (ward_id, district_id, ward_name) VALUES (31456, 935, 'X횄짙 V횆짤nh Trung');
INSERT INTO tbl_vn_ward (ward_id, district_id, ward_name) VALUES (31459, 935, 'X횄짙 V횆짤nh T횈째찼쨩혶ng');
INSERT INTO tbl_vn_ward (ward_id, district_id, ward_name) VALUES (31462, 935, 'X횄짙 V찼쨩혢 횆혨횄쨈ng');
INSERT INTO tbl_vn_ward (ward_id, district_id, ward_name) VALUES (31465, 935, 'X횄짙 V찼쨩혢 Thanh');
INSERT INTO tbl_vn_ward (ward_id, district_id, ward_name) VALUES (31468, 935, 'X횄짙 V찼쨩혢 B횄짭nh');
INSERT INTO tbl_vn_district (district_id, province_id, district_name) VALUES (936, 93, 'Huy찼쨩혝n Long M찼쨩쨔');
INSERT INTO tbl_vn_ward (ward_id, district_id, ward_name) VALUES (31483, 936, 'X횄짙 Thu찼쨘짯n H횈째ng');
INSERT INTO tbl_vn_ward (ward_id, district_id, ward_name) VALUES (31484, 936, 'X횄짙 Thu찼쨘짯n H횄짼a');
INSERT INTO tbl_vn_ward (ward_id, district_id, ward_name) VALUES (31486, 936, 'X횄짙 V횆짤nh Thu찼쨘짯n 횆혨횄쨈ng');
INSERT INTO tbl_vn_ward (ward_id, district_id, ward_name) VALUES (31489, 936, 'Th찼쨩혢 tr찼쨘짜n V횆짤nh Vi찼쨩혚n');
INSERT INTO tbl_vn_ward (ward_id, district_id, ward_name) VALUES (31490, 936, 'X횄짙 V횆짤nh Vi찼쨩혚n A');
INSERT INTO tbl_vn_ward (ward_id, district_id, ward_name) VALUES (31492, 936, 'X횄짙 L횈째횈징ng T횄짖m');
INSERT INTO tbl_vn_ward (ward_id, district_id, ward_name) VALUES (31493, 936, 'X횄짙 L횈째횈징ng Ngh횆짤a');
INSERT INTO tbl_vn_ward (ward_id, district_id, ward_name) VALUES (31495, 936, 'X횄짙 X횄혻 Phi횄짧n');
INSERT INTO tbl_vn_district (district_id, province_id, district_name) VALUES (937, 93, 'Th찼쨩혢 x횄짙 Long M찼쨩쨔');
INSERT INTO tbl_vn_ward (ward_id, district_id, ward_name) VALUES (31471, 937, 'Ph횈째찼쨩혶ng Thu찼쨘짯n An');
INSERT INTO tbl_vn_ward (ward_id, district_id, ward_name) VALUES (31472, 937, 'Ph횈째찼쨩혶ng Tr횄혻 L찼쨩혫ng');
INSERT INTO tbl_vn_ward (ward_id, district_id, ward_name) VALUES (31473, 937, 'Ph횈째찼쨩혶ng B횄짭nh Th찼쨘징nh');
INSERT INTO tbl_vn_ward (ward_id, district_id, ward_name) VALUES (31474, 937, 'X횄짙 Long B횄짭nh');
INSERT INTO tbl_vn_ward (ward_id, district_id, ward_name) VALUES (31475, 937, 'Ph횈째찼쨩혶ng V횆짤nh T횈째찼쨩혶ng');
INSERT INTO tbl_vn_ward (ward_id, district_id, ward_name) VALUES (31477, 937, 'X횄짙 Long Tr찼쨩혢');
INSERT INTO tbl_vn_ward (ward_id, district_id, ward_name) VALUES (31478, 937, 'X횄짙 Long Tr찼쨩혢 A');
INSERT INTO tbl_vn_ward (ward_id, district_id, ward_name) VALUES (31480, 937, 'X횄짙 Long Ph횄쨘');
INSERT INTO tbl_vn_ward (ward_id, district_id, ward_name) VALUES (31481, 937, 'X횄짙 T횄짖n Ph횄쨘');
INSERT INTO tbl_vn_province (province_id, province_name) VALUES (94, 'T찼쨩혟nh S횄쨀c Tr횆혘ng');
INSERT INTO tbl_vn_district (district_id, province_id, district_name) VALUES (941, 94, 'Th횄혻nh ph찼쨩혩 S횄쨀c Tr횆혘ng');
INSERT INTO tbl_vn_ward (ward_id, district_id, ward_name) VALUES (31498, 941, 'Ph횈째찼쨩혶ng 5');
INSERT INTO tbl_vn_ward (ward_id, district_id, ward_name) VALUES (31501, 941, 'Ph횈째찼쨩혶ng 7');
INSERT INTO tbl_vn_ward (ward_id, district_id, ward_name) VALUES (31504, 941, 'Ph횈째찼쨩혶ng 8');
INSERT INTO tbl_vn_ward (ward_id, district_id, ward_name) VALUES (31507, 941, 'Ph횈째찼쨩혶ng 6');
INSERT INTO tbl_vn_ward (ward_id, district_id, ward_name) VALUES (31510, 941, 'Ph횈째찼쨩혶ng 2');
INSERT INTO tbl_vn_ward (ward_id, district_id, ward_name) VALUES (31516, 941, 'Ph횈째찼쨩혶ng 4');
INSERT INTO tbl_vn_ward (ward_id, district_id, ward_name) VALUES (31519, 941, 'Ph횈째찼쨩혶ng 3');
INSERT INTO tbl_vn_ward (ward_id, district_id, ward_name) VALUES (31522, 941, 'Ph횈째찼쨩혶ng 1');
INSERT INTO tbl_vn_ward (ward_id, district_id, ward_name) VALUES (31525, 941, 'Ph횈째찼쨩혶ng 10');
INSERT INTO tbl_vn_district (district_id, province_id, district_name) VALUES (942, 94, 'Huy찼쨩혝n Ch횄짖u Th횄혻nh');
INSERT INTO tbl_vn_ward (ward_id, district_id, ward_name) VALUES (31569, 942, 'Th찼쨩혢 tr찼쨘짜n Ch횄짖u Th횄혻nh');
INSERT INTO tbl_vn_ward (ward_id, district_id, ward_name) VALUES (31570, 942, 'X횄짙 H찼쨩혫 횆혨찼쨘짱c Ki찼쨩혝n');
INSERT INTO tbl_vn_ward (ward_id, district_id, ward_name) VALUES (31573, 942, 'X횄짙 Ph횄쨘 T횄짖m');
INSERT INTO tbl_vn_ward (ward_id, district_id, ward_name) VALUES (31576, 942, 'X횄짙 Thu찼쨘짯n H횄짼a');
INSERT INTO tbl_vn_ward (ward_id, district_id, ward_name) VALUES (31582, 942, 'X횄짙 Ph횄쨘 T횄짖n');
INSERT INTO tbl_vn_ward (ward_id, district_id, ward_name) VALUES (31585, 942, 'X횄짙 Thi찼쨩혝n M찼쨩쨔');
INSERT INTO tbl_vn_ward (ward_id, district_id, ward_name) VALUES (31594, 942, 'X횄짙 An Hi찼쨩혝p');
INSERT INTO tbl_vn_ward (ward_id, district_id, ward_name) VALUES (31600, 942, 'X횄짙 An Ninh');
INSERT INTO tbl_vn_district (district_id, province_id, district_name) VALUES (943, 94, 'Huy찼쨩혝n K찼쨘쩔 S횄징ch');
INSERT INTO tbl_vn_ward (ward_id, district_id, ward_name) VALUES (31528, 943, 'Th찼쨩혢 tr찼쨘짜n K찼쨘쩔 S횄징ch');
INSERT INTO tbl_vn_ward (ward_id, district_id, ward_name) VALUES (31531, 943, 'Th찼쨩혢 tr찼쨘짜n An L찼쨘징c Th횄쨈n');
INSERT INTO tbl_vn_ward (ward_id, district_id, ward_name) VALUES (31534, 943, 'X횄짙 Xu횄짖n H횄짼a');
INSERT INTO tbl_vn_ward (ward_id, district_id, ward_name) VALUES (31537, 943, 'X횄짙 Phong N찼쨘짬m');
INSERT INTO tbl_vn_ward (ward_id, district_id, ward_name) VALUES (31540, 943, 'X횄짙 An L찼쨘징c T횄짖y');
INSERT INTO tbl_vn_ward (ward_id, district_id, ward_name) VALUES (31543, 943, 'X횄짙 Trinh Ph횄쨘');
INSERT INTO tbl_vn_ward (ward_id, district_id, ward_name) VALUES (31546, 943, 'X횄짙 Ba Trinh');
INSERT INTO tbl_vn_ward (ward_id, district_id, ward_name) VALUES (31549, 943, 'X횄짙 Th찼쨩혴i An H찼쨩혲i');
INSERT INTO tbl_vn_ward (ward_id, district_id, ward_name) VALUES (31552, 943, 'X횄짙 Nh횈징n M찼쨩쨔');
INSERT INTO tbl_vn_ward (ward_id, district_id, ward_name) VALUES (31555, 943, 'X횄짙 K찼쨘쩔 Th횄혻nh');
INSERT INTO tbl_vn_ward (ward_id, district_id, ward_name) VALUES (31558, 943, 'X횄짙 K찼쨘쩔 An');
INSERT INTO tbl_vn_ward (ward_id, district_id, ward_name) VALUES (31561, 943, 'X횄짙 횆혨찼쨘징i H찼쨘짙i');
INSERT INTO tbl_vn_ward (ward_id, district_id, ward_name) VALUES (31564, 943, 'X횄짙 An M찼쨩쨔');
INSERT INTO tbl_vn_district (district_id, province_id, district_name) VALUES (944, 94, 'Huy찼쨩혝n M찼쨩쨔 T횄쨘');
INSERT INTO tbl_vn_ward (ward_id, district_id, ward_name) VALUES (31567, 944, 'Th찼쨩혢 tr찼쨘짜n Hu찼쨩쨀nh H찼쨩짱u Ngh횆짤a');
INSERT INTO tbl_vn_ward (ward_id, district_id, ward_name) VALUES (31579, 944, 'X횄짙 Long H횈째ng');
INSERT INTO tbl_vn_ward (ward_id, district_id, ward_name) VALUES (31588, 944, 'X횄짙 H횈째ng Ph횄쨘');
INSERT INTO tbl_vn_ward (ward_id, district_id, ward_name) VALUES (31591, 944, 'X횄짙 M찼쨩쨔 H횈째횈징ng');
INSERT INTO tbl_vn_ward (ward_id, district_id, ward_name) VALUES (31597, 944, 'X횄짙 M찼쨩쨔 T횄쨘');
INSERT INTO tbl_vn_ward (ward_id, district_id, ward_name) VALUES (31603, 944, 'X횄짙 M찼쨩쨔 Ph횈째찼쨩혴c');
INSERT INTO tbl_vn_ward (ward_id, district_id, ward_name) VALUES (31606, 944, 'X횄짙 Thu찼쨘짯n H횈째ng');
INSERT INTO tbl_vn_ward (ward_id, district_id, ward_name) VALUES (31609, 944, 'X횄짙 M찼쨩쨔 Thu찼쨘짯n');
INSERT INTO tbl_vn_ward (ward_id, district_id, ward_name) VALUES (31612, 944, 'X횄짙 Ph횄쨘 M찼쨩쨔');
INSERT INTO tbl_vn_district (district_id, province_id, district_name) VALUES (945, 94, 'Huy찼쨩혝n C횄쨔 Lao Dung');
INSERT INTO tbl_vn_ward (ward_id, district_id, ward_name) VALUES (31615, 945, 'Th찼쨩혢 tr찼쨘짜n C횄쨔 Lao Dung');
INSERT INTO tbl_vn_ward (ward_id, district_id, ward_name) VALUES (31618, 945, 'X횄짙 An Th찼쨘징nh 1');
INSERT INTO tbl_vn_ward (ward_id, district_id, ward_name) VALUES (31621, 945, 'X횄짙 An Th찼쨘징nh T횄짖y');
INSERT INTO tbl_vn_ward (ward_id, district_id, ward_name) VALUES (31624, 945, 'X횄짙 An Th찼쨘징nh 횆혨횄쨈ng');
INSERT INTO tbl_vn_ward (ward_id, district_id, ward_name) VALUES (31627, 945, 'X횄짙 횆혨찼쨘징i 횄혗n 1');
INSERT INTO tbl_vn_ward (ward_id, district_id, ward_name) VALUES (31630, 945, 'X횄짙 An Th찼쨘징nh 2');
INSERT INTO tbl_vn_ward (ward_id, district_id, ward_name) VALUES (31633, 945, 'X횄짙 An Th찼쨘징nh 3');
INSERT INTO tbl_vn_ward (ward_id, district_id, ward_name) VALUES (31636, 945, 'X횄짙 An Th찼쨘징nh Nam');
INSERT INTO tbl_vn_district (district_id, province_id, district_name) VALUES (946, 94, 'Huy찼쨩혝n Long Ph횄쨘');
INSERT INTO tbl_vn_ward (ward_id, district_id, ward_name) VALUES (31639, 946, 'Th찼쨩혢 tr찼쨘짜n Long Ph횄쨘');
INSERT INTO tbl_vn_ward (ward_id, district_id, ward_name) VALUES (31642, 946, 'X횄짙 Song Ph찼쨩짜ng');
INSERT INTO tbl_vn_ward (ward_id, district_id, ward_name) VALUES (31645, 946, 'Th찼쨩혢 tr찼쨘짜n 횆혨찼쨘징i Ng횄짙i');
INSERT INTO tbl_vn_ward (ward_id, district_id, ward_name) VALUES (31648, 946, 'X횄짙 H찼쨘짯u Th찼쨘징nh');
INSERT INTO tbl_vn_ward (ward_id, district_id, ward_name) VALUES (31651, 946, 'X횄짙 Long 횆혨찼쨩짤c');
INSERT INTO tbl_vn_ward (ward_id, district_id, ward_name) VALUES (31654, 946, 'X횄짙 Tr횈째찼쨩혶ng Kh횄징nh');
INSERT INTO tbl_vn_ward (ward_id, district_id, ward_name) VALUES (31657, 946, 'X횄짙 Ph횄쨘 H찼쨩짱u');
INSERT INTO tbl_vn_ward (ward_id, district_id, ward_name) VALUES (31660, 946, 'X횄짙 T횄짖n H횈째ng');
INSERT INTO tbl_vn_ward (ward_id, district_id, ward_name) VALUES (31663, 946, 'X횄짙 Ch횄짖u Kh횄징nh');
INSERT INTO tbl_vn_ward (ward_id, district_id, ward_name) VALUES (31666, 946, 'X횄짙 T횄짖n Th찼쨘징nh');
INSERT INTO tbl_vn_ward (ward_id, district_id, ward_name) VALUES (31669, 946, 'X횄짙 Long Ph횄쨘');
INSERT INTO tbl_vn_district (district_id, province_id, district_name) VALUES (947, 94, 'Huy찼쨩혝n M찼쨩쨔 Xuy횄짧n');
INSERT INTO tbl_vn_ward (ward_id, district_id, ward_name) VALUES (31684, 947, 'Th찼쨩혢 tr찼쨘짜n M찼쨩쨔 Xuy횄짧n');
INSERT INTO tbl_vn_ward (ward_id, district_id, ward_name) VALUES (31690, 947, 'X횄짙 횆혨찼쨘징i T횄짖m');
INSERT INTO tbl_vn_ward (ward_id, district_id, ward_name) VALUES (31693, 947, 'X횄짙 Tham 횆혨횄쨈n');
INSERT INTO tbl_vn_ward (ward_id, district_id, ward_name) VALUES (31708, 947, 'X횄짙 Th찼쨘징nh Ph횄쨘');
INSERT INTO tbl_vn_ward (ward_id, district_id, ward_name) VALUES (31711, 947, 'X횄짙 Ng찼쨩혥c 횆혨횄쨈ng');
INSERT INTO tbl_vn_ward (ward_id, district_id, ward_name) VALUES (31714, 947, 'X횄짙 Th찼쨘징nh Qu찼쨩혴i');
INSERT INTO tbl_vn_ward (ward_id, district_id, ward_name) VALUES (31717, 947, 'X횄짙 H횄짼a T횄쨘 1');
INSERT INTO tbl_vn_ward (ward_id, district_id, ward_name) VALUES (31720, 947, 'X횄짙 Gia H횄짼a 1');
INSERT INTO tbl_vn_ward (ward_id, district_id, ward_name) VALUES (31723, 947, 'X횄짙 Ng찼쨩혥c T찼쨩혩');
INSERT INTO tbl_vn_ward (ward_id, district_id, ward_name) VALUES (31726, 947, 'X횄짙 Gia H횄짼a 2');
INSERT INTO tbl_vn_ward (ward_id, district_id, ward_name) VALUES (31729, 947, 'X횄짙 H횄짼a T횄쨘 II');
INSERT INTO tbl_vn_district (district_id, province_id, district_name) VALUES (948, 94, 'Th찼쨩혢 x횄짙 Ng횄짙 N횆혘m');
INSERT INTO tbl_vn_ward (ward_id, district_id, ward_name) VALUES (31732, 948, 'Ph횈째찼쨩혶ng 1');
INSERT INTO tbl_vn_ward (ward_id, district_id, ward_name) VALUES (31735, 948, 'Ph횈째찼쨩혶ng 2');
INSERT INTO tbl_vn_ward (ward_id, district_id, ward_name) VALUES (31738, 948, 'X횄짙 V횆짤nh Qu찼쨩혴i');
INSERT INTO tbl_vn_ward (ward_id, district_id, ward_name) VALUES (31741, 948, 'X횄짙 T횄짖n Long');
INSERT INTO tbl_vn_ward (ward_id, district_id, ward_name) VALUES (31744, 948, 'X횄짙 Long B횄짭nh');
INSERT INTO tbl_vn_ward (ward_id, district_id, ward_name) VALUES (31747, 948, 'Ph횈째찼쨩혶ng 3');
INSERT INTO tbl_vn_ward (ward_id, district_id, ward_name) VALUES (31750, 948, 'X횄짙 M찼쨩쨔 B횄짭nh');
INSERT INTO tbl_vn_ward (ward_id, district_id, ward_name) VALUES (31753, 948, 'X횄짙 M찼쨩쨔 Qu찼쨩혴i');
INSERT INTO tbl_vn_district (district_id, province_id, district_name) VALUES (949, 94, 'Huy찼쨩혝n Th찼쨘징nh Tr찼쨩혢');
INSERT INTO tbl_vn_ward (ward_id, district_id, ward_name) VALUES (31756, 949, 'Th찼쨩혢 tr찼쨘짜n Ph횄쨘 L찼쨩혲c');
INSERT INTO tbl_vn_ward (ward_id, district_id, ward_name) VALUES (31757, 949, 'Th찼쨩혢 tr찼쨘짜n H횈째ng L찼쨩짙i');
INSERT INTO tbl_vn_ward (ward_id, district_id, ward_name) VALUES (31759, 949, 'X횄짙 L횄짖m T횄짖n');
INSERT INTO tbl_vn_ward (ward_id, district_id, ward_name) VALUES (31762, 949, 'X횄짙 Th찼쨘징nh T횄짖n');
INSERT INTO tbl_vn_ward (ward_id, district_id, ward_name) VALUES (31765, 949, 'X횄짙 L횄짖m Ki찼쨘쩔t');
INSERT INTO tbl_vn_ward (ward_id, district_id, ward_name) VALUES (31768, 949, 'X횄짙 Tu횄짖n T찼쨩짤c');
INSERT INTO tbl_vn_ward (ward_id, district_id, ward_name) VALUES (31771, 949, 'X횄짙 V횆짤nh Th횄혻nh');
INSERT INTO tbl_vn_ward (ward_id, district_id, ward_name) VALUES (31774, 949, 'X횄짙 Th찼쨘징nh Tr찼쨩혢');
INSERT INTO tbl_vn_ward (ward_id, district_id, ward_name) VALUES (31777, 949, 'X횄짙 V횆짤nh L찼쨩짙i');
INSERT INTO tbl_vn_ward (ward_id, district_id, ward_name) VALUES (31780, 949, 'X횄짙 Ch횄짖u H횈째ng');
INSERT INTO tbl_vn_district (district_id, province_id, district_name) VALUES (950, 94, 'Th찼쨩혢 x횄짙 V횆짤nh Ch횄짖u');
INSERT INTO tbl_vn_ward (ward_id, district_id, ward_name) VALUES (31783, 950, 'Ph횈째찼쨩혶ng 1');
INSERT INTO tbl_vn_ward (ward_id, district_id, ward_name) VALUES (31786, 950, 'X횄짙 H횄짼a 횆혨횄쨈ng');
INSERT INTO tbl_vn_ward (ward_id, district_id, ward_name) VALUES (31789, 950, 'Ph횈째찼쨩혶ng Kh횄징nh H횄짼a');
INSERT INTO tbl_vn_ward (ward_id, district_id, ward_name) VALUES (31792, 950, 'X횄짙 V횆짤nh Hi찼쨩혝p');
INSERT INTO tbl_vn_ward (ward_id, district_id, ward_name) VALUES (31795, 950, 'X횄짙 V횆짤nh H찼쨘짙i');
INSERT INTO tbl_vn_ward (ward_id, district_id, ward_name) VALUES (31798, 950, 'X횄짙 L찼쨘징c H횄짼a');
INSERT INTO tbl_vn_ward (ward_id, district_id, ward_name) VALUES (31801, 950, 'Ph횈째찼쨩혶ng 2');
INSERT INTO tbl_vn_ward (ward_id, district_id, ward_name) VALUES (31804, 950, 'Ph횈째찼쨩혶ng V횆짤nh Ph횈째찼쨩혴c');
INSERT INTO tbl_vn_ward (ward_id, district_id, ward_name) VALUES (31807, 950, 'X횄짙 V횆짤nh T횄짖n');
INSERT INTO tbl_vn_ward (ward_id, district_id, ward_name) VALUES (31810, 950, 'X횄짙 Lai H횄짼a');
INSERT INTO tbl_vn_district (district_id, province_id, district_name) VALUES (951, 94, 'Huy찼쨩혝n Tr찼쨘짠n 횆혨찼쨩혖');
INSERT INTO tbl_vn_ward (ward_id, district_id, ward_name) VALUES (31672, 951, 'X횄짙 횆혨찼쨘징i 횄혗n 2');
INSERT INTO tbl_vn_ward (ward_id, district_id, ward_name) VALUES (31673, 951, 'Th찼쨩혢 tr찼쨘짜n Tr찼쨘짠n 횆혨찼쨩혖');
INSERT INTO tbl_vn_ward (ward_id, district_id, ward_name) VALUES (31675, 951, 'X횄짙 Li횄짧u T횄쨘');
INSERT INTO tbl_vn_ward (ward_id, district_id, ward_name) VALUES (31678, 951, 'X횄짙 L찼쨩혢ch H찼쨩혲i Th횈째찼쨩짙ng');
INSERT INTO tbl_vn_ward (ward_id, district_id, ward_name) VALUES (31679, 951, 'Th찼쨩혢 tr찼쨘짜n L찼쨩혢ch H찼쨩혲i Th횈째찼쨩짙ng');
INSERT INTO tbl_vn_ward (ward_id, district_id, ward_name) VALUES (31681, 951, 'X횄짙 Trung B횄짭nh');
INSERT INTO tbl_vn_ward (ward_id, district_id, ward_name) VALUES (31687, 951, 'X횄짙 T횄혻i V횆혘n');
INSERT INTO tbl_vn_ward (ward_id, district_id, ward_name) VALUES (31696, 951, 'X횄짙 Vi횄짧n An');
INSERT INTO tbl_vn_ward (ward_id, district_id, ward_name) VALUES (31699, 951, 'X횄짙 Th찼쨘징nh Th찼쨩혴i An');
INSERT INTO tbl_vn_ward (ward_id, district_id, ward_name) VALUES (31702, 951, 'X횄짙 Th찼쨘징nh Th찼쨩혴i Thu찼쨘짯n');
INSERT INTO tbl_vn_ward (ward_id, district_id, ward_name) VALUES (31705, 951, 'X횄짙 Vi횄짧n B횄짭nh');
INSERT INTO tbl_vn_province (province_id, province_name) VALUES (95, 'T찼쨩혟nh B찼쨘징c Li횄짧u');
INSERT INTO tbl_vn_district (district_id, province_id, district_name) VALUES (954, 95, 'Th횄혻nh ph찼쨩혩 B찼쨘징c Li횄짧u');
INSERT INTO tbl_vn_ward (ward_id, district_id, ward_name) VALUES (31813, 954, 'Ph횈째찼쨩혶ng 2');
INSERT INTO tbl_vn_ward (ward_id, district_id, ward_name) VALUES (31816, 954, 'Ph횈째찼쨩혶ng 3');
INSERT INTO tbl_vn_ward (ward_id, district_id, ward_name) VALUES (31819, 954, 'Ph횈째찼쨩혶ng 5');
INSERT INTO tbl_vn_ward (ward_id, district_id, ward_name) VALUES (31822, 954, 'Ph횈째찼쨩혶ng 7');
INSERT INTO tbl_vn_ward (ward_id, district_id, ward_name) VALUES (31825, 954, 'Ph횈째찼쨩혶ng 1');
INSERT INTO tbl_vn_ward (ward_id, district_id, ward_name) VALUES (31828, 954, 'Ph횈째찼쨩혶ng 8');
INSERT INTO tbl_vn_ward (ward_id, district_id, ward_name) VALUES (31831, 954, 'Ph횈째찼쨩혶ng Nh횄혻 M횄징t');
INSERT INTO tbl_vn_ward (ward_id, district_id, ward_name) VALUES (31834, 954, 'X횄짙 V횆짤nh Tr찼쨘징ch');
INSERT INTO tbl_vn_ward (ward_id, district_id, ward_name) VALUES (31837, 954, 'X횄짙 V횆짤nh Tr찼쨘징ch 횆혨횄쨈ng');
INSERT INTO tbl_vn_ward (ward_id, district_id, ward_name) VALUES (31840, 954, 'X횄짙 Hi찼쨩혝p Th횄혻nh');
INSERT INTO tbl_vn_district (district_id, province_id, district_name) VALUES (956, 95, 'Huy찼쨩혝n H찼쨩혫ng D횄짖n');
INSERT INTO tbl_vn_ward (ward_id, district_id, ward_name) VALUES (31843, 956, 'Th찼쨩혢 tr찼쨘짜n Ngan D찼쨩짬a');
INSERT INTO tbl_vn_ward (ward_id, district_id, ward_name) VALUES (31846, 956, 'X횄짙 Ninh Qu찼쨩혴i');
INSERT INTO tbl_vn_ward (ward_id, district_id, ward_name) VALUES (31849, 956, 'X횄짙 Ninh Qu찼쨩혴i A');
INSERT INTO tbl_vn_ward (ward_id, district_id, ward_name) VALUES (31852, 956, 'X횄짙 Ninh H횄짼a');
INSERT INTO tbl_vn_ward (ward_id, district_id, ward_name) VALUES (31855, 956, 'X횄짙 L찼쨩혲c Ninh');
INSERT INTO tbl_vn_ward (ward_id, district_id, ward_name) VALUES (31858, 956, 'X횄짙 V횆짤nh L찼쨩혲c');
INSERT INTO tbl_vn_ward (ward_id, district_id, ward_name) VALUES (31861, 956, 'X횄짙 V횆짤nh L찼쨩혲c A');
INSERT INTO tbl_vn_ward (ward_id, district_id, ward_name) VALUES (31863, 956, 'X횄짙 Ninh Th찼쨘징nh L찼쨩짙i A');
INSERT INTO tbl_vn_ward (ward_id, district_id, ward_name) VALUES (31864, 956, 'X횄짙 Ninh Th찼쨘징nh L찼쨩짙i');
INSERT INTO tbl_vn_district (district_id, province_id, district_name) VALUES (957, 95, 'Huy찼쨩혝n Ph횈째찼쨩혴c Long');
INSERT INTO tbl_vn_ward (ward_id, district_id, ward_name) VALUES (31867, 957, 'Th찼쨩혢 tr찼쨘짜n Ph횈째찼쨩혴c Long');
INSERT INTO tbl_vn_ward (ward_id, district_id, ward_name) VALUES (31870, 957, 'X횄짙 V횆짤nh Ph횄쨘 횆혨횄쨈ng');
INSERT INTO tbl_vn_ward (ward_id, district_id, ward_name) VALUES (31873, 957, 'X횄짙 V횆짤nh Ph횄쨘 T횄짖y');
INSERT INTO tbl_vn_ward (ward_id, district_id, ward_name) VALUES (31876, 957, 'X횄짙 Ph횈째찼쨩혴c Long');
INSERT INTO tbl_vn_ward (ward_id, district_id, ward_name) VALUES (31879, 957, 'X횄짙 H횈째ng Ph횄쨘');
INSERT INTO tbl_vn_ward (ward_id, district_id, ward_name) VALUES (31882, 957, 'X횄짙 V횆짤nh Thanh');
INSERT INTO tbl_vn_ward (ward_id, district_id, ward_name) VALUES (31885, 957, 'X횄짙 Phong Th찼쨘징nh T횄짖y A');
INSERT INTO tbl_vn_ward (ward_id, district_id, ward_name) VALUES (31888, 957, 'X횄짙 Phong Th찼쨘징nh T횄짖y B');
INSERT INTO tbl_vn_district (district_id, province_id, district_name) VALUES (958, 95, 'Huy찼쨩혝n V횆짤nh L찼쨩짙i');
INSERT INTO tbl_vn_ward (ward_id, district_id, ward_name) VALUES (31894, 958, 'X횄짙 V횆짤nh H횈째ng');
INSERT INTO tbl_vn_ward (ward_id, district_id, ward_name) VALUES (31897, 958, 'X횄짙 V횆짤nh H횈째ng A');
INSERT INTO tbl_vn_ward (ward_id, district_id, ward_name) VALUES (31900, 958, 'Th찼쨩혢 tr찼쨘짜n Ch횄짖u H횈째ng');
INSERT INTO tbl_vn_ward (ward_id, district_id, ward_name) VALUES (31903, 958, 'X횄짙 Ch횄짖u H횈째ng A');
INSERT INTO tbl_vn_ward (ward_id, district_id, ward_name) VALUES (31906, 958, 'X횄짙 H횈째ng Th횄혻nh');
INSERT INTO tbl_vn_ward (ward_id, district_id, ward_name) VALUES (31909, 958, 'X횄짙 H횈째ng H찼쨩혲i');
INSERT INTO tbl_vn_ward (ward_id, district_id, ward_name) VALUES (31912, 958, 'X횄짙 Ch횄짖u Th찼쨩혴i');
INSERT INTO tbl_vn_ward (ward_id, district_id, ward_name) VALUES (31921, 958, 'X횄짙 Long Th찼쨘징nh');
INSERT INTO tbl_vn_district (district_id, province_id, district_name) VALUES (959, 95, 'Th찼쨩혢 x횄짙 Gi횄징 Rai');
INSERT INTO tbl_vn_ward (ward_id, district_id, ward_name) VALUES (31942, 959, 'Ph횈째찼쨩혶ng 1');
INSERT INTO tbl_vn_ward (ward_id, district_id, ward_name) VALUES (31945, 959, 'Ph횈째찼쨩혶ng H찼쨩혲 Ph횄짼ng');
INSERT INTO tbl_vn_ward (ward_id, district_id, ward_name) VALUES (31948, 959, 'X횄짙 Phong Th찼쨘징nh 횆혨횄쨈ng');
INSERT INTO tbl_vn_ward (ward_id, district_id, ward_name) VALUES (31951, 959, 'Ph횈째찼쨩혶ng L횄징ng Tr횄짼n');
INSERT INTO tbl_vn_ward (ward_id, district_id, ward_name) VALUES (31954, 959, 'X횄짙 Phong T횄짖n');
INSERT INTO tbl_vn_ward (ward_id, district_id, ward_name) VALUES (31957, 959, 'X횄짙 T횄짖n Phong');
INSERT INTO tbl_vn_ward (ward_id, district_id, ward_name) VALUES (31960, 959, 'X횄짙 Phong Th찼쨘징nh');
INSERT INTO tbl_vn_ward (ward_id, district_id, ward_name) VALUES (31963, 959, 'X횄짙 Phong Th찼쨘징nh A');
INSERT INTO tbl_vn_ward (ward_id, district_id, ward_name) VALUES (31966, 959, 'X횄짙 Phong Th찼쨘징nh T횄짖y');
INSERT INTO tbl_vn_ward (ward_id, district_id, ward_name) VALUES (31969, 959, 'X횄짙 T횄짖n Th찼쨘징nh');
INSERT INTO tbl_vn_district (district_id, province_id, district_name) VALUES (960, 95, 'Huy찼쨩혝n 횆혨횄쨈ng H찼쨘짙i');
INSERT INTO tbl_vn_ward (ward_id, district_id, ward_name) VALUES (31972, 960, 'Th찼쨩혢 tr찼쨘짜n G횄혻nh H횄혻o');
INSERT INTO tbl_vn_ward (ward_id, district_id, ward_name) VALUES (31975, 960, 'X횄짙 Long 횆혨i찼쨩혖n 횆혨횄쨈ng');
INSERT INTO tbl_vn_ward (ward_id, district_id, ward_name) VALUES (31978, 960, 'X횄짙 Long 횆혨i찼쨩혖n 횆혨횄쨈ng A');
INSERT INTO tbl_vn_ward (ward_id, district_id, ward_name) VALUES (31981, 960, 'X횄짙 Long 횆혨i찼쨩혖n');
INSERT INTO tbl_vn_ward (ward_id, district_id, ward_name) VALUES (31984, 960, 'X횄짙 Long 횆혨i찼쨩혖n T횄짖y');
INSERT INTO tbl_vn_ward (ward_id, district_id, ward_name) VALUES (31985, 960, 'X횄짙 횆혨i찼쨩혖n H찼쨘짙i');
INSERT INTO tbl_vn_ward (ward_id, district_id, ward_name) VALUES (31987, 960, 'X횄짙 An Tr찼쨘징ch');
INSERT INTO tbl_vn_ward (ward_id, district_id, ward_name) VALUES (31988, 960, 'X횄짙 An Tr찼쨘징ch A');
INSERT INTO tbl_vn_ward (ward_id, district_id, ward_name) VALUES (31990, 960, 'X횄짙 An Ph횄쨘c');
INSERT INTO tbl_vn_ward (ward_id, district_id, ward_name) VALUES (31993, 960, 'X횄짙 횆혨찼쨩혢nh Th횄혻nh');
INSERT INTO tbl_vn_ward (ward_id, district_id, ward_name) VALUES (31996, 960, 'X횄짙 횆혨찼쨩혢nh Th횄혻nh A');
INSERT INTO tbl_vn_district (district_id, province_id, district_name) VALUES (961, 95, 'Huy찼쨩혝n Ho횄혻 B횄짭nh');
INSERT INTO tbl_vn_ward (ward_id, district_id, ward_name) VALUES (31891, 961, 'Th찼쨩혢 tr찼쨘짜n H횄짼a B횄짭nh');
INSERT INTO tbl_vn_ward (ward_id, district_id, ward_name) VALUES (31915, 961, 'X횄짙 Minh Di찼쨩혝u');
INSERT INTO tbl_vn_ward (ward_id, district_id, ward_name) VALUES (31918, 961, 'X횄짙 V횆짤nh B횄짭nh');
INSERT INTO tbl_vn_ward (ward_id, district_id, ward_name) VALUES (31924, 961, 'X횄짙 V횆짤nh M찼쨩쨔 B');
INSERT INTO tbl_vn_ward (ward_id, district_id, ward_name) VALUES (31927, 961, 'X횄짙 V횆짤nh H찼쨘짯u');
INSERT INTO tbl_vn_ward (ward_id, district_id, ward_name) VALUES (31930, 961, 'X횄짙 V횆짤nh H찼쨘짯u A');
INSERT INTO tbl_vn_ward (ward_id, district_id, ward_name) VALUES (31933, 961, 'X횄짙 V횆짤nh M찼쨩쨔 A');
INSERT INTO tbl_vn_ward (ward_id, district_id, ward_name) VALUES (31936, 961, 'X횄짙 V횆짤nh Th찼쨩혢nh');
INSERT INTO tbl_vn_province (province_id, province_name) VALUES (96, 'T찼쨩혟nh C횄혻 Mau');
INSERT INTO tbl_vn_district (district_id, province_id, district_name) VALUES (964, 96, 'Th횄혻nh ph찼쨩혩 C횄혻 Mau');
INSERT INTO tbl_vn_ward (ward_id, district_id, ward_name) VALUES (31999, 964, 'Ph횈째찼쨩혶ng 9');
INSERT INTO tbl_vn_ward (ward_id, district_id, ward_name) VALUES (32002, 964, 'Ph횈째찼쨩혶ng 2');
INSERT INTO tbl_vn_ward (ward_id, district_id, ward_name) VALUES (32005, 964, 'Ph횈째찼쨩혶ng 1');
INSERT INTO tbl_vn_ward (ward_id, district_id, ward_name) VALUES (32008, 964, 'Ph횈째찼쨩혶ng 5');
INSERT INTO tbl_vn_ward (ward_id, district_id, ward_name) VALUES (32014, 964, 'Ph횈째찼쨩혶ng 8');
INSERT INTO tbl_vn_ward (ward_id, district_id, ward_name) VALUES (32017, 964, 'Ph횈째찼쨩혶ng 6');
INSERT INTO tbl_vn_ward (ward_id, district_id, ward_name) VALUES (32020, 964, 'Ph횈째찼쨩혶ng 7');
INSERT INTO tbl_vn_ward (ward_id, district_id, ward_name) VALUES (32022, 964, 'Ph횈째찼쨩혶ng T횄짖n Xuy횄짧n');
INSERT INTO tbl_vn_ward (ward_id, district_id, ward_name) VALUES (32023, 964, 'X횄짙 An Xuy횄짧n');
INSERT INTO tbl_vn_ward (ward_id, district_id, ward_name) VALUES (32025, 964, 'Ph횈째찼쨩혶ng T횄짖n Th횄혻nh');
INSERT INTO tbl_vn_ward (ward_id, district_id, ward_name) VALUES (32026, 964, 'X횄짙 T횄짖n Th횄혻nh');
INSERT INTO tbl_vn_ward (ward_id, district_id, ward_name) VALUES (32029, 964, 'X횄짙 T찼쨘짱c V횄짖n');
INSERT INTO tbl_vn_ward (ward_id, district_id, ward_name) VALUES (32032, 964, 'X횄짙 L횄쩍 V횆혘n L횄짖m');
INSERT INTO tbl_vn_ward (ward_id, district_id, ward_name) VALUES (32035, 964, 'X횄짙 횆혨찼쨩혢nh B횄짭nh');
INSERT INTO tbl_vn_ward (ward_id, district_id, ward_name) VALUES (32038, 964, 'X횄짙 H횄짼a Th횄혻nh');
INSERT INTO tbl_vn_ward (ward_id, district_id, ward_name) VALUES (32041, 964, 'X횄짙 H횄짼a T횄짖n');
INSERT INTO tbl_vn_district (district_id, province_id, district_name) VALUES (966, 96, 'Huy찼쨩혝n U Minh');
INSERT INTO tbl_vn_ward (ward_id, district_id, ward_name) VALUES (32044, 966, 'Th찼쨩혢 tr찼쨘짜n U Minh');
INSERT INTO tbl_vn_ward (ward_id, district_id, ward_name) VALUES (32047, 966, 'X횄짙 Kh횄징nh H횄짼a');
INSERT INTO tbl_vn_ward (ward_id, district_id, ward_name) VALUES (32048, 966, 'X횄짙 Kh횄징nh Thu찼쨘짯n');
INSERT INTO tbl_vn_ward (ward_id, district_id, ward_name) VALUES (32050, 966, 'X횄짙 Kh횄징nh Ti찼쨘쩔n');
INSERT INTO tbl_vn_ward (ward_id, district_id, ward_name) VALUES (32053, 966, 'X횄짙 Nguy찼쨩혚n Ph횄짯ch');
INSERT INTO tbl_vn_ward (ward_id, district_id, ward_name) VALUES (32056, 966, 'X횄짙 Kh횄징nh L횄짖m');
INSERT INTO tbl_vn_ward (ward_id, district_id, ward_name) VALUES (32059, 966, 'X횄짙 Kh횄징nh An');
INSERT INTO tbl_vn_ward (ward_id, district_id, ward_name) VALUES (32062, 966, 'X횄짙 Kh횄징nh H찼쨩혲i');
INSERT INTO tbl_vn_district (district_id, province_id, district_name) VALUES (967, 96, 'Huy찼쨩혝n Th찼쨩혴i B횄짭nh');
INSERT INTO tbl_vn_ward (ward_id, district_id, ward_name) VALUES (32065, 967, 'Th찼쨩혢 tr찼쨘짜n Th찼쨩혴i B횄짭nh');
INSERT INTO tbl_vn_ward (ward_id, district_id, ward_name) VALUES (32068, 967, 'X횄짙 Bi찼쨩혘n B찼쨘징ch');
INSERT INTO tbl_vn_ward (ward_id, district_id, ward_name) VALUES (32069, 967, 'X횄짙 T횄짖n B찼쨘짹ng');
INSERT INTO tbl_vn_ward (ward_id, district_id, ward_name) VALUES (32071, 967, 'X횄짙 Tr횄짯 Ph찼쨘짙i');
INSERT INTO tbl_vn_ward (ward_id, district_id, ward_name) VALUES (32072, 967, 'X횄짙 Tr횄짯 L찼쨩짹c');
INSERT INTO tbl_vn_ward (ward_id, district_id, ward_name) VALUES (32074, 967, 'X횄짙 Bi찼쨩혘n B찼쨘징ch 횆혨횄쨈ng');
INSERT INTO tbl_vn_ward (ward_id, district_id, ward_name) VALUES (32077, 967, 'X횄짙 Th찼쨩혴i B횄짭nh');
INSERT INTO tbl_vn_ward (ward_id, district_id, ward_name) VALUES (32080, 967, 'X횄짙 T횄짖n Ph횄쨘');
INSERT INTO tbl_vn_ward (ward_id, district_id, ward_name) VALUES (32083, 967, 'X횄짙 T횄짖n L찼쨩혲c B찼쨘짱c');
INSERT INTO tbl_vn_ward (ward_id, district_id, ward_name) VALUES (32086, 967, 'X횄짙 T횄짖n L찼쨩혲c');
INSERT INTO tbl_vn_ward (ward_id, district_id, ward_name) VALUES (32089, 967, 'X횄짙 T횄짖n L찼쨩혲c 횆혨횄쨈ng');
INSERT INTO tbl_vn_ward (ward_id, district_id, ward_name) VALUES (32092, 967, 'X횄짙 H찼쨩혫 Th찼쨩혢 K찼쨩쨌');
INSERT INTO tbl_vn_district (district_id, province_id, district_name) VALUES (968, 96, 'Huy찼쨩혝n Tr찼쨘짠n V횆혘n Th찼쨩혶i');
INSERT INTO tbl_vn_ward (ward_id, district_id, ward_name) VALUES (32095, 968, 'Th찼쨩혢 tr찼쨘짜n Tr찼쨘짠n V횆혘n Th찼쨩혶i');
INSERT INTO tbl_vn_ward (ward_id, district_id, ward_name) VALUES (32098, 968, 'Th찼쨩혢 tr찼쨘짜n S횄쨈ng 횆혨찼쨩혩c');
INSERT INTO tbl_vn_ward (ward_id, district_id, ward_name) VALUES (32101, 968, 'X횄짙 Kh횄징nh B횄짭nh T횄짖y B찼쨘짱c');
INSERT INTO tbl_vn_ward (ward_id, district_id, ward_name) VALUES (32104, 968, 'X횄짙 Kh횄징nh B횄짭nh T횄짖y');
INSERT INTO tbl_vn_ward (ward_id, district_id, ward_name) VALUES (32107, 968, 'X횄짙 Tr찼쨘짠n H찼쨩짙i');
INSERT INTO tbl_vn_ward (ward_id, district_id, ward_name) VALUES (32108, 968, 'X횄짙 Kh횄징nh L찼쨩혲c');
INSERT INTO tbl_vn_ward (ward_id, district_id, ward_name) VALUES (32110, 968, 'X횄짙 Kh횄징nh B횄짭nh');
INSERT INTO tbl_vn_ward (ward_id, district_id, ward_name) VALUES (32113, 968, 'X횄짙 Kh횄징nh H횈째ng');
INSERT INTO tbl_vn_ward (ward_id, district_id, ward_name) VALUES (32116, 968, 'X횄짙 Kh횄징nh B횄짭nh 횆혨횄쨈ng');
INSERT INTO tbl_vn_ward (ward_id, district_id, ward_name) VALUES (32119, 968, 'X횄짙 Kh횄징nh H찼쨘짙i');
INSERT INTO tbl_vn_ward (ward_id, district_id, ward_name) VALUES (32122, 968, 'X횄짙 L찼쨩짙i An');
INSERT INTO tbl_vn_ward (ward_id, district_id, ward_name) VALUES (32124, 968, 'X횄짙 Phong 횆혨i찼쨩혖n');
INSERT INTO tbl_vn_ward (ward_id, district_id, ward_name) VALUES (32125, 968, 'X횄짙 Phong L찼쨘징c');
INSERT INTO tbl_vn_district (district_id, province_id, district_name) VALUES (969, 96, 'Huy찼쨩혝n C횄징i N횈째찼쨩혴c');
INSERT INTO tbl_vn_ward (ward_id, district_id, ward_name) VALUES (32128, 969, 'Th찼쨩혢 tr찼쨘짜n C횄징i N횈째찼쨩혴c');
INSERT INTO tbl_vn_ward (ward_id, district_id, ward_name) VALUES (32130, 969, 'X횄짙 Th찼쨘징nh Ph횄쨘');
INSERT INTO tbl_vn_ward (ward_id, district_id, ward_name) VALUES (32131, 969, 'X횄짙 L횈째횈징ng Th찼쨘쩔 Tr횄짖n');
INSERT INTO tbl_vn_ward (ward_id, district_id, ward_name) VALUES (32134, 969, 'X횄짙 Ph횄쨘 H횈째ng');
INSERT INTO tbl_vn_ward (ward_id, district_id, ward_name) VALUES (32137, 969, 'X횄짙 T횄짖n H횈째ng');
INSERT INTO tbl_vn_ward (ward_id, district_id, ward_name) VALUES (32140, 969, 'X횄짙 H횈째ng M찼쨩쨔');
INSERT INTO tbl_vn_ward (ward_id, district_id, ward_name) VALUES (32141, 969, 'X횄짙 Ho횄혻 M찼쨩쨔');
INSERT INTO tbl_vn_ward (ward_id, district_id, ward_name) VALUES (32142, 969, 'X횄짙 횆혨횄쨈ng H횈째ng');
INSERT INTO tbl_vn_ward (ward_id, district_id, ward_name) VALUES (32143, 969, 'X횄짙 횆혨횄쨈ng Th찼쨩혴i');
INSERT INTO tbl_vn_ward (ward_id, district_id, ward_name) VALUES (32146, 969, 'X횄짙 T횄짖n H횈째ng 횆혨횄쨈ng');
INSERT INTO tbl_vn_ward (ward_id, district_id, ward_name) VALUES (32149, 969, 'X횄짙 Tr찼쨘짠n Th찼쨩혴i');
INSERT INTO tbl_vn_district (district_id, province_id, district_name) VALUES (970, 96, 'Huy찼쨩혝n 횆혨찼쨘짠m D횈징i');
INSERT INTO tbl_vn_ward (ward_id, district_id, ward_name) VALUES (32152, 970, 'Th찼쨩혢 tr찼쨘짜n 횆혨찼쨘짠m D횈징i');
INSERT INTO tbl_vn_ward (ward_id, district_id, ward_name) VALUES (32155, 970, 'X횄짙 T찼쨘징 An Kh횈째횈징ng');
INSERT INTO tbl_vn_ward (ward_id, district_id, ward_name) VALUES (32158, 970, 'X횄짙 T찼쨘징 An Kh횈째횈징ng 횆혨횄쨈ng');
INSERT INTO tbl_vn_ward (ward_id, district_id, ward_name) VALUES (32161, 970, 'X횄짙 Tr찼쨘짠n Ph횄징n');
INSERT INTO tbl_vn_ward (ward_id, district_id, ward_name) VALUES (32162, 970, 'X횄짙 T횄짖n Trung');
INSERT INTO tbl_vn_ward (ward_id, district_id, ward_name) VALUES (32164, 970, 'X횄짙 T횄짖n 횆혨찼쨩짤c');
INSERT INTO tbl_vn_ward (ward_id, district_id, ward_name) VALUES (32167, 970, 'X횄짙 T횄짖n Thu찼쨘짯n');
INSERT INTO tbl_vn_ward (ward_id, district_id, ward_name) VALUES (32170, 970, 'X횄짙 T찼쨘징 An Kh횈째횈징ng Nam');
INSERT INTO tbl_vn_ward (ward_id, district_id, ward_name) VALUES (32173, 970, 'X횄짙 T횄짖n Duy찼쨩혝t');
INSERT INTO tbl_vn_ward (ward_id, district_id, ward_name) VALUES (32174, 970, 'X횄짙 T횄짖n D횄짖n');
INSERT INTO tbl_vn_ward (ward_id, district_id, ward_name) VALUES (32176, 970, 'X횄짙 T횄짖n Ti찼쨘쩔n');
INSERT INTO tbl_vn_ward (ward_id, district_id, ward_name) VALUES (32179, 970, 'X횄짙 Qu횄징ch Ph찼쨘짤m B찼쨘짱c');
INSERT INTO tbl_vn_ward (ward_id, district_id, ward_name) VALUES (32182, 970, 'X횄짙 Qu횄징ch Ph찼쨘짤m');
INSERT INTO tbl_vn_ward (ward_id, district_id, ward_name) VALUES (32185, 970, 'X횄짙 Thanh T횄쨔ng');
INSERT INTO tbl_vn_ward (ward_id, district_id, ward_name) VALUES (32186, 970, 'X횄짙 Ng찼쨩혥c Ch횄징nh');
INSERT INTO tbl_vn_ward (ward_id, district_id, ward_name) VALUES (32188, 970, 'X횄짙 Nguy찼쨩혚n Hu횄짖n');
INSERT INTO tbl_vn_district (district_id, province_id, district_name) VALUES (971, 96, 'Huy찼쨩혝n N횆혘m C횆혘n');
INSERT INTO tbl_vn_ward (ward_id, district_id, ward_name) VALUES (32191, 971, 'Th찼쨩혢 tr찼쨘짜n N횆혘m C횆혘n');
INSERT INTO tbl_vn_ward (ward_id, district_id, ward_name) VALUES (32194, 971, 'X횄짙 H횄혻m R찼쨩혫ng');
INSERT INTO tbl_vn_ward (ward_id, district_id, ward_name) VALUES (32197, 971, 'X횄짙 Hi찼쨩혝p T횄쨔ng');
INSERT INTO tbl_vn_ward (ward_id, district_id, ward_name) VALUES (32200, 971, 'X횄짙 횆혨찼쨘짜t M찼쨩혴i');
INSERT INTO tbl_vn_ward (ward_id, district_id, ward_name) VALUES (32201, 971, 'X횄짙 L횄짖m H찼쨘짙i');
INSERT INTO tbl_vn_ward (ward_id, district_id, ward_name) VALUES (32203, 971, 'X횄짙 H횄혻ng V찼쨩혢nh');
INSERT INTO tbl_vn_ward (ward_id, district_id, ward_name) VALUES (32206, 971, 'X횄짙 Tam Giang');
INSERT INTO tbl_vn_ward (ward_id, district_id, ward_name) VALUES (32209, 971, 'X횄짙 Tam Giang 횆혨횄쨈ng');
INSERT INTO tbl_vn_district (district_id, province_id, district_name) VALUES (972, 96, 'Huy찼쨩혝n Ph횄쨘 T횄짖n');
INSERT INTO tbl_vn_ward (ward_id, district_id, ward_name) VALUES (32212, 972, 'Th찼쨩혢 tr찼쨘짜n C횄징i 횆혨횄쨈i V횄혻m');
INSERT INTO tbl_vn_ward (ward_id, district_id, ward_name) VALUES (32214, 972, 'X횄짙 Ph횄쨘 Thu찼쨘짯n');
INSERT INTO tbl_vn_ward (ward_id, district_id, ward_name) VALUES (32215, 972, 'X횄짙 Ph횄쨘 M찼쨩쨔');
INSERT INTO tbl_vn_ward (ward_id, district_id, ward_name) VALUES (32218, 972, 'X횄짙 Ph횄쨘 T횄짖n');
INSERT INTO tbl_vn_ward (ward_id, district_id, ward_name) VALUES (32221, 972, 'X횄짙 T횄짖n H찼쨘짙i');
INSERT INTO tbl_vn_ward (ward_id, district_id, ward_name) VALUES (32224, 972, 'X횄짙 Vi찼쨩혝t Th찼쨘짱ng');
INSERT INTO tbl_vn_ward (ward_id, district_id, ward_name) VALUES (32227, 972, 'X횄짙 T횄짖n H횈째ng T횄짖y');
INSERT INTO tbl_vn_ward (ward_id, district_id, ward_name) VALUES (32228, 972, 'X횄짙 R찼쨘징ch Ch횄짢o');
INSERT INTO tbl_vn_ward (ward_id, district_id, ward_name) VALUES (32230, 972, 'X횄짙 Nguy찼쨩혚n Vi찼쨩혝t Kh횄징i');
INSERT INTO tbl_vn_district (district_id, province_id, district_name) VALUES (973, 96, 'Huy찼쨩혝n Ng찼쨩혥c Hi찼쨩혘n');
INSERT INTO tbl_vn_ward (ward_id, district_id, ward_name) VALUES (32233, 973, 'X횄짙 Tam Giang T횄짖y');
INSERT INTO tbl_vn_ward (ward_id, district_id, ward_name) VALUES (32236, 973, 'X횄짙 T횄짖n 횄혗n T횄짖y');
INSERT INTO tbl_vn_ward (ward_id, district_id, ward_name) VALUES (32239, 973, 'X횄짙 Vi횄짧n An 횆혨횄쨈ng');
INSERT INTO tbl_vn_ward (ward_id, district_id, ward_name) VALUES (32242, 973, 'X횄짙 Vi횄짧n An');
INSERT INTO tbl_vn_ward (ward_id, district_id, ward_name) VALUES (32244, 973, 'Th찼쨩혢 tr찼쨘짜n R찼쨘징ch G찼쨩혩c');
INSERT INTO tbl_vn_ward (ward_id, district_id, ward_name) VALUES (32245, 973, 'X횄짙 T횄짖n 횄혗n');
INSERT INTO tbl_vn_ward (ward_id, district_id, ward_name) VALUES (32248, 973, 'X횄짙 횆혨찼쨘짜t M횇짤i');
SET FOREIGN_KEY_CHECKS=1;
